0,-0.2989748418331146,0.9020361304283142,-0.31135979294776917,0.0,0.0,0.0
0,-0.29861247539520264,0.9021767377853394,-0.31130000948905945,0.0,0.0,0.0
0,-0.29760631918907166,0.9027451276779175,-0.3106151521205902,0.0,0.0,0.0
0,-0.296957403421402,0.903042197227478,-0.3103725016117096,0.0,0.0,0.0
0,-0.2965027689933777,0.9032458662986755,-0.31021448969841003,0.0,0.0,0.0
0,-0.2960297167301178,0.9034458994865417,-0.3100837767124176,0.0,0.0,0.0
0,-0.29538828134536743,0.903730571269989,-0.3098658621311188,0.0,0.0,0.0
0,-0.29401692748069763,0.904507577419281,-0.30890145897865295,0.0,0.0,0.0
0,-0.2930983304977417,0.9049820303916931,-0.3083842992782593,0.0,0.0,0.0
0,-0.2923772633075714,0.9053598642349243,-0.30795952677726746,0.0,0.0,0.0
0,-0.2914617359638214,0.9058019518852234,-0.3075270354747772,0.0,0.0,0.0
0,-0.29066962003707886,0.9061379432678223,-0.30728679895401,0.0,0.0,0.0
0,-0.2890443205833435,0.9068892002105713,-0.3066028654575348,0.0,0.0,0.0
0,-0.28879615664482117,0.9071584343910217,-0.30603983998298645,0.0,0.0,0.0
0,-0.2882220149040222,0.907463014125824,-0.3056778907775879,0.0,0.0,0.0
0,-0.28767284750938416,0.9077804684638977,-0.305252343416214,0.0,0.0,0.0
0,-0.2872447371482849,0.9080526828765869,-0.30484554171562195,0.0,0.0,0.0
0,-0.28632551431655884,0.9086859822273254,-0.3038213849067688,0.0,0.0,0.0
0,-0.2858324646949768,0.9089621305465698,-0.30345943570137024,0.0,0.0,0.0
0,-0.28513580560684204,0.9092633128166199,-0.30321237444877625,0.0,0.0,0.0
0,-0.28461745381355286,0.909522294998169,-0.3029225468635559,0.0,0.0,0.0
0,-0.28387466073036194,0.9098165035247803,-0.30273598432540894,0.0,0.0,0.0
0,-0.28327974677085876,0.9101282954216003,-0.3023557960987091,0.0,0.0,0.0
0,-0.28208956122398376,0.9107353091239929,-0.30164000391960144,0.0,0.0,0.0
0,-0.2813834249973297,0.9110342264175415,-0.3013966679573059,0.0,0.0,0.0
0,-0.2810503840446472,0.9111537337303162,-0.30134621262550354,0.0,0.0,0.0
0,-0.2806362211704254,0.9112942218780518,-0.30130743980407715,0.0,0.0,0.0
0,-0.2804136872291565,0.911573588848114,-0.30066877603530884,0.0,0.0,0.0
0,-0.2803046703338623,0.9116137623786926,-0.30064862966537476,0.0,0.0,0.0
0,-0.2802157402038574,0.9116281867027283,-0.3006879389286041,0.0,0.0,0.0
0,-0.2798893451690674,0.9116066098213196,-0.3010570704936981,0.0,0.0,0.0
0,-0.2798106074333191,0.9116601943969727,-0.3009680509567261,0.0,0.0,0.0
0,-0.27863210439682007,0.9121119379997253,-0.30069249868392944,0.0,0.0,0.0
0,-0.2785594165325165,0.9122346639633179,-0.30038735270500183,0.0,0.0,0.0
0,-0.27810192108154297,0.9123660326004028,-0.30041223764419556,0.0,0.0,0.0
0,-0.2777552306652069,0.9124141931533813,-0.3005867600440979,0.0,0.0,0.0
0,-0.27754446864128113,0.9124146103858948,-0.3007800579071045,0.0,0.0,0.0
0,-0.2771121859550476,0.9124974608421326,-0.3009272515773773,0.0,0.0,0.0
0,-0.2768056094646454,0.9125747084617615,-0.30097508430480957,0.0,0.0,0.0
0,-0.2764502167701721,0.9126330614089966,-0.30112481117248535,0.0,0.0,0.0
0,-0.27603012323379517,0.9127671718597412,-0.30110371112823486,0.0,0.0,0.0
0,-0.2756911516189575,0.912814736366272,-0.30127009749412537,0.0,0.0,0.0
0,-0.2737163007259369,0.9132895469665527,-0.30163151025772095,0.0,0.0,0.0
0,-0.2727264165878296,0.9134091734886169,-0.30216553807258606,0.0,0.0,0.0
0,-0.27159032225608826,0.9135106801986694,-0.3028810918331146,0.0,0.0,0.0
0,-0.2707841396331787,0.9134495258331299,-0.30378594994544983,0.0,0.0,0.0
0,-0.26948097348213196,0.913469672203064,-0.304882287979126,0.0,0.0,0.0
0,-0.26739805936813354,0.913049042224884,-0.3079606592655182,0.0,0.0,0.0
0,-0.26750925183296204,0.9124078154563904,-0.3097592890262604,0.0,0.0,0.0
0,-0.26781681180000305,0.9116842746734619,-0.31161820888519287,0.0,0.0,0.0
0,-0.26848897337913513,0.9106289148330688,-0.3141157031059265,0.0,0.0,0.0
0,-0.2691691219806671,0.9095551371574402,-0.31663453578948975,0.0,0.0,0.0
0,-0.26980656385421753,0.9077786207199097,-0.32115793228149414,0.0,0.0,0.0
0,-0.26954320073127747,0.9074226021766663,-0.3223828971385956,0.0,0.0,0.0
0,-0.2686443626880646,0.9073851704597473,-0.3232372999191284,0.0,0.0,0.0
0,-0.2674162685871124,0.907716691493988,-0.32332488894462585,0.0,0.0,0.0
0,-0.26571667194366455,0.9082621932029724,-0.32319408655166626,0.0,0.0,0.0
0,-0.2608068585395813,0.9102811813354492,-0.32150891423225403,0.0,0.0,0.0
0,-0.2580535411834717,0.9115104079246521,-0.3202454447746277,0.0,0.0,0.0
0,-0.2557854950428009,0.9124793410301208,-0.3193042576313019,0.0,0.0,0.0
0,-0.25432470440864563,0.9129733443260193,-0.3190590441226959,0.0,0.0,0.0
0,-0.25315240025520325,0.9135568141937256,-0.31832030415534973,0.0,0.0,0.0
0,-0.25277066230773926,0.9139506220817566,-0.31749218702316284,0.0,0.0,0.0
0,-0.25248393416404724,0.9142279624938965,-0.316921204328537,0.0,0.0,0.0
0,-0.2528199255466461,0.914364755153656,-0.31625813245773315,0.0,0.0,0.0
0,-0.2536565959453583,0.9143826961517334,-0.31553542613983154,0.0,0.0,0.0
0,-0.2540801763534546,0.9145522117614746,-0.3147023618221283,0.0,0.0,0.0
0,-0.2564747631549835,0.914037823677063,-0.3142539858818054,0.0,0.0,0.0
0,-0.25815334916114807,0.9135596752166748,-0.3142698407173157,0.0,0.0,0.0
0,-0.25969627499580383,0.9129788875579834,-0.31468623876571655,0.0,0.0,0.0
0,-0.26098769903182983,0.9125686287879944,-0.3148077130317688,0.0,0.0,0.0
0,-0.2621564269065857,0.9121140837669373,-0.3151538372039795,0.0,0.0,0.0
0,-0.263331800699234,0.9114787578582764,-0.31601083278656006,0.0,0.0,0.0
0,-0.26374736428260803,0.9112656712532043,-0.3162786662578583,0.0,0.0,0.0
0,-0.26346665620803833,0.911251962184906,-0.3165520131587982,0.0,0.0,0.0
0,-0.26344963908195496,0.9112550020217896,-0.31655746698379517,0.0,0.0,0.0
0,-0.2634197473526001,0.911287784576416,-0.31648796796798706,0.0,0.0,0.0
0,-0.2621842324733734,0.9118780493736267,-0.31581294536590576,0.0,0.0,0.0
0,-0.2615780532360077,0.9121605157852173,-0.31549981236457825,0.0,0.0,0.0
0,-0.2609882950782776,0.9124013185501099,-0.3152918815612793,0.0,0.0,0.0
0,-0.26065120100975037,0.9124985933303833,-0.315289169549942,0.0,0.0,0.0
0,-0.26057493686676025,0.9126719832420349,-0.3148500323295593,0.0,0.0,0.0
0,-0.2602764964103699,0.9127166271209717,-0.31496742367744446,0.0,0.0,0.0
0,-0.260414719581604,0.9126558899879456,-0.3150292634963989,0.0,0.0,0.0
0,-0.2605935335159302,0.9126399159431458,-0.3149276375770569,0.0,0.0,0.0
0,-0.2611576318740845,0.912466287612915,-0.31496337056159973,0.0,0.0,0.0
0,-0.26192420721054077,0.9122296571731567,-0.31501224637031555,0.0,0.0,0.0
0,-0.2631162106990814,0.9119616746902466,-0.3147948384284973,0.0,0.0,0.0
0,-0.26476219296455383,0.9115309119224548,-0.314662367105484,0.0,0.0,0.0
0,-0.26541081070899963,0.9113926887512207,-0.31451624631881714,0.0,0.0,0.0
0,-0.2659812569618225,0.9112874269485474,-0.3143392503261566,0.0,0.0,0.0
0,-0.2667534351348877,0.9110187292098999,-0.3144637644290924,0.0,0.0,0.0
0,-0.26769593358039856,0.9108928442001343,-0.31402724981307983,0.0,0.0,0.0
0,-0.2681373357772827,0.9109640717506409,-0.31344348192214966,0.0,0.0,0.0
0,-0.2683752477169037,0.9109894037246704,-0.3131661117076874,0.0,0.0,0.0
0,-0.26844972372055054,0.9111930131912231,-0.31250929832458496,0.0,0.0,0.0
0,-0.26809439063072205,0.9115129113197327,-0.3118807375431061,0.0,0.0,0.0
0,-0.2675819993019104,0.9119318723678589,-0.31109508872032166,0.0,0.0,0.0
0,-0.26716533303260803,0.9122418165206909,-0.3105440139770508,0.0,0.0,0.0
0,-0.2669113576412201,0.9124124646186829,-0.3102608323097229,0.0,0.0,0.0
0,-0.2668251395225525,0.912543773651123,-0.30994871258735657,0.0,0.0,0.0
0,-0.2671930491924286,0.9126584529876709,-0.30929335951805115,0.0,0.0,0.0
0,-0.2675876319408417,0.9127265810966492,-0.30875083804130554,0.0,0.0,0.0
0,-0.26776278018951416,0.9128108620643616,-0.30834946036338806,0.0,0.0,0.0
0,-0.26797792315483093,0.9128960371017456,-0.30791014432907104,0.0,0.0,0.0
0,-0.267814040184021,0.9130658507347107,-0.30754899978637695,0.0,0.0,0.0
0,-0.26758262515068054,0.9133077263832092,-0.3070317804813385,0.0,0.0,0.0
0,-0.26730644702911377,0.9137983322143555,-0.3058101534843445,0.0,0.0,0.0
0,-0.26695674657821655,0.9141401052474976,-0.3050934076309204,0.0,0.0,0.0
0,-0.2669677138328552,0.9144408702850342,-0.3041810691356659,0.0,0.0,0.0
0,-0.2669235169887543,0.9146684408187866,-0.30353495478630066,0.0,0.0,0.0
0,-0.2670081853866577,0.914646327495575,-0.3035270869731903,0.0,0.0,0.0
0,-0.26722192764282227,0.9147202372550964,-0.3031160533428192,0.0,0.0,0.0
0,-0.267075777053833,0.9149563908576965,-0.3025314509868622,0.0,0.0,0.0
0,-0.2669388949871063,0.9150110483169556,-0.30248698592185974,0.0,0.0,0.0
0,-0.2665540874004364,0.9151197671890259,-0.302497535943985,0.0,0.0,0.0
0,-0.2668492794036865,0.915103018283844,-0.3022877275943756,0.0,0.0,0.0
0,-0.26794081926345825,0.914864182472229,-0.302045077085495,0.0,0.0,0.0
0,-0.2684186100959778,0.9148686528205872,-0.3016069531440735,0.0,0.0,0.0
0,-0.2688010632991791,0.9149326086044312,-0.30107200145721436,0.0,0.0,0.0
0,-0.2692195773124695,0.9149422645568848,-0.3006684184074402,0.0,0.0,0.0
0,-0.26921114325523376,0.9150140881538391,-0.300457239151001,0.0,0.0,0.0
0,-0.26991644501686096,0.9148222804069519,-0.3004085421562195,0.0,0.0,0.0
0,-0.2701517939567566,0.9145597815513611,-0.30099576711654663,0.0,0.0,0.0
0,-0.2705601751804352,0.9143590927124023,-0.3012385070323944,0.0,0.0,0.0
0,-0.2708893418312073,0.9141324758529663,-0.3016301989555359,0.0,0.0,0.0
0,-0.27115434408187866,0.9140682816505432,-0.3015866279602051,0.0,0.0,0.0
0,-0.27203020453453064,0.9139419198036194,-0.30118048191070557,0.0,0.0,0.0
0,-0.27190738916397095,0.9141070246696472,-0.30079013109207153,0.0,0.0,0.0
0,-0.271889865398407,0.9141224026679993,-0.3007592558860779,0.0,0.0,0.0
0,-0.271457701921463,0.914360761642456,-0.30042484402656555,0.0,0.0,0.0
0,-0.2707090675830841,0.9147365093231201,-0.29995620250701904,0.0,0.0,0.0
0,-0.27002039551734924,0.9150546789169312,-0.2996063232421875,0.0,0.0,0.0
0,-0.2697460353374481,0.9151667952537537,-0.29951101541519165,0.0,0.0,0.0
0,-0.2696700394153595,0.9152379035949707,-0.29936209321022034,0.0,0.0,0.0
0,-0.2693179249763489,0.9152840971946716,-0.2995378077030182,0.0,0.0,0.0
0,-0.26905253529548645,0.9154740571975708,-0.2991955280303955,0.0,0.0,0.0
0,-0.2684887945652008,0.9158806204795837,-0.2984568774700165,0.0,0.0,0.0
0,-0.26841628551483154,0.9159310460090637,-0.29836729168891907,0.0,0.0,0.0
0,-0.26835957169532776,0.9158739447593689,-0.2985934019088745,0.0,0.0,0.0
0,-0.26852113008499146,0.9158115386962891,-0.2986396849155426,0.0,0.0,0.0
0,-0.26833319664001465,0.9158324003219604,-0.2987446188926697,0.0,0.0,0.0
0,-0.2686038017272949,0.9157819151878357,-0.29865607619285583,0.0,0.0,0.0
0,-0.26856449246406555,0.9159325361251831,-0.2982293367385864,0.0,0.0,0.0
0,-0.2686484158039093,0.9159725308418274,-0.2980308532714844,0.0,0.0,0.0
0,-0.2688092291355133,0.9160006642341614,-0.2977992296218872,0.0,0.0,0.0
0,-0.2686769664287567,0.9160507321357727,-0.29776453971862793,0.0,0.0,0.0
0,-0.2682033181190491,0.9159342050552368,-0.29854896664619446,0.0,0.0,0.0
0,-0.26818016171455383,0.9157838821411133,-0.299030601978302,0.0,0.0,0.0
0,-0.26821255683898926,0.9157469272613525,-0.2991146445274353,0.0,0.0,0.0
0,-0.2683066725730896,0.9155316352844238,-0.29968878626823425,0.0,0.0,0.0
0,-0.26828253269195557,0.9153398871421814,-0.3002953827381134,0.0,0.0,0.0
0,-0.268356055021286,0.915019154548645,-0.3012058734893799,0.0,0.0,0.0
0,-0.2685323655605316,0.9148267507553101,-0.3016328811645508,0.0,0.0,0.0
0,-0.2685641050338745,0.9146888256072998,-0.30202263593673706,0.0,0.0,0.0
0,-0.26844266057014465,0.9146668910980225,-0.30219703912734985,0.0,0.0,0.0
0,-0.2682999074459076,0.9145928621292114,-0.3025476336479187,0.0,0.0,0.0
0,-0.2681819200515747,0.9145388603210449,-0.30281537771224976,0.0,0.0,0.0
0,-0.2684592306613922,0.9140573143959045,-0.30402109026908875,0.0,0.0,0.0
0,-0.2686351537704468,0.9137943983078003,-0.30465543270111084,0.0,0.0,0.0
0,-0.2688674330711365,0.9135717749595642,-0.3051179349422455,0.0,0.0,0.0
0,-0.2688828110694885,0.9133486151695251,-0.3057717978954315,0.0,0.0,0.0
0,-0.2694663107395172,0.9129443168640137,-0.30646464228630066,0.0,0.0,0.0
0,-0.26920264959335327,0.9128005504608154,-0.3071238398551941,0.0,0.0,0.0
0,-0.2695012092590332,0.9125959277153015,-0.30746990442276,0.0,0.0,0.0
0,-0.2694559097290039,0.9124407768249512,-0.3079697787761688,0.0,0.0,0.0
0,-0.2699733078479767,0.9122378826141357,-0.3081175684928894,0.0,0.0,0.0
0,-0.27059516310691833,0.9119641184806824,-0.30838248133659363,0.0,0.0,0.0
0,-0.2715386748313904,0.9116315245628357,-0.3085363507270813,0.0,0.0,0.0
0,-0.2719064950942993,0.9115686416625977,-0.30839818716049194,0.0,0.0,0.0
0,-0.27258750796318054,0.9113141894340515,-0.30854901671409607,0.0,0.0,0.0
0,-0.273183673620224,0.9108979105949402,-0.30925023555755615,0.0,0.0,0.0
0,-0.27470389008522034,0.9102580547332764,-0.3097871243953705,0.0,0.0,0.0
0,-0.27450767159461975,0.9102179408073425,-0.31007876992225647,0.0,0.0,0.0
0,-0.27485600113868713,0.9102851152420044,-0.3095725476741791,0.0,0.0,0.0
0,-0.2747071087360382,0.9104855060577393,-0.3091151714324951,0.0,0.0,0.0
0,-0.2747085392475128,0.9107214212417603,-0.30841806530952454,0.0,0.0,0.0
0,-0.2748773992061615,0.9108489155769348,-0.3078906238079071,0.0,0.0,0.0
0,-0.27654072642326355,0.9103102087974548,-0.30799439549446106,0.0,0.0,0.0
0,-0.2770569920539856,0.9101549983024597,-0.30798909068107605,0.0,0.0,0.0
0,-0.27776774764060974,0.9097974896430969,-0.30840498208999634,0.0,0.0,0.0
0,-0.2779223918914795,0.9097790122032166,-0.30832016468048096,0.0,0.0,0.0
0,-0.2784925699234009,0.9095173478126526,-0.3085774779319763,0.0,0.0,0.0
0,-0.28011608123779297,0.9089189767837524,-0.30887097120285034,0.0,0.0,0.0
0,-0.28153616189956665,0.9084510207176208,-0.3089565336704254,0.0,0.0,0.0
0,-0.2827882170677185,0.9080973267555237,-0.30885282158851624,0.0,0.0,0.0
0,-0.284246027469635,0.9076364040374756,-0.30886948108673096,0.0,0.0,0.0
0,-0.2867838144302368,0.9070554971694946,-0.3082294464111328,0.0,0.0,0.0
0,-0.28786349296569824,0.9067977666854858,-0.3079812228679657,0.0,0.0,0.0
0,-0.28828030824661255,0.9066867828369141,-0.307917982339859,0.0,0.0,0.0
0,-0.2887808680534363,0.9065638780593872,-0.30781081318855286,0.0,0.0,0.0
0,-0.28928643465042114,0.9064847230911255,-0.30756914615631104,0.0,0.0,0.0
0,-0.29119348526000977,0.9057822227478027,-0.3078390657901764,0.0,0.0,0.0
0,-0.29224610328674316,0.9053175449371338,-0.3082084059715271,0.0,0.0,0.0
0,-0.29377204179763794,0.904772937297821,-0.30835673213005066,0.0,0.0,0.0
0,-0.29493698477745056,0.90443354845047,-0.30824029445648193,0.0,0.0,0.0
0,-0.29609984159469604,0.9041427373886108,-0.30797865986824036,0.0,0.0,0.0
0,-0.2966947555541992,0.9039610624313354,-0.3079393804073334,0.0,0.0,0.0
0,-0.29796716570854187,0.9037336111068726,-0.3073778748512268,0.0,0.0,0.0
0,-0.2981054484844208,0.9036751985549927,-0.3074154555797577,0.0,0.0,0.0
0,-0.2988191545009613,0.9034616351127625,-0.3073503077030182,0.0,0.0,0.0
0,-0.29942432045936584,0.9032005667686462,-0.30752861499786377,0.0,0.0,0.0
0,-0.3003789484500885,0.9027995467185974,-0.30777499079704285,0.0,0.0,0.0
0,-0.30191099643707275,0.9023122787475586,-0.30770495533943176,0.0,0.0,0.0
0,-0.3026265799999237,0.9021134376525879,-0.3075850307941437,0.0,0.0,0.0
0,-0.30298078060150146,0.9019885063171387,-0.3076027035713196,0.0,0.0,0.0
0,-0.30310821533203125,0.9020415544509888,-0.3073213994503021,0.0,0.0,0.0
0,-0.3032762110233307,0.9021686315536499,-0.30678218603134155,0.0,0.0,0.0
0,-0.3037455379962921,0.9020747542381287,-0.3065938353538513,0.0,0.0,0.0
0,-0.304322212934494,0.9019141793251038,-0.3064943850040436,0.0,0.0,0.0
0,-0.3051569163799286,0.901599645614624,-0.30658990144729614,0.0,0.0,0.0
0,-0.3057394027709961,0.9014200568199158,-0.30653753876686096,0.0,0.0,0.0
0,-0.306478351354599,0.9011277556419373,-0.3066590130329132,0.0,0.0,0.0
0,-0.3074204921722412,0.9008391499519348,-0.30656400322914124,0.0,0.0,0.0
0,-0.30786627531051636,0.9006580114364624,-0.3066488206386566,0.0,0.0,0.0
0,-0.30820780992507935,0.900523841381073,-0.30669981241226196,0.0,0.0,0.0
0,-0.30867311358451843,0.9003322720527649,-0.3067941665649414,0.0,0.0,0.0
0,-0.3094647228717804,0.8999536037445068,-0.30710768699645996,0.0,0.0,0.0
0,-0.30995455384254456,0.8997929096221924,-0.30708444118499756,0.0,0.0,0.0
0,-0.3102024793624878,0.8997632265090942,-0.306921124458313,0.0,0.0,0.0
0,-0.31058940291404724,0.8996671438217163,-0.3068113625049591,0.0,0.0,0.0
0,-0.31128251552581787,0.8994084596633911,-0.30686742067337036,0.0,0.0,0.0
0,-0.3118113577365875,0.8991543650627136,-0.3070750832557678,0.0,0.0,0.0
0,-0.3135925829410553,0.8982436060905457,-0.3079255521297455,0.0,0.0,0.0
0,-0.31468233466148376,0.8976640105247498,-0.3085034191608429,0.0,0.0,0.0
0,-0.315245658159256,0.8973329663276672,-0.3088911473751068,0.0,0.0,0.0
0,-0.31608521938323975,0.8970447182655334,-0.30887046456336975,0.0,0.0,0.0
0,-0.3167981505393982,0.8969991207122803,-0.3082717955112457,0.0,0.0,0.0
0,-0.31684377789497375,0.8972195982933044,-0.30758246779441833,0.0,0.0,0.0
0,-0.31696027517318726,0.8973417282104492,-0.30710580945014954,0.0,0.0,0.0
0,-0.31704747676849365,0.8974840641021729,-0.30659955739974976,0.0,0.0,0.0
0,-0.31715288758277893,0.8974757790565491,-0.30651479959487915,0.0,0.0,0.0
0,-0.3175309896469116,0.8974403142929077,-0.3062269389629364,0.0,0.0,0.0
0,-0.31843265891075134,0.897244393825531,-0.3058646023273468,0.0,0.0,0.0
0,-0.31897208094596863,0.8970658779144287,-0.3058260977268219,0.0,0.0,0.0
0,-0.31925949454307556,0.8969483375549316,-0.30587100982666016,0.0,0.0,0.0
0,-0.3201344609260559,0.8966205716133118,-0.3059174716472626,0.0,0.0,0.0
0,-0.32194089889526367,0.895998477935791,-0.30584442615509033,0.0,0.0,0.0
0,-0.32304847240448,0.8956975936889648,-0.3055577576160431,0.0,0.0,0.0
0,-0.3239631652832031,0.8954983353614807,-0.30517303943634033,0.0,0.0,0.0
0,-0.32475537061691284,0.8953956961631775,-0.3046317994594574,0.0,0.0,0.0
0,-0.32535114884376526,0.8953213095664978,-0.3042144179344177,0.0,0.0,0.0
0,-0.32676568627357483,0.8951057195663452,-0.3033313751220703,0.0,0.0,0.0
0,-0.32759159803390503,0.8948952555656433,-0.30306142568588257,0.0,0.0,0.0
0,-0.32842469215393066,0.8947398066520691,-0.30261847376823425,0.0,0.0,0.0
0,-0.3297731578350067,0.8944423198699951,-0.3020308315753937,0.0,0.0,0.0
0,-0.3312850296497345,0.8940441608428955,-0.30155473947525024,0.0,0.0,0.0
0,-0.3348308205604553,0.8931026458740234,-0.30042633414268494,0.0,0.0,0.0
0,-0.3364834785461426,0.8926142454147339,-0.3000311255455017,0.0,0.0,0.0
0,-0.33806902170181274,0.8921840190887451,-0.299528032541275,0.0,0.0,0.0
0,-0.3398376703262329,0.8915801644325256,-0.29932457208633423,0.0,0.0,0.0
0,-0.34167253971099854,0.8909978866577148,-0.2989693284034729,0.0,0.0,0.0
0,-0.34691518545150757,0.8892444372177124,-0.2981512248516083,0.0,0.0,0.0
0,-0.3494422733783722,0.8884426951408386,-0.2975897789001465,0.0,0.0,0.0
0,-0.3525131344795227,0.887465238571167,-0.2968837320804596,0.0,0.0,0.0
0,-0.355164498090744,0.8865570425987244,-0.2964369058609009,0.0,0.0,0.0
0,-0.3582514822483063,0.8855898380279541,-0.29561203718185425,0.0,0.0,0.0
0,-0.3639223277568817,0.8837774395942688,-0.2941053509712219,0.0,0.0,0.0
0,-0.36680975556373596,0.8828273415565491,-0.29337096214294434,0.0,0.0,0.0
0,-0.3698289096355438,0.8817017674446106,-0.2929651141166687,0.0,0.0,0.0
0,-0.37282177805900574,0.8806568384170532,-0.29231399297714233,0.0,0.0,0.0
0,-0.376373827457428,0.8795098662376404,-0.2912132740020752,0.0,0.0,0.0
0,-0.3834257423877716,0.8769825100898743,-0.2896314859390259,0.0,0.0,0.0
0,-0.38809147477149963,0.8753630518913269,-0.28831321001052856,0.0,0.0,0.0
0,-0.3925149440765381,0.873714029788971,-0.28732526302337646,0.0,0.0,0.0
0,-0.39714911580085754,0.8720105290412903,-0.2861297130584717,0.0,0.0,0.0
0,-0.40169012546539307,0.8702648282051086,-0.28510376811027527,0.0,0.0,0.0
0,-0.41041287779808044,0.8669517636299133,-0.28276482224464417,0.0,0.0,0.0
0,-0.41434580087661743,0.865563154220581,-0.2812792658805847,0.0,0.0,0.0
0,-0.41905102133750916,0.8639044165611267,-0.27940189838409424,0.0,0.0,0.0
0,-0.42291247844696045,0.8624389171600342,-0.2781081795692444,0.0,0.0,0.0
0,-0.4271312355995178,0.8607800006866455,-0.27679717540740967,0.0,0.0,0.0
0,-0.4361463785171509,0.8569786548614502,-0.2745249271392822,0.0,0.0,0.0
0,-0.4407100975513458,0.8550076484680176,-0.2733798623085022,0.0,0.0,0.0
0,-0.4452064335346222,0.8529565930366516,-0.27250003814697266,0.0,0.0,0.0
0,-0.4498414695262909,0.8509230017662048,-0.27124282717704773,0.0,0.0,0.0
0,-0.4544526934623718,0.8488577604293823,-0.27002447843551636,0.0,0.0,0.0
0,-0.46292388439178467,0.8451123833656311,-0.26736968755722046,0.0,0.0,0.0
0,-0.4672144651412964,0.8431833982467651,-0.26599326729774475,0.0,0.0,0.0
0,-0.4713064730167389,0.8412702083587646,-0.2648293673992157,0.0,0.0,0.0
0,-0.47546160221099854,0.8393125534057617,-0.26361083984375,0.0,0.0,0.0
0,-0.47962889075279236,0.8373140096664429,-0.26241448521614075,0.0,0.0,0.0
0,-0.48824796080589294,0.833005428314209,-0.2602226734161377,0.0,0.0,0.0
0,-0.493120938539505,0.8307142853736877,-0.2583516240119934,0.0,0.0,0.0
0,-0.49759072065353394,0.8285301327705383,-0.25679028034210205,0.0,0.0,0.0
0,-0.502238392829895,0.8262770771980286,-0.2549956142902374,0.0,0.0,0.0
0,-0.5067999362945557,0.8240960240364075,-0.2530209422111511,0.0,0.0,0.0
0,-0.5161904096603394,0.8194912075996399,-0.24896109104156494,0.0,0.0,0.0
0,-0.5207711458206177,0.8171088695526123,-0.2472459375858307,0.0,0.0,0.0
0,-0.5256165862083435,0.8144959211349487,-0.24560852348804474,0.0,0.0,0.0
0,-0.5300069451332092,0.8122466206550598,-0.24361461400985718,0.0,0.0,0.0
0,-0.5349165201187134,0.8097352385520935,-0.24123254418373108,0.0,0.0,0.0
0,-0.543439507484436,0.805243730545044,-0.2371836006641388,0.0,0.0,0.0
0,-0.547977864742279,0.802787721157074,-0.23505765199661255,0.0,0.0,0.0
0,-0.5528157353401184,0.8000582456588745,-0.23302708566188812,0.0,0.0,0.0
0,-0.5578015446662903,0.7972149848937988,-0.23088029026985168,0.0,0.0,0.0
0,-0.5626595616340637,0.7944591045379639,-0.2285802960395813,0.0,0.0,0.0
0,-0.5719490051269531,0.7891778349876404,-0.22376926243305206,0.0,0.0,0.0
0,-0.576790452003479,0.7863852381706238,-0.22115838527679443,0.0,0.0,0.0
0,-0.5809987187385559,0.7839289307594299,-0.21885143220424652,0.0,0.0,0.0
0,-0.5855065584182739,0.7811628580093384,-0.2167179137468338,0.0,0.0,0.0
0,-0.5901874899864197,0.7782838344573975,-0.21436642110347748,0.0,0.0,0.0
0,-0.598669171333313,0.7730202078819275,-0.20984527468681335,0.0,0.0,0.0
0,-0.602092981338501,0.7709761261940002,-0.20755694806575775,0.0,0.0,0.0
0,-0.6058154106140137,0.7685925960540771,-0.20555555820465088,0.0,0.0,0.0
0,-0.609455406665802,0.7662695050239563,-0.20345798134803772,0.0,0.0,0.0
0,-0.6132217645645142,0.7637742757797241,-0.20151402056217194,0.0,0.0,0.0
0,-0.6209656596183777,0.7583281397819519,-0.1983434110879898,0.0,0.0,0.0
0,-0.624722421169281,0.7556278109550476,-0.19684657454490662,0.0,0.0,0.0
0,-0.6284708380699158,0.7529268264770508,-0.1952577531337738,0.0,0.0,0.0
0,-0.6316073536872864,0.7505426406860352,-0.19431379437446594,0.0,0.0,0.0
0,-0.6350110173225403,0.7480297684669495,-0.19290529191493988,0.0,0.0,0.0
0,-0.6395564675331116,0.7452755570411682,-0.18849880993366241,0.0,0.0,0.0
0,-0.6419104337692261,0.7437878847122192,-0.1863613724708557,0.0,0.0,0.0
0,-0.6437347531318665,0.7425698637962341,-0.18492047488689423,0.0,0.0,0.0
0,-0.6460611820220947,0.7408716678619385,-0.18361413478851318,0.0,0.0,0.0
0,-0.6476748585700989,0.7398076057434082,-0.18221412599086761,0.0,0.0,0.0
0,-0.6504533886909485,0.7380295991897583,-0.17950662970542908,0.0,0.0,0.0
0,-0.6514567732810974,0.7373747229576111,-0.17855708301067352,0.0,0.0,0.0
0,-0.6529228687286377,0.7363713383674622,-0.17733865976333618,0.0,0.0,0.0
0,-0.6542021036148071,0.7355257868766785,-0.17612899839878082,0.0,0.0,0.0
0,-0.6556277871131897,0.7345938682556152,-0.174711212515831,0.0,0.0,0.0
0,-0.6576551198959351,0.7335079908370972,-0.1716269701719284,0.0,0.0,0.0
0,-0.6585952043533325,0.732927680015564,-0.17049740254878998,0.0,0.0,0.0
0,-0.6591474413871765,0.7326045632362366,-0.16975051164627075,0.0,0.0,0.0
0,-0.6594366431236267,0.7326169610023499,-0.16856957972049713,0.0,0.0,0.0
0,-0.659583330154419,0.7326753735542297,-0.16773982346057892,0.0,0.0,0.0
0,-0.6595533490180969,0.7330726981163025,-0.1661137044429779,0.0,0.0,0.0
0,-0.6595313549041748,0.7331483960151672,-0.16586685180664062,0.0,0.0,0.0
0,-0.659893810749054,0.7328889966011047,-0.16557131707668304,0.0,0.0,0.0
0,-0.6600542068481445,0.7327722907066345,-0.16544847190380096,0.0,0.0,0.0
0,-0.6602919101715088,0.7325662970542908,-0.16541223227977753,0.0,0.0,0.0
0,-0.6601184606552124,0.7327423691749573,-0.1653246283531189,0.0,0.0,0.0
0,-0.659744143486023,0.733104944229126,-0.16521134972572327,0.0,0.0,0.0
0,-0.65923011302948,0.733542263507843,-0.1653221845626831,0.0,0.0,0.0
0,-0.6582908630371094,0.734331488609314,-0.1655607670545578,0.0,0.0,0.0
0,-0.6575384140014648,0.7349573969841003,-0.1657734215259552,0.0,0.0,0.0
0,-0.6554624438285828,0.7365176677703857,-0.16706478595733643,0.0,0.0,0.0
0,-0.6543915867805481,0.7373533844947815,-0.1675758957862854,0.0,0.0,0.0
0,-0.6532581448554993,0.7382232546806335,-0.16816724836826324,0.0,0.0,0.0
0,-0.6518783569335938,0.7392611503601074,-0.16896027326583862,0.0,0.0,0.0
0,-0.6505162119865417,0.7403050661087036,-0.16963805258274078,0.0,0.0,0.0
0,-0.6472252607345581,0.7427636384963989,-0.17146913707256317,0.0,0.0,0.0
0,-0.6453475952148438,0.7441308498382568,-0.17261463403701782,0.0,0.0,0.0
0,-0.6434757709503174,0.7454773187637329,-0.17378878593444824,0.0,0.0,0.0
0,-0.6419067978858948,0.7466304302215576,-0.1746385246515274,0.0,0.0,0.0
0,-0.6399486660957336,0.7480358481407166,-0.17580705881118774,0.0,0.0,0.0
0,-0.6362926363945007,0.7506647109985352,-0.17785988748073578,0.0,0.0,0.0
0,-0.6341722011566162,0.752169132232666,-0.1790732443332672,0.0,0.0,0.0
0,-0.6324298977851868,0.7534207701683044,-0.17997105419635773,0.0,0.0,0.0
0,-0.6301085948944092,0.7550913691520691,-0.1811079978942871,0.0,0.0,0.0
0,-0.6275815367698669,0.7568182945251465,-0.1826678216457367,0.0,0.0,0.0
0,-0.6231508851051331,0.7598457336425781,-0.18524955213069916,0.0,0.0,0.0
0,-0.621005654335022,0.7612574696540833,-0.186652272939682,0.0,0.0,0.0
0,-0.6187871694564819,0.7626786231994629,-0.1882120817899704,0.0,0.0,0.0
0,-0.6166608333587646,0.7640963196754456,-0.1894366294145584,0.0,0.0,0.0
0,-0.6139782071113586,0.7658497095108032,-0.19106289744377136,0.0,0.0,0.0
0,-0.6094980835914612,0.7686907052993774,-0.19397611916065216,0.0,0.0,0.0
0,-0.607085108757019,0.7702297568321228,-0.19543230533599854,0.0,0.0,0.0
0,-0.6047064065933228,0.7716855406761169,-0.1970573514699936,0.0,0.0,0.0
0,-0.6022743582725525,0.7732313871383667,-0.19844093918800354,0.0,0.0,0.0
0,-0.5994697213172913,0.7749836444854736,-0.20009104907512665,0.0,0.0,0.0
0,-0.5967845320701599,0.776671290397644,-0.2015688419342041,0.0,0.0,0.0
0,-0.5916595458984375,0.7798616886138916,-0.20433984696865082,0.0,0.0,0.0
0,-0.588621973991394,0.7816808819770813,-0.20615313947200775,0.0,0.0,0.0
0,-0.5855640172958374,0.7835201025009155,-0.2078726589679718,0.0,0.0,0.0
0,-0.5821833610534668,0.7855326533317566,-0.20976394414901733,0.0,0.0,0.0
0,-0.5748159885406494,0.7900077700614929,-0.21324706077575684,0.0,0.0,0.0
0,-0.5748159885406494,0.7900077700614929,-0.21324706077575684,0.0,0.0,0.0
0,-0.5667245984077454,0.7947596907615662,-0.21721003949642181,0.0,0.0,0.0
0,-0.5628865361213684,0.7969721555709839,-0.21907566487789154,0.0,0.0,0.0
0,-0.5588380694389343,0.7993370294570923,-0.22081740200519562,0.0,0.0,0.0
0,-0.5513799786567688,0.8037488460540771,-0.22353504598140717,0.0,0.0,0.0
0,-0.5475393533706665,0.8059535622596741,-0.2250322550535202,0.0,0.0,0.0
0,-0.5438300967216492,0.8080950975418091,-0.22634290158748627,0.0,0.0,0.0
0,-0.5397630929946899,0.8104454278945923,-0.22767072916030884,0.0,0.0,0.0
0,-0.5358669757843018,0.8126693964004517,-0.22894339263439178,0.0,0.0,0.0
0,-0.5275999307632446,0.8175026178359985,-0.23092800378799438,0.0,0.0,0.0
0,-0.5237995982170105,0.8196777105331421,-0.231867253780365,0.0,0.0,0.0
0,-0.5204645395278931,0.8215374946594238,-0.23279350996017456,0.0,0.0,0.0
0,-0.5175447463989258,0.8230777382850647,-0.2338598668575287,0.0,0.0,0.0
0,-0.5145698189735413,0.8245458602905273,-0.23524895310401917,0.0,0.0,0.0
0,-0.507881224155426,0.8280811905860901,-0.23735667765140533,0.0,0.0,0.0
0,-0.5040289163589478,0.8301406502723694,-0.23837225139141083,0.0,0.0,0.0
0,-0.49992167949676514,0.8323705196380615,-0.23924396932125092,0.0,0.0,0.0
0,-0.4960169494152069,0.8344283699989319,-0.2402009665966034,0.0,0.0,0.0
0,-0.4921691119670868,0.8363516926765442,-0.24142366647720337,0.0,0.0,0.0
0,-0.48526790738105774,0.8395673632621765,-0.2442164272069931,0.0,0.0,0.0
0,-0.48191580176353455,0.8410763740539551,-0.24565771222114563,0.0,0.0,0.0
0,-0.4779398739337921,0.8429919481277466,-0.24685625731945038,0.0,0.0,0.0
0,-0.47436559200286865,0.8446871042251587,-0.24795368313789368,0.0,0.0,0.0
0,-0.4702674448490143,0.8466120958328247,-0.24919156730175018,0.0,0.0,0.0
0,-0.4616990089416504,0.8505644798278809,-0.2517421841621399,0.0,0.0,0.0
0,-0.45776358246803284,0.8521875143051147,-0.25343433022499084,0.0,0.0,0.0
0,-0.4537367522716522,0.8537926077842712,-0.2552669048309326,0.0,0.0,0.0
0,-0.44980600476264954,0.8553036451339722,-0.25715795159339905,0.0,0.0,0.0
0,-0.4458789825439453,0.8567408323287964,-0.259204626083374,0.0,0.0,0.0
0,-0.43814167380332947,0.8596927523612976,-0.2626028060913086,0.0,0.0,0.0
0,-0.4341994524002075,0.861187219619751,-0.26424869894981384,0.0,0.0,0.0
0,-0.42994511127471924,0.8627464175224304,-0.2661125361919403,0.0,0.0,0.0
0,-0.425802081823349,0.8642396330833435,-0.26792240142822266,0.0,0.0,0.0
0,-0.4217562973499298,0.8656094074249268,-0.26989248394966125,0.0,0.0,0.0
0,-0.41373124718666077,0.8681237101554871,-0.27420371770858765,0.0,0.0,0.0
0,-0.40896809101104736,0.8695986866950989,-0.2766644060611725,0.0,0.0,0.0
0,-0.40482163429260254,0.8707088232040405,-0.2792590856552124,0.0,0.0,0.0
0,-0.40031036734580994,0.8719140291213989,-0.2819885313510895,0.0,0.0,0.0
0,-0.39593788981437683,0.873126208782196,-0.2844008505344391,0.0,0.0,0.0
0,-0.3867972791194916,0.875735342502594,-0.2889212667942047,0.0,0.0,0.0
0,-0.38255348801612854,0.876924991607666,-0.2909559905529022,0.0,0.0,0.0
0,-0.3783538043498993,0.8781611919403076,-0.2927137613296509,0.0,0.0,0.0
0,-0.37453198432922363,0.8792182803153992,-0.2944503128528595,0.0,0.0,0.0
0,-0.3703839182853699,0.880390465259552,-0.2961898148059845,0.0,0.0,0.0
0,-0.36709925532341003,0.8812556862831116,-0.2977020740509033,0.0,0.0,0.0
0,-0.35972723364830017,0.8832430243492126,-0.3007957637310028,0.0,0.0,0.0
0,-0.3574292063713074,0.8839109539985657,-0.3015722334384918,0.0,0.0,0.0
0,-0.3540056049823761,0.8850433826446533,-0.30228832364082336,0.0,0.0,0.0
0,-0.35089361667633057,0.8861030340194702,-0.30281203985214233,0.0,0.0,0.0
0,-0.34477758407592773,0.8882920145988464,-0.30342337489128113,0.0,0.0,0.0
0,-0.3421664535999298,0.88930344581604,-0.3034164607524872,0.0,0.0,0.0
0,-0.33982011675834656,0.890162467956543,-0.30353420972824097,0.0,0.0,0.0
0,-0.3381132483482361,0.8908321857452393,-0.30347567796707153,0.0,0.0,0.0
0,-0.3361577093601227,0.8916189074516296,-0.3033376634120941,0.0,0.0,0.0
0,-0.3332687020301819,0.8926576972007751,-0.3034702241420746,0.0,0.0,0.0
0,-0.3316228687763214,0.893347978591919,-0.3032418191432953,0.0,0.0,0.0
0,-0.3298572301864624,0.8941652774810791,-0.3027583360671997,0.0,0.0,0.0
0,-0.32731592655181885,0.8953035473823547,-0.30215200781822205,0.0,0.0,0.0
0,-0.32576078176498413,0.8960740566253662,-0.3015480637550354,0.0,0.0,0.0
0,-0.3221011459827423,0.8978480696678162,-0.3001994788646698,0.0,0.0,0.0
0,-0.3206045925617218,0.8985790014266968,-0.2996138632297516,0.0,0.0,0.0
0,-0.3195282816886902,0.8990488648414612,-0.2993539571762085,0.0,0.0,0.0
0,-0.31883224844932556,0.8994878530502319,-0.2987768054008484,0.0,0.0,0.0
0,-0.318023681640625,0.8999034762382507,-0.29838675260543823,0.0,0.0,0.0
0,-0.3164080083370209,0.9008370637893677,-0.29728537797927856,0.0,0.0,0.0
0,-0.3155914843082428,0.9012945890426636,-0.29676610231399536,0.0,0.0,0.0
0,-0.31488388776779175,0.9017251133918762,-0.29620930552482605,0.0,0.0,0.0
0,-0.314146488904953,0.9022153615951538,-0.29549863934516907,0.0,0.0,0.0
0,-0.3135622441768646,0.9026168584823608,-0.2948923707008362,0.0,0.0,0.0
0,-0.3123663365840912,0.9034355878829956,-0.2936519384384155,0.0,0.0,0.0
0,-0.3121739625930786,0.9036638736724854,-0.2931536138057709,0.0,0.0,0.0
0,-0.31176984310150146,0.9039583206176758,-0.2926754951477051,0.0,0.0,0.0
0,-0.3117305338382721,0.9041234850883484,-0.2922067642211914,0.0,0.0,0.0
0,-0.31151083111763,0.9043643474578857,-0.2916952967643738,0.0,0.0,0.0
0,-0.311007022857666,0.9048160910606384,-0.29083070158958435,0.0,0.0,0.0
0,-0.3108631670475006,0.9050001502037048,-0.29041141271591187,0.0,0.0,0.0
0,-0.31064653396606445,0.9052651524543762,-0.289816677570343,0.0,0.0,0.0
0,-0.3103964626789093,0.9054908752441406,-0.2893791198730469,0.0,0.0,0.0
0,-0.3103461265563965,0.9056583046913147,-0.2889088988304138,0.0,0.0,0.0
0,-0.3108966648578644,0.9057207703590393,-0.28811997175216675,0.0,0.0,0.0
0,-0.3113991916179657,0.9056605696678162,-0.28776633739471436,0.0,0.0,0.0
0,-0.31158581376075745,0.9056877493858337,-0.28747862577438354,0.0,0.0,0.0
0,-0.3117595911026001,0.9057939052581787,-0.2869552671909332,0.0,0.0,0.0
0,-0.3117944896221161,0.906052827835083,-0.2860985994338989,0.0,0.0,0.0
0,-0.3118229806423187,0.9063271284103394,-0.2851974070072174,0.0,0.0,0.0
0,-0.31203049421310425,0.9063554406166077,-0.2848803400993347,0.0,0.0,0.0
0,-0.3123396635055542,0.9063571095466614,-0.2845359146595001,0.0,0.0,0.0
0,-0.31263595819473267,0.9063165783882141,-0.2843395173549652,0.0,0.0,0.0
0,-0.3129435181617737,0.906347930431366,-0.28390106558799744,0.0,0.0,0.0
0,-0.3134330213069916,0.9065978527069092,-0.28255993127822876,0.0,0.0,0.0
0,-0.3137751519680023,0.906613826751709,-0.28212860226631165,0.0,0.0,0.0
0,-0.31418803334236145,0.9066208004951477,-0.2816462516784668,0.0,0.0,0.0
0,-0.3145131468772888,0.9066709876060486,-0.2811214029788971,0.0,0.0,0.0
0,-0.31457486748695374,0.9067546725273132,-0.2807822525501251,0.0,0.0,0.0
0,-0.3156298100948334,0.906532347202301,-0.2803157567977905,0.0,0.0,0.0
0,-0.31625068187713623,0.9063647985458374,-0.28015777468681335,0.0,0.0,0.0
0,-0.3167876899242401,0.9062800407409668,-0.27982503175735474,0.0,0.0,0.0
0,-0.3170908987522125,0.9063042998313904,-0.2794027626514435,0.0,0.0,0.0
0,-0.31747671961784363,0.9062960743904114,-0.2789909243583679,0.0,0.0,0.0
0,-0.31778499484062195,0.9062530398368835,-0.2787797749042511,0.0,0.0,0.0
0,-0.3178410530090332,0.9064744114875793,-0.2779949903488159,0.0,0.0,0.0
0,-0.3176499307155609,0.9066829085350037,-0.2775331437587738,0.0,0.0,0.0
0,-0.3175634741783142,0.9068018794059753,-0.2772432267665863,0.0,0.0,0.0
0,-0.31783872842788696,0.9067176580429077,-0.27720320224761963,0.0,0.0,0.0
0,-0.31809142231941223,0.9066490530967712,-0.2771376967430115,0.0,0.0,0.0
0,-0.3184887766838074,0.90654057264328,-0.277036190032959,0.0,0.0,0.0
0,-0.3185674250125885,0.9065729379653931,-0.2768399119377136,0.0,0.0,0.0
0,-0.31865665316581726,0.9065743684768677,-0.27673235535621643,0.0,0.0,0.0
0,-0.3186560273170471,0.9066315293312073,-0.27654582262039185,0.0,0.0,0.0
0,-0.3187321722507477,0.9066411852836609,-0.27642637491226196,0.0,0.0,0.0
0,-0.3189195990562439,0.9064719080924988,-0.27676519751548767,0.0,0.0,0.0
0,-0.3188839554786682,0.90643709897995,-0.2769201993942261,0.0,0.0,0.0
0,-0.3187238276004791,0.9064672589302063,-0.2770058214664459,0.0,0.0,0.0
0,-0.31838780641555786,0.906596839427948,-0.27696821093559265,0.0,0.0,0.0
0,-0.317706435918808,0.9067429900169373,-0.2772720754146576,0.0,0.0,0.0
0,-0.31749653816223145,0.9067668914794922,-0.27743422985076904,0.0,0.0,0.0
0,-0.3174324333667755,0.9067084193229675,-0.2776985466480255,0.0,0.0,0.0
0,-0.31744304299354553,0.9065590500831604,-0.2781737148761749,0.0,0.0,0.0
0,-0.317281037569046,0.9065488576889038,-0.27839165925979614,0.0,0.0,0.0
0,-0.31660500168800354,0.9066634178161621,-0.2787879705429077,0.0,0.0,0.0
0,-0.3162533938884735,0.906736433506012,-0.2789496183395386,0.0,0.0,0.0
0,-0.31568849086761475,0.9069257378578186,-0.2789739668369293,0.0,0.0,0.0
0,-0.315106064081192,0.9070693850517273,-0.2791653871536255,0.0,0.0,0.0
0,-0.3146444857120514,0.9071440100669861,-0.2794433832168579,0.0,0.0,0.0
0,-0.3138328790664673,0.9073446989059448,-0.27970436215400696,0.0,0.0,0.0
0,-0.3134891390800476,0.9074422717094421,-0.2797732949256897,0.0,0.0,0.0
0,-0.313198447227478,0.9075186252593994,-0.27985119819641113,0.0,0.0,0.0
0,-0.3130747973918915,0.9074853658676147,-0.28009727597236633,0.0,0.0,0.0
0,-0.3126718997955322,0.9075910449028015,-0.2802048325538635,0.0,0.0,0.0
0,-0.31183943152427673,0.9079365730285645,-0.28001314401626587,0.0,0.0,0.0
0,-0.3114660382270813,0.9080566763877869,-0.2800392806529999,0.0,0.0,0.0
0,-0.31126832962036133,0.9082388877868652,-0.27966785430908203,0.0,0.0,0.0
0,-0.3111485242843628,0.9082943201065063,-0.2796211540699005,0.0,0.0,0.0
0,-0.3112660050392151,0.9082626700401306,-0.27959316968917847,0.0,0.0,0.0
0,-0.3111114799976349,0.9083802700042725,-0.27938318252563477,0.0,0.0,0.0
0,-0.3109149932861328,0.9085032939910889,-0.27920183539390564,0.0,0.0,0.0
0,-0.31059837341308594,0.908643364906311,-0.2790983319282532,0.0,0.0,0.0
0,-0.3103374242782593,0.9087872505187988,-0.27892017364501953,0.0,0.0,0.0
0,-0.3099818229675293,0.9089788794517517,-0.27869099378585815,0.0,0.0,0.0
0,-0.3094376027584076,0.9093230962753296,-0.2781723141670227,0.0,0.0,0.0
0,-0.3090862035751343,0.9095257520675659,-0.27790042757987976,0.0,0.0,0.0
0,-0.3091323673725128,0.9096280932426453,-0.2775138020515442,0.0,0.0,0.0
0,-0.3091435730457306,0.9097164273262024,-0.2772115468978882,0.0,0.0,0.0
0,-0.3091906011104584,0.9097487330436707,-0.2770531475543976,0.0,0.0,0.0
0,-0.3088188171386719,0.9100868105888367,-0.27635660767555237,0.0,0.0,0.0
0,-0.3084488809108734,0.910280704498291,-0.2761310935020447,0.0,0.0,0.0
0,-0.30782613158226013,0.9105677008628845,-0.2758796215057373,0.0,0.0,0.0
0,-0.3072683811187744,0.9108788371086121,-0.27547401189804077,0.0,0.0,0.0
0,-0.30667659640312195,0.9111834764480591,-0.2751256227493286,0.0,0.0,0.0
0,-0.30651357769966125,0.9112876057624817,-0.27496233582496643,0.0,0.0,0.0
0,-0.306339830160141,0.9114197492599487,-0.27471795678138733,0.0,0.0,0.0
0,-0.3058224022388458,0.9115945100784302,-0.2747146189212799,0.0,0.0,0.0
0,-0.30529549717903137,0.9118107557296753,-0.2745828926563263,0.0,0.0,0.0
0,-0.3047502934932709,0.9120227694511414,-0.2744843661785126,0.0,0.0,0.0
0,-0.3037565052509308,0.9123178720474243,-0.2746053636074066,0.0,0.0,0.0
0,-0.30366504192352295,0.9123650193214417,-0.2745498716831207,0.0,0.0,0.0
0,-0.30371785163879395,0.9123805165290833,-0.2744399607181549,0.0,0.0,0.0
0,-0.30408263206481934,0.9123523831367493,-0.2741292417049408,0.0,0.0,0.0
0,-0.30415064096450806,0.9124010801315308,-0.27389174699783325,0.0,0.0,0.0
0,-0.303871750831604,0.9127218723297119,-0.2731313705444336,0.0,0.0,0.0
0,-0.3033725321292877,0.9129474759101868,-0.2729322016239166,0.0,0.0,0.0
0,-0.3028862774372101,0.9131952524185181,-0.2726433277130127,0.0,0.0,0.0
0,-0.3022589087486267,0.9134392142295837,-0.2725221514701843,0.0,0.0,0.0
0,-0.3017061948776245,0.9136219024658203,-0.27252230048179626,0.0,0.0,0.0
0,-0.3015426695346832,0.9135892391204834,-0.2728125751018524,0.0,0.0,0.0
0,-0.30165740847587585,0.9135281443595886,-0.27289026975631714,0.0,0.0,0.0
0,-0.3018786609172821,0.9134430289268494,-0.27293065190315247,0.0,0.0,0.0
0,-0.30200672149658203,0.9134874939918518,-0.2726398706436157,0.0,0.0,0.0
0,-0.30187806487083435,0.9135916829109192,-0.27243316173553467,0.0,0.0,0.0
0,-0.30110254883766174,0.9138749837875366,-0.27234116196632385,0.0,0.0,0.0
0,-0.3010701835155487,0.9140337109565735,-0.27184388041496277,0.0,0.0,0.0
0,-0.3006265461444855,0.9142708778381348,-0.27153724431991577,0.0,0.0,0.0
0,-0.30029311776161194,0.9144542217254639,-0.27128860354423523,0.0,0.0,0.0
0,-0.30004653334617615,0.9146146178245544,-0.27102065086364746,0.0,0.0,0.0
0,-0.2997995913028717,0.9147738814353943,-0.27075621485710144,0.0,0.0,0.0
0,-0.2996629774570465,0.9148424863815308,-0.2706756293773651,0.0,0.0,0.0
0,-0.29944559931755066,0.9149514436721802,-0.27054792642593384,0.0,0.0,0.0
0,-0.2988349199295044,0.9151572585105896,-0.27052703499794006,0.0,0.0,0.0
0,-0.2984692454338074,0.9153115153312683,-0.2704089283943176,0.0,0.0,0.0
0,-0.29848262667655945,0.9153508543968201,-0.27026093006134033,0.0,0.0,0.0
0,-0.29818591475486755,0.9154260754585266,-0.27033358812332153,0.0,0.0,0.0
0,-0.29844266176223755,0.9153849482536316,-0.2701896131038666,0.0,0.0,0.0
0,-0.29822176694869995,0.9155066609382629,-0.2700210213661194,0.0,0.0,0.0
0,-0.297430157661438,0.9156880974769592,-0.27027878165245056,0.0,0.0,0.0
0,-0.2972208857536316,0.9159126281738281,-0.2697477638721466,0.0,0.0,0.0
0,-0.29667529463768005,0.9161496162414551,-0.26954346895217896,0.0,0.0,0.0
0,-0.29630303382873535,0.9162982106208801,-0.26944777369499207,0.0,0.0,0.0
0,-0.29602161049842834,0.9164144396781921,-0.26936179399490356,0.0,0.0,0.0
0,-0.2955910563468933,0.9165858626365662,-0.26925128698349,0.0,0.0,0.0
0,-0.2954580783843994,0.9167155623435974,-0.2689554989337921,0.0,0.0,0.0
0,-0.29513299465179443,0.9168716073036194,-0.2687804400920868,0.0,0.0,0.0
0,-0.2950574457645416,0.9169186353683472,-0.26870304346084595,0.0,0.0,0.0
0,-0.29515430331230164,0.9169274568557739,-0.2685665488243103,0.0,0.0,0.0
0,-0.295123428106308,0.9169817566871643,-0.2684149444103241,0.0,0.0,0.0
0,-0.2955743968486786,0.9170120358467102,-0.2678147554397583,0.0,0.0,0.0
0,-0.2956581711769104,0.9170296788215637,-0.26766178011894226,0.0,0.0,0.0
0,-0.29561468958854675,0.9171069860458374,-0.26744481921195984,0.0,0.0,0.0
0,-0.2956297695636749,0.9171413779258728,-0.267310231924057,0.0,0.0,0.0
0,-0.29559019207954407,0.9172164797782898,-0.2670961916446686,0.0,0.0,0.0
0,-0.2956008315086365,0.9172201752662659,-0.2670716643333435,0.0,0.0,0.0
0,-0.2959328293800354,0.9172124862670898,-0.2667301595211029,0.0,0.0,0.0
0,-0.2962244153022766,0.9171083569526672,-0.26676464080810547,0.0,0.0,0.0
0,-0.2964537739753723,0.9170548915863037,-0.2666935920715332,0.0,0.0,0.0
0,-0.2965320944786072,0.9170131683349609,-0.26674991846084595,0.0,0.0,0.0
0,-0.29654252529144287,0.917081356048584,-0.26650381088256836,0.0,0.0,0.0
0,-0.29654812812805176,0.9170134663581848,-0.2667311429977417,0.0,0.0,0.0
0,-0.29661914706230164,0.9170216917991638,-0.26662391424179077,0.0,0.0,0.0
0,-0.2968718707561493,0.9169594049453735,-0.2665567696094513,0.0,0.0,0.0
0,-0.2970447242259979,0.9169394969940186,-0.2664327919483185,0.0,0.0,0.0
0,-0.2977290451526642,0.9167912006378174,-0.26617905497550964,0.0,0.0,0.0
0,-0.29807254672050476,0.9166931509971619,-0.2661324143409729,0.0,0.0,0.0
0,-0.29827091097831726,0.9166224002838135,-0.26615387201309204,0.0,0.0,0.0
0,-0.29830536246299744,0.9166136980056763,-0.26614508032798767,0.0,0.0,0.0
0,-0.29815754294395447,0.9167413711547852,-0.26587095856666565,0.0,0.0,0.0
0,-0.29771003127098083,0.917018711566925,-0.2654154896736145,0.0,0.0,0.0
0,-0.29770055413246155,0.9170714616775513,-0.2652438282966614,0.0,0.0,0.0
0,-0.29801464080810547,0.9169785380363464,-0.26521241664886475,0.0,0.0,0.0
0,-0.298322468996048,0.9168421626091003,-0.26533788442611694,0.0,0.0,0.0
0,-0.29860445857048035,0.9167202711105347,-0.26544174551963806,0.0,0.0,0.0
0,-0.2984270453453064,0.91675865650177,-0.26550859212875366,0.0,0.0,0.0
0,-0.2983647286891937,0.9167530536651611,-0.2655981183052063,0.0,0.0,0.0
0,-0.2982625365257263,0.9167060256004333,-0.2658749520778656,0.0,0.0,0.0
0,-0.29856497049331665,0.9165943264961243,-0.2659207582473755,0.0,0.0,0.0
0,-0.298845499753952,0.916412889957428,-0.2662307918071747,0.0,0.0,0.0
0,-0.29933157563209534,0.9161937236785889,-0.26643887162208557,0.0,0.0,0.0
0,-0.299930214881897,0.9158892035484314,-0.26681238412857056,0.0,0.0,0.0
0,-0.3001527488231659,0.9158281683921814,-0.2667716145515442,0.0,0.0,0.0
0,-0.3002079725265503,0.9158907532691956,-0.2664945721626282,0.0,0.0,0.0
0,-0.30010682344436646,0.9159173369407654,-0.26651692390441895,0.0,0.0,0.0
0,-0.30017802119255066,0.9156801700592041,-0.26725074648857117,0.0,0.0,0.0
0,-0.3002440333366394,0.9156063199043274,-0.26742956042289734,0.0,0.0,0.0
0,-0.3005252480506897,0.9154068827629089,-0.26779618859291077,0.0,0.0,0.0
0,-0.3008887469768524,0.9152005314826965,-0.2680932283401489,0.0,0.0,0.0
0,-0.30127304792404175,0.9150618314743042,-0.26813510060310364,0.0,0.0,0.0
0,-0.3024200201034546,0.9146656394004822,-0.2681957185268402,0.0,0.0,0.0
0,-0.30280762910842896,0.91450434923172,-0.2683083415031433,0.0,0.0,0.0
0,-0.3031994104385376,0.9143476486206055,-0.2683998942375183,0.0,0.0,0.0
0,-0.3032069802284241,0.91434246301651,-0.26840898394584656,0.0,0.0,0.0
0,-0.30311161279678345,0.9143854975700378,-0.26837003231048584,0.0,0.0,0.0
0,-0.3031037747859955,0.9142774939537048,-0.26874658465385437,0.0,0.0,0.0
0,-0.30334046483039856,0.91417396068573,-0.268831729888916,0.0,0.0,0.0
0,-0.30387094616889954,0.9138721227645874,-0.26925867795944214,0.0,0.0,0.0
0,-0.30446794629096985,0.9136418104171753,-0.2693657875061035,0.0,0.0,0.0
0,-0.3049484193325043,0.9134984016418457,-0.2693086862564087,0.0,0.0,0.0
0,-0.3054325580596924,0.9132874608039856,-0.2694753408432007,0.0,0.0,0.0
0,-0.30567115545272827,0.9132029414176941,-0.26949116587638855,0.0,0.0,0.0
0,-0.30579695105552673,0.913153350353241,-0.26951658725738525,0.0,0.0,0.0
0,-0.3061845004558563,0.9130042195320129,-0.2695818543434143,0.0,0.0,0.0
0,-0.30631569027900696,0.9129359722137451,-0.2696639597415924,0.0,0.0,0.0
0,-0.3065245449542999,0.9128376245498657,-0.2697594165802002,0.0,0.0,0.0
0,-0.3066015839576721,0.9128007888793945,-0.26979658007621765,0.0,0.0,0.0
0,-0.30679839849472046,0.9128222465515137,-0.26950010657310486,0.0,0.0,0.0
0,-0.3070865571498871,0.9127886891365051,-0.2692854404449463,0.0,0.0,0.0
0,-0.30707618594169617,0.9127939343452454,-0.269279420375824,0.0,0.0,0.0
0,-0.30779001116752625,0.9125584363937378,-0.26926279067993164,0.0,0.0,0.0
0,-0.3080204725265503,0.9125157594680786,-0.2691437900066376,0.0,0.0,0.0
0,-0.30823975801467896,0.9124907851219177,-0.2689773440361023,0.0,0.0,0.0
0,-0.30813607573509216,0.9125670790672302,-0.2688372731208801,0.0,0.0,0.0
0,-0.30835437774658203,0.9125838875770569,-0.2685297131538391,0.0,0.0,0.0
0,-0.30842292308807373,0.9126415252685547,-0.26825496554374695,0.0,0.0,0.0
0,-0.3090869188308716,0.912539541721344,-0.26783740520477295,0.0,0.0,0.0
0,-0.30890700221061707,0.9126096367835999,-0.26780611276626587,0.0,0.0,0.0
0,-0.3091467320919037,0.9126237630844116,-0.2674812376499176,0.0,0.0,0.0
0,-0.30912652611732483,0.9127407670021057,-0.2671051025390625,0.0,0.0,0.0
0,-0.30923575162887573,0.9130208492279053,-0.26601913571357727,0.0,0.0,0.0
0,-0.30948585271835327,0.9130593538284302,-0.2655957341194153,0.0,0.0,0.0
0,-0.3098691403865814,0.9129666090011597,-0.26546770334243774,0.0,0.0,0.0
0,-0.3102578818798065,0.9128708839416504,-0.2653427720069885,0.0,0.0,0.0
0,-0.3107924163341522,0.9126904606819153,-0.2653377950191498,0.0,0.0,0.0
0,-0.3110322952270508,0.9127649068832397,-0.2648002803325653,0.0,0.0,0.0
0,-0.31110769510269165,0.912858784198761,-0.2643875777721405,0.0,0.0,0.0
0,-0.3112486004829407,0.9129501581192017,-0.26390597224235535,0.0,0.0,0.0
0,-0.31138768792152405,0.9129772186279297,-0.26364806294441223,0.0,0.0,0.0
0,-0.31118637323379517,0.9130786657333374,-0.2635345160961151,0.0,0.0,0.0
0,-0.3115081191062927,0.9129387140274048,-0.2636392116546631,0.0,0.0,0.0
0,-0.3116517663002014,0.9129180312156677,-0.263541042804718,0.0,0.0,0.0
0,-0.3116496801376343,0.9129217267036438,-0.2635307013988495,0.0,0.0,0.0
0,-0.3119252622127533,0.9128276109695435,-0.2635307013988495,0.0,0.0,0.0
0,-0.3121870160102844,0.9127455353736877,-0.26350486278533936,0.0,0.0,0.0
0,-0.3119654953479767,0.912929117679596,-0.2631310224533081,0.0,0.0,0.0
0,-0.31176409125328064,0.9131004810333252,-0.2627750039100647,0.0,0.0,0.0
0,-0.31156280636787415,0.913211464881897,-0.26262804865837097,0.0,0.0,0.0
0,-0.3113987147808075,0.9133652448654175,-0.26228755712509155,0.0,0.0,0.0
0,-0.31138718128204346,0.9135008454322815,-0.26182863116264343,0.0,0.0,0.0
0,-0.3119230568408966,0.9134414792060852,-0.2613976001739502,0.0,0.0,0.0
0,-0.3121335506439209,0.913375735282898,-0.2613760232925415,0.0,0.0,0.0
0,-0.3122316002845764,0.9133169651031494,-0.2614642381668091,0.0,0.0,0.0
0,-0.3116532862186432,0.913502037525177,-0.26150763034820557,0.0,0.0,0.0
0,-0.3116266131401062,0.9134789109230042,-0.26162025332450867,0.0,0.0,0.0
0,-0.3118571937084198,0.9133179783821106,-0.26190707087516785,0.0,0.0,0.0
0,-0.31220099329948425,0.913176417350769,-0.26199111342430115,0.0,0.0,0.0
0,-0.31245121359825134,0.9130953550338745,-0.2619754672050476,0.0,0.0,0.0
0,-0.3128376603126526,0.913032591342926,-0.2617327570915222,0.0,0.0,0.0
0,-0.3128880262374878,0.9130717515945435,-0.26153603196144104,0.0,0.0,0.0
0,-0.31330591440200806,0.9131348729133606,-0.2608143091201782,0.0,0.0,0.0
0,-0.3135077655315399,0.9131329655647278,-0.2605784237384796,0.0,0.0,0.0
0,-0.3136638402938843,0.9131267666816711,-0.2604120969772339,0.0,0.0,0.0
0,-0.31369009613990784,0.9131600260734558,-0.2602638006210327,0.0,0.0,0.0
0,-0.3139258325099945,0.9131585955619812,-0.25998443365097046,0.0,0.0,0.0
0,-0.3145197927951813,0.9131208658218384,-0.25939854979515076,0.0,0.0,0.0
0,-0.31505417823791504,0.9130516648292542,-0.2589931786060333,0.0,0.0,0.0
0,-0.3157590329647064,0.9128904342651367,-0.2587030231952667,0.0,0.0,0.0
0,-0.3164626657962799,0.912687361240387,-0.25855985283851624,0.0,0.0,0.0
0,-0.316895991563797,0.9125616550445557,-0.25847265124320984,0.0,0.0,0.0
0,-0.31830894947052,0.9122056365013123,-0.2579927444458008,0.0,0.0,0.0
0,-0.3188278079032898,0.9121012687683105,-0.2577209770679474,0.0,0.0,0.0
0,-0.3193873465061188,0.9119767546653748,-0.2574687600135803,0.0,0.0,0.0
0,-0.3198383152484894,0.9118678569793701,-0.25729456543922424,0.0,0.0,0.0
0,-0.32029226422309875,0.9117875695228577,-0.2570142447948456,0.0,0.0,0.0
0,-0.3213590085506439,0.9116296768188477,-0.25624150037765503,0.0,0.0,0.0
0,-0.3218030333518982,0.9116030931472778,-0.255778431892395,0.0,0.0,0.0
0,-0.32217085361480713,0.9115984439849854,-0.2553316354751587,0.0,0.0,0.0
0,-0.3224891722202301,0.9115990996360779,-0.2549270689487457,0.0,0.0,0.0
0,-0.3225708305835724,0.9116822481155396,-0.2545260488986969,0.0,0.0,0.0
0,-0.32340267300605774,0.9115222096443176,-0.25404322147369385,0.0,0.0,0.0
0,-0.32422152161598206,0.9112501740455627,-0.25397542119026184,0.0,0.0,0.0
0,-0.3248397409915924,0.9110925197601318,-0.2537510395050049,0.0,0.0,0.0
0,-0.32527992129325867,0.9110413789749146,-0.2533704936504364,0.0,0.0,0.0
0,-0.3260297179222107,0.910865306854248,-0.25303947925567627,0.0,0.0,0.0
0,-0.32712921500205994,0.9106695055961609,-0.2523241937160492,0.0,0.0,0.0
0,-0.32745230197906494,0.910695493221283,-0.2518109083175659,0.0,0.0,0.0
0,-0.32789936661720276,0.9106222987174988,-0.25149351358413696,0.0,0.0,0.0
0,-0.3284924626350403,0.910468339920044,-0.2512769401073456,0.0,0.0,0.0
0,-0.3289449214935303,0.9103872179985046,-0.25097885727882385,0.0,0.0,0.0
0,-0.3302708566188812,0.9100013971328735,-0.25063639879226685,0.0,0.0,0.0
0,-0.33092784881591797,0.9097768664360046,-0.2505849003791809,0.0,0.0,0.0
0,-0.3317432403564453,0.909526526927948,-0.2504154145717621,0.0,0.0,0.0
0,-0.3324908912181854,0.9092598557472229,-0.2503924071788788,0.0,0.0,0.0
0,-0.3332042992115021,0.9090439081192017,-0.25022801756858826,0.0,0.0,0.0
0,-0.33417782187461853,0.9088037610054016,-0.24980178475379944,0.0,0.0,0.0
0,-0.3349314033985138,0.9085496664047241,-0.2497166395187378,0.0,0.0,0.0
0,-0.3356603682041168,0.9083643555641174,-0.2494119107723236,0.0,0.0,0.0
0,-0.3366784453392029,0.908070981502533,-0.24910780787467957,0.0,0.0,0.0
0,-0.3371973931789398,0.9079423546791077,-0.24887458980083466,0.0,0.0,0.0
0,-0.33898285031318665,0.9073402881622314,-0.24864473938941956,0.0,0.0,0.0
0,-0.34003469347953796,0.9069649577140808,-0.24857793748378754,0.0,0.0,0.0
0,-0.3411565124988556,0.9065498113632202,-0.24855506420135498,0.0,0.0,0.0
0,-0.34194785356521606,0.9062656760215759,-0.24850380420684814,0.0,0.0,0.0
0,-0.3430478274822235,0.9058945178985596,-0.24834109842777252,0.0,0.0,0.0
0,-0.34486377239227295,0.9053143858909607,-0.24794112145900726,0.0,0.0,0.0
0,-0.3457891345024109,0.9050473570823669,-0.2476271390914917,0.0,0.0,0.0
0,-0.3466408848762512,0.9047837853431702,-0.24739933013916016,0.0,0.0,0.0
0,-0.3473409116268158,0.9045974612236023,-0.24709858000278473,0.0,0.0,0.0
0,-0.34825143218040466,0.904297947883606,-0.24691329896450043,0.0,0.0,0.0
0,-0.34954941272735596,0.9039772748947144,-0.24625259637832642,0.0,0.0,0.0
0,-0.3502894639968872,0.9037928581237793,-0.24587760865688324,0.0,0.0,0.0
0,-0.3509158194065094,0.9036576747894287,-0.2454809546470642,0.0,0.0,0.0
0,-0.35149306058883667,0.9035046100616455,-0.245218425989151,0.0,0.0,0.0
0,-0.35216575860977173,0.9032714366912842,-0.24511227011680603,0.0,0.0,0.0
0,-0.3527527451515198,0.9030393958091736,-0.24512310326099396,0.0,0.0,0.0
0,-0.35284605622291565,0.9030617475509644,-0.2449064403772354,0.0,0.0,0.0
0,-0.3528474271297455,0.9031174778938293,-0.2446988821029663,0.0,0.0,0.0
0,-0.35253918170928955,0.9032963514328003,-0.2444828450679779,0.0,0.0,0.0
0,-0.35253435373306274,0.9033418893814087,-0.24432140588760376,0.0,0.0,0.0
0,-0.3529607951641083,0.9033108353614807,-0.24382005631923676,0.0,0.0,0.0
0,-0.35303547978401184,0.903334379196167,-0.2436245232820511,0.0,0.0,0.0
0,-0.3529576361179352,0.9033515453338623,-0.2436736822128296,0.0,0.0,0.0
0,-0.3526032269001007,0.9033893942832947,-0.24404633045196533,0.0,0.0,0.0
0,-0.35226431488990784,0.9034174084663391,-0.24443157017230988,0.0,0.0,0.0
0,-0.3516797125339508,0.9035223722457886,-0.2448851466178894,0.0,0.0,0.0
0,-0.35144883394241333,0.9036433100700378,-0.24477018415927887,0.0,0.0,0.0
0,-0.3509613275527954,0.9039263725280762,-0.24442434310913086,0.0,0.0,0.0
0,-0.3505132496356964,0.9041909575462341,-0.24408838152885437,0.0,0.0,0.0
0,-0.34997135400772095,0.9045214653015137,-0.24364100396633148,0.0,0.0,0.0
0,-0.34872177243232727,0.905072808265686,-0.24338506162166595,0.0,0.0,0.0
0,-0.34773945808410645,0.9054626226425171,-0.24334068596363068,0.0,0.0,0.0
0,-0.34685659408569336,0.9058024883270264,-0.24333594739437103,0.0,0.0,0.0
0,-0.3457790017127991,0.9062443375587463,-0.24322426319122314,0.0,0.0,0.0
0,-0.34477341175079346,0.9067181944847107,-0.2428855448961258,0.0,0.0,0.0
0,-0.343268483877182,0.9075783491134644,-0.2418021410703659,0.0,0.0,0.0
0,-0.3430326581001282,0.9078176617622375,-0.24123777449131012,0.0,0.0,0.0
0,-0.34284305572509766,0.9080206751823425,-0.24074283242225647,0.0,0.0,0.0
0,-0.34293296933174133,0.908086359500885,-0.24036666750907898,0.0,0.0,0.0
0,-0.342955082654953,0.9082189798355103,-0.23983336985111237,0.0,0.0,0.0
0,-0.3430689871311188,0.9083989858627319,-0.23898741602897644,0.0,0.0,0.0
0,-0.34258899092674255,0.9088186621665955,-0.23807871341705322,0.0,0.0,0.0
0,-0.34203779697418213,0.9091927409172058,-0.2374419867992401,0.0,0.0,0.0
0,-0.3415515124797821,0.9096019268035889,-0.23657315969467163,0.0,0.0,0.0
0,-0.3409578502178192,0.9100514054298401,-0.23569929599761963,0.0,0.0,0.0
0,-0.33998316526412964,0.9108129143714905,-0.23416081070899963,0.0,0.0,0.0
0,-0.34004583954811096,0.9110106229782104,-0.23329909145832062,0.0,0.0,0.0
0,-0.33989882469177246,0.9111678600311279,-0.2328990399837494,0.0,0.0,0.0
0,-0.33961552381515503,0.9113867878913879,-0.23245510458946228,0.0,0.0,0.0
0,-0.33887195587158203,0.9117823243141174,-0.23198877274990082,0.0,0.0,0.0
0,-0.3377402126789093,0.9125068187713623,-0.23078744113445282,0.0,0.0,0.0
0,-0.33724111318588257,0.9128191471099854,-0.23028168082237244,0.0,0.0,0.0
0,-0.33667078614234924,0.9131655693054199,-0.22974209487438202,0.0,0.0,0.0
0,-0.3365088701248169,0.9133340120315552,-0.22930921614170074,0.0,0.0,0.0
0,-0.33600476384162903,0.9136225581169128,-0.22889861464500427,0.0,0.0,0.0
0,-0.33536139130592346,0.9141502976417542,-0.2277323454618454,0.0,0.0,0.0
0,-0.33500251173973083,0.914434552192688,-0.2271183580160141,0.0,0.0,0.0
0,-0.3342951834201813,0.9148247241973877,-0.22658872604370117,0.0,0.0,0.0
0,-0.3335002064704895,0.9152579307556152,-0.22600997984409332,0.0,0.0,0.0
0,-0.33314386010169983,0.9155647158622742,-0.22529174387454987,0.0,0.0,0.0
0,-0.3325151801109314,0.9159881472587585,-0.2244979590177536,0.0,0.0,0.0
0,-0.3323540985584259,0.9160775542259216,-0.22437185049057007,0.0,0.0,0.0
0,-0.3321933150291443,0.9161607027053833,-0.2242703139781952,0.0,0.0,0.0
0,-0.3323048949241638,0.9161779880523682,-0.22403424978256226,0.0,0.0,0.0
0,-0.33222219347953796,0.9162464141845703,-0.22387690842151642,0.0,0.0,0.0
0,-0.3318503201007843,0.9165409207344055,-0.22322215139865875,0.0,0.0,0.0
0,-0.33180534839630127,0.9166551828384399,-0.22281929850578308,0.0,0.0,0.0
0,-0.3315577805042267,0.916851818561554,-0.2223784625530243,0.0,0.0,0.0
0,-0.3313063681125641,0.9170048832893372,-0.2221219390630722,0.0,0.0,0.0
0,-0.33116307854652405,0.9171183705329895,-0.22186700999736786,0.0,0.0,0.0
0,-0.33085185289382935,0.9173430800437927,-0.2214016169309616,0.0,0.0,0.0
0,-0.3307684361934662,0.9174473285675049,-0.22109414637088776,0.0,0.0,0.0
0,-0.330678790807724,0.9175330996513367,-0.2208722084760666,0.0,0.0,0.0
0,-0.3311920762062073,0.9173633456230164,-0.2208082377910614,0.0,0.0,0.0
0,-0.33128783106803894,0.9173243045806885,-0.22082677483558655,0.0,0.0,0.0
0,-0.33147719502449036,0.9172919988632202,-0.22067680954933167,0.0,0.0,0.0
0,-0.33103489875793457,0.9173827767372131,-0.22096309065818787,0.0,0.0,0.0
0,-0.3307110667228699,0.9175042510032654,-0.22094382345676422,0.0,0.0,0.0
0,-0.3303527534008026,0.9176639914512634,-0.22081638872623444,0.0,0.0,0.0
0,-0.3301347494125366,0.9178034663200378,-0.22056244313716888,0.0,0.0,0.0
0,-0.3301889896392822,0.917955756187439,-0.21984654664993286,0.0,0.0,0.0
0,-0.33002302050590515,0.9180952310562134,-0.21951301395893097,0.0,0.0,0.0
0,-0.32992613315582275,0.9181830286979675,-0.21929123997688293,0.0,0.0,0.0
0,-0.33007410168647766,0.9181444644927979,-0.21922998130321503,0.0,0.0,0.0
0,-0.3301808536052704,0.9180839657783508,-0.21932277083396912,0.0,0.0,0.0
0,-0.3299453854560852,0.9180251359939575,-0.21992257237434387,0.0,0.0,0.0
0,-0.32961368560791016,0.9181492328643799,-0.21990181505680084,0.0,0.0,0.0
0,-0.3289441466331482,0.9184094667434692,-0.2198176234960556,0.0,0.0,0.0
0,-0.32807934284210205,0.9187740087509155,-0.2195865511894226,0.0,0.0,0.0
0,-0.3274746835231781,0.9190918803215027,-0.21915863454341888,0.0,0.0,0.0
0,-0.32618042826652527,0.9195627570152283,-0.21911337971687317,0.0,0.0,0.0
0,-0.3257550597190857,0.9197763800621033,-0.21884925663471222,0.0,0.0,0.0
0,-0.3253116011619568,0.9199584722518921,-0.21874351799488068,0.0,0.0,0.0
0,-0.3247600197792053,0.9201850891113281,-0.21860995888710022,0.0,0.0,0.0
0,-0.32399311661720276,0.9205021262168884,-0.21841314435005188,0.0,0.0,0.0
0,-0.32245367765426636,0.9211556911468506,-0.2179354727268219,0.0,0.0,0.0
0,-0.3226352334022522,0.9211097359657288,-0.2178608626127243,0.0,0.0,0.0
0,-0.3223634958267212,0.921220600605011,-0.21779431402683258,0.0,0.0,0.0
0,-0.32210609316825867,0.9213302731513977,-0.21771126985549927,0.0,0.0,0.0
0,-0.3221425712108612,0.9214603304862976,-0.21710599958896637,0.0,0.0,0.0
0,-0.3209384083747864,0.9221271872520447,-0.2160554826259613,0.0,0.0,0.0
0,-0.32006072998046875,0.9225030541419983,-0.2157527357339859,0.0,0.0,0.0
0,-0.31933388113975525,0.9228071570396423,-0.21552908420562744,0.0,0.0,0.0
0,-0.3184412717819214,0.9231175780296326,-0.21552041172981262,0.0,0.0,0.0
0,-0.3174956440925598,0.9234898090362549,-0.21532095968723297,0.0,0.0,0.0
0,-0.3167435824871063,0.9238582253456116,-0.2148476243019104,0.0,0.0,0.0
0,-0.31665974855422974,0.9239639639854431,-0.21451619267463684,0.0,0.0,0.0
0,-0.31662192940711975,0.9239983558654785,-0.21442387998104095,0.0,0.0,0.0
0,-0.31638073921203613,0.9240860939025879,-0.21440169215202332,0.0,0.0,0.0
0,-0.31590497493743896,0.924209475517273,-0.21457137167453766,0.0,0.0,0.0
0,-0.3156127631664276,0.9242768287658691,-0.21471136808395386,0.0,0.0,0.0
0,-0.31538257002830505,0.9243424534797668,-0.21476706862449646,0.0,0.0,0.0
0,-0.31559476256370544,0.9243531227111816,-0.2144089788198471,0.0,0.0,0.0
0,-0.3155066967010498,0.9244478940963745,-0.21412989497184753,0.0,0.0,0.0
0,-0.3156171143054962,0.9244157671928406,-0.21410582959651947,0.0,0.0,0.0
0,-0.31582045555114746,0.9243236780166626,-0.21420373022556305,0.0,0.0,0.0
0,-0.3165590465068817,0.9238635897636414,-0.21509642899036407,0.0,0.0,0.0
0,-0.3165895640850067,0.9238097071647644,-0.21528290212154388,0.0,0.0,0.0
0,-0.31645116209983826,0.9237878918647766,-0.21557965874671936,0.0,0.0,0.0
0,-0.31618160009384155,0.923892080783844,-0.2155287116765976,0.0,0.0,0.0
0,-0.31577757000923157,0.9238874912261963,-0.21613971889019012,0.0,0.0,0.0
0,-0.31568074226379395,0.923875629901886,-0.21633189916610718,0.0,0.0,0.0
0,-0.3158872127532959,0.9237943887710571,-0.21637743711471558,0.0,0.0,0.0
0,-0.3160460889339447,0.9236692786216736,-0.2166794389486313,0.0,0.0,0.0
0,-0.31623774766921997,0.9235643744468689,-0.21684685349464417,0.0,0.0,0.0
0,-0.31623387336730957,0.9234752655029297,-0.21723167598247528,0.0,0.0,0.0
0,-0.31614041328430176,0.9235572218894958,-0.2170192152261734,0.0,0.0,0.0
0,-0.3159473240375519,0.9236079454421997,-0.21708452701568604,0.0,0.0,0.0
0,-0.31600210070610046,0.9236071109771729,-0.21700814366340637,0.0,0.0,0.0
0,-0.31603994965553284,0.923524796962738,-0.2173032909631729,0.0,0.0,0.0
0,-0.31627407670021057,0.9234510660171509,-0.21727602183818817,0.0,0.0,0.0
0,-0.3168792724609375,0.923082172870636,-0.21796058118343353,0.0,0.0,0.0
0,-0.31713175773620605,0.9229389429092407,-0.21819980442523956,0.0,0.0,0.0
0,-0.31747350096702576,0.9227622151374817,-0.21845011413097382,0.0,0.0,0.0
0,-0.3175467252731323,0.9226853251457214,-0.2186683863401413,0.0,0.0,0.0
0,-0.31736499071121216,0.9226794838905334,-0.21895670890808105,0.0,0.0,0.0
0,-0.31719520688056946,0.9228147268295288,-0.21863242983818054,0.0,0.0,0.0
0,-0.3174510598182678,0.9227229356765747,-0.21864856779575348,0.0,0.0,0.0
0,-0.31760725378990173,0.9226725101470947,-0.21863460540771484,0.0,0.0,0.0
0,-0.3176531195640564,0.9225659966468811,-0.21901719272136688,0.0,0.0,0.0
0,-0.3179815411567688,0.9223760962486267,-0.21934016048908234,0.0,0.0,0.0
0,-0.3185582458972931,0.9220529794692993,-0.21986109018325806,0.0,0.0,0.0
0,-0.3187609910964966,0.9219481945037842,-0.22000667452812195,0.0,0.0,0.0
0,-0.3187319040298462,0.9220083951950073,-0.2197965532541275,0.0,0.0,0.0
0,-0.318728506565094,0.9220365881919861,-0.2196832150220871,0.0,0.0,0.0
0,-0.3187355399131775,0.9221477508544922,-0.2192058265209198,0.0,0.0,0.0
0,-0.318646639585495,0.9221330285072327,-0.2193969339132309,0.0,0.0,0.0
0,-0.3191489577293396,0.9219155311584473,-0.2195807695388794,0.0,0.0,0.0
0,-0.3194999694824219,0.921750545501709,-0.21976271271705627,0.0,0.0,0.0
0,-0.320043683052063,0.9214910268783569,-0.22005988657474518,0.0,0.0,0.0
0,-0.3205910921096802,0.9212630391120911,-0.22021760046482086,0.0,0.0,0.0
0,-0.32149916887283325,0.9209208488464355,-0.22032493352890015,0.0,0.0,0.0
0,-0.3213019371032715,0.9210099577903748,-0.22024008631706238,0.0,0.0,0.0
0,-0.3214704394340515,0.9209861755371094,-0.22009380161762238,0.0,0.0,0.0
0,-0.32144275307655334,0.9210350513458252,-0.21992959082126617,0.0,0.0,0.0
0,-0.32149380445480347,0.9210513234138489,-0.21978676319122314,0.0,0.0,0.0
0,-0.3219059109687805,0.9209136962890625,-0.2197602391242981,0.0,0.0,0.0
0,-0.32247552275657654,0.9206350445747375,-0.22009241580963135,0.0,0.0,0.0
0,-0.32302775979042053,0.9203934073448181,-0.22029317915439606,0.0,0.0,0.0
0,-0.3235614001750946,0.9200940132141113,-0.2207600474357605,0.0,0.0,0.0
0,-0.323788583278656,0.9199098348617554,-0.22119426727294922,0.0,0.0,0.0
0,-0.32349133491516113,0.9198258519172668,-0.22197696566581726,0.0,0.0,0.0
0,-0.32335421442985535,0.9197861552238464,-0.2223408967256546,0.0,0.0,0.0
0,-0.3235900104045868,0.9197194576263428,-0.2222737967967987,0.0,0.0,0.0
0,-0.3237663805484772,0.919684648513794,-0.22216090559959412,0.0,0.0,0.0
0,-0.32423365116119385,0.9196653962135315,-0.22155845165252686,0.0,0.0,0.0
0,-0.3245176374912262,0.919620156288147,-0.22133029997348785,0.0,0.0,0.0
0,-0.3255118727684021,0.9192625284194946,-0.22135573625564575,0.0,0.0,0.0
0,-0.32640108466148376,0.9188928008079529,-0.22158147394657135,0.0,0.0,0.0
0,-0.3272324800491333,0.9185741543769836,-0.22167640924453735,0.0,0.0,0.0
0,-0.32753852009773254,0.9184686541557312,-0.22166168689727783,0.0,0.0,0.0
0,-0.3275470435619354,0.9185174703598022,-0.22144657373428345,0.0,0.0,0.0
0,-0.32760143280029297,0.9185770750045776,-0.2211187332868576,0.0,0.0,0.0
0,-0.3278043866157532,0.9186432361602783,-0.22054216265678406,0.0,0.0,0.0
0,-0.3281024396419525,0.9186564683914185,-0.2200433313846588,0.0,0.0,0.0
0,-0.32964906096458435,0.9182709455490112,-0.21933993697166443,0.0,0.0,0.0
0,-0.3303071856498718,0.9179747700691223,-0.2195892184972763,0.0,0.0,0.0
0,-0.3315313756465912,0.9173507690429688,-0.220350980758667,0.0,0.0,0.0
0,-0.33193519711494446,0.9170997738838196,-0.22078724205493927,0.0,0.0,0.0
0,-0.3320654630661011,0.916930079460144,-0.22129563987255096,0.0,0.0,0.0
0,-0.33162206411361694,0.9170373678207397,-0.22151589393615723,0.0,0.0,0.0
0,-0.3316057324409485,0.9170830845832825,-0.22135093808174133,0.0,0.0,0.0
0,-0.3319079875946045,0.9170029163360596,-0.2212299406528473,0.0,0.0,0.0
0,-0.3324137032032013,0.916959285736084,-0.22065091133117676,0.0,0.0,0.0
0,-0.3330324590206146,0.9169436097145081,-0.21978120505809784,0.0,0.0,0.0
0,-0.33399274945259094,0.9168459177017212,-0.21872900426387787,0.0,0.0,0.0
0,-0.33445367217063904,0.9165143370628357,-0.2194133847951889,0.0,0.0,0.0
0,-0.33486098051071167,0.9161133766174316,-0.22046416997909546,0.0,0.0,0.0
0,-0.335300475358963,0.9156655073165894,-0.2216535210609436,0.0,0.0,0.0
0,-0.33497968316078186,0.9155439138412476,-0.22263869643211365,0.0,0.0,0.0
0,-0.33472704887390137,0.9154848456382751,-0.2232605516910553,0.0,0.0,0.0
0,-0.33460912108421326,0.9156266450881958,-0.22285549342632294,0.0,0.0,0.0
0,-0.3347386419773102,0.9157292246818542,-0.22223858535289764,0.0,0.0,0.0
0,-0.3344399333000183,0.9160239100456238,-0.22147275507450104,0.0,0.0,0.0
0,-0.33442023396492004,0.9161567091941833,-0.2209523469209671,0.0,0.0,0.0
0,-0.3348141312599182,0.9157172441482544,-0.2221742570400238,0.0,0.0,0.0
0,-0.33513179421424866,0.9153202176094055,-0.22332827746868134,0.0,0.0,0.0
0,-0.3354893624782562,0.9149429798126221,-0.2243349552154541,0.0,0.0,0.0
0,-0.33544108271598816,0.9148364663124084,-0.22484110295772552,0.0,0.0,0.0
0,-0.3355577886104584,0.9147005081176758,-0.22521983087062836,0.0,0.0,0.0
0,-0.3358064889907837,0.9149019718170166,-0.22402775287628174,0.0,0.0,0.0
0,-0.33596912026405334,0.9150716066360474,-0.22308912873268127,0.0,0.0,0.0
0,-0.3359966576099396,0.9151356220245361,-0.2227846384048462,0.0,0.0,0.0
0,-0.3362930715084076,0.9151625633239746,-0.22222620248794556,0.0,0.0,0.0
0,-0.3366878032684326,0.9150605201721191,-0.22204861044883728,0.0,0.0,0.0
0,-0.3371732234954834,0.9147468209266663,-0.22260376811027527,0.0,0.0,0.0
0,-0.3371546268463135,0.9147208333015442,-0.22273874282836914,0.0,0.0,0.0
0,-0.33761271834373474,0.9145535230636597,-0.22273199260234833,0.0,0.0,0.0
0,-0.33782759308815,0.914469838142395,-0.2227497547864914,0.0,0.0,0.0
0,-0.3380327522754669,0.9144893288612366,-0.22235798835754395,0.0,0.0,0.0
0,-0.3383789360523224,0.9144614338874817,-0.22194597125053406,0.0,0.0,0.0
0,-0.33872491121292114,0.9144343137741089,-0.22152948379516602,0.0,0.0,0.0
0,-0.33871975541114807,0.9144660234451294,-0.2214064598083496,0.0,0.0,0.0
0,-0.33878570795059204,0.9144055247306824,-0.22155533730983734,0.0,0.0,0.0
0,-0.33872583508491516,0.914318323135376,-0.22200638055801392,0.0,0.0,0.0
0,-0.33800646662712097,0.9144225716590881,-0.2226724922657013,0.0,0.0,0.0
0,-0.33737993240356445,0.9146485924720764,-0.22269420325756073,0.0,0.0,0.0
0,-0.33689385652542114,0.9148402214050293,-0.2226429134607315,0.0,0.0,0.0
0,-0.33638057112693787,0.915015697479248,-0.22269798815250397,0.0,0.0,0.0
0,-0.335966557264328,0.9152191877365112,-0.2224867194890976,0.0,0.0,0.0
0,-0.33534401655197144,0.9154912233352661,-0.22230657935142517,0.0,0.0,0.0
0,-0.33393359184265137,0.9160150289535522,-0.2222718894481659,0.0,0.0,0.0
0,-0.33305656909942627,0.9163606762886047,-0.22216300666332245,0.0,0.0,0.0
0,-0.33201366662979126,0.9167364835739136,-0.22217369079589844,0.0,0.0,0.0
0,-0.3310946822166443,0.9170875549316406,-0.22209632396697998,0.0,0.0,0.0
0,-0.3300294876098633,0.9174601435661316,-0.22214275598526,0.0,0.0,0.0
0,-0.32958757877349854,0.9176666736602783,-0.22194579243659973,0.0,0.0,0.0
0,-0.3286973237991333,0.9180410504341125,-0.22171755135059357,0.0,0.0,0.0
0,-0.327829509973526,0.9184198379516602,-0.22143341600894928,0.0,0.0,0.0
0,-0.32681038975715637,0.9188196659088135,-0.2212812453508377,0.0,0.0,0.0
0,-0.3255476653575897,0.9192965030670166,-0.22116193175315857,0.0,0.0,0.0
0,-0.32511013746261597,0.9194486737251282,-0.22117306292057037,0.0,0.0,0.0
0,-0.3246794044971466,0.9195979237556458,-0.22118526697158813,0.0,0.0,0.0
0,-0.32480913400650024,0.9196422696113586,-0.22081011533737183,0.0,0.0,0.0
0,-0.32446157932281494,0.9198373556137085,-0.2205083817243576,0.0,0.0,0.0
0,-0.3236503303050995,0.9202913045883179,-0.21980531513690948,0.0,0.0,0.0
0,-0.32299771904945374,0.9205747842788696,-0.21957817673683167,0.0,0.0,0.0
0,-0.3220135271549225,0.9209467768669128,-0.21946369111537933,0.0,0.0,0.0
0,-0.321003794670105,0.9213148355484009,-0.21939806640148163,0.0,0.0,0.0
0,-0.32008013129234314,0.9216499924659729,-0.21933989226818085,0.0,0.0,0.0
0,-0.31862249970436096,0.9221574664115906,-0.21932920813560486,0.0,0.0,0.0
0,-0.31812790036201477,0.922282874584198,-0.21951979398727417,0.0,0.0,0.0
0,-0.31781205534935,0.9223684072494507,-0.21961797773838043,0.0,0.0,0.0
0,-0.31746906042099,0.9224501848220825,-0.2197704166173935,0.0,0.0,0.0
0,-0.31708067655563354,0.922572672367096,-0.21981704235076904,0.0,0.0,0.0
0,-0.31600043177604675,0.9229122400283813,-0.21994715929031372,0.0,0.0,0.0
0,-0.3155757188796997,0.923034131526947,-0.2200453132390976,0.0,0.0,0.0
0,-0.3148227334022522,0.923176109790802,-0.22052784264087677,0.0,0.0,0.0
0,-0.31409701704978943,0.9233185052871704,-0.22096620500087738,0.0,0.0,0.0
0,-0.31421148777008057,0.9231518507003784,-0.22149908542633057,0.0,0.0,0.0
0,-0.31386709213256836,0.9230473041534424,-0.22242103517055511,0.0,0.0,0.0
0,-0.31355994939804077,0.923105776309967,-0.2226114273071289,0.0,0.0,0.0
0,-0.3128878176212311,0.9232733249664307,-0.22286222875118256,0.0,0.0,0.0
0,-0.3121855556964874,0.923486590385437,-0.22296330332756042,0.0,0.0,0.0
0,-0.3115273714065552,0.9236746430397034,-0.22310490906238556,0.0,0.0,0.0
0,-0.3107259273529053,0.9238404631614685,-0.22353573143482208,0.0,0.0,0.0
0,-0.31058526039123535,0.9239364266395569,-0.22333453595638275,0.0,0.0,0.0
0,-0.3100930452346802,0.9241365194320679,-0.22319047152996063,0.0,0.0,0.0
0,-0.3095744252204895,0.9243767857551575,-0.22291526198387146,0.0,0.0,0.0
0,-0.3094044029712677,0.9245855808258057,-0.2222844362258911,0.0,0.0,0.0
0,-0.3085339069366455,0.92514568567276,-0.2211611419916153,0.0,0.0,0.0
0,-0.3078818619251251,0.9255190491676331,-0.22050684690475464,0.0,0.0,0.0
0,-0.30760928988456726,0.9257564544677734,-0.21988968551158905,0.0,0.0,0.0
0,-0.30707651376724243,0.9260919094085693,-0.2192208468914032,0.0,0.0,0.0
0,-0.30670827627182007,0.9263612627983093,-0.21859750151634216,0.0,0.0,0.0
0,-0.30717289447784424,0.9263822436332703,-0.21785487234592438,0.0,0.0,0.0
0,-0.3074233829975128,0.9264099597930908,-0.21738313138484955,0.0,0.0,0.0
0,-0.30801600217819214,0.9262705445289612,-0.21713832020759583,0.0,0.0,0.0
0,-0.30850493907928467,0.9261635541915894,-0.21690039336681366,0.0,0.0,0.0
0,-0.3094221353530884,0.9258707761764526,-0.21684382855892181,0.0,0.0,0.0
0,-0.3102583885192871,0.9256179928779602,-0.21672804653644562,0.0,0.0,0.0
0,-0.3107815682888031,0.925447404384613,-0.21670694649219513,0.0,0.0,0.0
0,-0.31115853786468506,0.9253506064414978,-0.21657924354076385,0.0,0.0,0.0
0,-0.3114520013332367,0.9252694845199585,-0.2165040224790573,0.0,0.0,0.0
0,-0.31197503209114075,0.9250999689102173,-0.21647542715072632,0.0,0.0,0.0
0,-0.3130945861339569,0.9247336387634277,-0.21642425656318665,0.0,0.0,0.0
0,-0.3157857656478882,0.9236360788345337,-0.21719984710216522,0.0,0.0,0.0
0,-0.31731781363487244,0.9229465126991272,-0.21789713203907013,0.0,0.0,0.0
0,-0.31857818365097046,0.92230623960495,-0.2187672257423401,0.0,0.0,0.0
0,-0.3198816478252411,0.921684980392456,-0.21948233246803284,0.0,0.0,0.0
0,-0.3209947943687439,0.9211344122886658,-0.2201676070690155,0.0,0.0,0.0
0,-0.3226194679737091,0.9203152060508728,-0.22121618688106537,0.0,0.0,0.0
0,-0.3237067759037018,0.9197585582733154,-0.22194184362888336,0.0,0.0,0.0
0,-0.3248610496520996,0.919273316860199,-0.22226524353027344,0.0,0.0,0.0
0,-0.32608675956726074,0.9187765121459961,-0.22252453863620758,0.0,0.0,0.0
0,-0.3288230299949646,0.9175849556922913,-0.22341270744800568,0.0,0.0,0.0
0,-0.3297555148601532,0.9172112345695496,-0.22357280552387238,0.0,0.0,0.0
0,-0.3303733468055725,0.9169915914535522,-0.22356177866458893,0.0,0.0,0.0
0,-0.33091607689857483,0.9167917966842651,-0.22357839345932007,0.0,0.0,0.0
0,-0.3311361074447632,0.916772723197937,-0.2233307808637619,0.0,0.0,0.0
0,-0.3312923014163971,0.9167560338973999,-0.2231675684452057,0.0,0.0,0.0
0,-0.3321757912635803,0.9164528846740723,-0.2230994999408722,0.0,0.0,0.0
0,-0.332878977060318,0.9161049723625183,-0.2234799712896347,0.0,0.0,0.0
0,-0.33358627557754517,0.9157835245132446,-0.2237425297498703,0.0,0.0,0.0
0,-0.3340573310852051,0.9155559539794922,-0.2239709198474884,0.0,0.0,0.0
0,-0.33412840962409973,0.9155004024505615,-0.2240920066833496,0.0,0.0,0.0
0,-0.33417317271232605,0.915463387966156,-0.22417637705802917,0.0,0.0,0.0
0,-0.3350798487663269,0.9151250123977661,-0.22420451045036316,0.0,0.0,0.0
0,-0.3360435664653778,0.9147536158561707,-0.22427774965763092,0.0,0.0,0.0
0,-0.3373149037361145,0.9142254590988159,-0.2245226353406906,0.0,0.0,0.0
0,-0.33855733275413513,0.9138451814651489,-0.22420066595077515,0.0,0.0,0.0
0,-0.3385630249977112,0.9138967394828796,-0.22398187220096588,0.0,0.0,0.0
0,-0.3384614884853363,0.9139841198921204,-0.2237786501646042,0.0,0.0,0.0
0,-0.3379512429237366,0.9142298698425293,-0.2235458642244339,0.0,0.0,0.0
0,-0.337443083524704,0.9144693613052368,-0.22333362698554993,0.0,0.0,0.0
0,-0.3376578092575073,0.9144038558006287,-0.22327733039855957,0.0,0.0,0.0
0,-0.33824270963668823,0.9142343997955322,-0.22308599948883057,0.0,0.0,0.0
0,-0.3386210501194,0.9140787720680237,-0.22314980626106262,0.0,0.0,0.0
0,-0.3389202356338501,0.9140244126319885,-0.2229180485010147,0.0,0.0,0.0
0,-0.3388923704624176,0.9141323566436768,-0.22251729667186737,0.0,0.0,0.0
0,-0.3384368419647217,0.9144433736801147,-0.22193211317062378,0.0,0.0,0.0
0,-0.3381281793117523,0.9145732522010803,-0.2218674123287201,0.0,0.0,0.0
0,-0.3375844955444336,0.9147778749465942,-0.221851646900177,0.0,0.0,0.0
0,-0.3367682695388794,0.9151185750961304,-0.22168707847595215,0.0,0.0,0.0
0,-0.335839182138443,0.9154790043830872,-0.22160819172859192,0.0,0.0,0.0
0,-0.33327293395996094,0.916540801525116,-0.22109295427799225,0.0,0.0,0.0
0,-0.332600474357605,0.9169183373451233,-0.22053951025009155,0.0,0.0,0.0
0,-0.3313213288784027,0.9174468517303467,-0.2202666699886322,0.0,0.0,0.0
0,-0.33012211322784424,0.9179553985595703,-0.219948410987854,0.0,0.0,0.0
0,-0.32873299717903137,0.918397843837738,-0.2201818972826004,0.0,0.0,0.0
0,-0.32601842284202576,0.9194707870483398,-0.21973952651023865,0.0,0.0,0.0
0,-0.3242160677909851,0.9201644659042358,-0.21950235962867737,0.0,0.0,0.0
0,-0.32269272208213806,0.920757532119751,-0.21925997734069824,0.0,0.0,0.0
0,-0.3214636743068695,0.9212374091148376,-0.21904973685741425,0.0,0.0,0.0
0,-0.32074639201164246,0.9215353727340698,-0.21884770691394806,0.0,0.0,0.0
0,-0.32086804509162903,0.9215413331985474,-0.21864409744739532,0.0,0.0,0.0
0,-0.3218997120857239,0.9212178587913513,-0.21849088370800018,0.0,0.0,0.0
0,-0.3222619593143463,0.9210379123687744,-0.2187153697013855,0.0,0.0,0.0
0,-0.3225542902946472,0.9208387732505798,-0.21912260353565216,0.0,0.0,0.0
0,-0.3234745264053345,0.9202958345413208,-0.22004494071006775,0.0,0.0,0.0
0,-0.3255766034126282,0.9192116856575012,-0.22147177159786224,0.0,0.0,0.0
0,-0.3272612988948822,0.9184941649436951,-0.2219650000333786,0.0,0.0,0.0
0,-0.3303999900817871,0.9172366261482239,-0.22251476347446442,0.0,0.0,0.0
0,-0.3334508240222931,0.9160628914833069,-0.22279879450798035,0.0,0.0,0.0
0,-0.33648985624313354,0.9148408770561218,-0.22325047850608826,0.0,0.0,0.0
0,-0.33898231387138367,0.9136431813240051,-0.22438167035579681,0.0,0.0,0.0
0,-0.3388008773326874,0.9135198593139648,-0.22515647113323212,0.0,0.0,0.0
0,-0.337308406829834,0.9137600064277649,-0.22641921043395996,0.0,0.0,0.0
0,-0.3357631266117096,0.914038896560669,-0.22758749127388,0.0,0.0,0.0
0,-0.33441945910453796,0.9141151905059814,-0.22925324738025665,0.0,0.0,0.0
0,-0.3350745737552643,0.9130957722663879,-0.23233836889266968,0.0,0.0,0.0
0,-0.33701905608177185,0.9119547009468079,-0.2340017706155777,0.0,0.0,0.0
0,-0.3394475281238556,0.9106899499893188,-0.23541274666786194,0.0,0.0,0.0
0,-0.3430173993110657,0.9090832471847534,-0.23644597828388214,0.0,0.0,0.0
0,-0.34667372703552246,0.9074389934539795,-0.23742756247520447,0.0,0.0,0.0
0,-0.351651132106781,0.904956579208374,-0.23957273364067078,0.0,0.0,0.0
0,-0.3535243272781372,0.9039047360420227,-0.2407837063074112,0.0,0.0,0.0
0,-0.3549407422542572,0.9031693935394287,-0.2414582222700119,0.0,0.0,0.0
0,-0.3562904894351959,0.902475118637085,-0.24206560850143433,0.0,0.0,0.0
0,-0.3557899594306946,0.9025800228118896,-0.24241049587726593,0.0,0.0,0.0
0,-0.3550342917442322,0.90279221534729,-0.24272798001766205,0.0,0.0,0.0
0,-0.35453468561172485,0.9029926657676697,-0.2427125871181488,0.0,0.0,0.0
0,-0.35393694043159485,0.9031088352203369,-0.24315229058265686,0.0,0.0,0.0
0,-0.3526487350463867,0.9036765694618225,-0.24291472136974335,0.0,0.0,0.0
0,-0.35129088163375854,0.9042752981185913,-0.24265380203723907,0.0,0.0,0.0
0,-0.3443051874637604,0.9075244665145874,-0.2405271679162979,0.0,0.0,0.0
0,-0.3393835425376892,0.9097828269004822,-0.23898528516292572,0.0,0.0,0.0
0,-0.33375683426856995,0.9124471545219421,-0.23674161732196808,0.0,0.0,0.0
0,-0.32728785276412964,0.915410578250885,-0.23432067036628723,0.0,0.0,0.0
0,-0.3201969265937805,0.9185110926628113,-0.23197263479232788,0.0,0.0,0.0
0,-0.30478760600090027,0.9249579906463623,-0.22706212103366852,0.0,0.0,0.0
0,-0.29745855927467346,0.9279845952987671,-0.22441701591014862,0.0,0.0,0.0
0,-0.29222598671913147,0.9301982522010803,-0.222115159034729,0.0,0.0,0.0
0,-0.2909146547317505,0.931064784526825,-0.2201976329088211,0.0,0.0,0.0
0,-0.29173144698143005,0.9312164783477783,-0.2184688001871109,0.0,0.0,0.0
0,-0.30311399698257446,0.927579939365387,-0.2184431254863739,0.0,0.0,0.0
0,-0.3072759807109833,0.9262440800666809,-0.218296617269516,0.0,0.0,0.0
0,-0.31150904297828674,0.9246193766593933,-0.21918274462223053,0.0,0.0,0.0
0,-0.31457647681236267,0.9235107898712158,-0.21947550773620605,0.0,0.0,0.0
0,-0.31132370233535767,0.9251005053520203,-0.21740874648094177,0.0,0.0,0.0
0,-0.31093987822532654,0.9254905581474304,-0.21629534661769867,0.0,0.0,0.0
0,-0.3112180829048157,0.9262449741363525,-0.21263490617275238,0.0,0.0,0.0
0,-0.31119129061698914,0.9264653921127319,-0.21171171963214874,0.0,0.0,0.0
0,-0.30988720059394836,0.9268991947174072,-0.2117258459329605,0.0,0.0,0.0
0,-0.3089350163936615,0.9271182417869568,-0.21215775609016418,0.0,0.0,0.0
0,-0.3114943504333496,0.9255072474479675,-0.2154243439435959,0.0,0.0,0.0
0,-0.3146604299545288,0.9239625930786133,-0.21744421124458313,0.0,0.0,0.0
0,-0.3185406029224396,0.9220852851867676,-0.2197512686252594,0.0,0.0,0.0
0,-0.32294803857803345,0.9201149940490723,-0.22156929969787598,0.0,0.0,0.0
0,-0.32910388708114624,0.9173576235771179,-0.22393222153186798,0.0,0.0,0.0
0,-0.34361574053764343,0.910793125629425,-0.22887583076953888,0.0,0.0,0.0
0,-0.3522806763648987,0.906642496585846,-0.23215889930725098,0.0,0.0,0.0
0,-0.35889726877212524,0.9032002687454224,-0.23541878163814545,0.0,0.0,0.0
0,-0.36385709047317505,0.9004836678504944,-0.23819562792778015,0.0,0.0,0.0
0,-0.36077821254730225,0.901347279548645,-0.2396083027124405,0.0,0.0,0.0
0,-0.3509913682937622,0.9047536253929138,-0.24130044877529144,0.0,0.0,0.0
0,-0.3492741286754608,0.9051803946495056,-0.24219010770320892,0.0,0.0,0.0
0,-0.3475141227245331,0.9058239459991455,-0.24231570959091187,0.0,0.0,0.0
0,-0.3488698899745941,0.9052058458328247,-0.2426770031452179,0.0,0.0,0.0
0,-0.3501133620738983,0.9044002890586853,-0.2438868135213852,0.0,0.0,0.0
0,-0.34707245230674744,0.9043362140655518,-0.2484285533428192,0.0,0.0,0.0
0,-0.3447190821170807,0.9044833779335022,-0.2511543929576874,0.0,0.0,0.0
0,-0.3409629464149475,0.9049971699714661,-0.25440993905067444,0.0,0.0,0.0
0,-0.33982565999031067,0.9048712253570557,-0.25637200474739075,0.0,0.0,0.0
0,-0.3391755521297455,0.9046289324760437,-0.2580821216106415,0.0,0.0,0.0
0,-0.3410817086696625,0.9041703939437866,-0.25717538595199585,0.0,0.0,0.0
0,-0.3417408764362335,0.904283881187439,-0.255898118019104,0.0,0.0,0.0
0,-0.3408195376396179,0.9050039649009705,-0.2545778155326843,0.0,0.0,0.0
0,-0.337557852268219,0.9064128398895264,-0.2539103925228119,0.0,0.0,0.0
0,-0.3324023187160492,0.9086146354675293,-0.2528401017189026,0.0,0.0,0.0
0,-0.32753393054008484,0.9107486009597778,-0.2515123784542084,0.0,0.0,0.0
0,-0.3149196207523346,0.916014552116394,-0.2484814077615738,0.0,0.0,0.0
0,-0.3098074793815613,0.9181382656097412,-0.2470656931400299,0.0,0.0,0.0
0,-0.30716201663017273,0.9194177985191345,-0.24560627341270447,0.0,0.0,0.0
0,-0.30643439292907715,0.9201347827911377,-0.24382354319095612,0.0,0.0,0.0
0,-0.3115745782852173,0.9192761778831482,-0.2405257374048233,0.0,0.0,0.0
0,-0.3144086003303528,0.9188406467437744,-0.2384933978319168,0.0,0.0,0.0
0,-0.317989319562912,0.9180585741996765,-0.23675143718719482,0.0,0.0,0.0
0,-0.3188430070877075,0.9180424213409424,-0.23566345870494843,0.0,0.0,0.0
0,-0.31839707493782043,0.9182562828063965,-0.235432967543602,0.0,0.0,0.0
0,-0.31716620922088623,0.9186153411865234,-0.23569358885288239,0.0,0.0,0.0
0,-0.31810900568962097,0.917931854724884,-0.23708178102970123,0.0,0.0,0.0
0,-0.3195710778236389,0.917207658290863,-0.23791678249835968,0.0,0.0,0.0
0,-0.3219272196292877,0.9159820675849915,-0.23945721983909607,0.0,0.0,0.0
0,-0.32377877831459045,0.9150859117507935,-0.24038521945476532,0.0,0.0,0.0
0,-0.3313714563846588,0.911576509475708,-0.24335408210754395,0.0,0.0,0.0
0,-0.3376631438732147,0.9085069298744202,-0.24616821110248566,0.0,0.0,0.0
0,-0.3448847532272339,0.9048818945884705,-0.24948599934577942,0.0,0.0,0.0
0,-0.3523947596549988,0.9010105133056641,-0.25297823548316956,0.0,0.0,0.0
0,-0.35674524307250977,0.898567795753479,-0.2555557191371918,0.0,0.0,0.0
0,-0.35942527651786804,0.8974771499633789,-0.2556329369544983,0.0,0.0,0.0
0,-0.35875216126441956,0.8977238535881042,-0.25571224093437195,0.0,0.0,0.0
0,-0.3575097620487213,0.8984005451202393,-0.2550749182701111,0.0,0.0,0.0
0,-0.3550105690956116,0.8997544050216675,-0.25379031896591187,0.0,0.0,0.0
0,-0.3520511984825134,0.901107132434845,-0.25311246514320374,0.0,0.0,0.0
0,-0.3424655497074127,0.9048427939414978,-0.2529365122318268,0.0,0.0,0.0
0,-0.33972838521003723,0.9054660201072693,-0.2543931305408478,0.0,0.0,0.0
0,-0.3380151689052582,0.9055580496788025,-0.256340354681015,0.0,0.0,0.0
0,-0.33739399909973145,0.9052172303199768,-0.2583545446395874,0.0,0.0,0.0
0,-0.3388036787509918,0.9038545489311218,-0.2612643539905548,0.0,0.0,0.0
0,-0.34144583344459534,0.9027053713798523,-0.2617972195148468,0.0,0.0,0.0
0,-0.34250661730766296,0.902315080165863,-0.2617570459842682,0.0,0.0,0.0
0,-0.3428635001182556,0.9024394154548645,-0.26085957884788513,0.0,0.0,0.0
0,-0.3441607356071472,0.9024251699447632,-0.2591952085494995,0.0,0.0,0.0
0,-0.345768541097641,0.9024083018302917,-0.2571057081222534,0.0,0.0,0.0
0,-0.35415011644363403,0.9001326560974121,-0.25365111231803894,0.0,0.0,0.0
0,-0.3574855923652649,0.8991628289222717,-0.2524090111255646,0.0,0.0,0.0
0,-0.3611817955970764,0.897981584072113,-0.25134986639022827,0.0,0.0,0.0
0,-0.36433878540992737,0.8967176079750061,-0.2513062357902527,0.0,0.0,0.0
0,-0.36831143498420715,0.8947583436965942,-0.25249582529067993,0.0,0.0,0.0
0,-0.3703836500644684,0.8933461308479309,-0.2544575333595276,0.0,0.0,0.0
0,-0.3686170279979706,0.8939834833145142,-0.25478416681289673,0.0,0.0,0.0
0,-0.3662874400615692,0.8949939608573914,-0.25459638237953186,0.0,0.0,0.0
0,-0.3628018796443939,0.8966619372367859,-0.25371673703193665,0.0,0.0,0.0
0,-0.3623017370700836,0.8970152735710144,-0.2531818449497223,0.0,0.0,0.0
0,-0.3658393323421478,0.8960301280021667,-0.251578152179718,0.0,0.0,0.0
0,-0.3692661225795746,0.8947135210037231,-0.2512572705745697,0.0,0.0,0.0
0,-0.3726104199886322,0.8933317065238953,-0.25123679637908936,0.0,0.0,0.0
0,-0.3740641474723816,0.8926746249198914,-0.25141212344169617,0.0,0.0,0.0
0,-0.3745386302471161,0.8922678232192993,-0.2521487772464752,0.0,0.0,0.0
0,-0.3723406493663788,0.892932116985321,-0.2530507743358612,0.0,0.0,0.0
0,-0.37051230669021606,0.893601655960083,-0.25337064266204834,0.0,0.0,0.0
0,-0.369811475276947,0.893913745880127,-0.2532936632633209,0.0,0.0,0.0
0,-0.3696695864200592,0.8939986824989319,-0.253200888633728,0.0,0.0,0.0
0,-0.37063002586364746,0.8936331272125244,-0.25308746099472046,0.0,0.0,0.0
0,-0.373404860496521,0.8924176692962646,-0.25329720973968506,0.0,0.0,0.0
0,-0.37366583943367004,0.892195463180542,-0.25369489192962646,0.0,0.0,0.0
0,-0.3744524419307709,0.8917157649993896,-0.2542211413383484,0.0,0.0,0.0
0,-0.37476593255996704,0.8914874196052551,-0.2545596659183502,0.0,0.0,0.0
0,-0.37538182735443115,0.8911497592926025,-0.25483453273773193,0.0,0.0,0.0
0,-0.3762601912021637,0.8907250165939331,-0.2550238370895386,0.0,0.0,0.0
0,-0.37786027789115906,0.8901992440223694,-0.25449344515800476,0.0,0.0,0.0
0,-0.3783736526966095,0.8901098370552063,-0.2540431022644043,0.0,0.0,0.0
0,-0.3784763216972351,0.8902144432067871,-0.253523051738739,0.0,0.0,0.0
0,-0.3777414858341217,0.890588104724884,-0.25330662727355957,0.0,0.0,0.0
0,-0.3742455542087555,0.8921822309494019,-0.252885639667511,0.0,0.0,0.0
0,-0.37208351492881775,0.8931639194488525,-0.25261053442955017,0.0,0.0,0.0
0,-0.37036222219467163,0.8938868641853333,-0.2525828778743744,0.0,0.0,0.0
0,-0.36956554651260376,0.8942756652832031,-0.25237345695495605,0.0,0.0,0.0
0,-0.3699626326560974,0.8941410183906555,-0.2522686719894409,0.0,0.0,0.0
0,-0.3704405128955841,0.893989622592926,-0.2521038353443146,0.0,0.0,0.0
0,-0.37194254994392395,0.8936231136322021,-0.25119006633758545,0.0,0.0,0.0
0,-0.37153729796409607,0.8938963413238525,-0.25081726908683777,0.0,0.0,0.0
0,-0.3696325421333313,0.8947611451148987,-0.25054803490638733,0.0,0.0,0.0
0,-0.3676604628562927,0.895629346370697,-0.25034743547439575,0.0,0.0,0.0
0,-0.3650343120098114,0.8968715667724609,-0.24974249303340912,0.0,0.0,0.0
0,-0.3656470775604248,0.8966713547706604,-0.24956506490707397,0.0,0.0,0.0
0,-0.36715981364250183,0.8960739374160767,-0.24948987364768982,0.0,0.0,0.0
0,-0.3690752387046814,0.8952704668045044,-0.2495480328798294,0.0,0.0,0.0
0,-0.3712361454963684,0.8942874670028687,-0.2498673051595688,0.0,0.0,0.0
0,-0.3713848888874054,0.893833339214325,-0.2512672245502472,0.0,0.0,0.0
0,-0.3694874346256256,0.89445561170578,-0.25184953212738037,0.0,0.0,0.0
0,-0.3682994246482849,0.8948808908462524,-0.2520788013935089,0.0,0.0,0.0
0,-0.3676895797252655,0.8951660394668579,-0.2519565522670746,0.0,0.0,0.0
0,-0.3684922158718109,0.8949477076530457,-0.25155940651893616,0.0,0.0,0.0
0,-0.36940842866897583,0.8946572542190552,-0.2512485086917877,0.0,0.0,0.0
0,-0.3705066740512848,0.8941575884819031,-0.2514100670814514,0.0,0.0,0.0
0,-0.3700370788574219,0.8941636681556702,-0.2520791292190552,0.0,0.0,0.0
0,-0.36838898062705994,0.8946488499641418,-0.2527706027030945,0.0,0.0,0.0
0,-0.36623457074165344,0.8953965306282043,-0.2532534897327423,0.0,0.0,0.0
0,-0.3634425401687622,0.8963186740875244,-0.2540125250816345,0.0,0.0,0.0
0,-0.36368367075920105,0.8962578177452087,-0.25388211011886597,0.0,0.0,0.0
0,-0.36414721608161926,0.896126389503479,-0.253681480884552,0.0,0.0,0.0
0,-0.364912211894989,0.8958439230918884,-0.2535799443721771,0.0,0.0,0.0
0,-0.36536306142807007,0.8956568241119385,-0.2535915672779083,0.0,0.0,0.0
0,-0.36329594254493713,0.8962234258651733,-0.254557728767395,0.0,0.0,0.0
0,-0.3623306453227997,0.8965179324150085,-0.2548963129520416,0.0,0.0,0.0
0,-0.3616613447666168,0.8967064619064331,-0.2551834285259247,0.0,0.0,0.0
0,-0.36162739992141724,0.8966816067695618,-0.25531885027885437,0.0,0.0,0.0
0,-0.3619360029697418,0.8964551091194153,-0.25567662715911865,0.0,0.0,0.0
0,-0.3624613583087921,0.8960528373718262,-0.25634172558784485,0.0,0.0,0.0
0,-0.36298617720603943,0.8957355618476868,-0.25670763850212097,0.0,0.0,0.0
0,-0.3633789122104645,0.8955003619194031,-0.25697246193885803,0.0,0.0,0.0
0,-0.36427929997444153,0.895132839679718,-0.25697827339172363,0.0,0.0,0.0
0,-0.36509430408477783,0.8948481678962708,-0.2568129003047943,0.0,0.0,0.0
0,-0.3654473125934601,0.8948283791542053,-0.25637954473495483,0.0,0.0,0.0
0,-0.3641418516635895,0.8954008221626282,-0.2562384009361267,0.0,0.0,0.0
0,-0.36217138171195984,0.8962362408638,-0.256110280752182,0.0,0.0,0.0
0,-0.3602063059806824,0.8970435857772827,-0.2560550570487976,0.0,0.0,0.0
0,-0.35865339636802673,0.8976242542266846,-0.2561998963356018,0.0,0.0,0.0
0,-0.3581678867340088,0.897944986820221,-0.2557549476623535,0.0,0.0,0.0
0,-0.3580320477485657,0.8981577157974243,-0.2551974654197693,0.0,0.0,0.0
0,-0.3573981821537018,0.898653507232666,-0.25433921813964844,0.0,0.0,0.0
0,-0.3555925786495209,0.8997838497161865,-0.2528693675994873,0.0,0.0,0.0
0,-0.35260236263275146,0.9015382528305054,-0.2507994771003723,0.0,0.0,0.0
0,-0.35018375515937805,0.903032660484314,-0.24880389869213104,0.0,0.0,0.0
0,-0.3435482084751129,0.9076042175292969,-0.24130724370479584,0.0,0.0,0.0
0,-0.34009331464767456,0.9098930358886719,-0.23755255341529846,0.0,0.0,0.0
0,-0.33604106307029724,0.9123016595840454,-0.23405583202838898,0.0,0.0,0.0
0,-0.3312404155731201,0.9147933721542358,-0.2311554104089737,0.0,0.0,0.0
0,-0.3200981318950653,0.9191263318061829,-0.2296605408191681,0.0,0.0,0.0
0,-0.3163394033908844,0.9206385016441345,-0.22881019115447998,0.0,0.0,0.0
0,-0.31477347016334534,0.9216655492782593,-0.2268265187740326,0.0,0.0,0.0
0,-0.3213382959365845,0.9196469187736511,-0.2258124202489853,0.0,0.0,0.0
0,-0.3267420828342438,0.9179439544677734,-0.22498558461666107,0.0,0.0,0.0
0,-0.3415158987045288,0.9130157232284546,-0.2230900079011917,0.0,0.0,0.0
0,-0.3421025574207306,0.9130347371101379,-0.2221112847328186,0.0,0.0,0.0
0,-0.3433590829372406,0.9123883843421936,-0.22282730042934418,0.0,0.0,0.0
0,-0.34724166989326477,0.9107270836830139,-0.22360552847385406,0.0,0.0,0.0
0,-0.34806230664253235,0.9100062251091003,-0.22525829076766968,0.0,0.0,0.0
0,-0.3491257429122925,0.9093330502510071,-0.22632865607738495,0.0,0.0,0.0
0,-0.3560159504413605,0.9062448143959045,-0.22797591984272003,0.0,0.0,0.0
0,-0.3596257269382477,0.904537558555603,-0.2290877401828766,0.0,0.0,0.0
0,-0.36121267080307007,0.9035190343856812,-0.23060517013072968,0.0,0.0,0.0
0,-0.36224645376205444,0.9026604294776917,-0.23233942687511444,0.0,0.0,0.0
0,-0.3623441159725189,0.9022088646888733,-0.2339356541633606,0.0,0.0,0.0
0,-0.3656274974346161,0.9008472561836243,-0.23407436907291412,0.0,0.0,0.0
0,-0.3682940602302551,0.8997491002082825,-0.23411770164966583,0.0,0.0,0.0
0,-0.37201717495918274,0.8981711864471436,-0.23428989946842194,0.0,0.0,0.0
0,-0.3730488419532776,0.8979699611663818,-0.23341915011405945,0.0,0.0,0.0
0,-0.37329843640327454,0.8980069160461426,-0.23287734389305115,0.0,0.0,0.0
0,-0.3686266541481018,0.8997002840042114,-0.2337816059589386,0.0,0.0,0.0
0,-0.3684007227420807,0.899467408657074,-0.23503050208091736,0.0,0.0,0.0
0,-0.3693787157535553,0.8987608551979065,-0.23619554936885834,0.0,0.0,0.0
0,-0.37095966935157776,0.8978274464607239,-0.23726516962051392,0.0,0.0,0.0
0,-0.3785661458969116,0.8946318626403809,-0.23732158541679382,0.0,0.0,0.0
0,-0.379675030708313,0.8943603038787842,-0.2365725040435791,0.0,0.0,0.0
0,-0.3811231255531311,0.893911600112915,-0.23593901097774506,0.0,0.0,0.0
0,-0.37999996542930603,0.8944609761238098,-0.23566831648349762,0.0,0.0,0.0
0,-0.37632355093955994,0.8961125016212463,-0.23529328405857086,0.0,0.0,0.0
0,-0.3702676296234131,0.8986520767211914,-0.23521551489830017,0.0,0.0,0.0
0,-0.3656494617462158,0.9005805850028992,-0.23506397008895874,0.0,0.0,0.0
0,-0.36419224739074707,0.9012231826782227,-0.23486328125,0.0,0.0,0.0
0,-0.3607836663722992,0.902773380279541,-0.23416948318481445,0.0,0.0,0.0
0,-0.3576483130455017,0.9043494462966919,-0.2328943908214569,0.0,0.0,0.0
0,-0.3514842391014099,0.9083237051963806,-0.22673076391220093,0.0,0.0,0.0
0,-0.34772738814353943,0.9106045365333557,-0.22334960103034973,0.0,0.0,0.0
0,-0.34396350383758545,0.912908673286438,-0.2197428196668625,0.0,0.0,0.0
0,-0.339706689119339,0.9151756763458252,-0.21691662073135376,0.0,0.0,0.0
0,-0.33466342091560364,0.9176415205001831,-0.21432317793369293,0.0,0.0,0.0
0,-0.3300935626029968,0.9198457598686218,-0.21194808185100555,0.0,0.0,0.0
0,-0.32914361357688904,0.9200870394706726,-0.21237777173519135,0.0,0.0,0.0
0,-0.33139103651046753,0.9190884232521057,-0.2132052183151245,0.0,0.0,0.0
0,-0.33502769470214844,0.917539656162262,-0.2141900211572647,0.0,0.0,0.0
0,-0.339636892080307,0.9159528017044067,-0.213722363114357,0.0,0.0,0.0
0,-0.34953415393829346,0.9123567938804626,-0.21314528584480286,0.0,0.0,0.0
0,-0.3553716838359833,0.9102426767349243,-0.21253062784671783,0.0,0.0,0.0
0,-0.3615964353084564,0.9077466726303101,-0.21270625293254852,0.0,0.0,0.0
0,-0.3672637641429901,0.9052513837814331,-0.21362876892089844,0.0,0.0,0.0
0,-0.3727673590183258,0.9029284119606018,-0.21392709016799927,0.0,0.0,0.0
0,-0.38041186332702637,0.8993066549301147,-0.21571826934814453,0.0,0.0,0.0
0,-0.38379114866256714,0.8976606726646423,-0.2165864109992981,0.0,0.0,0.0
0,-0.38636988401412964,0.8964434862136841,-0.21704234182834625,0.0,0.0,0.0
0,-0.3883526027202606,0.8954066634178162,-0.21778227388858795,0.0,0.0,0.0
0,-0.38994792103767395,0.8945696353912354,-0.21837075054645538,0.0,0.0,0.0
0,-0.3861892521381378,0.8960764408111572,-0.21887174248695374,0.0,0.0,0.0
0,-0.3828895390033722,0.8973685503005981,-0.21937479078769684,0.0,0.0,0.0
0,-0.3805049955844879,0.8983221650123596,-0.21962060034275055,0.0,0.0,0.0
0,-0.37892311811447144,0.8989588022232056,-0.2197505533695221,0.0,0.0,0.0
0,-0.3785374164581299,0.898993968963623,-0.22027096152305603,0.0,0.0,0.0
0,-0.38326746225357056,0.8964005708694458,-0.2226477563381195,0.0,0.0,0.0
0,-0.3868379592895508,0.8946061730384827,-0.2236877977848053,0.0,0.0,0.0
0,-0.38978978991508484,0.8931988477706909,-0.2241867482662201,0.0,0.0,0.0
0,-0.3943314552307129,0.8909900784492493,-0.22503192722797394,0.0,0.0,0.0
0,-0.3991437256336212,0.8886170387268066,-0.22592929005622864,0.0,0.0,0.0
0,-0.4090745449066162,0.8835697770118713,-0.227952778339386,0.0,0.0,0.0
0,-0.413553923368454,0.8811913132667542,-0.22907432913780212,0.0,0.0,0.0
0,-0.416404664516449,0.879667341709137,-0.22976617515087128,0.0,0.0,0.0
0,-0.4181557595729828,0.8787398338317871,-0.23013481497764587,0.0,0.0,0.0
0,-0.41764625906944275,0.8789605498313904,-0.2302171140909195,0.0,0.0,0.0
0,-0.41500774025917053,0.8802441954612732,-0.23008427023887634,0.0,0.0,0.0
0,-0.41491976380348206,0.8801953792572021,-0.23042942583560944,0.0,0.0,0.0
0,-0.4168411195278168,0.8790541887283325,-0.2313162386417389,0.0,0.0,0.0
0,-0.42143014073371887,0.8763386607170105,-0.23329633474349976,0.0,0.0,0.0
0,-0.4241464138031006,0.8746116161346436,-0.23484967648983002,0.0,0.0,0.0
0,-0.43083229660987854,0.8704381585121155,-0.23816163837909698,0.0,0.0,0.0
0,-0.42959269881248474,0.870966911315918,-0.2384674996137619,0.0,0.0,0.0
0,-0.42787837982177734,0.8717607259750366,-0.2386489361524582,0.0,0.0,0.0
0,-0.4264073371887207,0.8725249171257019,-0.23848912119865417,0.0,0.0,0.0
0,-0.4264417886734009,0.8725554943084717,-0.23831553757190704,0.0,0.0,0.0
0,-0.43496382236480713,0.868117094039917,-0.23912163078784943,0.0,0.0,0.0
0,-0.44103237986564636,0.8647319078445435,-0.24026905000209808,0.0,0.0,0.0
0,-0.44570353627204895,0.8620219230651855,-0.24138464033603668,0.0,0.0,0.0
0,-0.44978541135787964,0.8593050241470337,-0.24349120259284973,0.0,0.0,0.0
0,-0.4506913125514984,0.8584047555923462,-0.2449871003627777,0.0,0.0,0.0
0,-0.45133304595947266,0.8570713400840759,-0.24844962358474731,0.0,0.0,0.0
0,-0.45347917079925537,0.8555013537406921,-0.24994824826717377,0.0,0.0,0.0
0,-0.4567789137363434,0.8533611297607422,-0.2512524425983429,0.0,0.0,0.0
0,-0.4615599811077118,0.850482165813446,-0.25227460265159607,0.0,0.0,0.0
0,-0.46566057205200195,0.8480458855628967,-0.25293949246406555,0.0,0.0,0.0
0,-0.46679753065109253,0.8470177054405212,-0.2542853355407715,0.0,0.0,0.0
0,-0.4651259183883667,0.8476226329803467,-0.2553305923938751,0.0,0.0,0.0
0,-0.46359553933143616,0.8481999039649963,-0.25619539618492126,0.0,0.0,0.0
0,-0.46261611580848694,0.8484634160995483,-0.2570916414260864,0.0,0.0,0.0
0,-0.46401622891426086,0.8475733399391174,-0.2575041949748993,0.0,0.0,0.0
0,-0.46776559948921204,0.8453270792961121,-0.2581036686897278,0.0,0.0,0.0
0,-0.4697684645652771,0.8442809581756592,-0.25789010524749756,0.0,0.0,0.0
0,-0.4707653522491455,0.8437281250953674,-0.2578813433647156,0.0,0.0,0.0
0,-0.471087247133255,0.8436480164527893,-0.2575554847717285,0.0,0.0,0.0
0,-0.47042223811149597,0.843989372253418,-0.2576526403427124,0.0,0.0,0.0
0,-0.46980470418930054,0.8443242311477661,-0.2576822340488434,0.0,0.0,0.0
0,-0.4697344899177551,0.844290018081665,-0.2579222619533539,0.0,0.0,0.0
0,-0.47057589888572693,0.8438282012939453,-0.25789976119995117,0.0,0.0,0.0
0,-0.47107669711112976,0.8435159921646118,-0.258006751537323,0.0,0.0,0.0
0,-0.47144195437431335,0.8434219360351562,-0.2576468884944916,0.0,0.0,0.0
0,-0.4721486270427704,0.843282163143158,-0.2568090260028839,0.0,0.0,0.0
0,-0.4734899699687958,0.8426938056945801,-0.25627008080482483,0.0,0.0,0.0
0,-0.47447219491004944,0.8422022461891174,-0.2560694217681885,0.0,0.0,0.0
0,-0.4762178957462311,0.8412560224533081,-0.25593921542167664,0.0,0.0,0.0
0,-0.4774554967880249,0.8404316902160645,-0.2563411593437195,0.0,0.0,0.0
0,-0.4786195158958435,0.8394882678985596,-0.25726011395454407,0.0,0.0,0.0
0,-0.47866424918174744,0.839264452457428,-0.25790634751319885,0.0,0.0,0.0
0,-0.4785049259662628,0.8391838669776917,-0.25846371054649353,0.0,0.0,0.0
0,-0.47801002860069275,0.8393725156784058,-0.25876662135124207,0.0,0.0,0.0
0,-0.4774126410484314,0.8397709131240845,-0.25857681035995483,0.0,0.0,0.0
0,-0.4772636890411377,0.8401238918304443,-0.2577037811279297,0.0,0.0,0.0
0,-0.47934025526046753,0.8390992283821106,-0.2571875751018524,0.0,0.0,0.0
0,-0.4815974533557892,0.8379868865013123,-0.25659677386283875,0.0,0.0,0.0
0,-0.4837604761123657,0.8368942737579346,-0.2560933530330658,0.0,0.0,0.0
0,-0.48628297448158264,0.8355594277381897,-0.25567427277565,0.0,0.0,0.0
0,-0.48799794912338257,0.8348568081855774,-0.2546999752521515,0.0,0.0,0.0
0,-0.4878864884376526,0.8351425528526306,-0.2539757788181305,0.0,0.0,0.0
0,-0.4880204200744629,0.8351700305938721,-0.2536278963088989,0.0,0.0,0.0
0,-0.48848357796669006,0.8352426290512085,-0.25249460339546204,0.0,0.0,0.0
0,-0.49030283093452454,0.8345609307289124,-0.25121942162513733,0.0,0.0,0.0
0,-0.49502402544021606,0.8324015140533447,-0.24911639094352722,0.0,0.0,0.0
0,-0.4973981976509094,0.8312937021255493,-0.24808432161808014,0.0,0.0,0.0
0,-0.49965542554855347,0.8301929235458374,-0.24723298847675323,0.0,0.0,0.0
0,-0.5019522309303284,0.8291322588920593,-0.24613751471042633,0.0,0.0,0.0
0,-0.5051963329315186,0.8276217579841614,-0.24457906186580658,0.0,0.0,0.0
0,-0.5111616849899292,0.8247735500335693,-0.24178972840309143,0.0,0.0,0.0
0,-0.5151784420013428,0.8228345513343811,-0.2398635447025299,0.0,0.0,0.0
0,-0.5190972685813904,0.8208683729171753,-0.23814506828784943,0.0,0.0,0.0
0,-0.5238006114959717,0.8183855414390564,-0.23638518154621124,0.0,0.0,0.0
0,-0.5286045670509338,0.8156664967536926,-0.2350858747959137,0.0,0.0,0.0
0,-0.5400761365890503,0.8090302348136902,-0.23192198574543,0.0,0.0,0.0
0,-0.5452125072479248,0.8062860369682312,-0.2294473946094513,0.0,0.0,0.0
0,-0.550202488899231,0.8035690188407898,-0.22705505788326263,0.0,0.0,0.0
0,-0.5544703602790833,0.8012228608131409,-0.2249545454978943,0.0,0.0,0.0
0,-0.5591856241226196,0.7987937331199646,-0.2219008505344391,0.0,0.0,0.0
0,-0.5630040168762207,0.7967983484268188,-0.2194056361913681,0.0,0.0,0.0
0,-0.5715326070785522,0.7926143407821655,-0.21239808201789856,0.0,0.0,0.0
0,-0.5762087106704712,0.7901347279548645,-0.20897521078586578,0.0,0.0,0.0
0,-0.5796730518341064,0.788501501083374,-0.20553480088710785,0.0,0.0,0.0
0,-0.5832769870758057,0.7864490747451782,-0.20318925380706787,0.0,0.0,0.0
0,-0.5893710255622864,0.7827510237693787,-0.19985651969909668,0.0,0.0,0.0
0,-0.5919704437255859,0.7810723781585693,-0.1987384855747223,0.0,0.0,0.0
0,-0.5945155024528503,0.779397189617157,-0.19771520793437958,0.0,0.0,0.0
0,-0.5974647998809814,0.7775855660438538,-0.1959502100944519,0.0,0.0,0.0
0,-0.5999522805213928,0.7759327292442322,-0.19489915668964386,0.0,0.0,0.0
0,-0.6051467061042786,0.7725928425788879,-0.19208791851997375,0.0,0.0,0.0
0,-0.6066107153892517,0.7717596888542175,-0.19081522524356842,0.0,0.0,0.0
0,-0.6069157123565674,0.7717902660369873,-0.18971842527389526,0.0,0.0,0.0
0,-0.6063411831855774,0.7724218368530273,-0.1889837086200714,0.0,0.0,0.0
0,-0.6053354144096375,0.773223340511322,-0.18893027305603027,0.0,0.0,0.0
0,-0.603785514831543,0.7747051119804382,-0.18781642615795135,0.0,0.0,0.0
0,-0.6041007041931152,0.7746456861495972,-0.1870465725660324,0.0,0.0,0.0
0,-0.6040540337562561,0.774860680103302,-0.1863052397966385,0.0,0.0,0.0
0,-0.6040295362472534,0.7751199007034302,-0.18530353903770447,0.0,0.0,0.0
0,-0.6040739417076111,0.7752249836921692,-0.1847182959318161,0.0,0.0,0.0
0,-0.6033271551132202,0.7759320735931396,-0.1841893494129181,0.0,0.0,0.0
0,-0.6028732061386108,0.7762948870658875,-0.18414714932441711,0.0,0.0,0.0
0,-0.6023380160331726,0.7768229246139526,-0.18367113173007965,0.0,0.0,0.0
0,-0.6014458537101746,0.777555525302887,-0.18349464237689972,0.0,0.0,0.0
0,-0.6001426577568054,0.7787134647369385,-0.1828499138355255,0.0,0.0,0.0
0,-0.5963107347488403,0.7819793820381165,-0.18144337832927704,0.0,0.0,0.0
0,-0.5937311053276062,0.7841107845306396,-0.18070314824581146,0.0,0.0,0.0
0,-0.5909727811813354,0.7863157987594604,-0.18016286194324493,0.0,0.0,0.0
0,-0.5880710482597351,0.7886448502540588,-0.1794763058423996,0.0,0.0,0.0
0,-0.5848472714424133,0.791147768497467,-0.17899398505687714,0.0,0.0,0.0
0,-0.5785501003265381,0.7959184050559998,-0.1783076822757721,0.0,0.0,0.0
0,-0.5752996206283569,0.7983552813529968,-0.17793011665344238,0.0,0.0,0.0
0,-0.5722044706344604,0.8006992936134338,-0.1773771345615387,0.0,0.0,0.0
0,-0.568697988986969,0.8032681941986084,-0.1770389974117279,0.0,0.0,0.0
0,-0.56513911485672,0.8058971166610718,-0.17648696899414062,0.0,0.0,0.0
0,-0.5565140247344971,0.8120459914207458,-0.17570824921131134,0.0,0.0,0.0
0,-0.5565140247344971,0.8120459914207458,-0.17570824921131134,0.0,0.0,0.0
0,-0.5464944839477539,0.818949818611145,-0.17511411011219025,0.0,0.0,0.0
0,-0.5404451489448547,0.823059618473053,-0.17461934685707092,0.0,0.0,0.0
0,-0.5352795720100403,0.8265601992607117,-0.17399434745311737,0.0,0.0,0.0
0,-0.5236861705780029,0.8342252969741821,-0.172687366604805,0.0,0.0,0.0
0,-0.5181974768638611,0.8377936482429504,-0.1719684898853302,0.0,0.0,0.0
0,-0.513201117515564,0.8408991694450378,-0.17179422080516815,0.0,0.0,0.0
0,-0.5079796314239502,0.8441623449325562,-0.1713087409734726,0.0,0.0,0.0
0,-0.503426194190979,0.8468849062919617,-0.17131277918815613,0.0,0.0,0.0
0,-0.49860680103302,0.8497694730758667,-0.17112304270267487,0.0,0.0,0.0
0,-0.48832935094833374,0.8556578755378723,-0.171417698264122,0.0,0.0,0.0
0,-0.482739120721817,0.8587762117385864,-0.1716577410697937,0.0,0.0,0.0
0,-0.47671401500701904,0.8620731830596924,-0.17196960747241974,0.0,0.0,0.0
0,-0.47006770968437195,0.8656609058380127,-0.17224261164665222,0.0,0.0,0.0
0,-0.4567301869392395,0.8726804852485657,-0.17270293831825256,0.0,0.0,0.0
0,-0.4497245252132416,0.8762234449386597,-0.1731482893228531,0.0,0.0,0.0
0,-0.4422987699508667,0.8798712491989136,-0.17377693951129913,0.0,0.0,0.0
0,-0.4364986717700958,0.8826100826263428,-0.17455188930034637,0.0,0.0,0.0
0,-0.4303027093410492,0.8854175806045532,-0.17571376264095306,0.0,0.0,0.0
0,-0.4184523820877075,0.8905542492866516,-0.17835548520088196,0.0,0.0,0.0
0,-0.4121352434158325,0.8932231068611145,-0.1797138750553131,0.0,0.0,0.0
0,-0.4060727655887604,0.895757257938385,-0.18089719116687775,0.0,0.0,0.0
0,-0.4002440869808197,0.8981538414955139,-0.18200093507766724,0.0,0.0,0.0
0,-0.39405369758605957,0.9006131291389465,-0.1833513379096985,0.0,0.0,0.0
0,-0.3827415406703949,0.9050109386444092,-0.1856451779603958,0.0,0.0,0.0
0,-0.3768748939037323,0.907245934009552,-0.18673551082611084,0.0,0.0,0.0
0,-0.3708595037460327,0.9095391035079956,-0.18762168288230896,0.0,0.0,0.0
0,-0.3651750087738037,0.9116026759147644,-0.18875311315059662,0.0,0.0,0.0
0,-0.35957348346710205,0.913527250289917,-0.19019699096679688,0.0,0.0,0.0
0,-0.3481695353984833,0.9172520637512207,-0.19345970451831818,0.0,0.0,0.0
0,-0.34074169397354126,0.9197169542312622,-0.19497652351856232,0.0,0.0,0.0
0,-0.3353634476661682,0.9214646220207214,-0.1960466057062149,0.0,0.0,0.0
0,-0.32898738980293274,0.9235370755195618,-0.19709523022174835,0.0,0.0,0.0
0,-0.3225540816783905,0.9256686568260193,-0.19772817194461823,0.0,0.0,0.0
0,-0.3100913166999817,0.9295569658279419,-0.19941727817058563,0.0,0.0,0.0
0,-0.3039531707763672,0.9313552975654602,-0.20047375559806824,0.0,0.0,0.0
0,-0.29770973324775696,0.9330472946166992,-0.20196956396102905,0.0,0.0,0.0
0,-0.2917203903198242,0.9346386194229126,-0.20334678888320923,0.0,0.0,0.0
0,-0.28569480776786804,0.9361974596977234,-0.20472607016563416,0.0,0.0,0.0
0,-0.2796434462070465,0.9378395676612854,-0.2055637687444687,0.0,0.0,0.0
0,-0.2679624855518341,0.9410760402679443,-0.20632976293563843,0.0,0.0,0.0
0,-0.26269859075546265,0.9425048828125,-0.20657683908939362,0.0,0.0,0.0
0,-0.25766900181770325,0.9438320994377136,-0.20685184001922607,0.0,0.0,0.0
0,-0.25306758284568787,0.9450369477272034,-0.20703120529651642,0.0,0.0,0.0
0,-0.2478582262992859,0.9463567733764648,-0.20730450749397278,0.0,0.0,0.0
0,-0.23963229358196259,0.9483122825622559,-0.2080388367176056,0.0,0.0,0.0
0,-0.23480771481990814,0.949501633644104,-0.20811527967453003,0.0,0.0,0.0
0,-0.23005400598049164,0.9506493806838989,-0.20818465948104858,0.0,0.0,0.0
0,-0.22530852258205414,0.9517688751220703,-0.2082597315311432,0.0,0.0,0.0
0,-0.22043506801128387,0.9529128074645996,-0.20824404060840607,0.0,0.0,0.0
0,-0.21201393008232117,0.9547549486160278,-0.20854997634887695,0.0,0.0,0.0
0,-0.20816020667552948,0.9556364417076111,-0.2083946317434311,0.0,0.0,0.0
0,-0.2046065479516983,0.956463634967804,-0.20811893045902252,0.0,0.0,0.0
0,-0.20217804610729218,0.9570198059082031,-0.20793528854846954,0.0,0.0,0.0
0,-0.19829288125038147,0.9579526782035828,-0.20738019049167633,0.0,0.0,0.0
0,-0.19684818387031555,0.9583046436309814,-0.20713040232658386,0.0,0.0,0.0
0,-0.19524675607681274,0.9586693644523621,-0.2069583684206009,0.0,0.0,0.0
0,-0.1941952109336853,0.9589039087295532,-0.20686103403568268,0.0,0.0,0.0
0,-0.19306734204292297,0.9591147899627686,-0.20693905651569366,0.0,0.0,0.0
0,-0.19097019731998444,0.9596149921417236,-0.20656590163707733,0.0,0.0,0.0
0,-0.1900796890258789,0.9598270058631897,-0.20640219748020172,0.0,0.0,0.0
0,-0.1891826093196869,0.9600535035133362,-0.20617277920246124,0.0,0.0,0.0
0,-0.1882982701063156,0.9602253437042236,-0.20618216693401337,0.0,0.0,0.0
0,-0.1881355196237564,0.9602922797203064,-0.2060188353061676,0.0,0.0,0.0
0,-0.1885899156332016,0.9601275324821472,-0.20637096464633942,0.0,0.0,0.0
0,-0.1894521266222,0.9599016308784485,-0.20663203299045563,0.0,0.0,0.0
0,-0.1903659552335739,0.9596790671348572,-0.20682568848133087,0.0,0.0,0.0
0,-0.19179317355155945,0.9593890905380249,-0.20685259997844696,0.0,0.0,0.0
0,-0.19269582629203796,0.9592080116271973,-0.20685330033302307,0.0,0.0,0.0
0,-0.19506534934043884,0.9588355422019958,-0.20635870099067688,0.0,0.0,0.0
0,-0.19581185281276703,0.958687961101532,-0.20633742213249207,0.0,0.0,0.0
0,-0.19678744673728943,0.9584474563598633,-0.20652642846107483,0.0,0.0,0.0
0,-0.1977100819349289,0.9581983089447021,-0.20680107176303864,0.0,0.0,0.0
0,-0.1985498070716858,0.9579647183418274,-0.2070787400007248,0.0,0.0,0.0
0,-0.19943420588970184,0.9577133655548096,-0.20739124715328217,0.0,0.0,0.0
0,-0.20142234861850739,0.9574059247970581,-0.2068886160850525,0.0,0.0,0.0
0,-0.2023339867591858,0.9572140574455261,-0.20688706636428833,0.0,0.0,0.0
0,-0.2034643292427063,0.9570085406303406,-0.206728994846344,0.0,0.0,0.0
0,-0.20465368032455444,0.9567649960517883,-0.20668235421180725,0.0,0.0,0.0
0,-0.20674605667591095,0.9563429951667786,-0.20655296742916107,0.0,0.0,0.0
0,-0.20747898519039154,0.9562229514122009,-0.2063739150762558,0.0,0.0,0.0
0,-0.20826075971126556,0.9560969471931458,-0.2061699628829956,0.0,0.0,0.0
0,-0.2090856283903122,0.9559441804885864,-0.20604351162910461,0.0,0.0,0.0
0,-0.20977118611335754,0.9558883905410767,-0.20560505986213684,0.0,0.0,0.0
0,-0.2112027406692505,0.955722987651825,-0.20490729808807373,0.0,0.0,0.0
0,-0.21198420226573944,0.9556641578674316,-0.20437408983707428,0.0,0.0,0.0
0,-0.21262462437152863,0.9556679129600525,-0.20369000732898712,0.0,0.0,0.0
0,-0.2135412096977234,0.9555827379226685,-0.2031300961971283,0.0,0.0,0.0
0,-0.21458913385868073,0.9554275274276733,-0.2027553766965866,0.0,0.0,0.0
0,-0.2156226634979248,0.9552202820777893,-0.20263521373271942,0.0,0.0,0.0
0,-0.21711863577365875,0.9549741744995117,-0.20219743251800537,0.0,0.0,0.0
0,-0.2177315503358841,0.9549418687820435,-0.20169036090373993,0.0,0.0,0.0
0,-0.21779032051563263,0.9550676345825195,-0.2010301947593689,0.0,0.0,0.0
0,-0.21830198168754578,0.9550291895866394,-0.20065753161907196,0.0,0.0,0.0
0,-0.21997657418251038,0.9547246098518372,-0.20027783513069153,0.0,0.0,0.0
0,-0.22084780037403107,0.9545457363128662,-0.20017161965370178,0.0,0.0,0.0
0,-0.22200210392475128,0.9543099403381348,-0.20001913607120514,0.0,0.0,0.0
0,-0.22306741774082184,0.9540602564811707,-0.20002490282058716,0.0,0.0,0.0
0,-0.22377312183380127,0.9539583325386047,-0.19972248375415802,0.0,0.0,0.0
0,-0.2245345562696457,0.9538768529891968,-0.19925661385059357,0.0,0.0,0.0
0,-0.22591693699359894,0.9537727236747742,-0.19818967580795288,0.0,0.0,0.0
0,-0.22708559036254883,0.953555703163147,-0.1978979855775833,0.0,0.0,0.0
0,-0.2284756749868393,0.953248918056488,-0.19777600467205048,0.0,0.0,0.0
0,-0.23001642525196075,0.9528542160987854,-0.19789224863052368,0.0,0.0,0.0
0,-0.23287954926490784,0.9521368741989136,-0.19799605011940002,0.0,0.0,0.0
0,-0.23417797684669495,0.9518881440162659,-0.1976604461669922,0.0,0.0,0.0
0,-0.23468217253684998,0.9519487619400024,-0.19676841795444489,0.0,0.0,0.0
0,-0.23530101776123047,0.9519038200378418,-0.19624614715576172,0.0,0.0,0.0
0,-0.23585757613182068,0.9518623948097229,-0.19577832520008087,0.0,0.0,0.0
0,-0.23760715126991272,0.9515052437782288,-0.19539861381053925,0.0,0.0,0.0
0,-0.2387986183166504,0.9511756300926208,-0.1955508589744568,0.0,0.0,0.0
0,-0.23982161283493042,0.9509333372116089,-0.19547724723815918,0.0,0.0,0.0
0,-0.24060186743736267,0.9507880806922913,-0.195224791765213,0.0,0.0,0.0
0,-0.24114376306533813,0.9507073163986206,-0.19494955241680145,0.0,0.0,0.0
0,-0.2415328323841095,0.9507513642311096,-0.1942518651485443,0.0,0.0,0.0
0,-0.2416849583387375,0.9507611989974976,-0.194014310836792,0.0,0.0,0.0
0,-0.24179421365261078,0.9507484436035156,-0.1939406841993332,0.0,0.0,0.0
0,-0.2422945350408554,0.9506174921989441,-0.1939581036567688,0.0,0.0,0.0
0,-0.24314191937446594,0.9503991603851318,-0.1939675211906433,0.0,0.0,0.0
0,-0.24454885721206665,0.949967086315155,-0.1943150907754898,0.0,0.0,0.0
0,-0.24719464778900146,0.9491623044013977,-0.19489941000938416,0.0,0.0,0.0
0,-0.24840329587459564,0.9488354921340942,-0.1949537992477417,0.0,0.0,0.0
0,-0.24913005530834198,0.9487019181251526,-0.19467629492282867,0.0,0.0,0.0
0,-0.2497992366552353,0.9485794901847839,-0.19441534578800201,0.0,0.0,0.0
0,-0.25084465742111206,0.9483372569084167,-0.19425098598003387,0.0,0.0,0.0
0,-0.2527717053890228,0.9478443264961243,-0.1941586583852768,0.0,0.0,0.0
0,-0.2543908655643463,0.9473691582679749,-0.19436296820640564,0.0,0.0,0.0
0,-0.2564334571361542,0.9468271136283875,-0.19432000815868378,0.0,0.0,0.0
0,-0.2582165598869324,0.9463591575622559,-0.19423843920230865,0.0,0.0,0.0
0,-0.2627015709877014,0.9450491070747375,-0.19460240006446838,0.0,0.0,0.0
0,-0.2645255923271179,0.9444310665130615,-0.19513118267059326,0.0,0.0,0.0
0,-0.26631471514701843,0.9438242316246033,-0.1956329196691513,0.0,0.0,0.0
0,-0.26764553785324097,0.9433992505073547,-0.19586651027202606,0.0,0.0,0.0
0,-0.2685326635837555,0.9431316256523132,-0.19594119489192963,0.0,0.0,0.0
0,-0.2697802186012268,0.9428396821022034,-0.19563212990760803,0.0,0.0,0.0
0,-0.27022024989128113,0.9427356123924255,-0.19552643597126007,0.0,0.0,0.0
0,-0.2709163427352905,0.9425479769706726,-0.1954677402973175,0.0,0.0,0.0
0,-0.2718561291694641,0.9421867728233337,-0.19590383768081665,0.0,0.0,0.0
0,-0.2726971209049225,0.941767156124115,-0.19675098359584808,0.0,0.0,0.0
0,-0.27407801151275635,0.9409077167510986,-0.1989319920539856,0.0,0.0,0.0
0,-0.27377060055732727,0.940811812877655,-0.19980700314044952,0.0,0.0,0.0
0,-0.2733891010284424,0.9407832026481628,-0.20046290755271912,0.0,0.0,0.0
0,-0.27290430665016174,0.9408876299858093,-0.20063325762748718,0.0,0.0,0.0
0,-0.27186083793640137,0.9413742423057556,-0.19976556301116943,0.0,0.0,0.0
0,-0.2699524760246277,0.9424594640731812,-0.1972201019525528,0.0,0.0,0.0
0,-0.26920434832572937,0.9429427981376648,-0.19592827558517456,0.0,0.0,0.0
0,-0.2693197727203369,0.9430626034736633,-0.19519175589084625,0.0,0.0,0.0
0,-0.2694406807422638,0.9430579543113708,-0.19504708051681519,0.0,0.0,0.0
0,-0.26965340971946716,0.9429754614830017,-0.19515207409858704,0.0,0.0,0.0
0,-0.2706085443496704,0.942661464214325,-0.1953468769788742,0.0,0.0,0.0
0,-0.2704779803752899,0.9429157972335815,-0.19429750740528107,0.0,0.0,0.0
0,-0.2707689702510834,0.9430228471755981,-0.19337023794651031,0.0,0.0,0.0
0,-0.2713553011417389,0.9430743455886841,-0.1922943890094757,0.0,0.0,0.0
0,-0.27096250653266907,0.943440318107605,-0.1910489797592163,0.0,0.0,0.0
0,-0.2705492675304413,0.9437222480773926,-0.19024035334587097,0.0,0.0,0.0
0,-0.26670923829078674,0.9450669884681702,-0.1889829784631729,0.0,0.0,0.0
0,-0.26462608575820923,0.9456669092178345,-0.18891052901744843,0.0,0.0,0.0
0,-0.26196402311325073,0.946298360824585,-0.18945781886577606,0.0,0.0,0.0
0,-0.2606496810913086,0.9465065002441406,-0.19022922217845917,0.0,0.0,0.0
0,-0.25870683789253235,0.9466785192489624,-0.19201695919036865,0.0,0.0,0.0
0,-0.2589469850063324,0.9464885592460632,-0.19262893497943878,0.0,0.0,0.0
0,-0.26008301973342896,0.9461094737052917,-0.19296030700206757,0.0,0.0,0.0
0,-0.26186603307724,0.9455832242965698,-0.19312836229801178,0.0,0.0,0.0
0,-0.2648237347602844,0.9448227286338806,-0.1928170919418335,0.0,0.0,0.0
0,-0.2724934220314026,0.9427939653396606,-0.19205953180789948,0.0,0.0,0.0
0,-0.27702397108078003,0.9415583610534668,-0.19163906574249268,0.0,0.0,0.0
0,-0.2814941704273224,0.9402703642845154,-0.19144891202449799,0.0,0.0,0.0
0,-0.2860463857650757,0.9389703869819641,-0.19108133018016815,0.0,0.0,0.0
0,-0.29088783264160156,0.9374869465827942,-0.1910562962293625,0.0,0.0,0.0
0,-0.2943459153175354,0.9365413784980774,-0.19039613008499146,0.0,0.0,0.0
0,-0.29848793148994446,0.9358057379722595,-0.1875436007976532,0.0,0.0,0.0
0,-0.29871729016304016,0.9360424876213074,-0.18599051237106323,0.0,0.0,0.0
0,-0.29764124751091003,0.9366579651832581,-0.1846119612455368,0.0,0.0,0.0
0,-0.2946743965148926,0.9380013346672058,-0.1825389713048935,0.0,0.0,0.0
0,-0.2871752977371216,0.9408510327339172,-0.1798044741153717,0.0,0.0,0.0
0,-0.28316882252693176,0.9423184990882874,-0.17846933007240295,0.0,0.0,0.0
0,-0.2804822623729706,0.9432056546211243,-0.17802457511425018,0.0,0.0,0.0
0,-0.2776278257369995,0.9441759586334229,-0.17735432088375092,0.0,0.0,0.0
0,-0.2750053107738495,0.9449737668037415,-0.1771908700466156,0.0,0.0,0.0
0,-0.2709035575389862,0.9462715983390808,-0.1765822023153305,0.0,0.0,0.0
0,-0.26886171102523804,0.9467548131942749,-0.17711204290390015,0.0,0.0,0.0
0,-0.2668721675872803,0.9473174810409546,-0.1771124303340912,0.0,0.0,0.0
0,-0.26521024107933044,0.9477329254150391,-0.177386075258255,0.0,0.0,0.0
0,-0.26283231377601624,0.9483460187911987,-0.17764858901500702,0.0,0.0,0.0
0,-0.25609129667282104,0.9502736330032349,-0.1771927773952484,0.0,0.0,0.0
0,-0.2525060474872589,0.9512848258018494,-0.1769120991230011,0.0,0.0,0.0
0,-0.24871955811977386,0.9523531794548035,-0.17652763426303864,0.0,0.0,0.0
0,-0.24541766941547394,0.9532459378242493,-0.17633014917373657,0.0,0.0,0.0
0,-0.24363434314727783,0.9536413550376892,-0.17666475474834442,0.0,0.0,0.0
0,-0.24219079315662384,0.9538342952728271,-0.17760561406612396,0.0,0.0,0.0
0,-0.24314363300800323,0.9534486532211304,-0.17837277054786682,0.0,0.0,0.0
0,-0.24489884078502655,0.9528340101242065,-0.1792537122964859,0.0,0.0,0.0
0,-0.24632246792316437,0.9522840976715088,-0.1802227646112442,0.0,0.0,0.0
0,-0.2494417130947113,0.9513179659843445,-0.18103311955928802,0.0,0.0,0.0
0,-0.25471147894859314,0.949554979801178,-0.18294091522693634,0.0,0.0,0.0
0,-0.2569597065448761,0.9488059282302856,-0.18368177115917206,0.0,0.0,0.0
0,-0.2595507800579071,0.9479631185531616,-0.18438909947872162,0.0,0.0,0.0
0,-0.2613210380077362,0.9473954439163208,-0.18480579555034637,0.0,0.0,0.0
0,-0.26322245597839355,0.9467549920082092,-0.18538853526115417,0.0,0.0,0.0
0,-0.26426929235458374,0.9464156031608582,-0.18563200533390045,0.0,0.0,0.0
0,-0.2669914960861206,0.9455080032348633,-0.18636013567447662,0.0,0.0,0.0
0,-0.2686713933944702,0.944918692111969,-0.18693403899669647,0.0,0.0,0.0
0,-0.2711506187915802,0.944042444229126,-0.18777960538864136,0.0,0.0,0.0
0,-0.27422213554382324,0.9429052472114563,-0.18902891874313354,0.0,0.0,0.0
0,-0.28085100650787354,0.94041508436203,-0.191682368516922,0.0,0.0,0.0
0,-0.28434062004089355,0.9390156865119934,-0.1933906525373459,0.0,0.0,0.0
0,-0.2875418961048126,0.9377094507217407,-0.19498886168003082,0.0,0.0,0.0
0,-0.29061639308929443,0.9364111423492432,-0.1966627687215805,0.0,0.0,0.0
0,-0.2930266857147217,0.9353587031364441,-0.19808965921401978,0.0,0.0,0.0
0,-0.2948536276817322,0.9344207048416138,-0.19979822635650635,0.0,0.0,0.0
0,-0.29445797204971313,0.9345194101333618,-0.19991998374462128,0.0,0.0,0.0
0,-0.29365813732147217,0.9347504377365112,-0.20001628994941711,0.0,0.0,0.0
0,-0.2932143807411194,0.9348885416984558,-0.2000218629837036,0.0,0.0,0.0
0,-0.2924867868423462,0.9350981712341309,-0.20010721683502197,0.0,0.0,0.0
0,-0.29160645604133606,0.9352402091026306,-0.20072729885578156,0.0,0.0,0.0
0,-0.29096174240112305,0.9354265928268433,-0.20079439878463745,0.0,0.0,0.0
0,-0.29011070728302,0.935812771320343,-0.20022544264793396,0.0,0.0,0.0
0,-0.2891008257865906,0.9361894726753235,-0.19992505013942719,0.0,0.0,0.0
0,-0.28801193833351135,0.9365203976631165,-0.19994670152664185,0.0,0.0,0.0
0,-0.28680309653282166,0.9369165301322937,-0.19982831180095673,0.0,0.0,0.0
0,-0.2869965136051178,0.93678218126297,-0.200180321931839,0.0,0.0,0.0
0,-0.28700947761535645,0.9366821646690369,-0.20062917470932007,0.0,0.0,0.0
0,-0.28682005405426025,0.9366676807403564,-0.20096758008003235,0.0,0.0,0.0
0,-0.28618279099464417,0.9367706179618835,-0.2013956755399704,0.0,0.0,0.0
0,-0.28411880135536194,0.9374116063117981,-0.20133551955223083,0.0,0.0,0.0
0,-0.28253352642059326,0.9379290342330933,-0.20115646719932556,0.0,0.0,0.0
0,-0.28021323680877686,0.938827633857727,-0.20020779967308044,0.0,0.0,0.0
0,-0.2775784134864807,0.9397822618484497,-0.1993979662656784,0.0,0.0,0.0
0,-0.27527278661727905,0.9406468868255615,-0.19851528108119965,0.0,0.0,0.0
0,-0.27022406458854675,0.9424773454666138,-0.1967623233795166,0.0,0.0,0.0
0,-0.2675839364528656,0.9433611035346985,-0.19613423943519592,0.0,0.0,0.0
0,-0.26491042971611023,0.9442548155784607,-0.1954616904258728,0.0,0.0,0.0
0,-0.2625565826892853,0.945013165473938,-0.1949722021818161,0.0,0.0,0.0
0,-0.2600533962249756,0.9458373785018921,-0.1943294107913971,0.0,0.0,0.0
0,-0.2558007836341858,0.9472733736038208,-0.19297440350055695,0.0,0.0,0.0
0,-0.25422990322113037,0.9477291703224182,-0.1928122490644455,0.0,0.0,0.0
0,-0.25327280163764954,0.9480145573616028,-0.19266889989376068,0.0,0.0,0.0
0,-0.252468466758728,0.9482353329658508,-0.19263814389705658,0.0,0.0,0.0
0,-0.2513234615325928,0.9485931992530823,-0.19237308204174042,0.0,0.0,0.0
0,-0.24894624948501587,0.9493082165718079,-0.19193676114082336,0.0,0.0,0.0
0,-0.24754753708839417,0.9497003555297852,-0.1918058842420578,0.0,0.0,0.0
0,-0.24602854251861572,0.9501295685768127,-0.19163431227207184,0.0,0.0,0.0
0,-0.2447269707918167,0.9504956603050232,-0.19148553907871246,0.0,0.0,0.0
0,-0.24309758841991425,0.9509620070457458,-0.19124548137187958,0.0,0.0,0.0
0,-0.24039198458194733,0.9518910646438599,-0.1900397688150406,0.0,0.0,0.0
0,-0.23905253410339355,0.9523643255233765,-0.18935710191726685,0.0,0.0,0.0
0,-0.23818561434745789,0.9527201056480408,-0.18865856528282166,0.0,0.0,0.0
0,-0.23729786276817322,0.9530500173568726,-0.1881101429462433,0.0,0.0,0.0
0,-0.23657532036304474,0.9533042907714844,-0.18773120641708374,0.0,0.0,0.0
0,-0.2350943386554718,0.9538214802742004,-0.1869632750749588,0.0,0.0,0.0
0,-0.23414503037929535,0.9541271328926086,-0.18659445643424988,0.0,0.0,0.0
0,-0.23337548971176147,0.9543282985687256,-0.1865297555923462,0.0,0.0,0.0
0,-0.23249539732933044,0.9545561671257019,-0.18646283447742462,0.0,0.0,0.0
0,-0.23183263838291168,0.9546710252761841,-0.18669994175434113,0.0,0.0,0.0
0,-0.23155376315116882,0.954634964466095,-0.18722979724407196,0.0,0.0,0.0
0,-0.23172223567962646,0.9544877409934998,-0.18777093291282654,0.0,0.0,0.0
0,-0.23206423223018646,0.9543802738189697,-0.1878947913646698,0.0,0.0,0.0
0,-0.23222073912620544,0.9542050957679749,-0.18858996033668518,0.0,0.0,0.0
0,-0.23174916207790375,0.9541758298873901,-0.1893167346715927,0.0,0.0,0.0
0,-0.23024611175060272,0.9542027711868286,-0.19100742042064667,0.0,0.0,0.0
0,-0.22917844355106354,0.9542933702468872,-0.19183696806430817,0.0,0.0,0.0
0,-0.22790192067623138,0.9544238448143005,-0.19270659983158112,0.0,0.0,0.0
0,-0.22641246020793915,0.9546173810958862,-0.19350194931030273,0.0,0.0,0.0
0,-0.22502632439136505,0.9547067284584045,-0.19467458128929138,0.0,0.0,0.0
0,-0.22321754693984985,0.9545050263404846,-0.19772222638130188,0.0,0.0,0.0
0,-0.22285746037960052,0.9542502164840698,-0.19935154914855957,0.0,0.0,0.0
0,-0.22337312996387482,0.9537280797958374,-0.2012639194726944,0.0,0.0,0.0
0,-0.22421783208847046,0.9530974626541138,-0.20330168306827545,0.0,0.0,0.0
0,-0.2244449108839035,0.9526599645614624,-0.20509377121925354,0.0,0.0,0.0
0,-0.22708465158939362,0.9510913491249084,-0.20942257344722748,0.0,0.0,0.0
0,-0.227664053440094,0.9504358172416687,-0.2117566615343094,0.0,0.0,0.0
0,-0.22853411734104156,0.9496721029281616,-0.21423117816448212,0.0,0.0,0.0
0,-0.22841249406337738,0.9491029977798462,-0.21686691045761108,0.0,0.0,0.0
0,-0.2282111793756485,0.9484976530075073,-0.21970848739147186,0.0,0.0,0.0
0,-0.22677838802337646,0.9478878378868103,-0.22378619015216827,0.0,0.0,0.0
0,-0.2258177548646927,0.9476355314254761,-0.22581690549850464,0.0,0.0,0.0
0,-0.22533583641052246,0.9471895694732666,-0.22815723717212677,0.0,0.0,0.0
0,-0.22516842186450958,0.9466568231582642,-0.23052123188972473,0.0,0.0,0.0
0,-0.22515620291233063,0.9459983110427856,-0.23322072625160217,0.0,0.0,0.0
0,-0.2268010824918747,0.9442796111106873,-0.23853155970573425,0.0,0.0,0.0
0,-0.22708658874034882,0.943544864654541,-0.2411530315876007,0.0,0.0,0.0
0,-0.22737228870391846,0.9429153203964233,-0.2433362752199173,0.0,0.0,0.0
0,-0.22721068561077118,0.9425686001777649,-0.2448258399963379,0.0,0.0,0.0
0,-0.22750848531723022,0.942003607749939,-0.2467167228460312,0.0,0.0,0.0
0,-0.22788262367248535,0.9414358735084534,-0.24853171408176422,0.0,0.0,0.0
0,-0.22808505594730377,0.9402964115142822,-0.25262588262557983,0.0,0.0,0.0
0,-0.22843216359615326,0.9395915865898132,-0.25492432713508606,0.0,0.0,0.0
0,-0.22896265983581543,0.938881516456604,-0.2570555508136749,0.0,0.0,0.0
0,-0.22927196323871613,0.9382804036140442,-0.25896766781806946,0.0,0.0,0.0
0,-0.23153869807720184,0.9365467429161072,-0.26319199800491333,0.0,0.0,0.0
0,-0.2327621728181839,0.9357302188873291,-0.26501086354255676,0.0,0.0,0.0
0,-0.23392580449581146,0.9349794387817383,-0.2666310667991638,0.0,0.0,0.0
0,-0.23457743227481842,0.9344479441642761,-0.26791882514953613,0.0,0.0,0.0
0,-0.23512151837348938,0.9341279864311218,-0.2685568034648895,0.0,0.0,0.0
0,-0.2361176609992981,0.9335304498672485,-0.2697579860687256,0.0,0.0,0.0
0,-0.23704780638217926,0.9330453872680664,-0.27061906456947327,0.0,0.0,0.0
0,-0.2376524955034256,0.9326037764549255,-0.2716091275215149,0.0,0.0,0.0
0,-0.23868870735168457,0.9320288896560669,-0.2726716101169586,0.0,0.0,0.0
0,-0.23960211873054504,0.9314889311790466,-0.273713618516922,0.0,0.0,0.0
0,-0.24157144129276276,0.9306496381759644,-0.27483534812927246,0.0,0.0,0.0
0,-0.24252153933048248,0.9303343296051025,-0.2750661075115204,0.0,0.0,0.0
0,-0.2438300997018814,0.9298758506774902,-0.2754591703414917,0.0,0.0,0.0
0,-0.2451944649219513,0.9294464588165283,-0.2756972908973694,0.0,0.0,0.0
0,-0.24627883732318878,0.9291157722473145,-0.27584534883499146,0.0,0.0,0.0
0,-0.24797694385051727,0.9287741184234619,-0.27547433972358704,0.0,0.0,0.0
0,-0.2489856779575348,0.9284228086471558,-0.27574846148490906,0.0,0.0,0.0
0,-0.24985654652118683,0.9281241297721863,-0.2759660482406616,0.0,0.0,0.0
0,-0.2505302131175995,0.9278945922851562,-0.2761272192001343,0.0,0.0,0.0
0,-0.25097739696502686,0.9277967810630798,-0.27604976296424866,0.0,0.0,0.0
0,-0.2512435019016266,0.9278061985969543,-0.2757759094238281,0.0,0.0,0.0
0,-0.25206366181373596,0.9278914928436279,-0.2747386693954468,0.0,0.0,0.0
0,-0.2524331510066986,0.9279600977897644,-0.27416709065437317,0.0,0.0,0.0
0,-0.2531220614910126,0.9278174638748169,-0.27401456236839294,0.0,0.0,0.0
0,-0.2535768747329712,0.927787184715271,-0.27369630336761475,0.0,0.0,0.0
0,-0.25403091311454773,0.9277032017707825,-0.27355992794036865,0.0,0.0,0.0
0,-0.2540223002433777,0.9278403520584106,-0.27310246229171753,0.0,0.0,0.0
0,-0.2536601722240448,0.9279893636703491,-0.27293267846107483,0.0,0.0,0.0
0,-0.2532099187374115,0.9282084107398987,-0.2726057469844818,0.0,0.0,0.0
0,-0.2529488801956177,0.9283100366592407,-0.27250203490257263,0.0,0.0,0.0
0,-0.25152823328971863,0.9288738369941711,-0.27189508080482483,0.0,0.0,0.0
0,-0.25081419944763184,0.9290187954902649,-0.2720593512058258,0.0,0.0,0.0
0,-0.2502662241458893,0.9290828704833984,-0.2723451256752014,0.0,0.0,0.0
0,-0.249780535697937,0.9291242957115173,-0.2726494073867798,0.0,0.0,0.0
0,-0.24939146637916565,0.929057240486145,-0.27323347330093384,0.0,0.0,0.0
0,-0.2485405057668686,0.9290004372596741,-0.2742003798484802,0.0,0.0,0.0
0,-0.24764876067638397,0.9291582107543945,-0.2744723856449127,0.0,0.0,0.0
0,-0.2468888908624649,0.9292306900024414,-0.2749112546443939,0.0,0.0,0.0
0,-0.24636182188987732,0.9293476343154907,-0.2749888300895691,0.0,0.0,0.0
0,-0.24634580314159393,0.9295746684074402,-0.27423474192619324,0.0,0.0,0.0
0,-0.24659200012683868,0.93039870262146,-0.27120229601860046,0.0,0.0,0.0
0,-0.24685224890708923,0.9307971000671387,-0.2695935368537903,0.0,0.0,0.0
0,-0.2471848577260971,0.9313113689422607,-0.2675047218799591,0.0,0.0,0.0
0,-0.24780745804309845,0.9316141605377197,-0.2658693194389343,0.0,0.0,0.0
0,-0.2486860305070877,0.9318676590919495,-0.26415514945983887,0.0,0.0,0.0
0,-0.2512701749801636,0.9317296147346497,-0.2621893882751465,0.0,0.0,0.0
0,-0.2529743015766144,0.9315159916877747,-0.2613081932067871,0.0,0.0,0.0
0,-0.25464382767677307,0.931360125541687,-0.26023998856544495,0.0,0.0,0.0
0,-0.2565501630306244,0.9312081336975098,-0.25890815258026123,0.0,0.0,0.0
0,-0.25863948464393616,0.9311565160751343,-0.25700801610946655,0.0,0.0,0.0
0,-0.26314446330070496,0.9309219121932983,-0.2532576620578766,0.0,0.0,0.0
0,-0.266438752412796,0.9304438829421997,-0.2515643537044525,0.0,0.0,0.0
0,-0.2697362005710602,0.929794192314148,-0.25044986605644226,0.0,0.0,0.0
0,-0.2741013765335083,0.9286012053489685,-0.2501363754272461,0.0,0.0,0.0
0,-0.27813786268234253,0.9274924397468567,-0.2497941106557846,0.0,0.0,0.0
0,-0.2869971990585327,0.9246177077293396,-0.25042906403541565,0.0,0.0,0.0
0,-0.29131728410720825,0.9231913685798645,-0.25070294737815857,0.0,0.0,0.0
0,-0.2962704300880432,0.9214351177215576,-0.25135862827301025,0.0,0.0,0.0
0,-0.301777720451355,0.9194724559783936,-0.25199323892593384,0.0,0.0,0.0
0,-0.3056698441505432,0.9181444644927979,-0.2521441876888275,0.0,0.0,0.0
0,-0.3092426359653473,0.9170032739639282,-0.25194051861763,0.0,0.0,0.0
0,-0.31610676646232605,0.9147664308547974,-0.2515529692173004,0.0,0.0,0.0
0,-0.3181808292865753,0.9141135215759277,-0.25131142139434814,0.0,0.0,0.0
0,-0.3212406039237976,0.9129235744476318,-0.251743882894516,0.0,0.0,0.0
0,-0.3239142894744873,0.9119528532028198,-0.25183621048927307,0.0,0.0,0.0
0,-0.32900750637054443,0.9098867774009705,-0.2527056932449341,0.0,0.0,0.0
0,-0.331687867641449,0.9088099598884583,-0.25307631492614746,0.0,0.0,0.0
0,-0.3340465724468231,0.9078179001808167,-0.25353407859802246,0.0,0.0,0.0
0,-0.33635759353637695,0.9067918658256531,-0.25414976477622986,0.0,0.0,0.0
0,-0.3382539749145508,0.9060540795326233,-0.25426411628723145,0.0,0.0,0.0
0,-0.33944621682167053,0.9058111310005188,-0.25353994965553284,0.0,0.0,0.0
0,-0.33844393491744995,0.9065380096435547,-0.2522786855697632,0.0,0.0,0.0
0,-0.3377918601036072,0.9070706367492676,-0.2512359917163849,0.0,0.0,0.0
0,-0.33610111474990845,0.9080214500427246,-0.25006622076034546,0.0,0.0,0.0
0,-0.3344316780567169,0.9087894558906555,-0.24951398372650146,0.0,0.0,0.0
0,-0.33410847187042236,0.908402144908905,-0.2513505518436432,0.0,0.0,0.0
0,-0.33399346470832825,0.9079974889755249,-0.2529603838920593,0.0,0.0,0.0
0,-0.33457615971565247,0.9073992371559143,-0.25433334708213806,0.0,0.0,0.0
0,-0.3343266546726227,0.9072434902191162,-0.255215585231781,0.0,0.0,0.0
0,-0.33378472924232483,0.9075666069984436,-0.2547755539417267,0.0,0.0,0.0
0,-0.3323100507259369,0.9082571268081665,-0.25424209237098694,0.0,0.0,0.0
0,-0.3262479305267334,0.9105501174926758,-0.2538911700248718,0.0,0.0,0.0
0,-0.3231889307498932,0.9115303158760071,-0.254285991191864,0.0,0.0,0.0
0,-0.31939762830734253,0.9125663638114929,-0.2553582787513733,0.0,0.0,0.0
0,-0.3166872560977936,0.9132832288742065,-0.25616979598999023,0.0,0.0,0.0
0,-0.30995479226112366,0.9153955578804016,-0.2568637728691101,0.0,0.0,0.0
0,-0.3068414330482483,0.9164627194404602,-0.2567964792251587,0.0,0.0,0.0
0,-0.30476924777030945,0.9172908663749695,-0.25630685687065125,0.0,0.0,0.0
0,-0.30289384722709656,0.9179679751396179,-0.2561056911945343,0.0,0.0,0.0
0,-0.3019457757472992,0.9183349609375,-0.2559095323085785,0.0,0.0,0.0
0,-0.30189043283462524,0.9183263182640076,-0.2560058534145355,0.0,0.0,0.0
0,-0.30258557200431824,0.9180312156677246,-0.25624340772628784,0.0,0.0,0.0
0,-0.3028916120529175,0.9178564548492432,-0.2565077245235443,0.0,0.0,0.0
0,-0.30302247405052185,0.9178051352500916,-0.2565368115901947,0.0,0.0,0.0
0,-0.30280953645706177,0.917891263961792,-0.25648003816604614,0.0,0.0,0.0
0,-0.3009554147720337,0.9186312556266785,-0.2560127079486847,0.0,0.0,0.0
0,-0.29980388283729553,0.9190601110458374,-0.25582435727119446,0.0,0.0,0.0
0,-0.29853320121765137,0.9195429086685181,-0.2555752992630005,0.0,0.0,0.0
0,-0.2970234453678131,0.9200659394264221,-0.2554519772529602,0.0,0.0,0.0
0,-0.2960643172264099,0.9204214215278625,-0.2552849054336548,0.0,0.0,0.0
0,-0.29347118735313416,0.9213725328445435,-0.2548476755619049,0.0,0.0,0.0
0,-0.2920994460582733,0.9218321442604065,-0.2547614872455597,0.0,0.0,0.0
0,-0.2910541594028473,0.9221861958503723,-0.25467655062675476,0.0,0.0,0.0
0,-0.29063257575035095,0.9222816228866577,-0.25481221079826355,0.0,0.0,0.0
0,-0.29048964381217957,0.9223270416259766,-0.2548109292984009,0.0,0.0,0.0
0,-0.2907920479774475,0.9222525954246521,-0.2547353506088257,0.0,0.0,0.0
0,-0.2917136251926422,0.921973466873169,-0.2546921670436859,0.0,0.0,0.0
0,-0.29263731837272644,0.9216659069061279,-0.254745751619339,0.0,0.0,0.0
0,-0.2933284044265747,0.9214035868644714,-0.2548997104167938,0.0,0.0,0.0
0,-0.29400619864463806,0.9210910201072693,-0.25524818897247314,0.0,0.0,0.0
0,-0.2943614423274994,0.9209122657775879,-0.2554837167263031,0.0,0.0,0.0
0,-0.29349610209465027,0.921081006526947,-0.25587061047554016,0.0,0.0,0.0
0,-0.2924919128417969,0.9213096499443054,-0.25619715452194214,0.0,0.0,0.0
0,-0.29067909717559814,0.921825110912323,-0.25640618801116943,0.0,0.0,0.0
0,-0.2891486585140228,0.922183632850647,-0.256847083568573,0.0,0.0,0.0
0,-0.2856157720088959,0.9230458736419678,-0.25770118832588196,0.0,0.0,0.0
0,-0.2844315469264984,0.9232659935951233,-0.2582220733165741,0.0,0.0,0.0
0,-0.28350740671157837,0.9233690500259399,-0.2588689923286438,0.0,0.0,0.0
0,-0.28321903944015503,0.9233118295669556,-0.25938817858695984,0.0,0.0,0.0
0,-0.28353968262672424,0.9230405688285828,-0.26000261306762695,0.0,0.0,0.0
0,-0.2848266363143921,0.9223623871803284,-0.2610008716583252,0.0,0.0,0.0
0,-0.28536003828048706,0.9220854043960571,-0.261396586894989,0.0,0.0,0.0
0,-0.2855050563812256,0.9220040440559387,-0.26152509450912476,0.0,0.0,0.0
0,-0.2855709493160248,0.9219353199005127,-0.26169553399086,0.0,0.0,0.0
0,-0.28544121980667114,0.9218500852584839,-0.2621367871761322,0.0,0.0,0.0
0,-0.2843288779258728,0.9219281673431396,-0.26306939125061035,0.0,0.0,0.0
0,-0.28344830870628357,0.9220365285873413,-0.26363927125930786,0.0,0.0,0.0
0,-0.2828643023967743,0.9221287965774536,-0.263943612575531,0.0,0.0,0.0
0,-0.2830656170845032,0.9219841361045837,-0.2642330229282379,0.0,0.0,0.0
0,-0.2839996814727783,0.9215633869171143,-0.2646981477737427,0.0,0.0,0.0
0,-0.28800535202026367,0.9201948642730713,-0.26513075828552246,0.0,0.0,0.0
0,-0.2904041111469269,0.9193922877311707,-0.26529836654663086,0.0,0.0,0.0
0,-0.2919488251209259,0.918854832649231,-0.26546511054039,0.0,0.0,0.0
0,-0.2930445075035095,0.9184831976890564,-0.2655439078807831,0.0,0.0,0.0
0,-0.2937459647655487,0.9182302951812744,-0.2656433880329132,0.0,0.0,0.0
0,-0.2937033474445343,0.9181749820709229,-0.26588159799575806,0.0,0.0,0.0
0,-0.293599009513855,0.9181591868400574,-0.2660512924194336,0.0,0.0,0.0
0,-0.29335880279541016,0.9182105660438538,-0.26613906025886536,0.0,0.0,0.0
0,-0.29355159401893616,0.9181404709815979,-0.26616817712783813,0.0,0.0,0.0
0,-0.29379895329475403,0.9179633259773254,-0.2665061950683594,0.0,0.0,0.0
0,-0.2949329912662506,0.9172282814979553,-0.26778125762939453,0.0,0.0,0.0
0,-0.29554542899131775,0.9168152809143066,-0.2685193121433258,0.0,0.0,0.0
0,-0.2961432933807373,0.9164330363273621,-0.2691648006439209,0.0,0.0,0.0
0,-0.296539843082428,0.9162027835845947,-0.2695116698741913,0.0,0.0,0.0
0,-0.2968173325061798,0.9160861372947693,-0.26960283517837524,0.0,0.0,0.0
0,-0.29605430364608765,0.9165852069854736,-0.2687440812587738,0.0,0.0,0.0
0,-0.2951364815235138,0.917000949382782,-0.2683350145816803,0.0,0.0,0.0
0,-0.2942436635494232,0.9174601435661316,-0.2677452564239502,0.0,0.0,0.0
0,-0.2934380769729614,0.9178189039230347,-0.2673996686935425,0.0,0.0,0.0
0,-0.2924565374851227,0.9181828498840332,-0.2672255039215088,0.0,0.0,0.0
0,-0.29159772396087646,0.9186464548110962,-0.2665697932243347,0.0,0.0,0.0
0,-0.2914455235004425,0.9187896847724915,-0.26624247431755066,0.0,0.0,0.0
0,-0.29134035110473633,0.9189896583557129,-0.26566675305366516,0.0,0.0,0.0
0,-0.2913159728050232,0.9191733598709106,-0.2650572657585144,0.0,0.0,0.0
0,-0.2911430299282074,0.9193905591964722,-0.26449334621429443,0.0,0.0,0.0
0,-0.2907036244869232,0.9198166131973267,-0.26349347829818726,0.0,0.0,0.0
0,-0.2903912663459778,0.9200212955474854,-0.26312294602394104,0.0,0.0,0.0
0,-0.2901824116706848,0.9201614260673523,-0.2628633379936218,0.0,0.0,0.0
0,-0.2900574505329132,0.9202812314033508,-0.2625817358493805,0.0,0.0,0.0
0,-0.29001331329345703,0.920320451259613,-0.26249292492866516,0.0,0.0,0.0
0,-0.2899804413318634,0.9204632043838501,-0.26202821731567383,0.0,0.0,0.0
0,-0.2905050218105316,0.9206365346908569,-0.26083558797836304,0.0,0.0,0.0
0,-0.2909460663795471,0.9205946922302246,-0.26049137115478516,0.0,0.0,0.0
0,-0.2915661931037903,0.9205631017684937,-0.2599090337753296,0.0,0.0,0.0
0,-0.2921414375305176,0.9205016493797302,-0.25948047637939453,0.0,0.0,0.0
0,-0.29297614097595215,0.9205112457275391,-0.25850343704223633,0.0,0.0,0.0
0,-0.2933298945426941,0.9205769896507263,-0.2578674256801605,0.0,0.0,0.0
0,-0.29337459802627563,0.9206962585449219,-0.25739020109176636,0.0,0.0,0.0
0,-0.2935419976711273,0.9207810163497925,-0.25689566135406494,0.0,0.0,0.0
0,-0.2936791777610779,0.9209151268005371,-0.2562575042247772,0.0,0.0,0.0
0,-0.2942858934402466,0.9209839105606079,-0.2553124725818634,0.0,0.0,0.0
0,-0.2943873703479767,0.9211449027061462,-0.2546137869358063,0.0,0.0,0.0
0,-0.29432323575019836,0.9214022755622864,-0.25375524163246155,0.0,0.0,0.0
0,-0.29405349493026733,0.9216814637184143,-0.25305309891700745,0.0,0.0,0.0
0,-0.2936984896659851,0.9219570159912109,-0.25246086716651917,0.0,0.0,0.0
0,-0.2925422191619873,0.9225049018859863,-0.2518009841442108,0.0,0.0,0.0
0,-0.29217445850372314,0.9227422475814819,-0.2513580322265625,0.0,0.0,0.0
0,-0.2918442189693451,0.9228571653366089,-0.2513197362422943,0.0,0.0,0.0
0,-0.2920146882534027,0.922792911529541,-0.2513575851917267,0.0,0.0,0.0
0,-0.2922220230102539,0.9227624535560608,-0.2512284815311432,0.0,0.0,0.0
0,-0.29353851079940796,0.9223684072494507,-0.25114068388938904,0.0,0.0,0.0
0,-0.29479625821113586,0.9220277070999146,-0.2509183883666992,0.0,0.0,0.0
0,-0.2956208884716034,0.9217758774757385,-0.2508735656738281,0.0,0.0,0.0
0,-0.2965776026248932,0.9214560985565186,-0.2509191334247589,0.0,0.0,0.0
0,-0.2971515655517578,0.9212955832481384,-0.2508295178413391,0.0,0.0,0.0
0,-0.2967260777950287,0.9213589429855347,-0.2511003613471985,0.0,0.0,0.0
0,-0.29505467414855957,0.9220499396324158,-0.25053268671035767,0.0,0.0,0.0
0,-0.29397904872894287,0.9224925637245178,-0.2501675486564636,0.0,0.0,0.0
0,-0.29345256090164185,0.9227275848388672,-0.24991880357265472,0.0,0.0,0.0
0,-0.2931421101093292,0.9228803515434265,-0.24971893429756165,0.0,0.0,0.0
0,-0.2932954430580139,0.9228605628013611,-0.2496119886636734,0.0,0.0,0.0
0,-0.29351940751075745,0.9227402210235596,-0.24979354441165924,0.0,0.0,0.0
0,-0.29338961839675903,0.9227939248085022,-0.24974769353866577,0.0,0.0,0.0
0,-0.29350990056991577,0.9227805733680725,-0.24965570867061615,0.0,0.0,0.0
0,-0.2937072515487671,0.922745943069458,-0.24955159425735474,0.0,0.0,0.0
0,-0.29506322741508484,0.9224774241447449,-0.2489439696073532,0.0,0.0,0.0
0,-0.2958175241947174,0.9223401546478271,-0.24855713546276093,0.0,0.0,0.0
0,-0.29680779576301575,0.9221100211143494,-0.24823012948036194,0.0,0.0,0.0
0,-0.2976042628288269,0.9219925403594971,-0.2477124184370041,0.0,0.0,0.0
0,-0.29815250635147095,0.9219173192977905,-0.24733275175094604,0.0,0.0,0.0
0,-0.2982979714870453,0.9220156073570251,-0.24679042398929596,0.0,0.0,0.0
0,-0.2978534698486328,0.9222466945648193,-0.24646370112895966,0.0,0.0,0.0
0,-0.2977079153060913,0.9223262071609497,-0.24634195864200592,0.0,0.0,0.0
0,-0.2976461350917816,0.9223169088363647,-0.24645137786865234,0.0,0.0,0.0
0,-0.29752057790756226,0.9223516583442688,-0.2464730441570282,0.0,0.0,0.0
0,-0.2981455624103546,0.9221187829971313,-0.2465890645980835,0.0,0.0,0.0
0,-0.29856187105178833,0.9219521284103394,-0.24670857191085815,0.0,0.0,0.0
0,-0.29900655150413513,0.9217884540557861,-0.24678157269954681,0.0,0.0,0.0
0,-0.299160361289978,0.921744167804718,-0.2467605620622635,0.0,0.0,0.0
0,-0.2991791367530823,0.9216963648796082,-0.24691630899906158,0.0,0.0,0.0
0,-0.29829251766204834,0.9219229817390442,-0.24714280664920807,0.0,0.0,0.0
0,-0.29761630296707153,0.9221512079238892,-0.24710656702518463,0.0,0.0,0.0
0,-0.29712918400764465,0.9222581386566162,-0.24729375541210175,0.0,0.0,0.0
0,-0.2965753972530365,0.9223914742469788,-0.24746111035346985,0.0,0.0,0.0
0,-0.2960551381111145,0.9225122928619385,-0.24763357639312744,0.0,0.0,0.0
0,-0.2953544557094574,0.922575831413269,-0.24823293089866638,0.0,0.0,0.0
0,-0.29498642683029175,0.9226998686790466,-0.24820958077907562,0.0,0.0,0.0
0,-0.2945435643196106,0.9227967858314514,-0.24837510287761688,0.0,0.0,0.0
0,-0.2941069006919861,0.9229133129119873,-0.248459592461586,0.0,0.0,0.0
0,-0.29353126883506775,0.923046350479126,-0.248646080493927,0.0,0.0,0.0
0,-0.2931031584739685,0.9231348037719727,-0.24882251024246216,0.0,0.0,0.0
0,-0.2925972640514374,0.9232144951820374,-0.24912220239639282,0.0,0.0,0.0
0,-0.292487770318985,0.9232339262962341,-0.2491786777973175,0.0,0.0,0.0
0,-0.29264548420906067,0.923149585723877,-0.24930599331855774,0.0,0.0,0.0
0,-0.2926660478115082,0.9231617450714111,-0.24923670291900635,0.0,0.0,0.0
0,-0.29288148880004883,0.9231006503105164,-0.249209925532341,0.0,0.0,0.0
0,-0.29299256205558777,0.9230768084526062,-0.24916784465312958,0.0,0.0,0.0
0,-0.2932383120059967,0.922995924949646,-0.24917832016944885,0.0,0.0,0.0
0,-0.2934623658657074,0.9229214787483215,-0.24919022619724274,0.0,0.0,0.0
0,-0.2938247621059418,0.922783613204956,-0.24927371740341187,0.0,0.0,0.0
0,-0.29439854621887207,0.9226224422454834,-0.24919341504573822,0.0,0.0,0.0
0,-0.29470330476760864,0.9225821495056152,-0.24898217618465424,0.0,0.0,0.0
0,-0.29505249857902527,0.9225598573684692,-0.24865107238292694,0.0,0.0,0.0
0,-0.29522842168807983,0.9225627779960632,-0.24843117594718933,0.0,0.0,0.0
0,-0.29526665806770325,0.9226073026657104,-0.2482202798128128,0.0,0.0,0.0
0,-0.2953237295150757,0.9226617217063904,-0.24795012176036835,0.0,0.0,0.0
0,-0.29579001665115356,0.9224027991294861,-0.24835732579231262,0.0,0.0,0.0
0,-0.297315388917923,0.9218511581420898,-0.2485840618610382,0.0,0.0,0.0
0,-0.29969120025634766,0.92096346616745,-0.24902096390724182,0.0,0.0,0.0
0,-0.302966833114624,0.9196889996528625,-0.24976631999015808,0.0,0.0,0.0
0,-0.30650636553764343,0.9183224439620972,-0.25047510862350464,0.0,0.0,0.0
0,-0.31337258219718933,0.9156710505485535,-0.2516825199127197,0.0,0.0,0.0
0,-0.3148638904094696,0.9151059985160828,-0.2518764138221741,0.0,0.0,0.0
0,-0.3175048232078552,0.9141075015068054,-0.2521868348121643,0.0,0.0,0.0
0,-0.3186556398868561,0.913676381111145,-0.2522975504398346,0.0,0.0,0.0
0,-0.31930670142173767,0.913372278213501,-0.2525752782821655,0.0,0.0,0.0
0,-0.3194875717163086,0.9132764339447021,-0.25269320607185364,0.0,0.0,0.0
0,-0.31897592544555664,0.9135019779205322,-0.25252431631088257,0.0,0.0,0.0
0,-0.3190641701221466,0.9134387969970703,-0.25264137983322144,0.0,0.0,0.0
0,-0.31941187381744385,0.9132377505302429,-0.2529286742210388,0.0,0.0,0.0
0,-0.31989115476608276,0.9129780530929565,-0.25326013565063477,0.0,0.0,0.0
0,-0.32253631949424744,0.9118443727493286,-0.25398844480514526,0.0,0.0,0.0
0,-0.32430365681648254,0.9112066030502319,-0.25402694940567017,0.0,0.0,0.0
0,-0.32651904225349426,0.9103630781173706,-0.25421324372291565,0.0,0.0,0.0
0,-0.3287670612335205,0.909483790397644,-0.2544630765914917,0.0,0.0,0.0
0,-0.334067702293396,0.9073423147201538,-0.25520312786102295,0.0,0.0,0.0
0,-0.33627837896347046,0.9063857793807983,-0.2556983232498169,0.0,0.0,0.0
0,-0.33875471353530884,0.905428946018219,-0.2558196485042572,0.0,0.0,0.0
0,-0.34108710289001465,0.9045037031173706,-0.2559933662414551,0.0,0.0,0.0
0,-0.34306591749191284,0.9037761688232422,-0.2559187710285187,0.0,0.0,0.0
0,-0.34620827436447144,0.9025450348854065,-0.25603190064430237,0.0,0.0,0.0
0,-0.34708577394485474,0.9021819233894348,-0.256123423576355,0.0,0.0,0.0
0,-0.34798941016197205,0.9017879962921143,-0.25628456473350525,0.0,0.0,0.0
0,-0.3485487103462219,0.9015577435493469,-0.2563345730304718,0.0,0.0,0.0
0,-0.34930944442749023,0.9012559652328491,-0.2563602328300476,0.0,0.0,0.0
0,-0.35107287764549255,0.9007078409194946,-0.25587743520736694,0.0,0.0,0.0
0,-0.3518778383731842,0.9004740118980408,-0.2555944323539734,0.0,0.0,0.0
0,-0.3527029752731323,0.9001622796058655,-0.25555524230003357,0.0,0.0,0.0
0,-0.3533138334751129,0.8999162316322327,-0.255577951669693,0.0,0.0,0.0
0,-0.3538026511669159,0.8997310996055603,-0.25555363297462463,0.0,0.0,0.0
0,-0.35507577657699585,0.8992804884910583,-0.2553737461566925,0.0,0.0,0.0
0,-0.35580939054489136,0.8990648984909058,-0.2551117241382599,0.0,0.0,0.0
0,-0.35666149854660034,0.8988102674484253,-0.25481897592544556,0.0,0.0,0.0
0,-0.357779324054718,0.8984739184379578,-0.25443777441978455,0.0,0.0,0.0
0,-0.3590397536754608,0.8980773091316223,-0.25406232476234436,0.0,0.0,0.0
0,-0.36229273676872253,0.8967527151107788,-0.25412312150001526,0.0,0.0,0.0
0,-0.36368441581726074,0.8961851596832275,-0.2541373670101166,0.0,0.0,0.0
0,-0.3649449944496155,0.8955898880958557,-0.2544284760951996,0.0,0.0,0.0
0,-0.3657665550708771,0.8952134251594543,-0.2545737326145172,0.0,0.0,0.0
0,-0.3659924268722534,0.8951695561408997,-0.25440332293510437,0.0,0.0,0.0
0,-0.36634328961372375,0.8950440287590027,-0.2543398141860962,0.0,0.0,0.0
0,-0.36621543765068054,0.895054817199707,-0.2544860541820526,0.0,0.0,0.0
0,-0.3662298023700714,0.8949615359306335,-0.25479331612586975,0.0,0.0,0.0
0,-0.36623838543891907,0.8949162364006042,-0.25493985414505005,0.0,0.0,0.0
0,-0.3664153218269348,0.8948129415512085,-0.2550481855869293,0.0,0.0,0.0
0,-0.3668968677520752,0.8945451378822327,-0.2552953362464905,0.0,0.0,0.0
0,-0.3671914041042328,0.8944024443626404,-0.25537171959877014,0.0,0.0,0.0
0,-0.3679226338863373,0.8940892219543457,-0.25541624426841736,0.0,0.0,0.0
0,-0.36867403984069824,0.8937866687774658,-0.25539156794548035,0.0,0.0,0.0
0,-0.3695777654647827,0.8933771252632141,-0.2555183172225952,0.0,0.0,0.0
0,-0.37084347009658813,0.8926758170127869,-0.25613483786582947,0.0,0.0,0.0
0,-0.37123996019363403,0.89231938123703,-0.2568015158176422,0.0,0.0,0.0
0,-0.37158524990081787,0.8919907808303833,-0.257442831993103,0.0,0.0,0.0
0,-0.3716598153114319,0.8917429447174072,-0.25819283723831177,0.0,0.0,0.0
0,-0.3719545006752014,0.8914639353752136,-0.25873124599456787,0.0,0.0,0.0
0,-0.37273108959198,0.8909355998039246,-0.2594326138496399,0.0,0.0,0.0
0,-0.3730909526348114,0.8907313942909241,-0.259616494178772,0.0,0.0,0.0
0,-0.3734976351261139,0.8905847668647766,-0.25953468680381775,0.0,0.0,0.0
0,-0.37388598918914795,0.8904233574867249,-0.2595294713973999,0.0,0.0,0.0
0,-0.3741803467273712,0.8903250098228455,-0.2594424784183502,0.0,0.0,0.0
0,-0.3753376305103302,0.890036940574646,-0.2587584853172302,0.0,0.0,0.0
0,-0.3759205937385559,0.8898634910583496,-0.258508563041687,0.0,0.0,0.0
0,-0.376453697681427,0.8897191882133484,-0.25822940468788147,0.0,0.0,0.0
0,-0.37685248255729675,0.88960862159729,-0.25802844762802124,0.0,0.0,0.0
0,-0.3772840201854706,0.8895707726478577,-0.2575278580188751,0.0,0.0,0.0
0,-0.3777206838130951,0.8895922303199768,-0.2568126618862152,0.0,0.0,0.0
0,-0.37789344787597656,0.889614999294281,-0.2564794719219208,0.0,0.0,0.0
0,-0.37755534052848816,0.8899053335189819,-0.2559695541858673,0.0,0.0,0.0
0,-0.37715113162994385,0.8902435898780823,-0.25538861751556396,0.0,0.0,0.0
0,-0.37659019231796265,0.8905866146087646,-0.2550201117992401,0.0,0.0,0.0
0,-0.37580376863479614,0.8910595774650574,-0.25452762842178345,0.0,0.0,0.0
0,-0.3744710683822632,0.8918234705924988,-0.25381550192832947,0.0,0.0,0.0
0,-0.37395283579826355,0.8920682072639465,-0.2537194490432739,0.0,0.0,0.0
0,-0.3736670911312103,0.8922724723815918,-0.25342196226119995,0.0,0.0,0.0
0,-0.37337321043014526,0.8924815654754639,-0.25311869382858276,0.0,0.0,0.0
0,-0.3733973503112793,0.8925846219062805,-0.25271934270858765,0.0,0.0,0.0
0,-0.3735158443450928,0.8925501704216003,-0.2526659667491913,0.0,0.0,0.0
0,-0.37388038635253906,0.8924389481544495,-0.2525196373462677,0.0,0.0,0.0
0,-0.3740151524543762,0.8924244046211243,-0.2523714303970337,0.0,0.0,0.0
0,-0.37404441833496094,0.8924992084503174,-0.2520633637905121,0.0,0.0,0.0
0,-0.37435442209243774,0.892463743686676,-0.2517284154891968,0.0,0.0,0.0
0,-0.3744918406009674,0.8923811912536621,-0.25181683897972107,0.0,0.0,0.0
0,-0.37486252188682556,0.8922174572944641,-0.2518453896045685,0.0,0.0,0.0
0,-0.3755374550819397,0.8918970227241516,-0.25197479128837585,0.0,0.0,0.0
0,-0.37615081667900085,0.891591489315033,-0.2521410882472992,0.0,0.0,0.0
0,-0.37744930386543274,0.8911345601081848,-0.25181588530540466,0.0,0.0,0.0
0,-0.3780166804790497,0.8910074234008789,-0.2514142394065857,0.0,0.0,0.0
0,-0.37850576639175415,0.8908457159996033,-0.2512514591217041,0.0,0.0,0.0
0,-0.37889906764030457,0.8906857967376709,-0.25122562050819397,0.0,0.0,0.0
0,-0.37953928112983704,0.8904004693031311,-0.2512706518173218,0.0,0.0,0.0
0,-0.38065022230148315,0.8899254202842712,-0.2512730360031128,0.0,0.0,0.0
0,-0.38135915994644165,0.8896290063858032,-0.2512477934360504,0.0,0.0,0.0
0,-0.38197049498558044,0.8894141912460327,-0.2510794699192047,0.0,0.0,0.0
0,-0.38254112005233765,0.8892014026641846,-0.25096452236175537,0.0,0.0,0.0
0,-0.38272199034690857,0.8891769647598267,-0.25077521800994873,0.0,0.0,0.0
0,-0.38257449865341187,0.8892781734466553,-0.25064143538475037,0.0,0.0,0.0
0,-0.38171306252479553,0.8897693753242493,-0.25021103024482727,0.0,0.0,0.0
0,-0.38075393438339233,0.8902444839477539,-0.24998246133327484,0.0,0.0,0.0
0,-0.3800894021987915,0.890619158744812,-0.24965892732143402,0.0,0.0,0.0
0,-0.3791852593421936,0.8910580277442932,-0.24946780502796173,0.0,0.0,0.0
0,-0.3785472512245178,0.8913813829421997,-0.24928146600723267,0.0,0.0,0.0
0,-0.37728288769721985,0.8919592499732971,-0.2491311877965927,0.0,0.0,0.0
0,-0.3764500319957733,0.8923617005348206,-0.2489498406648636,0.0,0.0,0.0
0,-0.3757941722869873,0.8926877975463867,-0.24877145886421204,0.0,0.0,0.0
0,-0.37499547004699707,0.8930525779724121,-0.2486673891544342,0.0,0.0,0.0
0,-0.37358665466308594,0.8937745690345764,-0.24819356203079224,0.0,0.0,0.0
0,-0.3732871115207672,0.8938558101654053,-0.24835160374641418,0.0,0.0,0.0
0,-0.37289929389953613,0.8939868807792664,-0.24846239387989044,0.0,0.0,0.0
0,-0.37263357639312744,0.8940141201019287,-0.24876286089420319,0.0,0.0,0.0
0,-0.37227731943130493,0.8941083550453186,-0.24895747005939484,0.0,0.0,0.0
0,-0.3713423013687134,0.8943825364112854,-0.24936863780021667,0.0,0.0,0.0
0,-0.37072375416755676,0.8945813179016113,-0.2495759278535843,0.0,0.0,0.0
0,-0.3702723979949951,0.8946953415870667,-0.2498372495174408,0.0,0.0,0.0
0,-0.36955752968788147,0.8949419856071472,-0.250012069940567,0.0,0.0,0.0
0,-0.3688989579677582,0.8951863646507263,-0.25010985136032104,0.0,0.0,0.0
0,-0.3678683638572693,0.8955212831497192,-0.25042861700057983,0.0,0.0,0.0
0,-0.3676871061325073,0.8955556750297546,-0.25057172775268555,0.0,0.0,0.0
0,-0.36743494868278503,0.8956445455551147,-0.25062403082847595,0.0,0.0,0.0
0,-0.367056280374527,0.8957493901252747,-0.25080406665802,0.0,0.0,0.0
0,-0.3667861223220825,0.895815908908844,-0.2509617209434509,0.0,0.0,0.0
0,-0.3661121129989624,0.8958995342254639,-0.25164636969566345,0.0,0.0,0.0
0,-0.36592593789100647,0.895872175693512,-0.25201427936553955,0.0,0.0,0.0
0,-0.36576953530311584,0.8958291411399841,-0.2523941099643707,0.0,0.0,0.0
0,-0.3658601641654968,0.8956881165504456,-0.2527630627155304,0.0,0.0,0.0
0,-0.3659111261367798,0.8955734372138977,-0.2530953288078308,0.0,0.0,0.0
0,-0.3660622835159302,0.895469605922699,-0.2532441318035126,0.0,0.0,0.0
0,-0.3662557899951935,0.8953410983085632,-0.25341862440109253,0.0,0.0,0.0
0,-0.3661779761314392,0.8953453898429871,-0.25351595878601074,0.0,0.0,0.0
0,-0.3658427298069,0.895430862903595,-0.2536980211734772,0.0,0.0,0.0
