0,0.36662804210948546,-0.3117769310393307,0.26936695807701655,86.71523620952671,76.91184797986486,54.25573786181243
0,0.36679618681239684,-0.3117170963206265,0.2694012843919427,86.45995221680454,76.98208907363937,54.091106165259006
0,0.3670388924555739,-0.3119753960289928,0.2693919395757348,86.1018357178636,77.0260513252443,53.89434826714807
0,0.36728369022178253,-0.31196037923478814,0.26939259045845576,85.7942877541124,77.05994527974045,53.7442443136139
0,0.36747376347350674,-0.31200621997499195,0.26939100974327634,85.56999288204017,77.08067296528236,53.66360141922076
0,0.36767710620927413,-0.31204875980996816,0.2694040893865258,85.40431935099723,77.09130245321,53.643750008736156
0,0.36805847311782436,-0.3119855544486019,0.2693858646703393,85.2996122127059,77.09350890106558,53.68756271325359
0,0.3687004836873969,-0.31214761649751394,0.269284048016134,85.25819513124304,77.0631087743979,53.85556610633882
0,0.3689882668333014,-0.3122919962325069,0.2691359102082879,85.25680010667469,77.01798000079133,54.03998013523772
0,0.36914525354671085,-0.3124870440878842,0.2689618920636804,85.28565342056746,76.96648426833875,54.2286081010867
0,0.3693869131283721,-0.3126177475371334,0.26887179129845207,85.31918464727552,76.91254072579774,54.408660063313725
0,0.3694112050013502,-0.3128989753642055,0.2687556862188012,85.35097398914043,76.86381598739833,54.568103702735264
0,0.3696093368010481,-0.3133998838582012,0.26850069516426633,85.38002817167526,76.80453480104664,54.76065645412104
0,0.36965921843814453,-0.313671487919328,0.26836210363632745,85.39497554521552,76.75535709191027,54.93470480730443
0,0.3698835792617758,-0.3137515309967968,0.26834246867424555,85.39250158451878,76.72823627936161,55.08081993976996
0,0.3700938763694724,-0.31379276131772726,0.2683022689176232,85.37525527630811,76.71485471518827,55.202156565618616
0,0.3704319092111548,-0.31372477506780355,0.2683061432195336,85.35478263086856,76.72183591994805,55.313108522581615
0,0.37066826099919875,-0.31394409929895134,0.2682342671704919,85.31426193886735,76.73932168454701,55.41059673777164
0,0.3707545610742529,-0.3140346804776165,0.26822589867836544,85.26967958746732,76.76300788024678,55.465157807170485
0,0.3708364444451292,-0.314014766565797,0.26828356378799983,85.22292866089118,76.79172693715564,55.48264447833245
0,0.37078013146686156,-0.31411886130952565,0.26823291891342704,85.19299976850229,76.8260541208787,55.479331014144854
0,0.37065305436420043,-0.31437826906823846,0.26813415520912715,85.19788151760771,76.8578446100721,55.48818484458337
0,0.3707520621495207,-0.3142745772519085,0.26827476137405937,85.23458873767807,76.8926237715901,55.504195446248936
0,0.37044924671220386,-0.31475461875581473,0.2681216489625604,85.31919785868543,76.91916555626793,55.51827837746588
0,0.37033526474999984,-0.3148959377922985,0.268084564144674,85.41761236009995,76.94268140246498,55.53455873280175
0,0.37029803270864087,-0.31496006523751946,0.26798987620598386,85.53397821323318,76.9657154640362,55.56923942128666
0,0.37015954578685367,-0.31505958055639005,0.26796157830483025,85.64756329391365,76.98669201222744,55.590856996580854
0,0.3696035834627112,-0.3154712638773891,0.2677236496759088,85.78176698597503,76.99118656696892,55.59255725825793
0,0.36939227903651795,-0.3155542126812908,0.26769817226654596,85.8752225390909,76.99123212208512,55.56093728407868
0,0.3693465622739752,-0.315542961708543,0.26772757046944207,85.95906393957101,76.9892836593493,55.52412381963653
0,0.36916541928815444,-0.315668574325082,0.2676770340753229,86.04066939925154,76.97720306758714,55.4924068390385
0,0.3688700037674864,-0.31596187447690693,0.2675236272168786,86.13168653486457,76.95211803260946,55.48166689383137
0,0.3686987402515372,-0.3163876525082561,0.26726789229637693,86.31781147216519,76.8820479324574,55.56463651832043
0,0.36858303422498306,-0.316695744744775,0.2670470105958612,86.49667795367819,76.80061587912371,55.673798433820025
0,0.36867561066913207,-0.3169510224976513,0.26679465406662534,86.6771837407314,76.69290116637487,55.83204087915581
0,0.36893594438600147,-0.31697257136487694,0.26664662473923273,86.87159524391117,76.57666648701941,56.02939620983103
0,0.3692167925314863,-0.31715980862760274,0.2664165686917932,87.12140740132074,76.46502358914618,56.32997601553167
0,0.3697165387349089,-0.3177474937357876,0.26590238683945244,87.67358526146126,76.34239294975453,57.03064922682526
0,0.3703977766113241,-0.31791952823781705,0.2656954681230218,88.56936281496392,76.2779756604049,58.10004982618604
0,0.3712137627081831,-0.31786640381002157,0.26556324594742364,89.7168507929468,76.24584115600655,59.42048866571449
0,0.3721018689351042,-0.31803071295404167,0.2653424727273614,91.37033550509207,76.2722402878176,61.25065640380076
0,0.3731443660931547,-0.3183406648554776,0.2650373946977288,93.8222420922429,76.35551330561948,63.880830626117245
0,0.3757850127892454,-0.3190892032303783,0.26411952608353206,99.73797181747308,76.52617933783722,69.93961634903825
0,0.37736129189300144,-0.31924056445741383,0.26350977295166567,106.36865376991165,76.55138699244755,76.63918056288212
0,0.37877547020482616,-0.3197151974358532,0.26255652421242304,113.59215593631563,76.34876081587427,83.85071077209228
0,0.37998357439803676,-0.3203504434742901,0.2612123894048364,120.91487252991948,75.87373773851888,91.12946574929998
0,0.38136164421605667,-0.3208386365094158,0.2598551129651696,128.05170817915774,75.10434368223135,98.1757791038837
0,0.38358105743693904,-0.32145725404405323,0.25707184546715334,136.2413321229561,73.66132073714238,106.16463368258235
0,0.3839611264543493,-0.32209033047342034,0.2552296149087579,142.01138156937452,72.05852552385974,111.69283691447923
0,0.38396186257171233,-0.32268691097879143,0.25324628227478574,146.0562676983221,70.37288423160392,115.40407407883585
0,0.38316077316569885,-0.32365743910455436,0.2505943381143243,148.65842897301258,68.60176601824433,117.53785460024469
0,0.38268783713149623,-0.3245165113129589,0.24803640001541682,150.47258051481433,66.7902092441829,118.81962937122795
0,0.38131550128030384,-0.32636945044183463,0.24228093856102537,151.58811148441026,64.36477355716684,119.1948382143467
0,0.38066611016559204,-0.3272171012082073,0.23961716228252958,152.3379449418855,62.24178635883621,119.31799784221022
0,0.3807446616368254,-0.327749228826997,0.23770570569759913,152.87665901547405,60.46609089135708,119.42994916588039
0,0.3804652469830473,-0.3283915260949108,0.23565702908760616,153.25374622872758,58.921535244045145,119.4903570886738
0,0.3809817107992132,-0.3284168950238201,0.23518788986927577,153.7511893157279,57.79207881550827,119.83039897933772
0,0.3817878561692198,-0.3285400513329479,0.2339948528361947,154.49583346986424,56.80456428037643,120.52842016658677
0,0.38247907037305434,-0.3283493426957104,0.23431881421333858,155.2393948446806,56.24710150682981,121.3384306149968
0,0.38334491873550014,-0.32792430078172413,0.23466643207794735,155.9284250370027,55.8823916641876,122.15456807712415
0,0.3842011588292082,-0.32761998211526605,0.2353240793300302,156.60893852583868,55.79944401326622,123.05222315009235
0,0.3849127324895819,-0.327413900248048,0.2360425143790872,157.23936854449047,55.92253899790369,123.97295270164759
0,0.3863234433011969,-0.32680089270257684,0.2379033880782754,157.98822265274475,56.379488385507244,125.14490310342606
0,0.38689897084998687,-0.3264782563366863,0.23891124897724697,158.69180029683386,56.86942979006515,126.19546545256117
0,0.3872052150444945,-0.32625250851297116,0.23970890575176784,159.30391724537967,57.35050354319208,127.06871309477128
0,0.38737250740098556,-0.3260242346444103,0.24022641175514764,159.86255784080987,57.80508950778086,127.83399383583567
0,0.3874957683162649,-0.3259128872075054,0.24083518856293268,160.34258656130908,58.226737699884865,128.43492692281168
0,0.38730610186624126,-0.3259223869957897,0.24134066873318263,160.7242062277709,58.6348923753578,128.85109394854297
0,0.38715907210874156,-0.3260349432148907,0.241393622691694,160.91960348504443,58.91120604222824,129.02205685787249
0,0.3870267646985014,-0.3260582510151836,0.24131512933498928,160.97104876647862,59.0974481926322,129.0238535734984
0,0.3867886501030882,-0.32630950724267693,0.24092684679752896,160.80484637192652,59.15520740940889,128.78299627764227
0,0.38655991131829814,-0.32662476693773,0.24058865898377008,160.50566627796064,59.14628045167157,128.40271546673375
0,0.38612339372205334,-0.3271461704888317,0.23969185882336208,159.8529543242729,59.00828301563797,127.64492576209281
0,0.3859660002069433,-0.32739841853761403,0.239327651197973,159.21066510443316,58.87184067293269,126.92034953065863
0,0.38587886715697844,-0.32748514091157643,0.2391272800517709,158.6500894723947,58.75892702425318,126.30882735502982
0,0.38600228304433426,-0.32747791921281544,0.23913150304085323,158.17943545464996,58.67020441640143,125.80895150147364
0,0.38599290723371105,-0.32742309009217946,0.23916743331677026,157.78319912348755,58.62692554097723,125.41706225428531
0,0.38619036103057464,-0.3271292475380871,0.23960306757217953,157.42468782078672,58.671012761477456,125.13027493760397
0,0.38632468307780826,-0.32693319236421314,0.23991758340126584,157.18689864369034,58.762167962832734,124.98615875294226
0,0.3864451738672217,-0.3267595771470043,0.240292553837362,156.99408869795766,58.87887880075766,124.90531338454983
0,0.3866113426761587,-0.3265309623398754,0.24068773263222284,156.83848603510043,59.048222864994344,124.88579015731264
0,0.3866271110849341,-0.3265330854573223,0.24095633023506707,156.68344390329764,59.24464157317664,124.88971474520325
0,0.3869950535373648,-0.3261059049286815,0.24184260004288266,156.42677867143072,59.599091592259114,124.86894934298913
0,0.38717768812942105,-0.32586478387498585,0.24214636080986568,156.19150235228884,59.95023220084728,124.85619417621915
0,0.38741080487536983,-0.32563368951463434,0.24256559901959013,155.94525302651667,60.30918655044916,124.82811446515825
0,0.38773188764619426,-0.32534426366471975,0.24307721608406613,155.68910091375307,60.673903839359966,124.79206994481149
0,0.38797503883409107,-0.32509869491243093,0.24347215467220854,155.4046838425817,61.0405793203619,124.73476246617606
0,0.38811339015531143,-0.3248906139054272,0.2441973697496087,154.89021067007428,61.56172345408371,124.54994976638393
0,0.3882658633069952,-0.32464809810304374,0.2446611856771142,154.34243392477302,62.05402022092259,124.3008051589392
0,0.38849518323707183,-0.32422017370843625,0.2451086830449731,153.76958199769575,62.536383544296264,124.00447754319725
0,0.3886125939564665,-0.323971768967149,0.24557088726288387,153.1184928487035,63.01326566688697,123.62010996485766
0,0.3886697980241736,-0.3237912110009167,0.24589395755058835,152.3924067563699,63.490609805396566,123.16268746325512
0,0.38874197626876433,-0.3232575646557781,0.24682078355080195,151.14071284597873,64.16148939064797,122.28382334088424
0,0.3886292340831717,-0.32317143117570607,0.24727987282997677,149.86468599939485,64.77105521411725,121.35664985666033
0,0.38855172867345417,-0.32291780387544367,0.24778979295021603,148.53981303088045,65.34595071590961,120.35697958007326
0,0.38833011860417926,-0.32282136475228995,0.24820263856178829,147.1810109054504,65.89474515893879,119.30177784855883
0,0.3881577896552046,-0.32250908052110405,0.24883904689079828,145.79043576258624,66.44964602913728,118.19074302601919
0,0.38802809739875394,-0.32163472806596494,0.2501260434938104,143.88344610846337,67.19959042466303,116.62831057493966
0,0.3877378734426459,-0.32127664958619806,0.25085526459938595,142.03757792785888,67.90038651400198,115.0798241793553
0,0.3874466227965315,-0.3209064832844708,0.25160162561661314,140.194226697543,68.56494093254818,113.50489425047272
0,0.3870364504532774,-0.3205190220990154,0.25237524622208185,138.23948648197683,69.22146642425622,111.80419955441198
0,0.3865174489693602,-0.3203819647946331,0.25299835794693537,136.13205164053545,69.85877600916201,109.96426390951807
0,0.38592051590251525,-0.3195407298722241,0.25461871498352595,133.1286613760619,70.71514461196085,107.35603912300465
0,0.38564141119288997,-0.31916998242521016,0.25552626245743343,130.1464235818829,71.47338103749188,104.76902614679774
0,0.38544169092940883,-0.3186572728075954,0.25644678109413693,127.08732157360255,72.1725559931285,102.12454711365123
0,0.385184708483692,-0.31817763423108786,0.2572891473127038,123.90997470858568,72.81629966142432,99.37150124406638
0,0.3849675344901045,-0.3176106766381237,0.2583320009065301,120.49948691483714,73.43552333790562,96.41598406321576
0,0.3844643014149626,-0.3165974382081005,0.26027036064392634,115.74579917933657,74.20460430430632,92.27865894972327
0,0.3842190774755438,-0.31605049525880546,0.2612605547261865,111.15125936954891,74.82084042084223,88.23873978477629
0,0.3839432659225424,-0.3154811510958645,0.26219942205673763,106.68431706921503,75.3156741105926,84.28013395253538
0,0.38353745216893753,-0.31489275311612813,0.26318939917809075,102.38127235038375,75.72455661239805,80.41323996437757
0,0.38330125535296994,-0.313920892230508,0.2643074917150171,98.03009828773395,76.05461390963586,76.46111520687813
0,0.3823454457001646,-0.31283907865667077,0.2659413623166711,92.50690979432555,76.29863343448261,71.37910189633715
0,0.38193912828731136,-0.312335837832925,0.2668425869298608,87.54010968420322,76.3624439406861,66.79909736356792
0,0.38129657531547145,-0.3120379505076382,0.26740056389099665,83.14664772999252,76.27969434420352,62.72277788049413
0,0.38057944203185634,-0.3118931678452465,0.2677220379663141,79.1885729510667,76.08531664311045,59.04346439687688
0,0.3800546484665831,-0.31171375667237966,0.2680494939637811,75.78467325045845,75.79137985350687,55.884071499026625
0,0.37959021652507385,-0.3109151313223812,0.2687451481176049,72.05520993222326,75.31846479269797,52.44856135304485
0,0.379231184967037,-0.31077238654279443,0.26894634836441583,69.12062846602451,74.82734519926304,49.758903171050726
0,0.37868736857938373,-0.3108937606730434,0.2690282975984246,66.78055584756812,74.34646710169352,47.62939684195688
0,0.3782093378381689,-0.31081456219339104,0.2691836106134088,64.78946877467355,73.84540958579036,45.8069330662217
0,0.3775858464317282,-0.31098549639367795,0.2692205404592187,63.13240046936621,73.3650429655118,44.28021849399813
0,0.37648783052730167,-0.31073868011617395,0.26969695561653684,60.98843023958635,72.71642146976674,42.29055053640382
0,0.37628479773568707,-0.31015865062856407,0.270167962248388,59.12576818859667,72.1221494862006,40.57299984516632
0,0.3758701312022169,-0.3100372300066921,0.27042729252106257,57.41810705262137,71.54098717896478,39.047214765625306
0,0.375709231443878,-0.3097353676476452,0.27083397024399347,55.87994771668088,70.97702059432024,37.71507501596961
0,0.37550447458791336,-0.30952664350652426,0.27119325750595635,54.38313675217117,70.43321848686725,36.48787080151093
0,0.3749868097381552,-0.30926260208272666,0.27186300032860344,52.3808012056062,69.72495260263251,34.95314455979737
0,0.37492489839362697,-0.30901456927442283,0.2723301791501672,50.648261526745756,69.12180914344721,33.68448229937552
0,0.3749619367198905,-0.30868010079049796,0.2727561199021966,49.08760365065917,68.58377532660953,32.577300661311725
0,0.37478228534030517,-0.3084390649714443,0.27321988933807917,47.6507235096135,68.08860416268784,31.58238931985478
0,0.374514551706787,-0.3083430210270855,0.2737645696950586,46.306948644059844,67.61888726024623,30.650272818286208
0,0.37409194285440045,-0.3078771594681713,0.2746543728662164,44.69051555984873,67.05691358038271,29.53310879737445
0,0.37440242940949997,-0.30720103954457967,0.2753880106759698,43.30648287955302,66.57516506719666,28.606665440821313
0,0.3742996829228361,-0.30694975232267113,0.2757980667901666,42.13650865506263,66.18069296425908,27.83880490977602
0,0.3743752511815985,-0.3063282755532238,0.27629360550171445,41.089016668153796,65.84379063982863,27.149924330464383
0,0.37426090116071303,-0.30610106324338643,0.2766227816892297,40.19071293701521,65.55269185979388,26.570081989443487
0,0.3739062669353445,-0.3058615693964931,0.277146711285177,39.324321885952386,65.24398130246819,26.018288474737595
0,0.37369116569327915,-0.30577249919557303,0.2773438357663781,38.6583228648524,64.9881480667285,25.58624152201303
0,0.3737140240745505,-0.3053054753460857,0.27768964045769284,38.14124084476464,64.76270745496075,25.235052218714614
0,0.3734149473385771,-0.3053214219727489,0.27773320310837335,37.792790513702364,64.56522658165382,24.97511426587537
0,0.3732284384446104,-0.3052677628912899,0.2778501915288598,37.502245166583776,64.39501098437816,24.732488817496012
0,0.37266441757249436,-0.3053492937006924,0.27791478389031,37.321877865739026,64.2077913552042,24.51247472649001
0,0.37239852423238357,-0.3055556855120632,0.2778999840570123,37.23922062064311,64.05746864343905,24.363677788967724
0,0.37222235972451767,-0.3056493583836529,0.2779066788507135,37.24914223280739,63.95279240809315,24.280635433359752
0,0.3719912382440527,-0.30586313461446496,0.27786864870316097,37.326582287015626,63.88682289668538,24.260776344613884
0,0.3719350802378615,-0.30603945409440725,0.27785569303757257,37.518830234101195,63.87483645332634,24.335294296082363
0,0.3720026093201597,-0.30618887817048757,0.2778175079179437,37.97500336459249,63.93588049928875,24.593580159171058
0,0.37195745433139404,-0.30651448225164146,0.2776073347879083,38.537704472292,64.00375911608072,24.959840427877964
0,0.37190679783391556,-0.3069554862894985,0.2774294888330133,39.138589912231254,64.06615551082281,25.373713062538773
0,0.37197295153903565,-0.30724654709481924,0.2772135352445275,39.76663227597321,64.1315075004851,25.83776390386283
0,0.37220980698632794,-0.3073560348668072,0.2770687138391168,40.41350450250235,64.20779557216775,26.330262811656063
0,0.37250944549607834,-0.3079383656897518,0.2767776297879846,41.214924528324765,64.34203043801006,26.987209207581262
0,0.372736731417652,-0.30819859480046957,0.2766703581166894,41.947782494543105,64.48594011897788,27.5932174523432
0,0.37299813056754666,-0.3083422306694958,0.27660156601196834,42.62857143706245,64.67328385566735,28.165999204782498
0,0.37321162397431934,-0.3086009642996761,0.2764951001954705,43.28953438639083,64.8645341752193,28.73129047391082
0,0.37367409939336377,-0.3087076160826656,0.27652840369469234,43.963904957917364,65.11455399924974,29.325803418337088
0,0.3739416974263151,-0.3089872631945584,0.2763726412606866,44.65555136089789,65.38677150145978,29.94616256827818
0,0.37497505123185715,-0.309281051508424,0.2761739980531366,45.71142935696281,65.81027813226389,30.933643753801217
0,0.3756024556832274,-0.3094576731839153,0.27601583355194637,46.773936806087065,66.21901854910314,31.937975320621977
0,0.3761505725460013,-0.3095747623362514,0.27585083478218625,47.815700494813726,66.60419207108114,32.939374000891206
0,0.3772807645277937,-0.3093967381634685,0.2758770560575159,48.92931513642744,67.02619565357031,34.03848080652276
0,0.3785621123986204,-0.30951628362321587,0.2755832135034234,50.31095589649186,67.53407903376895,35.45872752782113
0,0.3795123817996939,-0.3094246021428082,0.2756187021089227,51.60989017066861,67.99396589738834,36.79613556373603
0,0.3802939640955885,-0.3094554570832226,0.27545047991997307,52.79654181957678,68.39254704367772,38.06213045766217
0,0.38118365878629284,-0.30940054272794454,0.275365043814245,53.93773181358024,68.76879320535524,39.2981923127146
0,0.3820278498010595,-0.3093447217860195,0.27531491034752437,54.980252349924896,69.12409150114554,40.466539553791826
0,0.3828688057737311,-0.3093487820544216,0.2752453278852136,56.02467935883935,69.48065858219883,41.666749645773635
0,0.3841565074996908,-0.30927906786584586,0.27509353273636405,57.20768062328709,69.8707824241581,43.05743444956908
0,0.384868236132141,-0.3093640932955715,0.27493138545281004,58.274318165148486,70.17678554685845,44.34053831447058
0,0.3856163444595297,-0.3092846623578045,0.274826701815191,59.163167722961845,70.40950050757739,45.4777273592606
0,0.3867488610224684,-0.3089869842448208,0.2747166251493127,59.87149615991893,70.59593558329739,46.51960761454944
0,0.38902458722161853,-0.308668989292619,0.27457962983376094,60.56279860864463,70.74474463524555,47.84152519900679
0,0.39045742029714187,-0.30836852943086357,0.2747507964921625,61.141253142890534,70.8767943602717,49.05080325699641
0,0.3919248508887251,-0.30816441570901604,0.27473705046898433,61.66038526003574,70.98601500911087,50.24042464591724
0,0.39330822850036223,-0.30802838122033804,0.27479036086327147,62.1764214905187,71.08352317661296,51.4232566073328
0,0.3948581236081084,-0.30781481420182916,0.2747395765138299,62.728335532075704,71.17591029684232,52.667912783031056
0,0.3963467078881224,-0.30756248866700864,0.2746900164437921,63.320443015662796,71.27089456338261,53.955214097876514
0,0.39909004295634826,-0.30681759213590354,0.27470075600868776,64.12725939836157,71.39349078639394,55.69033234511171
0,0.40061283732223113,-0.3063477013030026,0.27480359547859734,64.84522179911305,71.49324185471156,57.273205530167544
0,0.4021869661884268,-0.3059224114336941,0.27478064411408015,65.48303575394347,71.57248836349227,58.772293227333584
0,0.40352013284730515,-0.30561826323651997,0.27472663634544914,66.03174132091264,71.63133433999863,60.149911737160316
0,0.4050664635972937,-0.30504482006215783,0.27485145085579465,66.42394938532027,71.66854977381054,61.42098375241885
0,0.40799268508720005,-0.3040367499508831,0.2749503385377557,66.71524969029623,71.70051812967154,62.953481648312916
0,0.4097470464782675,-0.3033161065497372,0.27504981511360715,66.85216358450035,71.73482456248928,64.2850856525063
0,0.41137599671649533,-0.30263653074884145,0.2749695395780236,66.91444277678562,71.76901725001863,65.50110254667405
0,0.4131546306090315,-0.30178533112191885,0.2750712942433984,66.89263637960167,71.82130847982566,66.6241884710712
0,0.4164008306937178,-0.2999467734017346,0.27550912135368893,66.68965719967008,71.9463859080457,67.93620118611409
0,0.4179197701291998,-0.2989757648625347,0.27576798671013425,66.44260657257034,72.10389722652248,69.02486539285792
0,0.41917717481422023,-0.2978553322472545,0.2762525843930871,66.11390805181178,72.2926489404123,69.87629607150963
0,0.4202107804493865,-0.2969456616559002,0.2766358768296868,65.73049237885552,72.51368936214601,70.52934646374784
0,0.42102759952115615,-0.2961071000018093,0.276997271711889,65.27697074780315,72.72222457019771,71.03084561546387
0,0.4228410052733381,-0.29432453369283407,0.27757629388100213,64.62294647870158,73.00271353379169,71.51300311486698
0,0.4238492923455198,-0.29313036536359516,0.2779747890782983,64.00059307649099,73.25349042098985,71.91287639708133
0,0.42485947782563765,-0.2921173516430828,0.2781898438287408,63.427451601880456,73.47729445413725,72.29000336058485
0,0.4258696051912268,-0.29102777396821705,0.27845692270523614,62.88669036885982,73.68703116468023,72.63963355896513
0,0.4266526984648665,-0.2901140741028759,0.27856338852173396,62.4290301645858,73.88308396267516,73.01877540802249
0,0.42743594671058255,-0.28920563553952905,0.2787195228887231,62.0621578867827,74.06882932224802,73.41008581625039
0,0.42877897346782284,-0.2877451167025539,0.27863159173256463,61.860200267696214,74.25129716976716,74.08873292656725
0,0.4294113951401671,-0.2870859429755184,0.278644330437246,61.763551180932716,74.39674066157625,74.73120522772433
0,0.4301446455197294,-0.28646665131234855,0.2785111784291894,61.78548123499344,74.50637933946142,75.42027213873814
0,0.43102568114566403,-0.2856986174502346,0.2784666549516351,61.88961294202655,74.59584525279698,76.1462280943324
0,0.4315776141958197,-0.2851016572632763,0.27835368030792784,61.972931974691335,74.6686403374304,76.80988527091509
0,0.4327960821466406,-0.2839060089507076,0.2782094168019921,62.11003257024303,74.73762340951191,77.65150319247046
0,0.43323841119575107,-0.2833968171992275,0.2781077861142785,62.232311259888405,74.79217268325978,78.35985444194573
0,0.43361642683314877,-0.28298166250371665,0.27787976020104,62.355896429430445,74.84052823823596,78.97949348158159
0,0.43381860727834304,-0.2826626989760372,0.277798942263189,62.49394449772732,74.8890446011685,79.51829334996236
0,0.43440932209062183,-0.28203350459718435,0.27781279676682064,62.73616595752836,74.95260751572486,80.11600175875034
0,0.43456619257497386,-0.28187283729696005,0.27771251433617183,63.006878719872695,75.00920400799903,80.63011487690217
0,0.43461731398868164,-0.281663686982629,0.2777607106519372,63.257226543788946,75.05807703529037,81.05877569892999
0,0.43466727311181624,-0.2816220304884884,0.2776670455289514,63.53076732459386,75.1038293429195,81.42246049145078
0,0.4347969653682669,-0.2815484342493984,0.27764629476791924,63.815363522606,75.14816745555152,81.73513560703257
0,0.43478075141477185,-0.2815455827631924,0.277662303383413,64.05644842130738,75.19345601439865,81.93024187021629
0,0.43430843526887497,-0.2822545257725689,0.2774731599641473,64.33332299655844,75.23355797247204,81.99860158341329
0,0.434059627600189,-0.2826437846341106,0.2774252890897424,64.55543379538284,75.26245564272942,81.96390773194108
0,0.4340160998182257,-0.2829588971056911,0.2773842369866998,64.77274801571572,75.28865565460802,81.92709555688276
0,0.43386502141522965,-0.28334749733590814,0.27729553097015924,65.03086545103808,75.30788107227652,81.90468958861264
0,0.4336650880651434,-0.284018549672601,0.27709265702492303,65.480315425156,75.321156365183,81.95544130549558
0,0.4335149201230963,-0.28442859028959006,0.27695435994392936,65.97098251604017,75.33023691272786,82.05014378178592
0,0.4333096789793928,-0.2849096701064083,0.2768191468072564,66.45301963125057,75.33968280558413,82.13342470633255
0,0.4330547111706694,-0.2853367576518032,0.2767334162545831,66.93382463644546,75.35378443152045,82.19742025753578
0,0.4326146485881766,-0.2859360036768887,0.2765667592836053,67.44265577595473,75.36377506767093,82.2265682894619
0,0.43221493686008056,-0.286516443840501,0.27649035804993227,67.88721544345842,75.3626720929611,82.18779211362427
0,0.43107992137240964,-0.28795962905072897,0.276151279146734,68.36212611624688,75.31234552203954,81.95509712291005
0,0.4306006895976027,-0.2885915509381267,0.27600047581917353,68.74076310522048,75.24435781439782,81.68748497897106
0,0.4302496003584822,-0.28921775435590474,0.27595615380531857,69.06320343581555,75.16187770625645,81.41661743395545
0,0.42992311293649277,-0.2897596994557354,0.27579321616417474,69.33299059087071,75.0693783574818,81.15249344512476
0,0.42927753800916274,-0.29087566112661095,0.2754590653730066,69.71531705977308,74.9447461766106,80.8744106922548
0,0.42896348709630566,-0.29139539872789116,0.2752666210485131,70.1097311778646,74.840345772598,80.67578501180438
0,0.4285993802027662,-0.2919091621556255,0.2750897204232843,70.55368496694824,74.7558498243054,80.55051769305598
0,0.4282061191873511,-0.29242964362287255,0.27489386671310967,71.0550839267035,74.69678453968612,80.48383740601248
0,0.4278578969316443,-0.2928193983950588,0.2749092864347131,71.58358805653924,74.64937650000043,80.42099435660057
0,0.42731471980380614,-0.2935029337325069,0.274593422348562,72.16265646465035,74.60533528513983,80.40558831216032
0,0.4261294546203574,-0.29473153685712544,0.2742243408513696,72.95088019271341,74.54924483314332,80.32129119465431
0,0.425439615793701,-0.2954310808100674,0.27397373550659726,73.6560333682116,74.49137450833197,80.19831594346492
0,0.42489047224092086,-0.2958636931099865,0.2738705396009118,74.26702389284213,74.4228462849618,80.00842912993575
0,0.4242920475678404,-0.29655964945935936,0.2735017215562494,74.80137447832067,74.33750204090275,79.81982413051226
0,0.42393200869130687,-0.29732866739415853,0.2729511987519891,75.4428949759507,74.20637205661887,79.69490381922286
0,0.4240248175935705,-0.2976817635216686,0.27260500663048337,76.0410865316353,74.08261026687342,79.70925121164912
0,0.42409771258401474,-0.2980862406411144,0.27234770649200984,76.62548726730728,73.96452636759544,79.78676158498016
0,0.424175663538452,-0.29841004704618185,0.2720350348306329,77.168149076004,73.86006158227701,79.91186404671069
0,0.42412973368930423,-0.2987984303154919,0.27173448198563166,77.66008080644157,73.76719863664012,80.03598813154704
0,0.42432931835221843,-0.2991988161721203,0.2715231930566461,78.14756451877555,73.72096790973916,80.09633126835614
0,0.42443241352605426,-0.299371183864114,0.27144511812454775,78.53024474669022,73.69706808752765,80.11418730151073
0,0.4245548220949133,-0.29952722524785724,0.2713806807351739,78.80676185894242,73.71935811491332,80.06486227001933
0,0.4246274846272429,-0.29977712546968194,0.2712589036775262,79.07015426144315,73.74994031308017,80.03575574589604
0,0.42483791733550624,-0.2998338375010464,0.271166896755758,79.31871190922566,73.80567144104272,80.02008236490217
0,0.42538260544108947,-0.29994599079274864,0.27084833615547727,79.68773210903717,73.89359448296861,80.10368275825915
0,0.42586367750930393,-0.29994723831796377,0.2706668793512017,80.06584796314796,73.9645614251141,80.26912633344178
0,0.42630705261993007,-0.2999627045311901,0.2703097926927239,80.44624254050875,74.02550179818613,80.47311111272259
0,0.42683891678618985,-0.29997993742608753,0.27011505478149955,80.79954796345757,74.06985562503475,80.69348162964722
0,0.4273120271639784,-0.3000937954106304,0.2699448489499719,81.10858346740181,74.10593964026585,80.8919630352776
0,0.42861020887660584,-0.30000147079610556,0.269540030891958,81.5407690672102,74.1280414676422,81.22599928180661
0,0.4292654889302214,-0.29998058056020466,0.2692767488313348,81.9513968970946,74.14033207840788,81.5580338150768
0,0.43008666659164035,-0.29994889651918144,0.26898113959557124,82.36638330744209,74.15059508102918,81.91027836449481
0,0.4310100677089651,-0.29970106517457695,0.2688428115201624,82.76525404945025,74.16227455790553,82.2576052433058
0,0.4318728360013922,-0.2996868309893581,0.2685420417142541,83.17989196407835,74.17056638980577,82.6222487228844
0,0.43375752890872554,-0.29956548010492057,0.26811648839241575,83.75740289763391,74.17326661962473,83.12051470408954
0,0.4346047031359633,-0.29960745429181784,0.2678637599301965,84.27715133956212,74.17281746906619,83.56232682868607
0,0.4353510099129637,-0.2996539924063656,0.2675599061799676,84.74294379168948,74.17155971027233,83.95717319430975
0,0.43620707566308575,-0.29970130538129536,0.26737646573311397,85.16807824094144,74.17062826699174,84.31050293244708
0,0.43698141301440796,-0.29991925036096306,0.2671507489038141,85.56461949828119,74.16040736946613,84.64608676623382
0,0.43888638789224227,-0.29996942257070275,0.26688866012817924,86.00873183034693,74.15975277934734,85.01489094749837
0,0.4398472728805502,-0.3000387880721066,0.26663098805672236,86.37844972045525,74.15643691579305,85.3396128628994
0,0.44096066976356113,-0.30001003300332757,0.26658537977463315,86.65645058461789,74.17251984073346,85.5900394139881
0,0.44198203260469043,-0.3000113580145809,0.2664488648725183,86.86506250117534,74.20045204231319,85.7795432871226
0,0.44301079536246857,-0.300079328767297,0.2664280831170709,87.0285190427522,74.23789968810972,85.90729372673147
0,0.4451224836187323,-0.30030782734536854,0.26642224066979,87.24782351458896,74.2995352624417,86.02219379918188
0,0.44608007545041645,-0.3005976251282665,0.26633733146912164,87.47569493724693,74.35248347827928,86.10752790285372
0,0.44719490582513416,-0.3008819988884899,0.2660414122892053,87.7523855644809,74.3913458768834,86.22666447698967
0,0.4481423276143034,-0.3011647531905147,0.2658903300119073,88.02850565423884,74.41781732727809,86.32904685684282
0,0.4491193684415778,-0.30141580020570485,0.265758030350271,88.30340234867167,74.43436746001511,86.42594158426714
0,0.4514049547390898,-0.30198987876558037,0.26542541378265927,88.6531232338187,74.41093381662694,86.56972859109644
0,0.45253336454200344,-0.3022995594658825,0.2652858149362238,88.95332894209523,74.37850109159726,86.69422737080707
0,0.4535769077615698,-0.3025960055508587,0.26514289968735283,89.209965490755,74.3348424621813,86.78842870636919
0,0.4547479542570075,-0.3027684042372677,0.2650672733140618,89.45282911264962,74.29327468632914,86.8600996905781
0,0.4556950661020239,-0.3030425110974285,0.26496960991150453,89.65560995998287,74.25759828313163,86.87757071576449
0,0.4574039044456442,-0.3034806481518719,0.26471402996307924,89.89311676047505,74.22988103851237,86.85634792665162
0,0.45830312991904815,-0.3036668161072704,0.26457787149674006,90.10412405273769,74.22174290110407,86.82266807045669
0,0.4593182551341017,-0.3037343141951534,0.2644846557927758,90.31442631031106,74.2159298180704,86.82118094069587
0,0.46035988057422245,-0.3038020292439434,0.26438672893768855,90.52228726260725,74.21905694982935,86.85367058332596
0,0.46138875956105785,-0.30388836418771475,0.26425684684044426,90.72431497579898,74.22665007437172,86.90646914280565
0,0.4638279231862982,-0.3038258716979,0.2641988097978265,90.95478872368331,74.24407450065404,87.03875821441466
0,0.4648896562533339,-0.303948198906419,0.26407796257263727,91.12956120407462,74.26009469157508,87.15633700751329
0,0.4662303196864089,-0.3038195333399746,0.264108197624746,91.24279668901346,74.3039592193486,87.26654136246214
0,0.4677883120851477,-0.3035566619553539,0.2641571997953088,91.36919283023407,74.36428349382793,87.41102012718211
0,0.4691743823366125,-0.30340182160520285,0.2641944085908563,91.45380092648323,74.44764999576576,87.53660823450703
0,0.4719256403522452,-0.3029897276082012,0.26427110427147454,91.52500705420856,74.60244760787774,87.658579532032
0,0.47311280394363003,-0.302886477462289,0.26435003154999326,91.55898273142321,74.7563900764257,87.70956574846596
0,0.4743210049943884,-0.30267203485154837,0.26436106556183403,91.6146392908233,74.90626330413586,87.75440526896632
0,0.47545493567752445,-0.30263194357537954,0.26437034838921136,91.67102490575905,75.04471748686309,87.76256893348241
0,0.4766215267257651,-0.3026476887383434,0.26433960192925043,91.72570639842792,75.16343278968503,87.76437486628102
0,0.478887140996929,-0.30264368271016806,0.26417489760643553,91.80675846281608,75.28253350964854,87.75390126290672
0,0.48015779579448303,-0.3026119134345028,0.2640789079023035,91.87568816131858,75.37023229425589,87.73965940180767
0,0.48141163612174587,-0.3026378945031139,0.2639848863435419,91.93217289582842,75.42949324430404,87.71847073363135
0,0.4826109262781103,-0.30265388762140005,0.2638092409921319,91.972152815977,75.47304653242048,87.69020015007516
0,0.4838155629711111,-0.3027427408614132,0.2636212908578546,91.97508250741457,75.49337868893426,87.62043589226435
0,0.4862944188194235,-0.3027442440905544,0.26347183578735894,91.95085904650328,75.48826036676496,87.46342915674714
0,0.4873709323482474,-0.30290042494916647,0.26326028340584345,91.90716370121642,75.45228980145883,87.2678882565138
0,0.4884539159612616,-0.3029737034954998,0.26316017144447873,91.87032817393609,75.40586679370521,87.0682815227923
0,0.4893201323823889,-0.30315104579114643,0.2629505872083337,91.79559251041792,75.33699739802114,86.80711991622381
0,0.49020413184928496,-0.30336091672563287,0.26277367108589716,91.70321758061168,75.25517611383232,86.5225122599743
0,0.49161282802390655,-0.3038865587630245,0.2622920643640191,91.51629012325022,75.13976820532473,86.07503616345045
0,0.49243964279460506,-0.3040055075802776,0.26217862480408266,91.33925119104171,75.02796829233503,85.65624026202292
0,0.49320721948909363,-0.3041402015604946,0.2620494400811822,91.14454480855728,74.9153922712295,85.25107403487709
0,0.4937689932661017,-0.304622831098077,0.26179793589836664,90.92241920309178,74.79355957914842,84.84962243861995
0,0.49460351789760193,-0.3046643248715374,0.2617216741395623,90.68770347054269,74.68299439936533,84.48448575424518
0,0.49643451298045715,-0.3042626914896938,0.2617360245538385,90.32692147930189,74.57884999872455,84.0262142532998
0,0.49721537853049835,-0.30408617829465595,0.26182531946426935,89.96608873868507,74.51710021750998,83.61354983065426
0,0.4979227485732992,-0.30398170386934015,0.2618329750848444,89.6143076020096,74.47590240069351,83.2201040742102
0,0.4985563519077261,-0.3038590047278377,0.2619203948331506,89.28204488156187,74.4659527987445,82.84591350754923
0,0.499155318983074,-0.3039103159823391,0.2619366669011743,88.9743391869852,74.45910783168803,82.50566387951592
0,0.500367471821781,-0.30389846061849324,0.26189460747963494,88.67018164546569,74.46565368471937,82.13596752456677
0,0.5008985998706778,-0.30377513384008137,0.2619158696485192,88.41562913179563,74.46641588736482,81.83540804702251
0,0.5013346525506933,-0.30375084196710317,0.2618795751882226,88.22314191704615,74.47127359010648,81.58517329334501
0,0.5018986346797903,-0.30359906231546135,0.2618263267827661,88.05932534857703,74.48114932357865,81.36195296052614
0,0.5022407742814978,-0.3035749099173519,0.2618079780889184,87.90913121710771,74.49013820135987,81.14528090394262
0,0.5029808821754416,-0.3033826980509732,0.26180910938507623,87.72415436491693,74.51102690994074,80.87737622041779
0,0.5032506110744437,-0.3033846274533245,0.26180446022278375,87.5718544313281,74.52884902655157,80.65823427653105
0,0.5035848083572347,-0.30336555039071766,0.2616875957799585,87.47417818592098,74.5460574254934,80.50101172702671
0,0.5038765432910879,-0.303356716982362,0.2615855466676385,87.40692036856134,74.55882334331321,80.38446988978721
0,0.5042265864686926,-0.3032978740849468,0.26141826980835503,87.38452314373987,74.57183270524979,80.32111217461669
0,0.5047932031230886,-0.3032819507040951,0.26102673285729006,87.43115460318904,74.5829186119798,80.31024557722832
0,0.5051220538692435,-0.3030699644007656,0.2609651779485376,87.49329576579078,74.5981318624761,80.32229126900637
0,0.5052640082912405,-0.30308771645211907,0.2608134602857263,87.56310411280019,74.61223438939844,80.34278663844385
0,0.5055644991474112,-0.3031287763037655,0.2607563375783593,87.65636879702231,74.62586120171852,80.37870183859972
0,0.5055011930541953,-0.303257651082513,0.2605884563279779,87.74556910573585,74.64216287988319,80.41230950540776
0,0.5053521874027213,-0.3034933481135342,0.260261945660177,87.8567090521781,74.66737550685245,80.46701531947825
0,0.5053473057823141,-0.30345676695489615,0.2601917278123529,87.93286282757711,74.69797377152835,80.51108467449164
0,0.5053983303384741,-0.30322491323137013,0.2600633024526269,87.99229171473816,74.7300334817241,80.55325441952377
0,0.5053760143594702,-0.3031491241373989,0.25996768468147824,88.02828963502769,74.76015021573657,80.59022429337878
0,0.5053277018146475,-0.30291724716806145,0.25988957875496455,88.04895810833901,74.78696194255023,80.62161035227608
0,0.5051834615545233,-0.3026703766503307,0.2595863758874566,88.09893818447875,74.8019689026394,80.70886273992662
0,0.5050878825263937,-0.30257062887334557,0.2594510387731225,88.15561474195631,74.80861847438143,80.80513850691842
0,0.5049160184936483,-0.30250175928258627,0.259311006004873,88.21973389052178,74.80246265360319,80.9114931789509
0,0.5047079684810598,-0.30257014071130484,0.2592021226239831,88.28213496197141,74.79024020605395,81.0071233819594
0,0.5045032116250951,-0.30255513166570397,0.2590706288171441,88.36563948765915,74.77338942924248,81.12733396788992
0,0.5043084892110785,-0.30196437811040616,0.2591464566541345,88.51424564172127,74.76570752194665,81.32110489323428
0,0.5040398063735922,-0.30196570312165943,0.25905280702835626,88.65470003874397,74.75796772882559,81.50511315235988
0,0.5037247481422384,-0.3020128843703243,0.25896921509033755,88.7844585909599,74.74914987116813,81.67836046735695
0,0.5033894660549124,-0.3020439330258343,0.2589113330197961,88.90389360726302,74.74334318880648,81.83982480109844
0,0.5028903397397955,-0.3022047398009273,0.2588211547685297,89.01629136006842,74.73897896374052,81.98628477812514
0,0.5019335421400031,-0.30244828616761893,0.2587254595113428,89.15412204088516,74.73849308098788,82.14881765278211
0,0.5016800853090246,-0.3022624668993923,0.25885509365326476,89.29114567722057,74.75079945608425,82.29086740657608
0,0.501117342956539,-0.3023380545296643,0.2588433777642877,89.4062790460352,74.75779364606858,82.40084431896098
0,0.5005676957445104,-0.3024169430651638,0.25880894296890805,89.53716557273216,74.75547559005187,82.52450104642317
0,0.499987131603237,-0.3024847743430111,0.25880461924797604,89.65683444629612,74.7541425079432,82.63124000158544
0,0.49862663174438077,-0.3028031799712154,0.25869694464928217,89.79727092453723,74.7452146055703,82.76527955116053
0,0.49801034653949344,-0.3028841993727658,0.25869771950966425,89.91919210670648,74.73875675418532,82.87823096231213
0,0.49722320462035735,-0.3031065765538189,0.25858040564781737,90.02158522267727,74.71913817645455,82.98100604205628
0,0.4965277674274405,-0.3032331654944393,0.25856785290962764,90.10713771506491,74.68748797102734,83.06713589300026
0,0.4960873367862662,-0.30301664625787467,0.2585971271348626,90.19567937638212,74.65318006845304,83.15069402602172
0,0.49465632463264064,-0.30324319993638726,0.2584408532930047,90.27593282496258,74.55118997176695,83.24360667237035
0,0.49392915690707767,-0.3034063312926266,0.25830432289368227,90.34636968428646,74.43169029037257,83.32596638169272
0,0.4931981148796042,-0.3035711518444988,0.2581470882249506,90.42297322339223,74.30110411494316,83.41139129631337
0,0.49237738276290494,-0.3038575867333385,0.2579573869062097,90.50010567376553,74.16198483175499,83.4987961166476
0,0.49153111899661617,-0.30404091095113484,0.25772821419960573,90.6259331455682,74.01674180196451,83.62273800139329
0,0.49029250467586116,-0.30392100130700794,0.25753597133881156,90.81791411069975,73.85749772860704,83.81563689971034
0,0.48954817379283505,-0.30399162983083455,0.25737063163048335,90.99613777310509,73.72095063412247,83.99663325507316
0,0.4886261286811789,-0.3042092106261227,0.25708095782524654,91.15203844668765,73.61017038886622,84.16302564811566
0,0.48786444092559417,-0.3042303953089688,0.25693860047585076,91.30645687242145,73.51232905568548,84.33270960225012
0,0.4871291759090384,-0.30415788387441367,0.2569232582402856,91.44812909978657,73.43501294107719,84.49307802801367
0,0.4863411041574438,-0.30413797771119805,0.2568384420228631,91.58122113183516,73.37545122543226,84.65691823547583
0,0.4845580341892203,-0.30439695929670063,0.25655403726822446,91.73339806165477,73.33007099379574,84.88890621930663
0,0.48376480961608487,-0.30438298081540793,0.2565440415692956,91.87008072831846,73.31147913446715,85.10428725701325
0,0.48275857592391574,-0.3045839253582928,0.25650540703064506,91.97450578036556,73.30397895142706,85.2920594560965
0,0.4818545075731238,-0.3045882723250362,0.25658806913620547,92.05295607651477,73.31705372227046,85.44781160782706
0,0.4797901632862051,-0.30494030689382284,0.25661167138344354,92.06378532951297,73.34136051826829,85.56258694718862
0,0.4788236024455984,-0.30498969649457663,0.2567181217027338,92.04353997060551,73.35911273144826,85.6418825532652
0,0.47805904770660007,-0.304749915949342,0.256898726160589,92.01659021750092,73.38011709891538,85.70331388028421
0,0.4770172866659125,-0.30484302317285267,0.25700007789856505,91.96348369031162,73.38279892263843,85.72874728695962
0,0.4760661455469092,-0.30481702660703397,0.2571222578836114,91.94630747142284,73.37692932548703,85.77349431660058
0,0.4741323264913519,-0.3050204971947643,0.25724428289658136,91.95783813903087,73.32886764452911,85.8374676727495
0,0.47313147807883815,-0.30515956913614006,0.2571916078878076,92.00468906362659,73.2725882601995,85.92067047451606
0,0.47216898525523743,-0.30531416927957267,0.25711285107857296,92.07354788920158,73.20607180101256,86.01620724089415
0,0.4710079344587286,-0.3056932464756939,0.2569201587987573,92.12108619676256,73.12560094863005,86.09096202295395
0,0.47005388761329253,-0.3059074178853008,0.2568082689595849,92.17454296597238,73.03604375924186,86.16429298545512
0,0.4679711791353186,-0.3066893682398769,0.25649801486260004,92.21831489553885,72.89227618395627,86.21652211467392
0,0.4670552747921904,-0.3069782129445049,0.25635131829506463,92.2680513350787,72.75926324502679,86.26958773973395
0,0.46610566402244175,-0.3072092685618374,0.2561791598153741,92.3339562392558,72.64832865828738,86.34654042703578
0,0.46523516649770336,-0.30736992036485405,0.2560830461335809,92.40998596981278,72.55466796057712,86.43073834669912
0,0.464498545475479,-0.3072663137831661,0.25622772806412286,92.49055401566217,72.49066447227099,86.50566718972418
0,0.46265019352006514,-0.3074963078417751,0.25631400101906365,92.57494702281065,72.43426519064735,86.55718680678783
0,0.4616665663795431,-0.307710091821191,0.2563477384400995,92.60151294554812,72.38784441059437,86.54760519344335
0,0.4606420653538664,-0.3079410777010891,0.25640520208603457,92.56578425937397,72.34370625088954,86.48006273103486
0,0.45977321440744007,-0.30819890474462247,0.25649816983467644,92.48598808200404,72.29517154431056,86.377508640479
0,0.4587769570426901,-0.30843051051282616,0.2565766786885888,92.35942942840934,72.23774403516332,86.24057625678599
0,0.4568596231417616,-0.30891296958112446,0.25670014494186943,92.17286588509131,72.14584440719258,86.05852924573831
0,0.45592492843436794,-0.3091303799071285,0.2567556714368493,92.0157868357547,72.06276594642162,85.90808521122781
0,0.45494157249497974,-0.30930170928621026,0.2569018875909479,91.8629240251705,71.99708539529371,85.75324257402517
0,0.45399655277299483,-0.3095011660971615,0.2570627950978906,91.72718175868172,71.95361617232899,85.60585076976324
0,0.4529918688015898,-0.30965818380498616,0.25726852052933286,91.57788211746136,71.91746452078159,85.4384302662162
0,0.45079645688104236,-0.31004954253816336,0.25783410661942074,91.3257168919503,71.89954386620322,85.15080038391983
0,0.4496807935314139,-0.3101739076294872,0.2581195961785943,91.06210424546879,71.8976355325595,84.86371429549058
0,0.44851534540223675,-0.3103080669560406,0.2584855627370507,90.77455765812931,71.90124060761855,84.56142670722734
0,0.447544290371414,-0.3103268108286831,0.25896433346993036,90.49278713190695,71.90635698729939,84.26621407608366
0,0.4463809924797972,-0.3104685792841885,0.2593066512895257,90.20364963516565,71.91066585906415,83.96709612752372
0,0.4442795130090674,-0.3108079138913128,0.2597816562009485,89.85074422054427,71.91369649766568,83.60726678842907
0,0.44327775413560466,-0.3109916797795269,0.2600109683824212,89.54496254331404,71.90414580542745,83.29843348478477
0,0.442260691769596,-0.3111742911257717,0.26018215053803034,89.27427422445915,71.89106052765861,83.02736994926279
0,0.44117567414807873,-0.3114155439057324,0.260400614674154,89.02366793221509,71.8649703013848,82.7721594970789
0,0.4399677442984541,-0.31179175411843985,0.2606217133355767,88.79077485584597,71.83109975726417,82.53433141319327
0,0.4378788369374235,-0.3123103216805431,0.26100154989487245,88.57854360061513,71.79658687647046,82.29657150505652
0,0.4369947599844893,-0.31239316200399136,0.2614275216413171,88.44592029983703,71.78656758999443,82.11883330768202
0,0.4359199705200155,-0.31262802218579977,0.2616211902452142,88.3625856216726,71.7937078834409,81.98083151757305
0,0.43498124653863507,-0.31265856718206136,0.2620450233770044,88.3026942996252,71.81450618451981,81.85407850484751
0,0.4338989602999647,-0.31288248633527493,0.26226466530090875,88.27673347838511,71.85130157144279,81.75466189811293
0,0.4318994524555167,-0.3132146922268841,0.2628845381093652,88.27377156549309,71.92938289161434,81.6484791865379
0,0.43082590276765426,-0.31341958855771757,0.2631356238675744,88.27178534050046,72.00862048316289,81.55430675954088
0,0.4297400909142454,-0.31362097477102013,0.26346796148544854,88.2408989294178,72.08436125759313,81.4397921260106
0,0.42870152617263396,-0.3138005176701519,0.26372372740036554,88.20644939627762,72.16766522694478,81.32996244460628
0,0.4277959662156065,-0.3138620260872814,0.26399894231087273,88.1884376195591,72.25930421760265,81.22838930832081
0,0.42605473870801525,-0.3141275629916164,0.264323794777456,88.21221524094038,72.3833190679015,81.15065350820656
0,0.42513069833087525,-0.31416318332338067,0.2646230768514306,88.25384027918331,72.50597723184573,81.08216237254464
0,0.42450588966178493,-0.31428315495633813,0.2646773015809686,88.30486779281624,72.60807082076997,81.04123985303949
0,0.42368798578548034,-0.314564956180093,0.2648158931089074,88.33039774917683,72.69216088918685,80.97525969296449
0,0.4228555339055021,-0.3147409269728634,0.2649032663655908,88.32866480756842,72.76014240893039,80.8896937949199
0,0.4214401545600851,-0.31487889086389276,0.2651569711518914,88.26817711126472,72.80993753672458,80.73449540695516
0,0.42070397908258045,-0.3150395116724941,0.26517882221466615,88.18832137642133,72.83155040839426,80.58152181958248
0,0.41997014755773143,-0.3152362952151272,0.2651527404142053,88.07844582280316,72.81946570359385,80.41657008552508
0,0.4193913268523176,-0.3153852776207897,0.26501678341156554,87.97670648921304,72.76900231889297,80.28032215501484
0,0.41887263531255325,-0.31556072150850034,0.2649450003457696,87.9004464463056,72.69337050174084,80.17538481504212
0,0.4179834442810973,-0.3156786242642376,0.26466273420578545,87.84588512272185,72.5510264000272,80.09854097662193
0,0.41752457196282944,-0.3157868567624066,0.26446474188095637,87.8024972104424,72.4139625473996,80.0395104723991
0,0.41708665961789687,-0.3159229532399151,0.2642650138688714,87.75871703451772,72.27930766980667,79.98565106158219
0,0.4166776689367254,-0.3159919468083355,0.2640334855867059,87.7137583550549,72.14510416449045,79.94110616386138
0,0.41637452418374615,-0.31608957921647757,0.2639009224725396,87.66638523406084,72.02719400142057,79.89927519490821
0,0.41567683989572124,-0.3163140795149777,0.2637764334035546,87.5744350199711,71.87316240324284,79.83106765521782
0,0.41533235634135807,-0.31641909634256093,0.26365467184311464,87.48081359158407,71.7434993949741,79.76668837216745
0,0.41517211521434383,-0.31630421554231375,0.2635948216272027,87.38984594690076,71.64574371818712,79.71403710005556
0,0.4149484130220374,-0.316371791116235,0.2635322129083306,87.28862050102325,71.57555875473,79.65498368329372
0,0.4146713616924246,-0.3163942233242962,0.26348964207893916,87.18620143985831,71.52609678043234,79.59518569192362
0,0.41432652945088944,-0.31634764646672936,0.26371204250580377,87.03423624693741,71.50359909852742,79.48060165723149
0,0.41414627755450806,-0.3163692495741817,0.26372487419373103,86.8997671804407,71.49198568287132,79.37302826885877
0,0.4139418112711867,-0.31644335722112393,0.26370823019272394,86.77822180775719,71.48709202614053,79.26899159249875
0,0.4137390109376867,-0.31656121348523825,0.2637323438478143,86.66470545033435,71.47388490855583,79.16909876144344
0,0.4136051925497016,-0.3166682294526073,0.2636590110612542,86.58164462376499,71.45433326022409,79.09357651023241
0,0.4134570973591765,-0.31690139269017903,0.2635110127282769,86.54736469563882,71.38030077685147,79.04734896197905
0,0.4133580702023466,-0.31707267557763785,0.2633676170659692,86.54080912059081,71.29784545745332,79.02571770296355
0,0.41335210377740467,-0.3171084818758938,0.2632205485654504,86.55031072771673,71.21544193415706,79.01037518388617
0,0.4132679151968916,-0.3172906902947399,0.2630677925897271,86.57168310238379,71.1248233913129,79.00266797462058
0,0.413151279337879,-0.31747722243451804,0.26298573487526483,86.58541198573054,71.03177957250696,78.98244187745529
0,0.4131316172556837,-0.31763589059495656,0.26290938013321474,86.61870607311593,70.91666046494477,78.95488909072738
0,0.41322130734490947,-0.3176249108233425,0.2629033827138574,86.63187172025818,70.8289618988696,78.92074819681814
0,0.41317466074990833,-0.317744061104295,0.26287596815353936,86.61823269587603,70.76147656878868,78.86505682167147
0,0.4131034704523047,-0.31786091779851644,0.26291906588799074,86.58423630827386,70.71037391579507,78.7896615622244
0,0.41304907525348267,-0.3179528162398311,0.26292830222374514,86.541802998112,70.67314671233905,78.71013567460561
0,0.41306122118997174,-0.31799413954400746,0.2630482196164758,86.47171654547996,70.62646584039626,78.61147921077585
0,0.41307385141419967,-0.31800776158952443,0.26304969185120175,86.40220201532483,70.58726924900283,78.52923612024908
0,0.41320844466256695,-0.3179204193272564,0.26308102720505305,86.3424476012641,70.55638397435669,78.46360277563241
0,0.41329181963967876,-0.3179455712952587,0.2630368291688592,86.28530590528042,70.52027368434084,78.41346664549569
0,0.4132182272748907,-0.3181663987555477,0.2629397391629846,86.22967988627211,70.47643600217377,78.36809477144959
0,0.4133497598247488,-0.31816100572728845,0.2629716014218957,86.12839778917022,70.42246244172838,78.28787244831612
0,0.41337077791261273,-0.3181770453371975,0.26297288769012994,86.02763367383123,70.37333954770855,78.20913809904135
0,0.4133706423120459,-0.31818191920900074,0.26296391480690545,85.93543490510939,70.32688401649568,78.13542068013753
0,0.41348514730500774,-0.31809355413102836,0.26300271981484,85.85959046371762,70.28790786322595,78.07846477133397
0,0.4135437654929121,-0.31804937934064603,0.2630142342401177,85.77481644661098,70.2588994258444,78.01898125541513
0,0.4137952658014258,-0.31801446413182943,0.26300854676491325,85.68862061804418,70.23494454366183,77.9729961579882
0,0.41383145178126896,-0.31798928891801564,0.2629890357804925,85.6157405235889,70.21813727876355,77.94040125317554
0,0.4139766799883803,-0.31790979599141805,0.2629751657796533,85.56698102052339,70.20102578977364,77.92810469458253
0,0.4140810149388273,-0.31787908827447625,0.2629276048494012,85.52192531991525,70.17756097230628,77.92011715610245
0,0.414049594350334,-0.3179026750245068,0.26287568920380183,85.45537232768538,70.14731399358276,77.88401568222936
0,0.41424586648511486,-0.31778657769345975,0.26274856560951776,85.40806810387681,70.09319007640894,77.8781681241615
0,0.4143747645096739,-0.3177619371333095,0.26262134903198786,85.39398825597644,70.03368821271742,77.90133296671253
0,0.41452291781472766,-0.3177477261939022,0.26248092883354734,85.40380423647575,69.97248251543687,77.9445484154062
0,0.4146138864235838,-0.3178261110701534,0.2624136864495904,85.42003127185734,69.91537136039467,77.99029742110683
0,0.4147749992685278,-0.3178118226447079,0.2623100721192987,85.44882712734143,69.86728765552971,78.04525379343514
0,0.4148461508231123,-0.31784352993154263,0.2621587883783013,85.48331266195801,69.83891853842674,78.1010942079806
0,0.41503810311126316,-0.3178866044201824,0.26202509396797724,85.53650855699183,69.82106415764811,78.16026941350259
0,0.41508103037643035,-0.31796071206712456,0.26202018135315486,85.56663637761467,69.81352520800402,78.19540693175604
0,0.41519427622127136,-0.3179588601508114,0.2620251869512231,85.58518534289935,69.82753193131795,78.21826550458023
0,0.4153310003356894,-0.31783090745591847,0.2620719885183007,85.59705873613368,69.85237188047,78.24039156730088
0,0.41554503614472943,-0.31766512607717245,0.26213654988533563,85.60373607305283,69.89567628383642,78.26587204710665
0,0.41566250497865276,-0.31760664736413685,0.262152666981283,85.61197380957962,69.92308756586813,78.29403012278499
0,0.4156990202741583,-0.3175788763680431,0.26215928428894586,85.6077943364514,69.93584059688716,78.30963674106671
0,0.4157365428881606,-0.3175332680859539,0.26218660586601805,85.59269562425669,69.94108864171702,78.31419310355743
0,0.41575963372754654,-0.31756297623300284,0.2621381151033074,85.57055131737106,69.92057686044387,78.31280055191803
0,0.415780109413143,-0.31760443901204793,0.26216154688126153,85.53851851114558,69.88160460534627,78.30403406369582
0,0.41580928290652835,-0.3176266852536175,0.26215602987534115,85.51795977662601,69.84883177738953,78.29747794674186
0,0.4160026880578955,-0.31748287891530724,0.26222486847168514,85.54277032926143,69.83200423942569,78.3180023522625
0,0.4160375761465987,-0.3175294247784588,0.2622027229619653,85.59276796882811,69.82018170527728,78.35172572325104
0,0.41605946595239246,-0.317531059733865,0.26221645348793576,85.64807063247395,69.80626890006975,78.38644400120602
0,0.41615804756450253,-0.31749548589372373,0.2623161625219019,85.69136947440853,69.79197319192733,78.41279366724281
0,0.41613453055190647,-0.3175001118102047,0.2623866438222558,85.70650655710408,69.78469849276398,78.41913736605353
0,0.41611535275745,-0.31748796199941365,0.26245844238525934,85.70825713713184,69.78360423311013,78.41680590085956
0,0.4158653827981909,-0.31768170808934904,0.2623465990377099,85.70117720900204,69.78155845615562,78.4059992021288
0,0.4158321606593092,-0.31769619797849386,0.26239594214684075,85.69816942421684,69.78364912065373,78.39638143824719
0,0.41581612104940013,-0.3177699801840756,0.26239392750984736,85.7062064648301,69.79238954843235,78.3884193571855
0,0.4158137964682539,-0.3178159526505444,0.26240841739899223,85.71588438257375,69.79743436996702,78.38395748322921
0,0.41599021280574405,-0.31772112523698537,0.2625337743116052,85.7487339223509,69.79570776492517,78.40148536011
0,0.4159690203742941,-0.31778965388917657,0.26253250354057855,85.7789882623582,69.78767773207997,78.41409798874803
0,0.41588120932149486,-0.317914251438615,0.26246085994965146,85.80306809721999,69.77935715245535,78.42047449159125
0,0.41586764926480846,-0.31808812235975004,0.26235794299370363,85.83097666415142,69.77433000104897,78.42767360830682
0,0.41593186581897335,-0.3180484572567913,0.262465633089605,85.84580682874325,69.77483360693462,78.42525907076443
0,0.4159352945761641,-0.31809037720346184,0.26248261802918027,85.85944067658254,69.77981315516746,78.42194662915534
0,0.4157755183653792,-0.3181596187272045,0.2624667643857629,85.86199132333282,69.78340055615988,78.40718945403245
0,0.41574033970403274,-0.31822978233480187,0.26247288578278133,85.86803262800404,69.78744151690702,78.39116071181603
0,0.4157367366032561,-0.3183396110453579,0.26261384838348933,85.88975451907416,69.77592362020509,78.3717708035638
0,0.4157133745627363,-0.31841306780957906,0.2625936400247247,85.91377474980108,69.76446598467187,78.35855619361125
0,0.41563488120603165,-0.3185207656540844,0.26259202831512996,85.93156882965629,69.74590388485049,78.34633313802364
0,0.41564528370666104,-0.31855553363942835,0.2625669693303735,85.94886960039514,69.72981107260814,78.34146888619185
0,0.4158163922505339,-0.318379818550584,0.26264439337975093,85.97269308793129,69.71624256749688,78.35239793890494
0,0.4158406841235121,-0.318465998522279,0.26253239506012505,86.00893000498546,69.69050873509211,78.38313135653318
0,0.41592549259233075,-0.3184912744679424,0.2624596511674554,86.05913765855055,69.6590041223767,78.4311681501346
0,0.41595577026176056,-0.3185544178404781,0.26239102953201837,86.1100296907767,69.6270033212656,78.47924763764988
0,0.41585629756021103,-0.3188036981739971,0.2622255968404443,86.15059417756073,69.59170086343762,78.52262484148801
0,0.41591727907228077,-0.3188752487816784,0.2621500789476068,86.19822433108341,69.5580032352728,78.5745566687877
0,0.4158583121972044,-0.3192071989693615,0.26185158723122187,86.25859034580566,69.5147906529989,78.64470335078197
0,0.41589283222722606,-0.31926423644208646,0.26179145806557247,86.30745251356592,69.48060414793387,78.70230205313975
0,0.4158694120721777,-0.31942339276456566,0.261643552715841,86.33752478890845,69.45260368185318,78.75181940780011
0,0.4159573587255438,-0.3194169304289791,0.2616096448255212,86.3570100851817,69.438019894817,78.79922195635241
0,0.41614615345763767,-0.3192536750950786,0.26164507144218996,86.37875520893706,69.43319868042377,78.85089460384926
0,0.4160754087047537,-0.31949233984136316,0.2614857911420495,86.38219327243988,69.43308694940245,78.89408112028255
0,0.41616387838887775,-0.31956217025899625,0.26145423882729124,86.400679509556,69.43362887088146,78.94048922870202
0,0.41620841348933774,-0.3196625456728908,0.26140032404190605,86.4271024451685,69.4331133506849,78.98456926513774
0,0.41620219523477153,-0.3197940937199566,0.26130682938820426,86.45306520606665,69.42381233759497,79.02433142967386
0,0.41624140317010483,-0.31992151950978964,0.2612202464891107,86.48824702113113,69.4098471902354,79.06448214430714
0,0.416571881123062,-0.319716847888467,0.26118750088936393,86.55591796755584,69.39597304830517,79.1501146778352
0,0.4166824924426039,-0.3197576985278103,0.2611175000024468,86.61947069137743,69.38428708016083,79.23444946884688
0,0.41687303061055736,-0.31962082718991963,0.26118437045342036,86.66414654050587,69.38273464604445,79.2983500654054
0,0.4168852346615751,-0.3196675590195629,0.2611796438050897,86.68204128057239,69.38104618619197,79.3334701151521
0,0.4168891864495238,-0.31967507516526905,0.26119230502373286,86.66444258135603,69.38014145080862,79.33580308524833
0,0.41699605906772214,-0.31959252154016227,0.26132037394768304,86.60287037663625,69.39198142873411,79.30815103491531
0,0.4170786010699233,-0.3195683226504299,0.26132457369095397,86.53934571908177,69.40653229856024,79.2835382126998
0,0.41721427912282544,-0.3195331052460644,0.26129591935402463,86.48471606986895,69.42122961897988,79.27297191259451
0,0.41721931571530896,-0.31967867826604573,0.261226848299566,86.43200246824337,69.42123639422266,79.2751088763618
0,0.41734288657474117,-0.31966401015901297,0.2611541818929345,86.39737797412907,69.41605172821819,79.29247270102505
0,0.4174775185661276,-0.3197363588728878,0.26103744142777036,86.36085827726009,69.39489392398374,79.32815266385461
0,0.4175022172408064,-0.31975448285722463,0.26100709789520815,86.31709243232093,69.3788889499017,79.34843769823756
0,0.4175370665864905,-0.3197902194180462,0.26100282066589897,86.27634817959846,69.36629271188302,79.36161472951146
0,0.41759450311231217,-0.3198151621737454,0.2610175740075738,86.23545176725675,69.36007796067037,79.37280486657846
0,0.41776876921224193,-0.31966380869531363,0.26111686461693356,86.18523099449524,69.3633268310317,79.3778331882992
0,0.41815315807628234,-0.3193556932129833,0.2612726425481469,86.0945997154484,69.38737931529224,79.40044008344773
0,0.418362021692272,-0.31920850848340726,0.26133694046265193,85.99880034262058,69.41802976318846,79.42678133498497
0,0.418576967962261,-0.3190402785458538,0.26141036623245784,85.89099440234868,69.45344818686748,79.45060809048294
0,0.4185665654616316,-0.3190373495736095,0.261442011530462,85.76685931906647,69.48283387490088,79.45979502291821
0,0.4187037738637885,-0.3189187571921322,0.2615193425965936,85.63482967368266,69.51445673146428,79.45537752991999
0,0.41917324239778125,-0.3185012469210598,0.26175699227577753,85.47674457715154,69.56817466261353,79.44269229062726
0,0.4192588257269819,-0.31859727536821103,0.2617201709104211,85.34221238799653,69.60196389252191,79.44197172839381
0,0.4194211977200469,-0.31858762060785023,0.2617225264859826,85.24257266080373,69.62971081542476,79.45529739829983
0,0.4195899429397543,-0.3185620889582607,0.2617266177488,85.16001009916062,69.65202029518301,79.47638922304309
0,0.41983001405763226,-0.3184547010579083,0.26171659105545586,85.09138767778258,69.67316030175895,79.51056589410612
0,0.42011543387937145,-0.31831039106034964,0.2617261373353631,85.00231610250931,69.69656624551902,79.55521788723702
0,0.42027455145883164,-0.31816601132535666,0.26181688898331235,84.89227435735476,69.72475427352236,79.57597012828558
0,0.420426482208248,-0.31808720802449914,0.26186088555580683,84.77706888614239,69.75014974066454,79.58589589806412
0,0.4206575262026747,-0.3179005364098522,0.26193066948181704,84.67052338665621,69.77761753872608,79.59464282818355
0,0.42083479488658504,-0.31782042359494894,0.26198836558586663,84.5502042730808,69.80763709907326,79.59301313428598
0,0.4210572185592612,-0.31772551869535176,0.2620046376538903,84.37651693322303,69.85329017500652,79.59043987270748
0,0.4212265061812361,-0.31761484538697926,0.2620904146981866,84.20803639532018,69.90288057306906,79.58063907284136
0,0.4214101287202795,-0.3174826464571926,0.2621220135045678,84.06077738114142,69.95400297409122,79.58752425275497
0,0.42158491785096724,-0.31736277555608483,0.26221098297363826,83.9103513110692,70.0076399386881,79.58752114561435
0,0.4217995348052939,-0.3171840385117504,0.26235245698219845,83.75096812038586,70.06804103784263,79.56564617257737
0,0.4220006304459532,-0.31712045346879697,0.2623914014650018,83.53188258161197,70.12868073824774,79.53910986152178
0,0.4221839042978247,-0.3170417431511853,0.26246028655296877,83.3193298042904,70.18051013391455,79.51031482980858
0,0.42234011615085204,-0.316974082342622,0.262514325316015,83.1305106485437,70.224937514493,79.48745761454295
0,0.42261780674028,-0.3167937568345043,0.2626276254010827,82.95886144863105,70.26649340695063,79.48322393629505
0,0.4228569092826803,-0.31668798839235035,0.262688451941076,82.78708453554928,70.30673880187297,79.48446417799963
0,0.4231576325969656,-0.31660685276174283,0.2627207171273858,82.53057207694737,70.34482899659407,79.47602253735981
0,0.42345147902535996,-0.3163451436676953,0.2627201592279107,82.26722043231177,70.38987929561857,79.47028635538479
0,0.4236436831431349,-0.31622330462121695,0.2627604209733636,82.0448167716666,70.4283065661693,79.46910867412382
0,0.4239149617629011,-0.3160098615803692,0.26284374945885247,81.81165672137931,70.47033904919219,79.46119608221373
0,0.4241343634800871,-0.3157551882185909,0.2629724227739007,81.54408545127377,70.51974872284325,79.4217209427349
0,0.4244665073828658,-0.31544259404325214,0.26318969362503597,81.12975471445687,70.59758291839624,79.32996896879342
0,0.4247424932794531,-0.3151133791127178,0.26342819565064024,80.73819049282179,70.68141657913085,79.24133300971809
0,0.4250010641889533,-0.3148264793076489,0.26363962405449465,80.36238905937184,70.76186621579272,79.15075307253527
0,0.4253643962221106,-0.31444973444127766,0.26381004684692927,80.00598535461954,70.84349887381201,79.07300257002797
0,0.4256378250794371,-0.3141912177720043,0.26394724362618044,79.65753013539673,70.9216176180844,78.99671447356185
0,0.4263096290307005,-0.3134153500714275,0.26429211848503664,79.23007852481199,71.02637649340825,78.90527649385605
0,0.4265188800768812,-0.31318836247110104,0.2644205748391778,78.85238989001232,71.10575671990154,78.82962165150701
0,0.4267821195201834,-0.3128370252766583,0.264555865461889,78.51034376653344,71.17248700092831,78.76227944064138
0,0.42700634474324783,-0.3125822434344265,0.26462975614792417,78.19715856391457,71.22587970344016,78.70334061109946
0,0.4271456840114554,-0.3122964749255154,0.2647211586785943,77.86557451284432,71.2776857507677,78.61718384066553
0,0.4275706174449881,-0.31170786773347586,0.2649712991071374,77.41710860466812,71.34224546895386,78.49406701858278
0,0.4278233962731322,-0.3113548335947964,0.2650147067857415,77.01918809411184,71.4021427058972,78.38830725275568
0,0.42807015056180553,-0.31109057521009176,0.26509115451103754,76.6687555822884,71.44781040524279,78.3076542861405
0,0.42835084373521404,-0.3107961515107128,0.26522455447441645,76.36874223519398,71.47583964753474,78.25868154324793
0,0.4286147999243696,-0.31055255090379447,0.2652568661523492,76.10614241595692,71.49057271430617,78.23825965121316
0,0.42921301151084507,-0.30996536945485803,0.2653214430165918,75.80366015421878,71.48879598724969,78.26238721437818
0,0.42950974429416255,-0.3096768811860058,0.26535079472786494,75.54086253543146,71.47917672862611,78.3004655118911
0,0.4297230052428206,-0.3093879977383587,0.26544749730354855,75.27591510215443,71.46407004389107,78.31306550209352
0,0.429942736275669,-0.30915467952871056,0.26549707287079405,75.02880163724745,71.44669599302063,78.32038025129727
0,0.4300653966741522,-0.30908040141248433,0.26552117102867673,74.7931244311514,71.42171113629708,78.3141499938518
0,0.43037487591075496,-0.3088315859951946,0.26559495323425836,74.47753503178957,71.39063099474862,78.26878990593463
0,0.430570838101383,-0.3086693844714138,0.2656324874711663,74.21683037641758,71.36879429521275,78.23580047625659
0,0.43075078005361156,-0.3084577546038601,0.2656863712621362,73.9945589970855,71.35480121630766,78.21493560261554
0,0.43097752357291774,-0.3081642529883358,0.26571583145386285,73.81204817825852,71.35006626931023,78.21916580968318
0,0.43115289384889205,-0.3079278585829708,0.26578243845230654,73.6468392769088,71.34879705463537,78.2287467379743
0,0.43120831573772034,-0.30761452054166527,0.2660073804212243,73.40740980319812,71.35455702092301,78.19562269959317
0,0.43104197258519733,-0.30760272716665,0.2660210489583642,73.17176920209191,71.35864294288001,78.1319154914719
0,0.43104245687293613,-0.3074804232039425,0.266121935780111,72.94799078832172,71.36375204696812,78.05013941236105
0,0.43095931435393886,-0.3074932238974544,0.2660949861360223,72.7768462658287,71.36916507495762,77.98427783025934
0,0.4308751838879546,-0.3074407348551723,0.2661193942380578,72.61116161194596,71.37707239204377,77.91021940859873
0,0.43093918735551434,-0.30734278475427357,0.2661071359468133,72.5019120823054,71.38227822621587,77.87393075639791
0,0.4310292067604025,-0.3072140339531872,0.2659980201078088,72.4473754706255,71.38548442033631,77.88087276837909
0,0.43106591577100356,-0.3071581665196392,0.26598210447556087,72.41665597905116,71.38735724732591,77.89440030127757
0,0.430929385371681,-0.30731036459588734,0.26588338726288385,72.39273119813718,71.38499941482077,77.9002097407824
0,0.43081656570005017,-0.3073303017535183,0.2659144436669976,72.38045344187388,71.38549611372751,77.89207987396836
0,0.4307576956825217,-0.3072254708924267,0.26587579363113945,72.39951560622725,71.40231006094773,77.8994254883664
0,0.43068303788470824,-0.3072042164721462,0.2659213864160211,72.40497155158417,71.42056240508177,77.89448737851963
0,0.4304791140036543,-0.3074461201348278,0.2658344625783593,72.38718958077733,71.44067348062853,77.87817592738652
0,0.4304713266568144,-0.30736557339811055,0.2658867501569421,72.36190098340238,71.46594023478585,77.86301283095673
0,0.43038545275497037,-0.3074409905590984,0.26587359302765434,72.3378975083501,71.4870931126915,77.85346351940498
0,0.4303013610320051,-0.3073557869114849,0.26592786424881526,72.28465771445376,71.51601188069556,77.8324292446682
0,0.4302788900809248,-0.30729710673474997,0.2659546589208276,72.24384750106138,71.54239276712829,77.81584551524801
0,0.4302577557640036,-0.30724347864770624,0.26597511523491457,72.2151621107005,71.56520456465381,77.80642738058124
0,0.43018305922317107,-0.3073123637356731,0.2659541940045984,72.19592268074902,71.58112214797241,77.79421793694326
0,0.4301315891222914,-0.3073515794196102,0.26596138470894404,72.19112261555513,71.59193141172899,77.78710690216447
0,0.43029737050103745,-0.30714153801583977,0.2660155319524438,72.23662689651401,71.60046674138212,77.81424529499373
0,0.43025238985585773,-0.3071674493470165,0.2659686683965356,72.29855754317809,71.59566322483107,77.85758215390106
0,0.43043140197562774,-0.3069111642756435,0.26601224654442385,72.37654078698321,71.5809826734942,77.92578334786572
0,0.4304159822540244,-0.3068782249608013,0.2659548293901116,72.4541528248148,71.55793601977439,78.00136821765453
0,0.43037708426284393,-0.3068503144898388,0.2659421216798456,72.51388492566207,71.53043742094262,78.06368594775498
0,0.4305127816872557,-0.3066410866894695,0.265961043770376,72.61989815072211,71.50297124388767,78.16395393976278
0,0.430519600458618,-0.3066443488516781,0.265877327854696,72.73828117081555,71.47865850454738,78.27193352949024
0,0.4305175083355864,-0.3066633096852276,0.2658230411363275,72.85101084168063,71.45888423739467,78.37202130025211
0,0.4303757282571753,-0.3068069145598385,0.26564479225403376,72.94824551570332,71.43515890521667,78.46575830458202
0,0.4303450050430258,-0.3068376067795727,0.26556420677429743,73.06164864354528,71.41039251785337,78.56831949130816
0,0.4304801406936606,-0.30677753185415,0.26548377626663755,73.26180929347603,71.36316087904862,78.73775207065529
0,0.4305709155874212,-0.30669760500573845,0.2654557883096368,73.4639628549274,71.31249569687672,78.90872141599334
0,0.4305815505461653,-0.30672072683953977,0.26528269999748777,73.66286798729278,71.24303811475487,79.07763021885438
0,0.4305728333668669,-0.30683608030461995,0.26503948682076045,73.88486483696417,71.14295785345693,79.26634195332666
0,0.4305913525299986,-0.3069190058627102,0.26487851732498713,74.1265826831997,71.02874327039639,79.46402109364205
0,0.430537848420616,-0.30731169735574454,0.2641547822309167,74.5142427407297,70.79940145513154,79.77843204761525
0,0.43046880836057266,-0.30760337804937093,0.2636757945371301,74.90164023765328,70.53819111031308,80.08110012445034
0,0.43043957675265865,-0.30790637945317956,0.2631580328298242,75.31197778738202,70.24035710691177,80.40020706005926
0,0.43052849198150234,-0.30805022453450887,0.26279318207031793,75.72667684960122,69.91897812187462,80.71603541845808
0,0.4305004807786902,-0.3083541635193798,0.2622473549199731,76.14107475738295,69.5684851211075,81.03114694144294
0,0.4304195659832915,-0.30863298927926747,0.2619126152349145,76.5201671030116,69.20712453388794,81.30504753187954
0,0.43032671833800873,-0.30925281559610096,0.26083323472267694,77.03578195664083,68.68624549046578,81.66848459892228
0,0.43025361026095943,-0.30954239641809195,0.26036573045975275,77.48335427201316,68.20447324357296,81.95331936013676
0,0.43018611992168027,-0.30992169057512015,0.2597177612138421,77.91037433831872,67.71854049366536,82.21818474070126
0,0.43020417416858275,-0.31018356238984796,0.25923265212303703,78.3152012162285,67.23472300107382,82.45990155955019
0,0.4300603988246878,-0.3109510383524868,0.2578150140596063,78.85517163908223,66.51264826146335,82.77942479935237
0,0.42998519862460693,-0.31139256154679984,0.2569835578752191,79.34136726843303,65.80457060702133,83.0681522101644
0,0.4299250113444289,-0.3117395207800838,0.2563066398454339,79.75556590304916,65.14770077563,83.31294519731564
0,0.42978946889209346,-0.31220864450120656,0.2555477880788476,80.13306901934342,64.51945804400191,83.53906878897438
0,0.4297659131364783,-0.3125147066035244,0.254878370697561,80.47329965622835,63.92012938023866,83.7459294670536
0,0.4297803836541136,-0.3130304226794216,0.25356516831642695,80.92180864608568,63.141964066450285,84.01326843745792
0,0.429616442568775,-0.31345239614629483,0.2527875959230096,81.30289858116151,62.435325288818255,84.23001882034717
0,0.42955385322141254,-0.3138420036950085,0.2520929335904748,81.65610654278461,61.77649159197988,84.43378787638237
0,0.42948122943210204,-0.3141332659640285,0.251340156729284,81.98423586432756,61.14597394182396,84.61455786800688
0,0.4294780912475546,-0.3143369225182506,0.25074019783264706,82.29828363974323,60.535839842206194,84.77865722118678
0,0.42938427502679427,-0.31470278059625356,0.2493905150247247,82.69872875274457,59.72745813885902,84.97708257629468
0,0.4292957084851225,-0.31497772430562704,0.24861314409500668,83.05180831362954,58.990106321515675,85.14650331100152
0,0.42930064822005826,-0.3151090941348049,0.24796481841332027,83.37517052175492,58.30414087792577,85.29727862181151
0,0.42931657160091,-0.31520861720227933,0.24732148283249444,83.67226882449032,57.6557392108489,85.44351411615544
0,0.4292751359419783,-0.31537472402238576,0.24661150925880976,83.93637623007491,57.03270550013509,85.57748655466919
0,0.42938503051566684,-0.3155886397280666,0.24559597724205562,84.22490567143885,56.30656210980951,85.7322334192323
0,0.42925338173675137,-0.3159057590880367,0.24498331063515255,84.45348756024158,55.68725041838481,85.85045777240923
0,0.4293640705423315,-0.3158766630806896,0.2446481525254876,84.63862999018471,55.15098190901002,85.94510461625318
0,0.4293723615484198,-0.31598213707589834,0.2442365931821496,84.78181279975905,54.68026348257005,86.00861569995747
0,0.42935041362809734,-0.31615627144956326,0.24392351859337397,84.90070653075233,54.27612890153624,86.0621614499641
0,0.42928154791163997,-0.3161997876086209,0.24330166989094326,85.01629626342768,53.819081979536975,86.11773148180832
0,0.4292812379674872,-0.31620370840215417,0.24300526254898616,85.11047865547144,53.42935469622966,86.16264772321674
0,0.4292654695587118,-0.3162233201184246,0.2427067785812051,85.19363821220827,53.081587372793685,86.20185901633276
0,0.4293183537797888,-0.3161841586747143,0.2424565606666238,85.26516308394372,52.75374583841263,86.22577148019994
0,0.42926268006133633,-0.31622845744275785,0.24211507194763726,85.3380196912235,52.43611637520795,86.24978921380097
0,0.42931602919864253,-0.3160500845828029,0.2413869898868234,85.45647193557153,51.9919310871277,86.30263081709268
0,0.42930702144670085,-0.31606104110860556,0.24090359323746274,85.57782135810633,51.57440041264281,86.36017604316602
0,0.4294364425020178,-0.31597994422101705,0.2404068689895303,85.70745815127827,51.17253654334662,86.42875975912742
0,0.429524427898403,-0.31596822833204,0.23979819291359492,85.84819070251775,50.766025043701866,86.50988525623777
0,0.42966252738999927,-0.31589419042253225,0.2393713145805032,85.99358621168261,50.370867488632506,86.59594552885966
0,0.42965319032239513,-0.31609239195966454,0.2381178849292428,86.19525310545816,49.82512061716141,86.71463801708289
0,0.42966183001565533,-0.31611119782113767,0.2375342523408563,86.37474437180175,49.320997368774925,86.81442890137116
0,0.42963517481851177,-0.3161242929615948,0.23697608941322873,86.53251668432092,48.84495367607028,86.89477772426042
0,0.42967587436008053,-0.31596717452192036,0.23656529718166897,86.67762607501324,48.39032597619367,86.96277556427428
0,0.429685366399761,-0.3159507784762356,0.23589541488415308,86.83072807804533,47.92203976793601,87.03783918514995
0,0.42968926007318103,-0.31603225504541127,0.23466517680412838,87.02786515454216,47.30772640391801,87.14248811076669
0,0.42959829146432477,-0.3161203256764385,0.2339002656293542,87.21368572013843,46.742918467247925,87.24632675946243
0,0.4298108744101484,-0.3160319605984661,0.233250893886152,87.39579113886107,46.19971629033455,87.35809049954943
0,0.4298917892055472,-0.3159539941468212,0.2325846146894128,87.56936296826647,45.681015337093534,87.46718406739542
0,0.4298271852211913,-0.315952963582513,0.2319039928270013,87.731646387111,45.16405701811491,87.57081820338821
0,0.4299230935649832,-0.31585793470525475,0.23040786915546962,87.93304920061226,44.44978583266569,87.70601982068911
0,0.42995433980989056,-0.31581070696496694,0.2297013127160699,88.10581710158185,43.80016998281446,87.81410184766153
0,0.42998638028668956,-0.3157618675150845,0.22898327284580774,88.26102088012692,43.19063306755284,87.90354698038632
0,0.42999800319242076,-0.31577417229795185,0.2282625054670007,88.41614937469622,42.615448857834856,87.99388615133621
0,0.43007581854629123,-0.315688031069276,0.22743922405964442,88.56792017671737,42.03473196627485,88.08086484456688
0,0.4300424414353331,-0.3156343099989864,0.22594942324883052,88.75616957767606,41.27153832588853,88.1838128062344
0,0.429942387588497,-0.3156328222670528,0.22512885385281156,88.92308194374812,40.5776504970554,88.26815690645434
0,0.4299509885387381,-0.31560698067331044,0.22441776448017664,89.07684037801825,39.93047868842722,88.34229816810598
0,0.4299349295573195,-0.3155406913676235,0.22361157649284907,89.22992023876027,39.298416516687006,88.41118821835552
0,0.4298995571808775,-0.31550335859441486,0.22290083580738612,89.36942200505345,38.67642481979671,88.47295262865973
0,0.42972141677903736,-0.31540957724237173,0.22119881623512813,89.55472107346678,37.838909431936095,88.55179476377147
0,0.42989562476443843,-0.31522461806916924,0.22045505874878477,89.70556195205685,37.080983063760165,88.63347663577615
0,0.42996726060676177,-0.31506135498666493,0.2196662353826196,89.83718117635476,36.37619459201006,88.70930242472393
0,0.429998816795822,-0.3150691423335049,0.2188734834743173,89.94128893538142,35.7040482507879,88.76599179000405
0,0.43008108759688934,-0.31488494252347676,0.21807609015232632,90.0343933292631,35.050979921508294,88.81625335967281
0,0.43015084440278606,-0.3145213005461666,0.21670506768948145,90.14024833208425,34.21324515191359,88.86298382009022
0,0.4300780268983801,-0.3144380185523007,0.21594701402908872,90.23143252829993,33.462434234122384,88.89279389509595
0,0.43006535793113315,-0.31422841107034416,0.21528598838574,90.31257780614315,32.76513919948789,88.91656866129478
0,0.43006555164622867,-0.3140327510752651,0.21460352235561914,90.3927150075104,32.10944374834577,88.94236079977217
0,0.4300691353754958,-0.31380904113435476,0.21396906667477197,90.46709400974238,31.477737693247207,88.96153315383059
0,0.4300888168292006,-0.31339691614293785,0.2125922637534768,90.57704745813855,30.66302879527122,89.01085701887874
0,0.4302757131533583,-0.31296620999955865,0.21197404139763423,90.66923135719223,29.91625024142935,89.05429620586345
0,0.4303355904893836,-0.31268024002694816,0.21128255599266596,90.75227036527433,29.223022267835884,89.0948668288388
0,0.4303624781446417,-0.31241520678186147,0.21059107833630153,90.83254388615421,28.566626795201923,89.12849705153924
0,0.430395157881256,-0.31210857128286096,0.20987750941044397,90.90692892288587,27.92394757020734,89.1564569953742
0,0.4306072759108504,-0.31132944916867944,0.20851618045097894,90.99791511572622,27.05665601324753,89.18327940115469
0,0.43059429699945057,-0.3109614602246258,0.20772769027477808,91.0772959801144,26.266043611569177,89.20955665331499
0,0.43065853292512496,-0.31058926378869745,0.20697599046951837,91.14469257889427,25.503293076534135,89.23084096021613
0,0.43068495566415393,-0.31016154085778924,0.2061084412885339,91.21821070667346,24.743661529695807,89.25369546523329
0,0.4307102161126097,-0.3097352514185879,0.20534366958862849,91.29380141596583,23.98196526317951,89.27479052576074
0,0.43075924540328586,-0.3087571606554958,0.20351355784660885,91.41702150009414,22.937572106024213,89.32130383468652
0,0.4308189677672346,-0.30821709071778985,0.20255225055939266,91.53396037959862,21.966918909417476,89.3686643050295
0,0.4308844434695204,-0.307658292404649,0.20157990926033567,91.64554408601946,21.040183427434684,89.41557709944992
0,0.43093606854247646,-0.3070759150900814,0.20072740011936732,91.74788751481856,20.132785056444902,89.44758266508865
0,0.43097341681289275,-0.3064894930043194,0.1997626214576394,91.84922785434571,19.24227001615723,89.47667619159553
0,0.4307924481706579,-0.3055360970416043,0.19774683767086576,91.99431881726784,18.05956454510524,89.49793115497658
0,0.4306969660000762,-0.30501372491502493,0.19674082093960352,92.12086213516088,16.981118142216705,89.50774936320806
0,0.43067031080293255,-0.30445156370782583,0.19574899190193723,92.24396089977597,15.964769935459971,89.50853150979805
0,0.43067546362447345,-0.30374129568719593,0.19484584563499996,92.36647386210988,14.990914839457583,89.50050745859417
0,0.4305973964409789,-0.3031481555619213,0.19386814230209895,92.48890444153211,14.036796254650003,89.4883404799445
0,0.43032013202476105,-0.3019468817629788,0.19185962670570916,92.66204090271587,12.756867279292642,89.47165186977458
0,0.43042502874898514,-0.3010939619460079,0.19103739910847253,92.82147263176876,11.61260602984473,89.44498850465955
0,0.4304297747688254,-0.3003168544688198,0.19020083659416742,92.97732616811219,10.553811462629387,89.41186166087654
0,0.43036443466710644,-0.2997212812819454,0.1893716042590768,93.12369087081242,9.587810287746459,89.37194881005995
0,0.430252506084915,-0.2991409186043713,0.18858654671436853,93.2677060266595,8.691089036574837,89.32360032717027
0,0.4299283432440718,-0.2980168906369182,0.18726450317627497,93.46266398539443,7.557810258984786,89.22331443098571
0,0.4297198670582732,-0.2974417892613384,0.18654592090374536,93.64194804473154,6.562912198406813,89.11957338177211
0,0.4296226995663603,-0.29679604386472436,0.18587083154446193,93.8082940361755,5.635771040592273,89.0069220026468
0,0.42943876708316403,-0.29629897092962,0.18513668232685634,93.97275064869554,4.772290501704869,88.89880243040142
0,0.42923042649793225,-0.29567238783025473,0.1845551418615014,94.13596182185579,3.9327185570045478,88.79153252318503
0,0.42867903585004413,-0.2945703039088222,0.1830251800370843,94.38889636229196,2.8641998151077845,88.68897175554847
0,0.4284657749013861,-0.2940429261841747,0.1824189370227487,94.62179030836114,1.9476226609296325,88.60556620739072
0,0.4282080369667967,-0.29359280203962057,0.1818637108159692,94.83825935685572,1.1440784379541533,88.52749771795962
0,0.4276584091262777,-0.29346873914384575,0.18134024613625116,95.03595801407332,0.44810406173688727,88.43778147717029
0,0.42741372758912644,-0.29325917815351216,0.18103485041386194,95.20307509748251,-0.14243425794156933,88.34351810447086
0,0.4269066589550932,-0.2927348688759777,0.18042504304176876,95.37620974912949,-0.8178129847461667,88.20046910317072
0,0.4267056601719817,-0.29260164713048664,0.1801146339727075,95.50912330892513,-1.3907615439930474,88.07588621274193
0,0.42646909529733257,-0.29234341715955464,0.17990385645157406,95.63184481862966,-1.8832156749128206,87.96137584083978
0,0.42638680512475574,-0.29215955053949094,0.17963050895458765,95.73073337597205,-2.318326779295322,87.86259968397022
0,0.42637343878316486,-0.2920638242878887,0.17928910547024318,95.83808001388232,-2.716263516641221,87.77109987155997
0,0.4259582298474272,-0.2915221193947765,0.17873721116310665,95.96408047097485,-3.2049454650329046,87.64195180115343
0,0.42583646053838337,-0.29138689076089597,0.17844076507813045,96.07047323251582,-3.6491807731809502,87.5292748145144
0,0.4256343188362082,-0.29123029147767754,0.1780947511745126,96.17002239390169,-4.064119829525286,87.43342998261484
0,0.42547708029317455,-0.291087019793031,0.17758363776928493,96.27170331870204,-4.49289155816796,87.33993759686182
0,0.425282609708782,-0.2907818177857372,0.1771070637655885,96.38128755156815,-4.950651301483379,87.24752195183659
0,0.42470316911506256,-0.290113337985513,0.17590098970657894,96.5637111415977,-5.662936088800638,87.11064601441761
0,0.4245272370653113,-0.2896176985421154,0.17524080091244287,96.73263051806632,-6.356955936594669,86.98386601568735
0,0.4244006055073698,-0.2887700245299312,0.17449211143976756,96.88799918864336,-7.085404051018131,86.86071926081792
0,0.42425243283080655,-0.2881358245530102,0.17378920846706936,97.03886731858077,-7.8206132189105695,86.73433378894153
0,0.42386664921807843,-0.28761597072267264,0.17304655515677042,97.18753049402976,-8.562872074205584,86.60421918040467
0,0.4233775379734,-0.2862654898085567,0.17153786712414332,97.40067043146323,-9.630991304439656,86.3800352324897
0,0.42313793177175124,-0.2857594284930202,0.1708729865503938,97.59607276417087,-10.600926676812477,86.14223072144019
0,0.4228962528185805,-0.2851483116068813,0.17023913913494654,97.79003378348845,-11.49962995673774,85.89937149464963
0,0.42265403146314223,-0.28472492014550893,0.16961848759180614,97.98245879369118,-12.35135386245917,85.66459402991798
0,0.42245675200986466,-0.2841793099560711,0.16902701341635296,98.17787258488738,-13.156941247946792,85.44546265744245
0,0.42200310999917584,-0.2832204589762661,0.1680352037501962,98.43376182716841,-14.149173506838945,85.18702197211586
0,0.4217634844260176,-0.282762981406686,0.16754205548292705,98.65804962040282,-15.022399450976934,84.97562375061855
0,0.4215528386311492,-0.28246685301446645,0.16711835795170374,98.85295435316492,-15.80709153252107,84.78523983475563
0,0.42148532892036045,-0.2821356776871654,0.16683252745396204,99.01133603039604,-16.48362021629395,84.63027966238279
0,0.42131383294629654,-0.28167413984918327,0.1665037696910531,99.15988363519612,-17.121932255190895,84.48576948604024
0,0.4212011101322134,-0.28106723045491905,0.16595584266907282,99.30431342058961,-17.873406176839143,84.32457809018044
0,0.4212083163337668,-0.2807727835097286,0.16574243837124414,99.40984913559495,-18.50650124433658,84.19710320757885
0,0.42121304298209744,-0.2805514368929837,0.16556509220129556,99.48572846741246,-19.04175471407021,84.09164459751612
0,0.4211284282283743,-0.28034542476319996,0.16546707236296243,99.55005408098076,-19.50060330583354,84.00477787408616
0,0.42111076141166287,-0.2802479240813228,0.16535746061331338,99.59881515338262,-19.87501880884257,83.93681441852769
0,0.4210192116575201,-0.2799808839478466,0.16511005156761713,99.64599626098764,-20.26845133970184,83.89681697116737
0,0.42097140277194584,-0.27987358128213613,0.16497824781662532,99.69182548557711,-20.585253966052214,83.87485749416018
0,0.4210747691469153,-0.27957229231977193,0.1649250923944146,99.73564966752984,-20.855241146557834,83.86526635297689
0,0.4210234927611311,-0.2795137283720943,0.16480401271111078,99.78260280489935,-21.08315176927066,83.856190314379
0,0.4209900381641348,-0.2793764851012203,0.1646825378490121,99.8398872303319,-21.269117641105748,83.84575892396836
0,0.4207944634036978,-0.2791108164706203,0.16443400913006376,99.92469451413177,-21.4630755745149,83.82595153793461
0,0.42072269196080764,-0.27907237564706533,0.16435587220913478,99.99417449476434,-21.61350357136349,83.80248079745263
0,0.4206508430318793,-0.2790392813601467,0.16427468233830042,100.05547097452833,-21.733820131573466,83.77342083861596
0,0.4204420762734374,-0.2790416834273312,0.16403480880981988,100.11350107932749,-21.845653656714912,83.74942542922936
0,0.4203691231684645,-0.279016004554269,0.16393234127289363,100.17571231062867,-21.93397845210923,83.71939423116491
0,0.42026362592744426,-0.2787637565054867,0.1637154578519494,100.27975707650991,-22.03564710218156,83.69481276434072
0,0.4201052250938376,-0.27879382883691517,0.16352791839367456,100.37943286553768,-22.123373937416883,83.68132757293957
0,0.4201913314537962,-0.27844676887178155,0.16347941988236017,100.47886284135858,-22.196094422504935,83.67983748317162
0,0.420121032245632,-0.27840650712632864,0.16339194589382716,100.57799084362898,-22.255179611079445,83.67565616452713
0,0.4199292736725767,-0.27841461991452904,0.1632874327254922,100.66892280902255,-22.309190547081105,83.67009155723939
0,0.41968335235881404,-0.2785332665362331,0.16314192169434139,100.77066669534625,-22.342683430192164,83.63300320753913
0,0.4195968779401739,-0.27859108661794396,0.1631396978450448,100.85706632331564,-22.351744350513528,83.58394203917274
0,0.41952074790763455,-0.2786406311907742,0.1631431149793298,100.93271792925484,-22.343963065784678,83.52920646225024
0,0.41937059933709697,-0.2786544159569713,0.16300859146839686,101.0009433271913,-22.33771134071437,83.48947756737361
0,0.41936670566367706,-0.27868209396981924,0.1630269750309617,101.05667488063528,-22.316079870341525,83.46360834827784
0,0.4193610298113783,-0.27875789856099814,0.16299140506512233,101.10291615782376,-22.253622368785283,83.49096252657475
0,0.4194160836415251,-0.2786900905289624,0.16293785446411677,101.14342771037136,-22.189648181192737,83.52688604454374
0,0.4194937246518095,-0.27871383225106927,0.16297006928450178,101.17748099096148,-22.12097710702308,83.58564679617119
0,0.4195686342792471,-0.278739356152055,0.1630047714067132,101.20825624962463,-22.049248162030455,83.65715489109643
0,0.41939777756499846,-0.2789386889853451,0.1629199086976678,101.2342581724621,-21.972788426582337,83.73934763402123
0,0.4192965807990988,-0.2791066942133877,0.16295159661299297,101.2718564186205,-21.869991982804997,83.84125229365148
0,0.4192976656036337,-0.27909615611219135,0.1629961665821702,101.30636956953025,-21.7871989044501,83.92748118354955
0,0.4193155261354407,-0.27907275532865256,0.16302167498594827,101.33936001170734,-21.724832442787694,84.00596591048345
0,0.419291427977558,-0.2791398272433254,0.16294669562107633,101.36945440267901,-21.679729286946923,84.0884531107932
0,0.41937404746579726,-0.2790366390862438,0.16293894701725553,101.40098420843134,-21.65788107639832,84.19027492678302
0,0.4195595877842863,-0.27865248655461994,0.16295774900442667,101.44614154171119,-21.65061494151661,84.38285750856572
0,0.4195265399889906,-0.27857107972287865,0.16285685443407602,101.49071510772946,-21.653978714017846,84.57215626848806
0,0.41961276257800656,-0.27843070601606107,0.16277541660791942,101.55141334057255,-21.677897633637183,84.7819480343579
0,0.4197046222763022,-0.27832299267434807,0.16269129389053888,101.62119940310754,-21.718957347776836,85.0023376179832
0,0.4195819812493285,-0.2782574472346279,0.16234254472977228,101.69574200335424,-21.803718274793873,85.24817292840368
0,0.420181180782791,-0.2775543544211361,0.16209142410284585,101.7576366269029,-21.982688167155615,85.61694819931296
0,0.4204773130493124,-0.2772240159430477,0.16196615242487497,101.79304294453252,-22.17137136396336,85.97725513857954
0,0.42085414702462753,-0.27678842043065754,0.16196261131292888,101.81240298264885,-22.346328491176312,86.33784108379405
0,0.42111665035056667,-0.2764170143523189,0.16188863926655359,101.81782743245904,-22.53332347051225,86.71483858474012
0,0.42134538913535674,-0.2759842160859082,0.16181658499962398,101.81603536283626,-22.741581320659222,87.10683802146676
0,0.4214711489753683,-0.275318580023286,0.16154240840202877,101.83174193652853,-23.047722395879024,87.65594109930716
0,0.4216474878268202,-0.27468936239862174,0.16151148372417995,101.85044018601366,-23.332264738075423,88.1780101052273
0,0.421862530954357,-0.27410760497235986,0.16135398172861642,101.86826459488701,-23.626291414831034,88.68176825018404
0,0.4220793562607726,-0.273553300849435,0.16119303160435267,101.8899477633843,-23.916540678212307,89.16877088181434
0,0.4221349331216772,-0.2732726386704418,0.16097528421408244,101.92094438836205,-24.166275845973807,89.64617749925074
0,0.422542916484352,-0.2728543922820064,0.16082103275782175,101.93749902828765,-24.379201271010444,90.3570535419275
0,0.42284749472903804,-0.2727192256369564,0.16087602459913797,101.92362253950347,-24.518921260646863,90.99497274399918
0,0.4232584806756933,-0.272504945746896,0.16097441637045454,101.89720186481807,-24.601568214023622,91.57760842119845
0,0.4234357106165846,-0.2726853719868633,0.16108021580702372,101.85440826724111,-24.604811179584136,92.07887278959466
0,0.42371388549375133,-0.27275281583451955,0.161213081116739,101.79792256270241,-24.56322383756368,92.55467857485333
0,0.424054979033943,-0.2725578919568035,0.16123378151184625,101.74263319303289,-24.51639864833353,93.17158201716114
0,0.42406402552890377,-0.2724097541489574,0.16111780040985654,101.70884761887768,-24.490967628251923,93.7330872169511
0,0.4240962984638174,-0.27217470800065724,0.16108130448586055,101.72529315615958,-24.474207959986174,94.25119110599432
0,0.42415274704265193,-0.2719546089091274,0.16105845772749494,101.76898331238665,-24.459824493623508,94.74689700014271
0,0.42421942377853,-0.27171155845308037,0.16103960150009702,101.82675104945905,-24.428280791483342,95.21642775099349
0,0.4243560122923811,-0.27128413771772114,0.1611186527562768,101.88907354537527,-24.384661141893258,95.78497924236538
0,0.42440143848228057,-0.2711576185145351,0.1611421581459672,101.94184916473478,-24.352031028644177,96.25587694582602
0,0.42433549786376557,-0.27115061377668115,0.1610316746783883,101.98760339411159,-24.330784017033096,96.67304482239282
0,0.4243837135510405,-0.2709436640658352,0.160997960503164,102.03703336952886,-24.33166918881074,97.04401849943521
0,0.4244240644054373,-0.2706944844641659,0.16096874051815577,102.09240158373912,-24.34714060134366,97.39029712776924
0,0.42450844670104587,-0.2702117154517147,0.16091336512095045,102.15859925041129,-24.360352509345542,97.84657703035161
0,0.4245781066493948,-0.2699821863093349,0.1608584778857858,102.20160148977457,-24.3542480282847,98.27422488425783
0,0.4247449534611662,-0.2698258349814388,0.1609404774857194,102.21584501158547,-24.323163817089103,98.67529898049663
0,0.42488483513164127,-0.26973026370191305,0.16102047794586727,102.21917660992636,-24.26696226280294,99.04641624265662
0,0.4249360146598776,-0.26996620868825644,0.16111892008310863,102.21220012366278,-24.148208635106485,99.37736988160734
0,0.4251785459594687,-0.27048971211099354,0.1613601147485406,102.21004231461352,-23.863001169445923,99.7383188640094
0,0.42534765923785767,-0.2708278611817333,0.16159585827118467,102.20351218639455,-23.544381078818382,100.03828302272426
0,0.42542931015061936,-0.2712374368824932,0.16175475114113397,102.19140593254316,-23.214932745977254,100.30276786973444
0,0.4255662086086233,-0.271498789540765,0.16191856437450952,102.18097582020269,-22.893613932261253,100.55572579960838
0,0.42571858490275943,-0.2717045227208111,0.1620967938852937,102.16903553401171,-22.58196310481961,100.79490491702907
0,0.4261700185613592,-0.27169489895486565,0.16235123478895733,102.10196445485046,-22.25888160417572,101.08298922415845
0,0.42629963333177173,-0.2718589446463558,0.16238573932177133,102.01337054032913,-22.00762195214756,101.323368097514
0,0.4265383097009619,-0.2717535946288082,0.16245388054377147,101.90776756431222,-21.845597446653894,101.51314583686798
0,0.4267334389166792,-0.27168705736779897,0.1625221457434327,101.80210247997259,-21.734664645601175,101.66689355365114
0,0.4267850639896353,-0.2716157237210247,0.162470505173269,101.71778447995138,-21.652430149466756,101.78777181351184
0,0.4266930493192633,-0.27141998623990743,0.16234562092548915,101.66836546283278,-21.61192991744081,101.91947753444808
0,0.4266770290808638,-0.2712538871684048,0.16231477373367853,101.64459345949255,-21.609462962480777,102.03717383815015
0,0.4266995000319441,-0.2710616133131954,0.16235872381455013,101.62720418148467,-21.62438657873007,102.15316170000831
0,0.4267834561543425,-0.2708276984610531,0.1625100772929818,101.6220914113479,-21.64369054760625,102.25888834605782
0,0.4267845603303869,-0.2707548693337414,0.16254998260265893,101.62601085123923,-21.651995475043012,102.34525306761195
0,0.4268224122600516,-0.2707784870781872,0.16267376654869622,101.63199231204534,-21.61108900159726,102.39954949136079
0,0.42673624778556424,-0.2709538224854443,0.1626523649049432,101.62125523452225,-21.56478579152269,102.43027369125302
0,0.4268517213540038,-0.2710630623021099,0.16280064993626184,101.59037415259215,-21.488065980183382,102.4395948761495
0,0.42701211745309436,-0.2711968729414913,0.16296411835676738,101.5396997262327,-21.383572604194512,102.43707070214192
0,0.42713390613364777,-0.2714672759690258,0.16307463669306346,101.47333341369072,-21.26103264706385,102.43739559448292
0,0.42726059580611786,-0.27158341204309194,0.16322955840355463,101.40992701620308,-21.12970509244303,102.44784312188926
0,0.4273054795937498,-0.27174206470632284,0.1633232661438615,101.3461737478105,-20.994040172905336,102.49939995010755
0,0.427218908317562,-0.2718587509312603,0.16330123686319895,101.29111257668109,-20.89722810226036,102.54818990535024
0,0.4272266762928923,-0.27180722271585195,0.16332063161856245,101.26113180100153,-20.83197599137959,102.58580343381433
0,0.4271915557460745,-0.27174286281251636,0.16332797342068262,101.25304346965743,-20.791610529435008,102.60581480998938
0,0.4269945668654402,-0.2716912416138622,0.16323801987892694,101.26536797674281,-20.769141096308992,102.59119525902106
0,0.4269180300312002,-0.2716089049496624,0.16324499749666757,101.27780040573676,-20.758024483156568,102.56735741643412
0,0.4269325780348738,-0.27156132852220266,0.16328977280384607,101.2789919226383,-20.74610847043644,102.53294186753467
0,0.4269197153525313,-0.27152195786618916,0.1633409949494035,101.2744397262485,-20.73424943497739,102.49228936979296
0,0.42694146955775814,-0.27165048395776487,0.1633294224095971,101.27231804263788,-20.70360179860269,102.44618098189278
0,0.426782913752075,-0.2716863135018322,0.16330844306475228,101.29331384049598,-20.658442189613673,102.3864905340834
0,0.4267298551874121,-0.27167276119374967,0.16334400140768596,101.32031253405015,-20.615481168422768,102.32953226017663
0,0.4267559098677595,-0.27167758857393,0.16342586928135464,101.35774648973873,-20.57585815661347,102.25986039654123
0,0.4267147454099615,-0.27171523903989525,0.16338074141270229,101.39795466616405,-20.537797512828522,102.17070751697197
0,0.4266304212288817,-0.2717770574011776,0.16335773968226022,101.44563440649759,-20.508124936306793,102.05300060082787
0,0.4263396548705061,-0.272305868617532,0.16329672330147332,101.4884321028046,-20.45853458649263,101.7906265163026
0,0.4260802316145857,-0.2726272419609997,0.1632514520836503,101.51789153586249,-20.398428029435546,101.53596871672596
0,0.4260722699241598,-0.27303078149938315,0.1634045761180551,101.53230797877049,-20.256083387460205,101.2820494730333
0,0.4260487335400541,-0.2734080222763988,0.16353933596140455,101.54308210021665,-20.06731776466993,101.03451797162697
0,0.42598409081267913,-0.2740291736044857,0.16363887840038843,101.5679360466508,-19.810822166965686,100.78878898482755
0,0.4258642005400618,-0.27437067007207605,0.16375833087688993,101.5986074687632,-19.560694081396825,100.55701959045894
0,0.4252849149184187,-0.27524561916970935,0.1638656606627137,101.67192949999414,-19.242203456257464,100.18985505083988
0,0.4250053259210547,-0.27559849058770863,0.16394504510885782,101.74301210897914,-18.964075449008842,99.8394932204467
0,0.42463947559165555,-0.27593475674771994,0.163946897025171,101.79280626912832,-18.749494850599643,99.47048720613974
0,0.4243656980471571,-0.27616402243756977,0.16396696978336878,101.80844464522181,-18.581121047380147,99.02550593312532
0,0.4241310122089346,-0.27700934862279625,0.16412340634590694,101.74464718673647,-18.329063875461472,98.29294345160446
0,0.42397788042592605,-0.2775513014712307,0.1642323827100427,101.67218930878926,-18.079559364423762,97.60971419038451
0,0.4237466427164038,-0.278011622778413,0.16433103018528528,101.60272692218503,-17.846574451339357,96.95137597784651
0,0.4235107364730795,-0.27839589153909416,0.16440877967602321,101.54056303802795,-17.63978788585063,96.33193972773478
0,0.4230679231362303,-0.27872621451997487,0.1642941235852868,101.52059973947131,-17.482908678105296,95.7847451649559
0,0.4224133017139395,-0.279114334336755,0.16414306067949838,101.53466704411102,-17.379655834327455,95.11335449747008
0,0.42217758918571074,-0.27920587634229393,0.1640500076962144,101.5423461991642,-17.34126282929617,94.50579638033342
0,0.4218012976126631,-0.2795494881787273,0.16389070027596067,101.5144837944243,-17.339071475276434,93.90201019104488
0,0.42156353170442185,-0.27979472374105185,0.16390155994421549,101.44408940538828,-17.35504504261809,93.2032812899068
0,0.42127702707814774,-0.2800979653515789,0.16393651389605116,101.36295722456605,-17.362104526948272,92.47644871311293
0,0.42054724419879513,-0.28127607857370107,0.1641925277662904,101.28272769517176,-17.250630899151982,91.54295345256999
0,0.42043541247415145,-0.28158722376012535,0.1642324989391,101.23618711684496,-17.174873022141295,90.79726552526228
0,0.4199988173918684,-0.28149564301156726,0.1640551140261323,101.26814889374228,-17.19745152718535,90.2194854478426
0,0.4194349127488096,-0.2815277997174236,0.16379648887640544,101.35208773783982,-17.289654327029808,89.71922626868694
0,0.41895835424232086,-0.28127765928888054,0.163533822829786,101.48083743247,-17.464050053063822,89.29647030927211
0,0.41856282676028805,-0.28101104532861443,0.16335475259548732,101.59665528479456,-17.722727614534783,88.85384146523785
0,0.41836279655265407,-0.28101758515023917,0.16333216154104777,101.66445395887959,-17.933943595261336,88.43338099112096
0,0.4179991545753439,-0.2813095370449993,0.1633608158779771,101.69385369493834,-18.07564209990962,87.95356551833736
0,0.4176101359205206,-0.28163133656167716,0.16347711854702543,101.68843680384028,-18.148879728579747,87.38685779330588
0,0.4170143457727392,-0.2821836725392315,0.16366045438772744,101.67042287842692,-18.141170924353993,86.69480717547701
0,0.41572034830617505,-0.28355510567807884,0.16385310792452404,101.73302353913101,-17.993956629844025,85.84856897945514
0,0.41521490687894425,-0.28385955607080193,0.16386972867971963,101.83081757422111,-17.884621230782752,85.17622159544548
0,0.41461958164739215,-0.28388136839055744,0.16374976479536602,101.99319543763734,-17.846632514603286,84.64759153094101
0,0.41409052635001736,-0.2837357333817455,0.16356222921139307,102.20551521530028,-17.88399778178877,84.25411536421036
0,0.413753617055889,-0.28356107210302084,0.16342216932303022,102.42429576375851,-17.97561061569951,83.957905510267
0,0.4130712556319197,-0.28353026365422934,0.16317873531109403,102.69834722368724,-18.087668562908902,83.65671662755646
0,0.41283407086896495,-0.2837145332016918,0.16313419246203012,102.90674912571127,-18.142115479925067,83.36967200040772
0,0.41250355417298873,-0.2839258608736965,0.16303728842264723,103.0903353266075,-18.150895819717444,83.08076359061904
0,0.4121942492799719,-0.28424148475312916,0.16307371460920878,103.23708331579326,-18.112401664500883,82.78366775082375
0,0.4118983301000555,-0.28459093903684346,0.1631467335773141,103.34913485103091,-18.03376664387175,82.5048460580721
0,0.4115879791455229,-0.2850383744158718,0.1632964947176606,103.44113383538773,-17.925291003313557,82.28363451118678
0,0.41148831272887787,-0.2852354756512615,0.1632971146059663,103.50642978947334,-17.834731430808546,82.13657074439143
0,0.4115519481377562,-0.2852101919569942,0.163320736224714,103.5364269590303,-17.77461569815142,82.07934947096301
0,0.4115712615327795,-0.28523813342237203,0.16333483480936598,103.54489957421079,-17.72452550109997,82.0647398039446
0,0.4116544040517767,-0.2851994523920986,0.16333729111677717,103.53529590914073,-17.689608150477955,82.0826168129492
0,0.4117597269492109,-0.2852181420245144,0.1632233324003846,103.51507745706384,-17.657491193578984,82.11446682709906
0,0.41188701713847714,-0.28522830819272726,0.1632179238749177,103.48868234596175,-17.623407511975927,82.14556737264003
0,0.4118888186888655,-0.28533941542291374,0.1631533663821847,103.45513674427671,-17.585341774370068,82.17527326023533
0,0.41202928150462703,-0.2853978011527035,0.1632017099214227,103.40635513959423,-17.542806906298978,82.20028976966934
0,0.4121851059274634,-0.2854573414244625,0.1632831554961831,103.33654607291575,-17.49951846345435,82.22472543869522
0,0.41239974225329956,-0.28554903840207785,0.16336317920214244,103.22390838953154,-17.469675700495376,82.28189802183783
0,0.41262722188996875,-0.28547186230802274,0.16345901005989621,103.12963314975532,-17.444824219850062,82.33379153488953
0,0.41288557971286377,-0.2853259870924923,0.1634532063556344,103.04150407497816,-17.446767791782538,82.41269075106612
0,0.4130177708940466,-0.28526843046331135,0.16346079223877497,102.96816408602069,-17.45390201901384,82.4856235983389
0,0.4131342905240019,-0.2851283279576275,0.16346958302980968,102.90651065452798,-17.461150027810657,82.55609658099148
0,0.4132842066364249,-0.2850605819144222,0.16348074101931162,102.84991058432874,-17.46861021856843,82.6233243890604
0,0.4134181218819578,-0.28508372699403495,0.16350831442600794,102.78015425315074,-17.46591615266433,82.68538710443406
0,0.4134903001265486,-0.28521253978395195,0.1635429700565965,102.71640465016257,-17.452728890629565,82.72976005536088
0,0.41357195103931027,-0.28531740163945885,0.16360155725008554,102.65728106180646,-17.42852138195119,82.76108016030206
0,0.41369023347663486,-0.2854187146344158,0.16365997009998864,102.5975582583489,-17.398352141503484,82.79080762330194
0,0.41387604499625763,-0.28553671037339895,0.1637433140826852,102.51791202533943,-17.364021835597,82.84120879522057
0,0.41396056289243305,-0.28561339830541344,0.16377183281904764,102.44771989308818,-17.3342748214455,82.88336093235046
0,0.41404451901483136,-0.2857278141894314,0.1638028427315385,102.39149497487135,-17.295736714729838,82.92521793225909
0,0.4141275065617521,-0.2858282205977413,0.16383658402687618,102.34430629982015,-17.251564470766237,82.96777465550498
0,0.4142651023941,-0.2858343264975521,0.1639318841052682,102.30914786381055,-17.189150523260338,82.998527997283
0,0.41428369904326995,-0.28603493010186887,0.16400650703436442,102.2773308692876,-17.11246122184903,83.01984596676887
0,0.4142515810804327,-0.28651506458902093,0.1641604524207742,102.24406649093022,-16.980820246256624,83.0312428612259
0,0.41426578039693435,-0.28668093120240895,0.16422708266502925,102.22173932540223,-16.873665978246063,83.02714784731575
0,0.4142348828391989,-0.286960260621545,0.16424818986183712,102.21207626955422,-16.777716889915222,83.01186090332638
0,0.4142095061616858,-0.2871759895005199,0.16423814379698343,102.21682191556222,-16.69745801020982,82.99516270605002
0,0.4141078638510664,-0.28734004294061394,0.16420745545155116,102.27113689024729,-16.61349403636761,82.99606827904634
0,0.41399394000339107,-0.28741705631398884,0.1641799362850816,102.33920562238454,-16.540152248711948,83.01043019052281
0,0.4138121577577551,-0.28754836415433616,0.16412563794380733,102.43850599269942,-16.47910444403541,83.02567700166466
0,0.4136474805550535,-0.2876850495257351,0.16408286952501844,102.55165601790114,-16.42607595867639,83.03676372349007
0,0.4133394154386481,-0.28786883865976065,0.16406679504639216,102.67143811358552,-16.37735281822252,83.03030478830748
0,0.4128414320425947,-0.28800116931581227,0.16394905501133508,102.86671637562502,-16.33454187948327,83.03067280808736
0,0.4125661047773322,-0.28798654770040244,0.16382903688675474,103.0682041983068,-16.319256077071557,83.03464917484189
0,0.4122869419531782,-0.2879831693091366,0.16370016210800714,103.27757263127926,-16.32070620538553,83.03857784829037
0,0.41195392633246974,-0.2878984305777523,0.16351228171116422,103.5139944398849,-16.338950095973253,83.04560524628441
0,0.41153681898879607,-0.28781724845552176,0.16327646070248195,103.80265754997681,-16.36688726433342,83.04854339466667
0,0.41066531414556107,-0.2877109531083081,0.1628304316950471,104.24232846100182,-16.432260257835207,83.05780910094424
0,0.4102776902394255,-0.28759008263730734,0.1626815383983285,104.6502356935382,-16.504427370672804,83.06202415664036
0,0.4098071175293883,-0.28755599652909963,0.16253415995365686,105.0435667854537,-16.57742639109805,83.0530132164058
0,0.4092247905807455,-0.28763780628823965,0.16238876127726146,105.43659715868819,-16.63655198758857,83.01851021629749
0,0.4086806448774298,-0.28767282222890583,0.1622695373845727,105.82556900778475,-16.683961952039414,82.96923082659042
0,0.40745375031995373,-0.28774988209390373,0.1619265686822564,106.39298490355064,-16.707683840577246,82.88616800708803
0,0.4068282055335005,-0.2877993414320919,0.16176010542637415,106.94267452723766,-16.70639254648139,82.81554541087786
0,0.40611756170558533,-0.28782137846135825,0.16157057070261546,107.49791974803583,-16.688287326111343,82.75687045777362
0,0.4050158070998152,-0.28779797767781945,0.16124030583626336,108.16390534607514,-16.658937955269934,82.70471726163531
0,0.40366906101274097,-0.2876797572293255,0.1608136987043054,108.95779771393232,-16.63361037926289,82.64968099096987
0,0.4000906782822569,-0.2872090527930233,0.15977836125618525,110.35584980776852,-16.653717641743466,82.54158412077682
0,0.39818434739875397,-0.2870812550702068,0.15925682985312054,111.6992987734159,-16.685467878850325,82.43290118266513
0,0.3959517034368475,-0.28694177245282865,0.1586747741056115,113.08512450463166,-16.697629069664167,82.29382985293122
0,0.3940663131551703,-0.2868520668663952,0.15821687811142512,114.41938059612373,-16.692451580090456,82.14622476556248
0,0.3923219668345411,-0.28648002540254325,0.15789247118956157,115.68181896902281,-16.670923386644382,82.0167830030968
0,0.38878385747241573,-0.286121877185342,0.15720333361155103,117.30520511701877,-16.610129329044213,81.82039488844742
0,0.3869858326988181,-0.28615468477391925,0.1568483855677278,118.7439391584548,-16.512332503517058,81.63187464237875
0,0.38558304483460987,-0.28615421985769,0.1566024216366441,120.03565478908573,-16.383499558131085,81.45253061924326
0,0.38410224790143566,-0.28633773779058186,0.15637394630438395,121.20385102809247,-16.21497494045555,81.30079793783017
0,0.38277500892448024,-0.28654463326120105,0.15616208397871564,122.26392614461123,-16.015231351863182,81.18501814127025
0,0.38094130183028774,-0.2867481580891582,0.15572667055851527,123.40426468322357,-15.742265441154347,81.13010088916197
0,0.38033822799491485,-0.2865769061961147,0.15563875489956447,124.33422260531736,-15.506485046571676,81.10487555596777
0,0.37979906076955394,-0.2867483363070461,0.15550136827951977,125.05227136698451,-15.296462160313949,81.10079564040447
0,0.37943931246566376,-0.2869272593178722,0.15536350512034006,125.60043680587695,-15.109164370905894,81.11423687675054
0,0.37920053923892577,-0.2868573281683895,0.15521368199116298,126.02957761851792,-14.951198818786352,81.14329364700649
0,0.3787346931772192,-0.28713963305139273,0.15483561598784037,126.43203011989509,-14.781268437325757,81.18021074335546
0,0.37855269784497814,-0.2872576055445644,0.15469440155750822,126.7548893662264,-14.645908375835617,81.20133446874087
0,0.3783728140072783,-0.28728763913297384,0.15455249750143596,127.014089314473,-14.55586646945253,81.20872151054786
0,0.37823074335622386,-0.28728280400418965,0.15444245570427484,127.23676671917006,-14.503088787667142,81.20609769237373
0,0.3781018259601553,-0.2872223184027645,0.15434216939932413,127.43036325745643,-14.488604898273096,81.19720246273009
0,0.37784275139140683,-0.28683640693807333,0.1542461603236825,127.63373593267923,-14.55230670821798,81.18484267912422
0,0.37778920853900516,-0.28648603057050437,0.15414952361113138,127.7892721324324,-14.654835465231878,81.17059110808626
0,0.3778341310696562,-0.2861721888699505,0.15405402981764385,127.88691777070909,-14.793572390968658,81.14165772842361
0,0.3778687867002447,-0.28587533985757557,0.15396385156637737,127.94944120923684,-14.950846014398808,81.10216021850339
0,0.3780025276021918,-0.28551743184709283,0.1538507761908204,127.95696641153107,-15.129047159886847,81.06265855528873
0,0.3784108983950575,-0.2852491829314205,0.15352633052593778,127.8622188380284,-15.388473122206957,81.00225578143552
0,0.3787444951610525,-0.28500519489431114,0.15347949409014291,127.73899943922885,-15.616456216637136,80.95620588683381
0,0.37907630974816875,-0.28483041738652914,0.15349480920559475,127.59683924569123,-15.813881167585798,80.92769657981972
0,0.37948313082027035,-0.28469431316041677,0.15353203737265178,127.43149022878865,-15.971165561135276,80.91224878156343
0,0.3799146893100699,-0.28460360025548664,0.15361918591982435,127.2445998396415,-16.085401213322992,80.91852174087498
0,0.38029650176333984,-0.2846218637146923,0.15364438437944955,127.02322583010145,-16.162897666589235,80.96438655701533
0,0.38125153655576305,-0.28431615029954643,0.1542568805170686,126.69067388688894,-16.16030633013924,81.09667100986816
0,0.3816492530183752,-0.2842916182198498,0.1545939060402543,126.36438129711793,-16.109730506164187,81.24137579343635
0,0.3822766574697455,-0.28413846706533163,0.1550348907066018,126.03730350342786,-16.022690556137643,81.38804596081226
0,0.3826992856936415,-0.28413020705365866,0.15534193300730295,125.72138399774067,-15.910566892106424,81.53292318337203
0,0.38319738531875214,-0.2841811153807613,0.15563266837126322,125.4021676252612,-15.767954272325854,81.67037048994536
0,0.3843049320058783,-0.28450516974115103,0.1559874420715005,124.96491571208516,-15.527214933033543,81.84269059703318
0,0.3847747104840239,-0.28477336441659656,0.1560657765818269,124.54730208744216,-15.293064814247977,82.0225800157026
0,0.3854846569375952,-0.28491960381650655,0.15633497082716533,124.1249997987242,-15.058402095139874,82.21147278933071
0,0.38617284918593964,-0.28506339465760916,0.156622056598726,123.69712837131524,-14.827461213704854,82.4100698419729
0,0.3875085341410597,-0.285458054296014,0.15713772230869838,123.1089292655329,-14.52481773853969,82.67875963925802
0,0.3881158503370245,-0.285640355698106,0.15738486402756283,122.58511911335275,-14.250021195393762,82.90965846754925
0,0.38866733784246044,-0.28573377286576956,0.15757336431271146,122.12082322768991,-14.016435448242015,83.08606075574362
0,0.38926279867457947,-0.2858328852572415,0.15775451892143796,121.6896981837304,-13.809682850005748,83.22839019622117
0,0.38971527839469516,-0.28627135550164906,0.15760153436190197,121.2559288988665,-13.640080405978274,83.34067990642596
0,0.39044475132989487,-0.28635895346784324,0.15769261145121166,120.8223999577369,-13.498650433304983,83.43490202570253
0,0.3919150876479109,-0.2864669147648785,0.15786648624664854,120.2230312768592,-13.354920302632522,83.57407108715711
0,0.3927985834555586,-0.2864774761118862,0.15799669765955515,119.64337982251911,-13.217693182902526,83.7187793074389
0,0.393762432284828,-0.2865747055926296,0.15822943859821864,119.05275405618251,-13.088245207148884,83.87690676514516
0,0.394688506670471,-0.286703805080888,0.1585048975897462,118.45844014667186,-12.95939451630353,84.04486481915711
0,0.39671980316209393,-0.2869561151185009,0.15919291162020274,117.62318866180121,-12.769745015935145,84.28927297212661
0,0.3976318913178404,-0.2872489581027004,0.15942177825695583,116.84073331902519,-12.592931818090507,84.51517269162058
0,0.3988011750059088,-0.2872640523829434,0.15983402722603388,116.06896203434503,-12.436853999089621,84.75166010461575
0,0.3999238895850142,-0.28724543248796197,0.1602248745513589,115.30491754347337,-12.302015130802271,84.9989065687026
0,0.40131251687573993,-0.287055994621751,0.16067232930189676,114.51563327143491,-12.186019226349954,85.24945385625166
0,0.40400232846307355,-0.2871337983527157,0.16151837998158045,113.39734370751674,-12.090702326730298,85.56667244271614
0,0.4053920018153151,-0.28715471183442803,0.16192846321589063,112.37104828440691,-12.024885664559157,85.83866295622019
0,0.40648932034539775,-0.287358848802087,0.16223171257502148,111.41745612200334,-11.977773540951503,86.07526383044912
0,0.4078436019496878,-0.2874136856713268,0.16261688017374581,110.5124389998219,-11.949336687200844,86.28511944719216
0,0.4092884066181143,-0.2874746361889812,0.16307049506432122,109.61446798211104,-11.931133186883779,86.48140065731556
0,0.41210700000094974,-0.2871853885569546,0.16417803012854165,108.44267841076811,-11.939088821485708,86.72587735260129
0,0.4132307606415709,-0.28724513804101676,0.16460117363459179,107.36627185322737,-11.9699962724321,86.95843231397053
0,0.41453126693534453,-0.2871018121161434,0.16517057978636335,106.3403004239466,-12.022139369317106,87.16946835690958
0,0.41570851231383876,-0.28707934116506306,0.16567783826119015,105.34270580240506,-12.098351395896707,87.35943830057785
0,0.4168538528161009,-0.2871484897055599,0.16619885438210077,104.36072689266898,-12.166267611341574,87.53893087467202
0,0.41953880215453704,-0.2868008098521206,0.16765786998993465,103.06897634084392,-12.244375992311587,87.75109695057267
0,0.42080711299943524,-0.2867708072581264,0.16834766619927,101.90451535785701,-12.310206014513819,87.94728954281436
0,0.4220092701392134,-0.28718903040075033,0.1690208881450326,100.84333277053796,-12.355716113011615,88.12676599873689
0,0.42306176299619275,-0.28726203774594994,0.1696188479018838,99.8899944651139,-12.39858409791634,88.28774167907186
0,0.4241042988972624,-0.28732068692826956,0.17021363847977228,99.01078793684235,-12.442383554972936,88.4400612943787
0,0.4259383546786269,-0.2875283107676479,0.17114711665636606,97.97966839041183,-12.489512282728258,88.58434456220469
0,0.42665339583921036,-0.28766238485955925,0.17179930501705715,97.0779115408557,-12.531237336153998,88.70426246358373
0,0.4273779290394743,-0.2878456315913174,0.17231267326599664,96.28162187242344,-12.553489670264183,88.79324476516217
0,0.42811102444696025,-0.2880364487090084,0.17290283017880032,95.5384543008331,-12.56067029401834,88.8597178631639
0,0.4291715177373846,-0.28768719588899344,0.17380772375589915,94.83225751946473,-12.548511942615834,88.91003100886093
0,0.43078177446889476,-0.2880547354140255,0.1750884866071374,93.95244028461921,-12.539015733962502,88.96375428246756
0,0.43145772392320236,-0.288276880136964,0.1755886589837701,93.16978742519221,-12.549576686006057,89.01703896949412
0,0.43209469790029126,-0.2886200658001873,0.17590806805616924,92.45972250998884,-12.575861959379504,89.07382206620484
0,0.4327713059859236,-0.28871425007962914,0.17638910912996836,91.79858488000036,-12.610563661996823,89.1498615833543
0,0.433437879629608,-0.2887318084158871,0.17689881228930063,91.17405794182922,-12.640510670562877,89.25233755078122
0,0.4345644103960951,-0.2887227890410397,0.17808715366846628,90.35363983276439,-12.658807230946131,89.44739172222616
0,0.4350747915582617,-0.28847503518247336,0.1789069908214242,89.58535202089479,-12.662611248370936,89.66118144189404
0,0.4355692687110861,-0.2884029731669399,0.1797761052203805,88.8394724154578,-12.641478606601835,89.87037776679952
0,0.43608172262477474,-0.288308316222665,0.18067746155983516,88.09840409701637,-12.60707147790027,90.07880957310611
0,0.43691508496570186,-0.28791085158967705,0.18157619887119839,87.34282039048345,-12.559280744223672,90.29703771139283
0,0.43833933646249373,-0.28724387501859394,0.18346144967800687,86.31095302547358,-12.491987193249456,90.6191737533851
0,0.4391167732553442,-0.28678986107492177,0.1844331013513238,85.36333458007184,-12.426133827691892,90.95038254493949
0,0.43976990307139957,-0.2863753727593395,0.1852537792277963,84.4831332316969,-12.353438087008449,91.31678079312547
0,0.44070655430125794,-0.28567588304662433,0.18627267413860868,83.63168302275467,-12.279349776521022,91.71894934376675
0,0.4416866170840224,-0.28496611868524285,0.1873002397370965,82.80359817657653,-12.201179364358861,92.14326801041105
0,0.4438195946292837,-0.2838395956673595,0.18949394696480343,81.80927413656269,-12.094757706624199,92.62626550796594
0,0.4443815621213873,-0.283824656359193,0.19002159589058468,80.97627855947309,-12.002640215697683,93.01253361395607
0,0.44507651502656537,-0.2837590876736614,0.1907471906495721,80.27232965473891,-11.909558248184842,93.29403716179529
0,0.4457681360321005,-0.28369504546308255,0.19149351292378017,79.64909460379867,-11.81638951391454,93.50643661426157
0,0.44641580308246215,-0.2835346106209728,0.1921315019679696,79.059162863179,-11.71991906011865,93.67855951881985
0,0.44749522233771877,-0.2831455377259228,0.19376360588795255,78.28587192942011,-11.619748443411137,93.92438220139874
0,0.44813895697164136,-0.2825798121609661,0.19470444136387416,77.56905423203135,-11.538870444262624,94.18501663145857
0,0.4486063721256216,-0.28206867550992704,0.19555984848267147,76.9012095103951,-11.47939040744083,94.46864616379995
0,0.44910445237922275,-0.28124396835946774,0.19637932532555172,76.29998286349043,-11.418834120555347,94.78299390259474
0,0.4496519493536909,-0.2803982934870693,0.19716538244015283,75.74592853254721,-11.3548961503097,95.11729838538042
0,0.45068778271245563,-0.27917075192117424,0.19827963166958398,75.13861068047233,-11.226440540638283,95.51432627710133
0,0.45127189183997707,-0.2785400930561993,0.19887143903500148,74.62578982037036,-11.100265121001469,95.84001131016339
0,0.4518531146125754,-0.27817293321275444,0.19919781797653743,74.22511972722374,-10.976656509739001,96.10357677563493
0,0.4523912164049109,-0.27778605317258565,0.1995361530137689,73.89316687956348,-10.861148808336146,96.33048577851557
0,0.4526673572735747,-0.27779186462545125,0.19977980011231014,73.62169103687985,-10.759222411460591,96.50043331169883
0,0.4532280075030287,-0.2778816244521114,0.20026695483452386,73.32340083933278,-10.624499790709162,96.6498739090707
0,0.4535450803713759,-0.27796665763044087,0.20049045556313108,73.07417069709483,-10.492577822812551,96.75385089444926
0,0.45399897421168883,-0.2774882045903179,0.20084013455635616,72.86602032927816,-10.3590869237676,96.80686572376185
0,0.45425585979985794,-0.2777164707102749,0.2010362439704568,72.67455456094073,-10.228779717661642,96.82937417546762
0,0.4544729756789168,-0.27793766235494344,0.20119794183498926,72.50091259679141,-10.10703940842616,96.83163024389643
0,0.45469164127873973,-0.27936055397176474,0.20129800730473107,72.3191118167516,-9.989223635324922,96.72525893901492
0,0.4545746761040648,-0.2801667652049038,0.2013276689601571,72.20043424601756,-9.907701972242375,96.57518748189196
0,0.4542123901324232,-0.28122413968229026,0.20107223623520443,72.1519010343559,-9.880483299845526,96.37011399808804
0,0.4537329065279921,-0.28249694859170643,0.20084309452301569,72.14151262734357,-9.884491433123438,96.10701361759546
0,0.453128670402046,-0.2839406219639751,0.20049084299332212,72.17862780476378,-9.92565627103571,95.77781064171796
0,0.45164438659715256,-0.28724107777261465,0.19945039146668025,72.33224732547787,-10.044065405305819,95.20590347046654
0,0.45121430034207904,-0.2887065789618466,0.19869850569492883,72.54016829691672,-10.172408583212054,94.65253105354648
0,0.4511526214556654,-0.28969627713346213,0.1979981248927743,72.77578888184439,-10.294242548921867,94.1633235044136
0,0.4513519542889555,-0.29010903751039235,0.19719832175499508,73.03993171334864,-10.404362512227884,93.78727423928086
0,0.4515224816875418,-0.29022463893079486,0.19670410030609678,73.28726701266777,-10.507291904088353,93.53101656976266
0,0.4517919974999388,-0.2886889043965313,0.19657859617001125,73.45188361854565,-10.57714252065285,93.58371872427455
0,0.4517411860303839,-0.2880378434576961,0.19679781966930934,73.5358026628953,-10.636871081702187,93.70278217256774
0,0.4511588784532507,-0.2874407360472652,0.19714377158409666,73.54018608674357,-10.69109386575595,93.87401514540207
0,0.45062066043185794,-0.28711453532361714,0.1970982717824609,73.54322070766993,-10.751633764869977,94.0512157981971
0,0.45030044937896335,-0.28791230832719533,0.19642849021679468,73.65109266453538,-10.84928456693144,94.0611589785441
0,0.45020570332574444,-0.28844207262181965,0.1949521487308175,73.94273705238201,-11.039786332921233,93.99829912483433
0,0.4502400490121802,-0.2888232729353878,0.1941599469733865,74.25050032935377,-11.227012028614253,93.88546893597491
0,0.4504717710094412,-0.28866466676377983,0.19366864674812861,74.53601547925872,-11.407719661314104,93.76676242735958
0,0.4499287875966986,-0.2890056595721218,0.1935307061029107,74.73166654465386,-11.566429268194897,93.63441595399637
0,0.44950354421901306,-0.28912253176355096,0.19357467168098993,74.84759042928829,-11.707923708329252,93.50512038892228
0,0.448755881436344,-0.28777895485543936,0.1949653678489358,74.73020868556186,-11.857676960643003,93.51595605349802
0,0.44836492563056546,-0.28729954873704644,0.19522661977535793,74.60082774701726,-11.973475302359759,93.60702761059478
0,0.4482978227214774,-0.2862254140295956,0.19554258459335874,74.46942460816305,-12.055616181395855,93.778243015743
0,0.4485801431016882,-0.2849730459370587,0.19564161175018854,74.37791512531473,-12.114785673750493,94.00851725489234
0,0.44879669720697,-0.2831054154553386,0.19594747238880703,74.31355449534969,-12.137527851911225,94.30376241350572
0,0.44907049412297806,-0.27975395058774677,0.19707976811653682,74.12425942976938,-12.098006594532642,94.89857362044917
0,0.4492525863127669,-0.27791290556573606,0.1979023134065301,73.88023797312663,-12.012140314554458,95.5366859456074
0,0.4496701585726698,-0.27626737331533163,0.19870856338268825,73.62947092855931,-11.896520777001902,96.11619968239309
0,0.4499830278234442,-0.27530147885465356,0.1993293040347726,73.37636060497252,-11.756301861076077,96.62595957806177
0,0.45031976277398666,-0.27565462922239037,0.19952282541519709,73.20318803223995,-11.607107973411487,96.88336262562022
0,0.4511257338004072,-0.27689963614129753,0.1994459747625024,73.15219486778173,-11.442610732542052,96.78848876275332
0,0.45118768388795455,-0.2774877939143154,0.19901107662445613,73.16182559436086,-11.316147934529742,96.67864514121824
0,0.4513783189134558,-0.27769254302167623,0.19869359308010645,73.22436031311243,-11.24253114224012,96.56086053183388
0,0.4515917348341902,-0.2775994048037502,0.198536738092962,73.26998969163918,-11.211350509585342,96.52247176486874
0,0.45119707907008727,-0.2773090646185848,0.1985345839810998,73.29737021782597,-11.20950001086367,96.54240681417619
0,0.4500786262230833,-0.2774690965332958,0.19919608228928157,73.21156407443279,-11.209587423027632,96.57259764980839
0,0.44947084511088925,-0.2774959454455349,0.19968914919621059,73.10845570535795,-11.197373262844481,96.57231374403796
0,0.4489392327742537,-0.27762557958745687,0.20001371496445247,73.03185429102341,-11.1466666230348,96.50122072481635
0,0.4487715723590811,-0.2776271060624096,0.2000556968999536,73.00159262615612,-11.085243475593597,96.42612999524447
0,0.4487205284314116,-0.27758131181382867,0.19995980792767118,73.02378759223267,-11.01790398935549,96.35158337184001
0,0.44936552221345505,-0.2775175330557797,0.19920761996037073,73.18392175514934,-10.969503259484744,96.29973150049332
0,0.4501639577226599,-0.2780172250189754,0.19750361674553463,73.57995364556926,-10.89820587168514,96.1828926593067
0,0.450562410302635,-0.2784599957385036,0.19667378001934596,73.99427741616455,-10.83398811100357,96.02837959536829
0,0.4503276469783743,-0.2794064721980068,0.19606873803860256,74.36575646942126,-10.779762786836137,95.82659003844729
0,0.45000034595298366,-0.28050850962781637,0.19564138704067774,74.69362853195771,-10.75174550383627,95.552464819084
0,0.4496598916726072,-0.28152423535966603,0.19525983803993768,74.97402123469048,-10.752148139191759,95.24267203493696
0,0.44821851576137145,-0.2841289672770474,0.19482619517571043,75.17934505937681,-10.830834406339708,94.73890928336391
0,0.44768424952792724,-0.2852028695263836,0.1944326358390481,75.33734546790527,-10.922412288957206,94.28327753145362
0,0.44764325941371524,-0.28575973843717306,0.1938982921195657,75.4897817852448,-11.029068184177376,93.90365058732446
0,0.448159684486862,-0.285799349299905,0.19324288421398708,75.68009162612834,-11.1365871117557,93.61381570718272
0,0.44961903715896206,-0.28499693488263816,0.19141415947205134,76.04191024817554,-11.268110034895557,93.48634107658701
0,0.44985258007812107,-0.2847833833613369,0.19073518031364986,76.34705305090647,-11.390800151925802,93.45743883764516
0,0.4502234282569845,-0.28417169307851525,0.19037678414112638,76.5849864360103,-11.48722300762544,93.52831202540786
0,0.45003930205869275,-0.2838925961174938,0.19056963139301847,76.70690151899832,-11.571219272103612,93.62833487098392
0,0.44921953851747115,-0.2841003749289486,0.1911428033662469,76.6795100308259,-11.626129968215045,93.73272444927565
0,0.448134346552368,-0.28429985498571125,0.19228056185967035,76.47143651463844,-11.637594139855832,93.85451761228408
0,0.4478324996905287,-0.2842294976630184,0.1929455160451562,76.23052788748795,-11.597069997378,93.9747964989338
0,0.44790638262796,-0.2838958660283062,0.19336676114327023,76.00595835490637,-11.54216746298231,94.1015480078304
0,0.44825117612647614,-0.2834647879519436,0.1935105907273919,75.83838371887934,-11.46044873486717,94.23656358205818
0,0.44863746339845256,-0.2827615324177716,0.1937939261747033,75.7025320063141,-11.369846255556723,94.37980349304392
0,0.44916378731298046,-0.2807129100480053,0.19438612871891567,75.50260113690138,-11.232893670635955,94.7113035527712
0,0.449293227739807,-0.2790218160071346,0.1951257329536111,75.25162994894198,-11.09698291800289,95.12225423934147
0,0.4492258730010946,-0.2771697524704907,0.19602406733757566,74.9329891480148,-10.971696073990858,95.62382552688851
0,0.44913852686452466,-0.27510212277555196,0.19709356063133784,74.55505388887595,-10.84976044923537,96.18808811904849
0,0.44899579758214553,-0.27399552141809197,0.19782615237957546,74.2052792529669,-10.76899669107175,96.68465582742736
0,0.4492806362585982,-0.27354568397187917,0.19757846050983974,74.00066529734927,-10.765756393787001,97.05337602722602
0,0.44956946546601856,-0.27378240381860464,0.1969790672612817,73.9671175825907,-10.776399199807054,97.23572528818536
0,0.4499360906557997,-0.27406876897001,0.19624466233975002,74.06914875093719,-10.806929914464453,97.28172085867682
0,0.4503340202050169,-0.2747150180258724,0.19539414458996363,74.28260741725308,-10.855208005767507,97.20067204072195
0,0.4503862651662787,-0.2754329571642849,0.19470090800053186,74.5253656829166,-10.92535063475914,97.0564267804714
0,0.45011806661653125,-0.2768825272240612,0.19421372228390285,74.81215402902335,-11.007098507235233,96.7251503934154
0,0.4499873476700743,-0.276995044700143,0.19454156571156095,74.95752312584325,-11.064259498197442,96.46781973043755
0,0.4494489553050955,-0.27716872190618247,0.19487356239086695,75.01981449036771,-11.105261118441287,96.26557864289838
0,0.44899537140893536,-0.27723191951894494,0.1950265275788934,75.04423446244569,-11.133165582329342,96.11584590705476
0,0.44864036912488536,-0.2770444962897274,0.19518878334290096,75.03658460426107,-11.149325327814116,96.02481049449642
0,0.4488303455190619,-0.2771598575034115,0.1944004481387765,75.13318128112878,-11.214888677285861,95.93080081691627
0,0.4491103025751074,-0.2771750060238811,0.19383815520531245,75.26997791759464,-11.277007032471023,95.84593220513909
0,0.4494664284067114,-0.27742437934064595,0.19291375451809473,75.46904926709996,-11.335504045714613,95.74935341307835
0,0.4499278577642401,-0.2776451835551235,0.1919815664840371,75.70426228810175,-11.39522289642848,95.67704280571218
0,0.45054997379350264,-0.2774375519671413,0.19132070356136865,75.94092599681944,-11.454761596367103,95.64918120688735
0,0.45123173470067585,-0.2758044329800579,0.19118875258690424,76.08473453826117,-11.528586342904912,95.87836080018748
0,0.451479535050865,-0.27493992125177114,0.19150414400822233,76.1314966415993,-11.591270502893607,96.14218368184865
0,0.4515587838964422,-0.27413171087884636,0.19190292590385982,76.07869553627705,-11.635578905632734,96.45289376124197
0,0.4516685622410735,-0.27325086509370533,0.19234019511467523,75.96197584287353,-11.650222105611595,96.7799455536904
0,0.4515936719851454,-0.2724126443781826,0.1930248617482812,75.76907417368375,-11.636846922103205,97.13437469812409
0,0.45124996329116424,-0.27168830489301415,0.19395631366497584,75.44929821519945,-11.59746742449446,97.51719613947036
0,0.45119806701707443,-0.2717203298726055,0.19430923157459803,75.17098345312733,-11.571541067812369,97.76535594926307
0,0.4512154045181235,-0.27177284990930295,0.19454549425369808,74.94314619527445,-11.557232555249692,97.9055016943466
0,0.4513466271238287,-0.27217370843076444,0.19443689757114954,74.79949684672651,-11.551660138298278,97.9259418556188
0,0.4515252324418982,-0.27190697049283713,0.19447412961250848,74.70872584751305,-11.551221572968236,97.93108309011461
0,0.4516867908315619,-0.2712632862248394,0.193912115628782,74.6915696461747,-11.581183411034582,97.99908901064097
0,0.4517512592153509,-0.27059001778745384,0.1938697695089013,74.67920826188204,-11.622986417389273,98.12023871029083
0,0.451844784863468,-0.269974918118951,0.1937596850944192,74.67712100309346,-11.666665063589285,98.27372780376749
0,0.4518509450035056,-0.26971926068448754,0.19378051334148952,74.6621043990853,-11.705823385040382,98.41631073262884
0,0.4518601658420523,-0.2694852063574764,0.19394658916718074,74.63123528148132,-11.724744950402483,98.53376371890569
0,0.4519390853719672,-0.2695451882996533,0.19431068831211637,74.59230884557007,-11.709734591977018,98.58060666260687
0,0.4519859450535734,-0.2697897264876339,0.19434792810207913,74.58706068106237,-11.66982230284155,98.56853989142552
0,0.4520004155712088,-0.269882299057481,0.1941352599216134,74.62813841210064,-11.621012172316766,98.525449903554
0,0.45216610009240704,-0.2699774364151928,0.1939482783628137,74.70155461444284,-11.561885702908368,98.47104384020064
0,0.45238292539882263,-0.26989193057203026,0.19374354475266048,74.79447201583044,-11.5085315060711,98.43340533728377
0,0.45260116482543544,-0.2697555086531612,0.1931225406480462,74.94218873097772,-11.50143862505595,98.41302694741867
0,0.4526081579403837,-0.26958307122373315,0.1930615513873727,75.0463356764934,-11.504188242954807,98.39661706537538
0,0.45256703222560485,-0.2693592140593502,0.19305350058800289,75.11607875774082,-11.53344941642145,98.3940771071189
0,0.4523833128290137,-0.2694217995324108,0.19293497794395992,75.15644420757945,-11.57373302405019,98.39925254473518
0,0.45238548243808346,-0.2691853198924038,0.1929880558801324,75.17310612590174,-11.623263736357586,98.41809724151439
0,0.45245115185546475,-0.26889714931630826,0.19299904340035032,75.18008020966353,-11.674391349717034,98.44983584940051
0,0.45275679553317627,-0.26860418235444755,0.1926444053006799,75.2291247830464,-11.720025770387856,98.48566913538497
0,0.452937938518997,-0.26841681336545675,0.19252588265663692,75.28825408716256,-11.76012099331697,98.50774743854242
0,0.4530887844638785,-0.26848028992795675,0.19231206768280573,75.36540021990098,-11.778097771804722,98.50861996819518
0,0.4531561198310812,-0.2685877475657436,0.1923060625148446,75.43073597191889,-11.77775519439311,98.48965945787958
0,0.45298313225078185,-0.2691207740225765,0.1923329579187066,75.48472238471189,-11.765957926783182,98.42430507733684
0,0.45277362937497695,-0.26935555671834677,0.1924349062991769,75.51240982030227,-11.752874045228785,98.35602579953716
0,0.45255221302079757,-0.26948570226812096,0.19257015043026515,75.52240466042294,-11.74261026698243,98.29707021980516
0,0.45241653496789536,-0.2694898710169765,0.19259265237576076,75.53215527758456,-11.73569584068849,98.25787575267893
0,0.4522895353512724,-0.2693138072409603,0.19259089344269342,75.5441232077687,-11.734839448649389,98.25300881875475
0,0.45222497010993556,-0.2691486070075008,0.19257040613419124,75.56011751457423,-11.740629166412287,98.26926260393792
0,0.4522994341926535,-0.2688142160096142,0.19235684686428617,75.61409717657834,-11.756400399826253,98.314417610263
0,0.4520943480210265,-0.2689524665989849,0.19227205389267513,75.66495307821617,-11.775614364321202,98.34128381511496
0,0.45205758089589676,-0.26919002329492303,0.19230652743107385,75.70328639913787,-11.793865444273552,98.32732456967601
0,0.45192538971471385,-0.2694504461207363,0.1923620539260537,75.72946594079504,-11.805754340428853,98.28806524842797
0,0.45182568455504973,-0.26968406652593346,0.1924661564183862,75.75635791225602,-11.806431830159923,98.2314169750884
0,0.45166674131917556,-0.2696124151864025,0.19246960454708645,75.77331912421022,-11.805876953636236,98.21908648092814
0,0.4516955661253889,-0.26924699103021354,0.19258495801216668,75.77494050180609,-11.804542160310401,98.2571197873259
0,0.45167427683639133,-0.2688711062588665,0.19268268340355463,75.75804925061925,-11.807642828449135,98.33930053444053
0,0.45162168318795765,-0.2684959421076748,0.19285590344196862,75.71559832933926,-11.811954388984484,98.45437191110624
0,0.45131235892343124,-0.2682961366095516,0.1933020448041589,75.62367545859026,-11.831408096711641,98.56002830279724
0,0.4512364419774969,-0.2684736881175015,0.19344475858933038,75.55088510243255,-11.859762354965214,98.59201832548864
0,0.451116706676956,-0.2686256847300503,0.19341133886105127,75.50662119137833,-11.9007338310037,98.59242854446958
0,0.45123791421222287,-0.268641608110902,0.19320900731808252,75.51549832982295,-11.95213842762453,98.56859486046406
0,0.45129709417390423,-0.26851280306958886,0.1929097872329385,75.56169808036532,-12.01388743384137,98.55632092537948
0,0.45136630857753357,-0.2683760944523784,0.19263995760208677,75.63350207241815,-12.07254045073951,98.55334148856653
0,0.4512107166128119,-0.2683181891360256,0.19241961830383844,75.7262067545328,-12.147159065179087,98.54846267656907
0,0.451000090189453,-0.26840797995710103,0.19247171991592954,75.80021943068584,-12.202754970229751,98.52735242858915
0,0.4507045196967085,-0.2687261298813793,0.19250614696270532,75.85607953488663,-12.24868956059997,98.4712898700206
0,0.45039657080936035,-0.26908227121019096,0.19254977935082027,75.91820880317968,-12.279552695634736,98.3827758716218
0,0.44992388660478194,-0.26960971867227285,0.1922666143727929,76.07321397737896,-12.300943498197135,98.22446781807896
0,0.4498202684001883,-0.269647462121484,0.19195667021996088,76.26305224041604,-12.311192236299789,98.09513487254547
0,0.449546355255123,-0.2698281440653775,0.1916632848334939,76.47277031725875,-12.313541079695641,97.97828334183939
0,0.44942896390723786,-0.2698386124291393,0.19136755162006922,76.70037098280127,-12.304636719227831,97.88261315071821
0,0.4493280964570006,-0.2698069826283428,0.19119945340878078,76.91876363674184,-12.285921185221927,97.80456819497992
0,0.4486323105769118,-0.2702754787125561,0.19106419378048486,77.18047122433171,-12.24550809392448,97.66722680653858
0,0.44835458124446476,-0.2704544482150051,0.19101616793400356,77.39488494606161,-12.207053474293698,97.54606799360802
0,0.4481128441767653,-0.27051295017385213,0.19098277920013973,77.58211339991024,-12.175391970769393,97.44936227210853
0,0.4478703516201933,-0.27049697255277366,0.19080908649689265,77.7581222889788,-12.150378089928704,97.3810429874162
0,0.44769779021310413,-0.27033866082811087,0.19076631420380186,77.915571044893,-12.137740268091317,97.34615471213152
0,0.44725960666703785,-0.27025595997953145,0.19041986637837,78.11202342255822,-12.132896057091765,97.32642920499035
0,0.4472180741505583,-0.27015109037542073,0.1902427720380456,78.29337538799287,-12.131669619011733,97.30569188033363
0,0.4471742170529326,-0.2701737860360119,0.18999495619064877,78.4558881343875,-12.142556494122859,97.27753430482731
0,0.447234520562168,-0.27006402706289023,0.1897854339433343,78.60742832404638,-12.156849293341072,97.2542893264937
0,0.44733635658788284,-0.2698518083014461,0.18963261597878048,78.74933360494082,-12.172231824258496,97.24103035726725
0,0.44699235732125836,-0.2699487510838482,0.18940975838429044,78.89983868755601,-12.212852434639464,97.21211283666041
0,0.4465459602551421,-0.2703701898970577,0.18918781512505123,79.03119545278744,-12.253970501930814,97.15271589979622
0,0.4462705555038412,-0.2706510535397503,0.1891405331445367,79.15407649017885,-12.297875925142447,97.05785339445046
0,0.44607428336906035,-0.2708707342066738,0.18905904107815336,79.27257963333747,-12.343335477407594,96.93490506061774
0,0.4459341498689612,-0.27111303304815026,0.18888457351452417,79.39797146470981,-12.392301003552967,96.79655651193853
0,0.4459053638057669,-0.27127143000745507,0.18819428914314815,79.60207717729924,-12.462148415831917,96.64791408172417
0,0.44591640556621154,-0.2713338915028546,0.18782033377415247,79.80391887085645,-12.528723497227178,96.52165217934119
0,0.4456770318226774,-0.2716271374144527,0.187340648706022,80.00673737011036,-12.590079708466856,96.4008307156659
0,0.44544412816333373,-0.27200786506318775,0.1869424324584634,80.21077896959369,-12.653556239712914,96.2589918762381
0,0.4449474426584204,-0.27281087612294885,0.1863542281938226,80.43809982919888,-12.734891036202844,96.06112995765774
0,0.4446585165934523,-0.2734356615462276,0.18581539028412408,80.67704683870113,-12.815367289246598,95.84333646533841
0,0.4441844376401861,-0.27579159354352684,0.18339103811508722,81.2029269120817,-12.959439196195653,95.39997369532277
0,0.44412676865624984,-0.2769213167347881,0.18199977629906244,81.77077874879535,-13.104934421444224,94.93765141586702
0,0.44418513501453,-0.278124132505891,0.1805524998260171,82.38339592213286,-13.232402274833964,94.44144088597062
0,0.4443714114503821,-0.2793441579260799,0.17909058624035426,83.02402414526836,-13.347420809768352,93.91827131151328
0,0.4441004427747687,-0.2814191875376674,0.17730151497847146,83.75606050300098,-13.409117479932375,93.24087926862141
0,0.4439444440083464,-0.28197831904077264,0.1768436538530023,84.31906314857066,-13.436774468038921,92.71553169569525
0,0.44352384979295334,-0.28239368294858663,0.17634838634258815,84.76137338281032,-13.457436995461022,92.34194002283773
0,0.4433571385817488,-0.2814027450003597,0.17640810095793313,85.04597942421567,-13.442770926196893,92.2782175104178
0,0.4430338087158164,-0.2807281670489285,0.17634488397366113,85.25255367478798,-13.40239428974113,92.36662175925277
0,0.4424547168092688,-0.27898067866945,0.17646255814558573,85.40776172925732,-13.330769024155858,92.74936445363664
0,0.4418905603365858,-0.2792596594014141,0.1762188103151948,85.56003800340378,-13.273919514134603,92.9808135792987
0,0.4413744452075919,-0.2792235354104015,0.17627088480717248,85.68818616284867,-13.2116449226488,93.1358035940131
0,0.441228848941799,-0.2781550416865322,0.1764974811030061,85.8028360504053,-13.156022517387594,93.31151854502995
0,0.4408323722557982,-0.2778842589774105,0.1765280338478715,85.90275924624957,-13.11364574596112,93.43060524756623
0,0.44049848491715987,-0.2774909708418819,0.17659033649689265,85.98180242043917,-13.084455034857585,93.53224322175024
0,0.4400739776568373,-0.27608559881829947,0.17693327420479366,85.98567509711805,-13.133067961912419,93.76128554591203
0,0.43988016570376953,-0.27531765019082755,0.17715234660631723,85.94240053356638,-13.206152855634425,93.99638295772392
0,0.4397935169415434,-0.27479256605291097,0.1774512799931199,85.8604539326638,-13.297126753425495,94.19549438910053
0,0.43974884624051647,-0.2744174096503231,0.17772430592304775,85.75499721778866,-13.384199838149218,94.36079582639331
0,0.43983865255879956,-0.27414331828736993,0.17734533720738002,85.71209946882288,-13.496096381776992,94.44540278273159
0,0.44025318349170284,-0.27361057078027456,0.17699357771402904,85.74013967305825,-13.57522860192131,94.53853964425743
0,0.4405670794324835,-0.27321060334825253,0.1765332796526582,85.83452859682451,-13.630933555983024,94.620850921686
0,0.44114078605937557,-0.2724625221409771,0.1761558916521699,85.97064880561791,-13.668350891804774,94.72280032636628
0,0.44144191617536144,-0.2724322483458492,0.17574535125023433,86.14719996379944,-13.681945083346832,94.77519989325675
0,0.44164988870191174,-0.2725394192852947,0.1753711827946336,86.33839267465592,-13.678889961926005,94.77994215567743
0,0.4419446649627646,-0.2734361497082684,0.17533135109669276,86.52457750680635,-13.607714777721334,94.64739198085476
0,0.4420721488671263,-0.27339883243226737,0.17543467098003934,86.65035683625658,-13.527153506071594,94.54628649756884
0,0.4421420025305708,-0.2731996080794308,0.17556551002985546,86.7359243703281,-13.449922499942327,94.48713676821001
0,0.44221598232554993,-0.27286711548948017,0.17558510237461633,86.80095458951916,-13.386179219918946,94.47184619947811
0,0.4424955906944235,-0.2718865994133922,0.17494617187506267,86.93617803497649,-13.376933709165876,94.56758880544815
0,0.442381240673538,-0.27212847983026234,0.174310960705343,87.10529385176088,-13.400986994613945,94.61184730951089
0,0.4425153690056761,-0.2719088146605465,0.17389518224722456,87.2861763150173,-13.455232163118364,94.63815346097059
0,0.44231526131200394,-0.27222256337785455,0.17349282437092373,87.45365930469666,-13.516348332430319,94.60264155132087
0,0.4421363654212912,-0.2728215691962215,0.17335179590708324,87.59752481304568,-13.585623877282586,94.47726576165806
0,0.44154547626542645,-0.27367676710271566,0.17338668399578638,87.72211146540334,-13.664493009474448,94.23265141719004
0,0.4411417158918341,-0.2744642732062313,0.1734658786011369,87.80447889393643,-13.72926512283619,93.95753463316068
0,0.4410549509005507,-0.27452788149499624,0.17352926992899484,87.87632996912848,-13.774270803716206,93.73604581342646
0,0.4406239735560377,-0.27517055069589347,0.1735158261013658,87.93259171469018,-13.816232674906919,93.50328766376678
0,0.4403037625031431,-0.276043632380006,0.17328696333891458,87.99449595343043,-13.864381476051092,93.25831811844986
0,0.43978908086585605,-0.2776095632233593,0.17235598021275111,88.15819719315417,-13.979240260798722,92.89120382905665
0,0.43965295726823406,-0.2788356712975475,0.171436914439264,88.37627178307866,-14.10053988496863,92.52147395980879
0,0.43984750533866485,-0.2797635898508999,0.17037942373282022,88.68614466232951,-14.215064169604616,92.13155490949362
0,0.4397524299697836,-0.2809102669873211,0.16940534674650737,89.01757724901611,-14.315577347996358,91.7322704111667
0,0.43985670680570205,-0.28184762334012714,0.1686004953933389,89.38456249253284,-14.404272451874697,91.32649048412237
0,0.43986439729499416,-0.2827214566388103,0.16781779342419217,89.76566100303056,-14.478015942179285,90.92574312360183
0,0.4394729378299674,-0.28278534387731286,0.16780102931982585,90.07611363060275,-14.499768391209034,90.64403116515413
0,0.4391613858418425,-0.2824396941580746,0.16803247236734933,90.2699378115797,-14.483359322401553,90.51288369631843
0,0.4389961468653639,-0.2817922363200161,0.1684377204728753,90.35878595057939,-14.448659795457033,90.51676549197298
0,0.43879355961846905,-0.2814869490780804,0.16862780922180723,90.41148500109887,-14.424243010989299,90.6000510383822
0,0.43873062158393467,-0.2802416709580395,0.16911069058901376,90.42194796949191,-14.429421672510962,90.81976054007745
0,0.4386922466235121,-0.27948274945401874,0.16914756619459698,90.42923452872866,-14.456660984956496,91.05818729628758
0,0.43866475845145786,-0.27850980376386375,0.16932875179773874,90.42902508395515,-14.507485633435135,91.3105865082677
0,0.4387032302694281,-0.2775204697766277,0.1694644104791314,90.42212102813185,-14.552718610410055,91.56897922139927
0,0.4386336671786269,-0.27649629031800954,0.16955028050667356,90.43095285147281,-14.624586597992177,91.81540785749112
0,0.43831566447782117,-0.274999252311227,0.1694046571207673,90.49817705085107,-14.745599743018989,92.05721292896507
0,0.43827145869302353,-0.27427908932351797,0.16924560540443964,90.59604789711724,-14.87791228179062,92.24291668384465
0,0.43805585379170975,-0.27385410939836236,0.1689045506072671,90.71050154505366,-15.029070223656564,92.37118073491372
0,0.4380425843076666,-0.2733341005959484,0.1685961096835763,90.84349014680852,-15.209942702676706,92.45255938157493
0,0.4379730212168654,-0.2730060402073834,0.16829732739454814,90.982040589901,-15.407593800791028,92.4920041801772
0,0.4375707911925276,-0.273504786840913,0.16742262625223703,91.18651921764472,-15.686049563785708,92.3303946924865
0,0.4375578122811278,-0.27379984592580525,0.1672858478975923,91.39221056674292,-15.88858541178695,92.09643735261817
0,0.43745400036143856,-0.27418407594346733,0.16702986114746637,91.59964563972335,-16.03315340575483,91.83699955929423
0,0.4374495061712225,-0.2744824204363796,0.16691474014050073,91.81009478079406,-16.126129204935648,91.5793769279077
0,0.4373201432304342,-0.2745652995028469,0.1668295674873025,92.00747868603317,-16.172874992693902,91.36178985423588
0,0.4369784685449561,-0.2740797332444164,0.16700973414904186,92.25068862749538,-16.10424597357337,91.26541854100337
0,0.43688116545247635,-0.2735927334942791,0.1670740436864526,92.47067696945498,-16.007202755443068,91.25955307178674
0,0.43685019040870265,-0.2732784888663265,0.16703263127333234,92.6889380782667,-15.905392730321463,91.29657842298461
0,0.43680265272426205,-0.2726654270806286,0.166990312273565,92.9127841366365,-15.789593701035459,91.39049396294482
0,0.4367417874412497,-0.2719680139937374,0.16691842847591945,93.13593079958471,-15.679828158678037,91.52382255519815
0,0.4366320672111471,-0.2706203380742046,0.16684147709137506,93.40277626829723,-15.54578161566175,91.7531795065851
0,0.43662947142886716,-0.26996699129724233,0.16689060711390089,93.61416823967869,-15.441878817696661,91.95713159679939
0,0.4366539182739218,-0.26966804241323206,0.16678297900682992,93.79743013581111,-15.362944455449425,92.11194634403327
0,0.4367369639353712,-0.2694488266625378,0.16667118602520534,93.9713300795358,-15.300768171069205,92.21437820490303
0,0.43682401949929794,-0.26963903164052694,0.166429402465883,94.13927693470849,-15.267230086706869,92.22885570167094
0,0.4367455455141028,-0.27038355623864857,0.16583340310579844,94.36068349636915,-15.250039891394332,92.08998740659013
0,0.4368154379205664,-0.27046586965703695,0.16571263336664743,94.53287578362608,-15.236303013534942,91.96599530764097
0,0.4368977280931433,-0.2699819151082012,0.16586344056850977,94.63377398416418,-15.216913684271317,91.91877643794308
0,0.4369782167153319,-0.2691715661206219,0.16612855517393657,94.64844103742023,-15.202461484908264,91.99602223024557
0,0.4370828034954031,-0.2685922107615444,0.16639806323772974,94.61546276124831,-15.184060787883556,92.11585020227292
0,0.4373402896003683,-0.2673310092606518,0.16688388907438825,94.50246336782138,-15.178229046129953,92.3639547608187
0,0.4375131028370817,-0.2674279520430538,0.16690500401979994,94.44032437565846,-15.181727394509632,92.47899179998828
0,0.4377614455895384,-0.2676752642312023,0.16672141634947368,94.43743631203674,-15.186690859452927,92.48498481293481
0,0.4379797431306799,-0.26782883381032674,0.1665527021241815,94.48198205383707,-15.189686503470863,92.4264700579662
0,0.4382290738301237,-0.26783032929086414,0.16629085742956706,94.55807057649177,-15.194284495377781,92.35369797037684
0,0.43871632540988525,-0.2663257131495449,0.16629826896912164,94.60243107966343,-15.21536565838487,92.48645030696183
0,0.4389465558009108,-0.26521109973573415,0.16645160221582958,94.5971958147943,-15.240379171794796,92.71941036502895
0,0.43920537854003505,-0.26432238911771505,0.16670364880091257,94.55032349229715,-15.264733981437105,92.99387918509248
0,0.4393443110065421,-0.26340204869889944,0.16714287840849468,94.45095957703963,-15.28452003980033,93.29248126759897
0,0.43934249008464415,-0.26310616051339836,0.16732312643057415,94.36275456105508,-15.297553166635442,93.51383076718264
0,0.4396148535089453,-0.2625564513125393,0.16771613561636514,94.28990591075829,-15.274870975544648,93.66835310094515
0,0.4396445887761076,-0.262193638435838,0.16768547051674434,94.26553827925419,-15.246175182662759,93.7975061470698
0,0.4398638548927268,-0.261613740674493,0.16762684070593425,94.280316896599,-15.21180072959801,93.93097428995618
0,0.44014224285649856,-0.2607687011876079,0.16752789878374647,94.3027494401184,-15.18917339936319,94.11060761112408
0,0.44058513367938595,-0.2601438227810833,0.16737212085253306,94.34739499260915,-15.169875081276317,94.28942586184502
0,0.4413209217266997,-0.2599619553008053,0.16727864944464277,94.4189619500438,-15.150597424339866,94.37486227346872
0,0.44161333466338715,-0.26020761703633993,0.167287502224508,94.48346485288717,-15.129443315445014,94.36543494203528
0,0.4418362619953116,-0.26039138292455405,0.1673327540708215,94.54495937964492,-15.108267749354917,94.29581226795959
0,0.4420961307959517,-0.26053613459253044,0.16736047082668848,94.59431592081026,-15.086166904316498,94.2026275762127
0,0.44251873964833816,-0.26017693256520963,0.16745580189949583,94.64395867164929,-15.07052055007097,94.14482863279898
0,0.44318192327785094,-0.259535185448167,0.16717322194105694,94.7440542469333,-15.073901146311215,94.12626723523559
0,0.4435588153676947,-0.25911944185876584,0.16696239017969675,94.8641478731154,-15.097153726554428,94.12813668911055
0,0.4438467728571852,-0.25884823297643395,0.1667444452000291,94.99257367757124,-15.129937396076752,94.12510620898738
0,0.44414292449521625,-0.25869890963220327,0.16660204910761423,95.11301465319198,-15.165815580483066,94.11209257662156
0,0.4443356322722395,-0.2586299160637829,0.16645818465477535,95.23456874710254,-15.20639316486875,94.0749616212585
0,0.4446177008228262,-0.2585453090586636,0.16619470887905666,95.39160562300815,-15.25441798575867,94.01771564189455
0,0.4447652923541029,-0.2584367898621533,0.16611536317593165,95.5277954057033,-15.293691351620494,93.9695659530484
0,0.44510315085219937,-0.258054729453561,0.16602723443037576,95.66135113401069,-15.327861692710325,93.94031790795547
0,0.44530622238683304,-0.2579285434403393,0.16592187278992243,95.78871360367488,-15.35610284504313,93.91759694929758
0,0.44546807134914,-0.2579766080298397,0.16556539052254268,95.93274431875278,-15.385919478331079,93.89375455656695
0,0.4459684374408682,-0.2578274629034969,0.16519059443003248,96.13794102502027,-15.417730115304705,93.84910266481651
0,0.4460088657813032,-0.25773790454053613,0.16496036791330881,96.32759786459245,-15.436438659873133,93.81661684426429
0,0.44614380771684253,-0.25760248994016377,0.16492801749235697,96.46982696293816,-15.445165108276669,93.80241275584035
0,0.44626094723510346,-0.2573147222914669,0.16487362616783685,96.58982460543594,-15.44831795286635,93.81056284355486
0,0.4463182287888487,-0.25715073858880727,0.1650455521894128,96.65456266472273,-15.445168715881751,93.83487563903289
0,0.44631501311826305,-0.25719130252980915,0.16546203964478085,96.65425243355637,-15.450591579119974,93.86306855362412
0,0.4463645654396971,-0.2571858785071346,0.16573357396847316,96.62658046668673,-15.461885342157998,93.8797944186963
0,0.44650144452619156,-0.25704128181123465,0.16583748274571009,96.60452245046827,-15.466245629228888,93.8817192900639
0,0.4467095913963278,-0.25708110188626976,0.16595905059105465,96.58035431830956,-15.479002351346992,93.86952066324976
0,0.44683043087291324,-0.25736490224981046,0.165880812938276,96.57242159748381,-15.49017135865394,93.83561767370509
0,0.44750684524344997,-0.25736659919404714,0.1657432326031358,96.58683230237801,-15.49944689150989,93.79062373367998
0,0.4477344217376669,-0.2570635048069927,0.16572638713842935,96.57846449743943,-15.509529112392022,93.80577653207516
0,0.44800486738252243,-0.25663132642888753,0.16575818740850992,96.5536661621532,-15.52725634391437,93.86521763362859
0,0.4480831282811125,-0.2564988872923824,0.16571821236139844,96.52278491831322,-15.558088846537702,93.94325230446728
0,0.4482995080428084,-0.25602945362710683,0.16584828817373823,96.46746882133533,-15.605875866517145,94.04808283532881
0,0.4488529714422186,-0.25568082069539755,0.16587258392101834,96.3979385657349,-15.690191770535739,94.13059159781947
0,0.4492099496202429,-0.25565801655435294,0.16579464458948678,96.3549184862306,-15.769780404314288,94.1705010053292
0,0.4495604577140769,-0.25547094976091117,0.165620421106878,96.34414749604912,-15.836720062806581,94.18052097873327
0,0.45003858531283936,-0.2554073414721462,0.16529417001730512,96.3777218932653,-15.895580108562218,94.17142843430237
0,0.4505442979412039,-0.25522855793618887,0.16500243120915006,96.42124869398273,-15.947685411993717,94.18837977201481
0,0.4513858931736906,-0.2546029705324146,0.1645532756400735,96.50082498326911,-16.008202171378983,94.24916992276752
0,0.4517234223561247,-0.25418641333961217,0.16460038715130396,96.56489284400328,-16.06763577124037,94.31178449744436
0,0.4520789864139517,-0.2539339289584133,0.16452129715210506,96.62214960493509,-16.114076296741125,94.36911214924751
0,0.4524199056105574,-0.25375613336944314,0.1642786612463624,96.68309377176817,-16.155855354077897,94.4147894031939
0,0.4530609863476714,-0.25352164512061803,0.16406805419451304,96.74960917585827,-16.175864412507146,94.45066797048916
0,0.45399674648809035,-0.2532226264991733,0.16343586110598157,96.84121272807195,-16.176074901946148,94.50167976983595
0,0.45470661545562346,-0.25297211413764686,0.16316248261457988,96.91860830363343,-16.16813924658406,94.5510376968057
0,0.45550683314370716,-0.2527351347126934,0.16287385487085887,96.96889923670223,-16.157548269571862,94.61088952423384
0,0.45625451529788574,-0.25242616688394276,0.16275254660374233,96.98559594055676,-16.149239720834217,94.68403719458834
0,0.45689590597915253,-0.2522024801888439,0.162650946910444,96.95679563574762,-16.139925822176902,94.77152440842764
0,0.458332322783943,-0.2513735887923214,0.16279095643288202,96.83237225416839,-16.154753723834055,94.94829140927027
0,0.45931786770391064,-0.25124854569816324,0.16258979880339214,96.72506046888546,-16.180575537681325,95.08471520608916
0,0.46039469117688736,-0.25098870401763645,0.16244564377790996,96.65092082527124,-16.231486461440408,95.17759462873636
0,0.46139135534333786,-0.25095784520292014,0.16211362772709437,96.61241573652202,-16.29145570646645,95.21024643505204
0,0.46270677769946655,-0.250927710882661,0.16156830036169595,96.63696199185337,-16.387220964065175,95.16896463988839
0,0.4638007643299063,-0.2509384930648777,0.1610134150934846,96.69146298783255,-16.5033856787656,95.07667975190569
0,0.4662712323145827,-0.25073276763343544,0.1595888691497476,96.83778828019311,-16.734984930605986,94.86980871315656
0,0.467609067507263,-0.25027979200267525,0.15902271741158075,96.96010179647521,-16.968352604316223,94.68923638848794
0,0.4686035814361532,-0.2498808861293766,0.15849451833492822,97.06686231530834,-17.225023988851785,94.52871971972463
0,0.469604817278858,-0.249596434883115,0.15812726163393565,97.14262336898689,-17.48993103694198,94.38747421918175
0,0.47116042698192195,-0.24878538852119178,0.15791104846722193,97.17582248845771,-17.846895169057746,94.25001008424844
0,0.47166458988952237,-0.2489817923822376,0.15769945346838543,97.19366141711254,-18.121606170695415,94.13875323373264
0,0.4723577412443121,-0.24879595374250144,0.15782644146210262,97.18481495540402,-18.329467379859395,94.0551470471074
0,0.47304980779456696,-0.24900325214051933,0.1578488891673715,97.18124171682604,-18.45375977660749,93.98790423694665
0,0.4735650899486502,-0.24909053241395682,0.15794619225985118,97.17942066464524,-18.477576249230744,93.92901218462657
0,0.4749021115379294,-0.24895794992828102,0.15806342088705608,97.1631540571829,-18.425518069304836,93.87175416757636
0,0.47546818579005795,-0.24895795380258293,0.15814569943672724,97.1256292692136,-18.358214149584494,93.83491686025792
0,0.4759855213241538,-0.24906417941236228,0.15819022291428156,97.08117496101096,-18.303491071756966,93.81119674088208
0,0.4763374629096945,-0.249154346040723,0.15829355442053386,97.03626769759585,-18.256738054930725,93.79331394770301
0,0.4763923230247458,-0.2494516832151386,0.15822886132723402,96.9923164050839,-18.208739075685546,93.7718836219466
0,0.4761499854402503,-0.24931499009513589,0.15819278770214626,97.03541130125551,-18.184313807693396,93.7399999775908
0,0.4760755601005514,-0.24940092598581046,0.157719708318773,97.10595151257922,-18.171539272200686,93.72679586548564
0,0.47597320104407864,-0.2491708350696537,0.1574487473917634,97.21012309335254,-18.174404468726927,93.7325030748943
0,0.47560289526748256,-0.24910491769695015,0.15699835979467935,97.34317970907838,-18.191753600393927,93.74950808996503
0,0.4753972085790595,-0.24885850822114675,0.1567219322276742,97.49154953268621,-18.210123807641278,93.77880061422296
0,0.4745169671850165,-0.2484255511083576,0.1565280311656625,97.69953425246439,-18.236994173237537,93.81488658627384
0,0.4741786631422003,-0.24830774908446998,0.1563992261243493,97.87530882253378,-18.263843545567955,93.84408503262064
0,0.4739045562820395,-0.24802886521005363,0.15630250805145807,98.0552841815719,-18.296425746256066,93.85851626521927
0,0.47359697545337276,-0.24796608214759558,0.15613174432045526,98.20937481318943,-18.33965972695489,93.86681094137552
0,0.4733556064443548,-0.24782523190164296,0.15575773083693095,98.34416778428145,-18.397495210510357,93.86618710651096
0,0.472980535276409,-0.24813135986709328,0.15528776639229364,98.48170847793332,-18.48085136480216,93.82299095003383
0,0.4728930535392722,-0.24829705988549916,0.15523822569376539,98.60358034431685,-18.55405757709615,93.7414158471663
0,0.47266543830203617,-0.24866602902793616,0.15508373403078626,98.708072651645,-18.612967627265146,93.64947862697589
0,0.4722034277992209,-0.2489755276360485,0.1548681833696992,98.8097257481584,-18.668764091960874,93.54743201037256
0,0.47186082328128415,-0.24943268363857002,0.15475273304707118,98.9040833265416,-18.711363595521373,93.43580523866582
0,0.47104613507556514,-0.2505143538632366,0.1543327703428895,99.01208426616326,-18.76239960942054,93.27793012813311
0,0.47056893730926114,-0.2509474465765926,0.15419914179569788,99.113853845046,-18.809760675762195,93.1241751890472
0,0.4697961884217222,-0.2516595781364414,0.15400516324764799,99.21799694898225,-18.854018183398946,92.98051235776227
0,0.4692310440020521,-0.25207528298282356,0.1538844438744218,99.30720100402397,-18.908362954984028,92.83769930217248
0,0.46862211997079456,-0.2526888445534679,0.15372487687594005,99.37769733345243,-18.96820339116972,92.70370396244043
0,0.4673797475771864,-0.2537332943596813,0.15365782433277675,99.40588878247887,-19.068925208493734,92.51903483335224
0,0.46649725908803547,-0.2539884791293117,0.15366594486958093,99.42665150594947,-19.169667408285076,92.3302627802158
0,0.46575511718558865,-0.25471902524614065,0.1536852931333215,99.42843956185662,-19.25351095759603,92.15098727404767
0,0.46503395462798675,-0.25591317807817193,0.15339911782270976,99.4169432168338,-19.325123872321203,91.97662734529136
0,0.46440467114018996,-0.25662783955716817,0.15336543851620266,99.40570438886849,-19.38458016691342,91.81214772893424
0,0.46271458441781604,-0.2584014329829189,0.15315050386911935,99.39382473616084,-19.44546244750726,91.60743830151203
0,0.4618783163504561,-0.25910611426019403,0.1530781745267541,99.39861539503498,-19.482707475325302,91.43406092820635
0,0.46072452987002926,-0.2598745200552913,0.15298108452087947,99.39597980976954,-19.50156718825948,91.3003476740264
0,0.459734083958145,-0.2604964539923641,0.15296253048903055,99.40263500882665,-19.497706774755805,91.1851816544545
0,0.45875187093782027,-0.26105512057924,0.15293977283960886,99.39365322079725,-19.475825853490406,91.09713560293284
0,0.456668658800598,-0.26215200518750875,0.15306127869612285,99.376509301454,-19.40698232771706,91.01927895228953
0,0.45575366491841873,-0.2626636764922115,0.1530976196480424,99.34979507259503,-19.3251473083727,90.94721948209843
0,0.454674981780525,-0.2633439031758282,0.15313473933464594,99.3386386778501,-19.23600257615658,90.86427273156697
0,0.45351131583022675,-0.26421339725637166,0.15312007122761317,99.33159061542199,-19.14805179562187,90.76574704447067
0,0.4523997204976042,-0.26503133212709157,0.15308373414999552,99.34706587636421,-19.06433974372467,90.63274778281507
0,0.4500516223387679,-0.26647754704141347,0.15298656278378078,99.38913052430004,-18.969953286649773,90.41239253827608
0,0.4488212021665533,-0.2672430161156628,0.15295852058655332,99.4427530572078,-18.900332310078554,90.18834509729919
0,0.4474300372080763,-0.2681014761843655,0.15299453222281045,99.49381935578228,-18.84985492150935,89.95514526262568
0,0.44628504539298613,-0.26870685135507316,0.15305293344980783,99.5395631819579,-18.81806257260432,89.7351712483393
0,0.4448941516356429,-0.2692761877694103,0.15315676474100656,99.56908318068115,-18.80159714966097,89.52088433818078
0,0.4421557756738623,-0.2703104481615993,0.1534172766757638,99.58342106179109,-18.83756763874066,89.23236899369243
0,0.4405695008711775,-0.27104672049665185,0.15340180271393367,99.57117859370713,-18.90024362179448,88.964826032868
0,0.4393117668704947,-0.27150890921735493,0.15347645276314326,99.54453252361141,-18.978106506381277,88.70806670569915
0,0.43812921369838315,-0.2721659055867168,0.15342113935476848,99.50360381515053,-19.05554985246512,88.46113341579897
0,0.43693978364038066,-0.2727021322169277,0.15345980101353235,99.45224537023464,-19.140297915907688,88.1950417102171
0,0.43442204917239746,-0.2740384951748821,0.15335294389254162,99.38658785916468,-19.24335281784946,87.79881197424629
0,0.4332477482633551,-0.27470033442163205,0.153428899581495,99.31906722774023,-19.324821144894294,87.41712362376046
0,0.4318054425196608,-0.27549937819623677,0.15349328660494393,99.24812491691185,-19.38807334077431,87.05358434212276
0,0.43060361469554503,-0.2762067017474148,0.15361351781612942,99.17843434684166,-19.43437145855993,86.69250820281228
0,0.42941978300380307,-0.2768735310950252,0.15371194833046503,99.11003605734291,-19.48029755877582,86.34190757902144
0,0.4269093128519018,-0.27809557115220757,0.15389923208481382,99.05427212815799,-19.564168360245016,85.88625086234438
0,0.4255496847109755,-0.27864812409066886,0.15402675860649653,99.0318737251368,-19.662618620050683,85.44810613942958
0,0.42441156978177624,-0.2791493270316098,0.15404382103210992,99.04463854327743,-19.76211683678022,85.05612206393184
0,0.422978601105686,-0.2798599127449962,0.15409497731453486,99.06753783596572,-19.854294794958466,84.67325632228956
0,0.42166982317733365,-0.2805387291827175,0.15409453951841898,99.12135945416836,-19.943360568946982,84.29311278838398
0,0.4190493034796675,-0.28178609942579,0.15412163251167843,99.23161556901144,-20.044317343693884,83.79110758734663
0,0.41772022420930466,-0.28245137130403253,0.15411085032946176,99.34758630992113,-20.13025936594066,83.34142337856215
0,0.41626513326930603,-0.2833325812735531,0.1540855317664773,99.46236344141421,-20.2087168576384,82.92235105459922
0,0.4149365576581915,-0.2839428148188564,0.15410235011107035,99.57717576354315,-20.287185859767582,82.54073992336293
0,0.4134908619003256,-0.2846392128386471,0.15405659073120662,99.68043462070285,-20.363832873049848,82.19250582318192
0,0.4121739866809805,-0.28519923543119163,0.15411224895245143,99.77878856946181,-20.443453187302765,81.86942354785862
0,0.4095074983911474,-0.2864543697752926,0.15409577542072841,99.91211319379902,-20.551524928206646,81.47144043912004
0,0.40834141100215515,-0.2869501951851818,0.15412220203405924,100.02692475671421,-20.64569333963878,81.12891195853412
0,0.40728593493270476,-0.2874595496573421,0.1541101103377969,100.1321443746938,-20.728501685573605,80.81802960615994
0,0.40623863364028534,-0.28793327604913443,0.15412995063788004,100.2219027823065,-20.810437304112554,80.53716719097989
0,0.4049925806598623,-0.2885034028210613,0.15423941903835842,100.31266536542643,-20.89149753405196,80.26504506559266
0,0.4031506600456198,-0.28942677294397084,0.15428353571421213,100.39970212680115,-21.013229468484596,79.93942057824572
0,0.4017584683971365,-0.2903049842038128,0.15407380425459455,100.46792794684738,-21.13591131407983,79.64086193548623
0,0.4009352179841955,-0.29085831975126,0.15410941296345304,100.51409507126787,-21.24315980559895,79.3697057378416
0,0.39993312979507045,-0.2914476243176434,0.15409092479473657,100.5475764369543,-21.33760805367939,79.11585528474376
0,0.3992454412059744,-0.29199440454625814,0.15409389638430185,100.57342508121953,-21.402103767341355,78.8803522716247
0,0.39772065157460773,-0.2932836947360012,0.15425536566502163,100.59808221093036,-21.40820323114469,78.65771417095401
0,0.39717594409751494,-0.2939028236784908,0.15437898301607678,100.61178006629106,-21.359107190768658,78.50825008112308
0,0.39650111819076145,-0.29466490661287037,0.15451449447399684,100.61874930775134,-21.24669231448666,78.41113407330045
0,0.3961133780555685,-0.29528587197446554,0.1547097205472619,100.6159832606964,-21.067374305151017,78.37252079325691
0,0.3955103235917051,-0.29654498135232654,0.155250607962671,100.57887316869964,-20.70802106307271,78.41724801507092
0,0.395305198677059,-0.2971269014992687,0.15553639971739358,100.52815426819926,-20.34692866061688,78.49739280608141
0,0.3951766299681624,-0.29760314618730277,0.15579259180552074,100.47129252364816,-20.017696512312515,78.5945414984838
0,0.3950664060788115,-0.2980406633534405,0.15608413302427837,100.40887031998754,-19.699439467854926,78.72556058807297
0,0.39435669208335483,-0.29866222535752984,0.15609675162560055,100.35447059248126,-19.407859358852576,78.88083105303684
0,0.3940363066868742,-0.2989701781191799,0.15629560404545376,100.31561449346532,-19.145743731221454,79.11984917560898
0,0.394025419898506,-0.29884892021798826,0.15646754943853922,100.29386841082133,-18.980317421179155,79.34263269119627
0,0.39398654127883515,-0.29873172258519864,0.15650200360542843,100.29905752777124,-18.894863030580492,79.5547581865164
0,0.3940083729701002,-0.2984914461293194,0.15652998381382532,100.31395141958173,-18.849344837843606,79.76205312737599
0,0.3940902950839956,-0.29806881403112145,0.15641984128481456,100.36336086520633,-18.898856083105514,79.97569865281069
0,0.3941247376279791,-0.2970531812825177,0.15604719930416652,100.50401902901088,-19.1048236654134,80.30595281247349
0,0.3943170967178305,-0.2962459782280895,0.15577743553644724,100.67264203578513,-19.372827297847707,80.6478234269884
0,0.3943638595418891,-0.29553027843618124,0.15545123093849728,100.84938980391095,-19.674775166901295,80.99597715241887
0,0.394658500202175,-0.29452578817987174,0.1551531847668321,101.03378647266892,-20.033090923449777,81.36620065804368
0,0.3945847141222914,-0.29384157871389127,0.15481412910944528,101.21245827183223,-20.395733518106216,81.7283524545798
0,0.39515222186612686,-0.29234740769052237,0.15449647509581158,101.41913261527246,-20.839295920074505,82.24419048615773
0,0.39548074329661925,-0.29181657408857076,0.15447579407221387,101.5585151839897,-21.198522946593528,82.73025517201135
0,0.3959071295933684,-0.2912777594246838,0.1544802921367318,101.65076579631166,-21.482211278325575,83.1974130076991
0,0.3961860793309172,-0.2908462241806957,0.1544111745906503,101.71748101976047,-21.720070390491344,83.64155988267184
0,0.3966307910757025,-0.29058480953359334,0.15453719788319178,101.7468605391696,-21.856997301244604,84.06694563005863
0,0.3975912111477812,-0.28989160393857694,0.15479072445160458,101.7453198164812,-21.92251660249642,84.61689034909634
0,0.3980181011037787,-0.2896705207743618,0.1549190335822732,101.73212631086533,-21.938436100897313,85.08841423165116
0,0.39832661176490386,-0.2893146971383068,0.15496206932789394,101.70574225897693,-21.931411923641924,85.53958267518584
0,0.3988897802905996,-0.2889916655936215,0.1550708558512361,101.66395592153782,-21.91084223951133,85.98566393724654
0,0.3992870899515112,-0.2885605177798245,0.15509661995894025,101.59872087381126,-21.91447345632007,86.45727464408535
0,0.40051167929935055,-0.28758312439107625,0.15525763207203455,101.46835721562823,-21.97229835009997,87.08679769716271
0,0.4008152308540304,-0.2872265646376583,0.15524304919964382,101.34211271979474,-22.03327686124714,87.6460732801227
0,0.40140497709083156,-0.2868224904456112,0.15534188264137813,101.2132541549677,-22.084570460359497,88.16659127217653
0,0.4018003883438071,-0.28659473573350636,0.1553442265940339,101.07953748663707,-22.12229561368403,88.6643828736796
0,0.40255767876672344,-0.2861624023833248,0.15545525633818216,100.91977856496312,-22.15660414415105,89.18916517976878
0,0.40395665044354995,-0.2852508566298458,0.1555427690697343,100.64579096328957,-22.209324594046254,89.91473433035097
0,0.40463339412974914,-0.284913056246278,0.15564411693340846,100.40098378102968,-22.236488278844917,90.53875146945697
0,0.4051052647309264,-0.2846656510748836,0.1556829839301736,100.19541779187202,-22.246546993382374,91.08967528441303
0,0.40570165539550385,-0.2842976001419994,0.15570793443447656,100.03231988089438,-22.247046966253112,91.61371906366931
0,0.4059484871702154,-0.28386370932244986,0.15551764809614727,99.91227574652531,-22.274407366126603,92.1318122065609
0,0.40636545891332226,-0.28321470951223104,0.1554034143043191,99.84669757196966,-22.336904897366882,92.6502102767893
0,0.4072617399172743,-0.28196269010686603,0.15536025845533916,99.83788988642445,-22.40928204541386,93.31122548047416
0,0.4075514408426245,-0.28154134427690236,0.15528322571045466,99.86570738179526,-22.456173585566244,93.88160651244469
0,0.40775311762857036,-0.28118531917714806,0.15521561526781627,99.90609862740911,-22.476779471854616,94.3700126381412
0,0.4080251711087187,-0.28093637978219715,0.15515647404915403,99.96421710578535,-22.463759512589064,94.79188652857108
0,0.4086489918308219,-0.28029259478234975,0.15512316280132837,100.05363480273144,-22.37095057726121,95.28765352122306
0,0.4089360001163443,-0.28012759601258963,0.1550967129421861,100.13897773534211,-22.256022757691852,95.71224044109437
0,0.40914993906783664,-0.2799053505578014,0.1550451537323625,100.21501208048518,-22.143440181525097,96.10796107200946
0,0.40945442045497493,-0.2796668950238201,0.1550486987186105,100.28599338947564,-22.021428520676462,96.47250950810974
0,0.40950108642148575,-0.27950203572892873,0.15490914248949594,100.35294095818873,-21.91735915905773,96.80452188344817
0,0.40973964656161865,-0.2792736998715374,0.15488586568361826,100.42445062611189,-21.818681117512348,97.09579244699229
0,0.40990908915567,-0.2790329894938442,0.15466040843254633,100.56314143442853,-21.686832181318287,97.38124678053312
0,0.4100582885222395,-0.27885106002473564,0.15451069378382276,100.71940006536674,-21.584930565847507,97.60836338107944
0,0.41023867601918773,-0.2785323831953975,0.1542819549990327,100.8747999218255,-21.512387589900644,97.81771300404426
0,0.4104918035345038,-0.27809757029199333,0.15408480339771816,101.01148036375334,-21.502437221121372,98.01021476198291
0,0.41077790135907727,-0.2771615234532329,0.15373434179550716,101.1341162340342,-21.57125581623368,98.22798046007978
0,0.411036704726692,-0.27674233173513146,0.15362865858799524,101.22213829062746,-21.65526070005861,98.38703276113682
0,0.4109141993002852,-0.2767507234730694,0.1533873980594308,101.29103740951635,-21.72726300628231,98.47376939199957
0,0.41111779386567676,-0.27659933125161856,0.15339240753180095,101.33117521938915,-21.77931111917769,98.5122520859616
0,0.41108970517682636,-0.2766019890227291,0.1532942404699952,101.35570328247283,-21.807584693641704,98.53126693150848
0,0.4114271375017126,-0.27645625328206747,0.15334209197289056,101.35484114487522,-21.809375940304644,98.53422116019848
0,0.411681117363449,-0.2764235154309246,0.1533973046494157,101.35298839807295,-21.789582604110564,98.5200738932141
0,0.41192822033929427,-0.27641158258104054,0.1534365319562585,101.35956802904788,-21.752562925858253,98.4881388772607
0,0.41194834733771885,-0.2764309385933849,0.15330891632563182,101.37496145278791,-21.71293730124313,98.4457821726732
0,0.4121205406861265,-0.2764034697928402,0.15329613500362943,101.41545656788192,-21.67421553718061,98.38060282876135
0,0.41219459796714386,-0.2763709334053967,0.15313790463930674,101.48693528593937,-21.6626890329919,98.26484486047723
0,0.4122744085864981,-0.27629715119981496,0.1531275757504136,101.55950787594307,-21.672802911069017,98.13674240684298
0,0.41204659963416657,-0.2764407250800106,0.15303121411329815,101.617811283255,-21.69327475837431,97.99496200122306
0,0.4121105256156882,-0.2763712433495495,0.1530551882935197,101.66849353426828,-21.722684951290326,97.82722189092483
0,0.4120310443119963,-0.27644861315870023,0.15298455589539117,101.69536310244162,-21.744278054610714,97.6346448324212
0,0.4121545570568999,-0.2763947371163341,0.15310274534946985,101.69889462883327,-21.751855919920654,97.41668963351063
0,0.4120376499967536,-0.27664931749486654,0.15317651593214582,101.65682470451874,-21.745793251893637,97.08487261205696
0,0.4121462660508116,-0.2765965572514507,0.1533514522863061,101.59986551293991,-21.74577360777928,96.7718527534637
0,0.41207085276412564,-0.27662871395730704,0.15339342647320336,101.53101608564506,-21.75466058011507,96.4710152610499
0,0.4121325897650679,-0.27664603983545033,0.15357265555388042,101.45601397950678,-21.75808118505386,96.13400763785224
0,0.4117827790455778,-0.2769947734990093,0.15359032624489374,101.39575508164596,-21.714247810624986,95.61714281095556
0,0.4117331686096152,-0.27706795906209675,0.15372391604906627,101.35316933190961,-21.663801696787218,95.11179787266124
0,0.4115980329589804,-0.2770699582018825,0.15383708828217096,101.30619981461965,-21.61537090342457,94.6137644947215
0,0.41160151983069976,-0.27709669863366815,0.1540363281322152,101.23635545265145,-21.552538427592378,94.08715077086694
0,0.4114324065523108,-0.27747703110360833,0.15418639534241266,101.14428220283425,-21.443300199344144,93.50874370109392
0,0.41134920591878493,-0.2779515865960095,0.1546002017808587,101.03269498134665,-21.246640635557256,92.6959901692739
0,0.41091336632537445,-0.2782133886733028,0.154495029981199,100.95837358911552,-21.099720353151895,91.96994012040417
0,0.4106958049015959,-0.2782896814265225,0.15456948244101115,100.91692086178283,-21.005570599271113,91.24723828599375
0,0.41005528593825896,-0.2786925080933544,0.1545408242297799,100.89624237840206,-20.94144956798476,90.48447300638212
0,0.4096061381177863,-0.278997671357629,0.1547329237414033,100.88335517555689,-20.88478668501559,89.65041409565848
0,0.4079992520289381,-0.2802412525334331,0.1551750939441354,100.84202138959662,-20.751944912742804,88.29686357072539
0,0.40711180443334183,-0.2810413036265346,0.15557221376425334,100.80412820307005,-20.596073370530092,86.93981480777299
0,0.40588134551810817,-0.2820447245755169,0.15563093655830929,100.80755739212316,-20.415624477020707,85.66127260833419
0,0.4050631123261412,-0.282689214698312,0.15583983116871425,100.84967736972212,-20.257561426117483,84.50043934210211
0,0.40435241038369735,-0.28299275850438804,0.15568194949156353,100.96153915642306,-20.196231331442036,83.51623747093862
0,0.4032281654553374,-0.28231422101640435,0.15489222728735513,101.27037879043813,-20.493894167920086,82.55240436158839
0,0.4029057847933729,-0.281680594436166,0.1543919231844575,101.59956734339282,-20.90802357744311,81.80973210864977
0,0.40262298012542325,-0.28112340783261985,0.15392593764788218,101.92688966035908,-21.383355569227103,81.20755378080406
0,0.4019975903110465,-0.2810610238232586,0.1534418901158006,102.23606738447104,-21.826615611565146,80.64811491607519
0,0.4016502785162886,-0.28099115466260643,0.15309842162853785,102.52664601551507,-22.221076687572506,80.11114929724644
0,0.4006033065395315,-0.2815950885930035,0.15234331243759702,102.91622084641801,-22.573830859614574,79.40658313655365
0,0.400246425219055,-0.2819009724774334,0.15206231319433755,103.26312247923353,-22.815646140953852,78.79607620736138
0,0.39988226021098694,-0.28233442162656514,0.15165230744606562,103.60142782227457,-22.961083047474936,78.28324300679616
0,0.39972562218474944,-0.2827055177607509,0.15140247696167536,103.88733488388978,-23.014985436591946,77.90376581142019
0,0.39936490530538166,-0.28333000098848077,0.15090763949877328,104.12767213930015,-23.041759274826912,77.63179227219067
0,0.3994491132574042,-0.2836089584746334,0.15050456100231716,104.28259695666625,-23.009488071996504,77.54733590957227
0,0.399263747282501,-0.283983262530801,0.15014989965683528,104.3665394025305,-22.955550572866677,77.55477203769671
0,0.39944740856456357,-0.28408815538072324,0.14993881219154903,104.39234351951963,-22.842320928142332,77.6439036271072
0,0.39924360091256694,-0.284480653158662,0.14949469708925792,104.41523728812037,-22.691830689715204,77.75822655807877
0,0.3993284868674239,-0.28470803593778343,0.1493261610818536,104.42465130572253,-22.475576613212112,77.90497250614877
0,0.3988578366713484,-0.28550396477365225,0.14897509896284647,104.425962137565,-22.125409352419627,78.12202157692951
0,0.39872523868846493,-0.2857728180804226,0.1489536508274705,104.42458778258853,-21.812855193540234,78.32773591545634
0,0.39843557650613387,-0.28598960851812094,0.14898203396326612,104.40736001047928,-21.55210208133396,78.5267654632883
0,0.3982031377630194,-0.2861700425066921,0.1491327171874673,104.36232250220549,-21.33218029371757,78.71666567907084
0,0.39762757147121036,-0.2862382457175228,0.14907415711409158,104.29405442977476,-21.141130344443987,78.91541882843158
0,0.39717011327313984,-0.28614616905832024,0.14905055874115536,104.20501433363333,-20.933842933005028,79.21194094436358
0,0.39722214514779647,-0.28577497219228476,0.1489411717010171,104.17101401462887,-20.77739465661512,79.4959243581859
0,0.39738562131690586,-0.2853091726222011,0.1486852546883256,104.1989572671684,-20.641220678696406,79.77813091518297
0,0.39746171260642604,-0.2849383709349606,0.1483307676864297,104.2834308180061,-20.515793501657797,80.05232443735729
0,0.3977306666450461,-0.2843802544989559,0.14789860480553219,104.43871553738299,-20.39306107475463,80.31762450553241
0,0.39804744894075,-0.28339598809861866,0.14681844555861062,104.73923949871278,-20.24266203965375,80.68368350882024
0,0.39836192602681714,-0.28268224095487327,0.14636248671537944,105.02193651731807,-20.133515178948894,81.03409133140417
0,0.3984867947773894,-0.28208968197488515,0.14593208083039827,105.27104735695714,-20.05520783404185,81.37360564897213
0,0.39866660112905106,-0.2814615336575481,0.1455165813220174,105.48832263696788,-20.002673918198038,81.69923883367971
0,0.39866224253940186,-0.2809452286877605,0.14484409743076868,105.67792401549598,-19.968200568738503,82.02980756222173
0,0.39878796363639435,-0.28043965553426475,0.1444153284383447,105.8311140144502,-19.970638273783923,82.34763528580307
0,0.3990947114901503,-0.2795867667117092,0.1432771941376359,106.00353243174253,-20.0661112233417,82.73989535932309
0,0.3991945522503813,-0.27939877008580893,0.14287790470844813,106.13365744859301,-20.175693083675537,83.04480072428535
0,0.3992613064722975,-0.279140408388612,0.1424490756643445,106.23581554318821,-20.292996265519587,83.2756716511855
0,0.3991550731139143,-0.2793008354821178,0.14208141022450038,106.31134855123824,-20.41354529539492,83.41197858461159
0,0.3987501504497489,-0.2796987107911083,0.14177140408283778,106.37552952695361,-20.539704467482178,83.41936808748115
0,0.3983618291692694,-0.2800314745821926,0.14162377380854196,106.43140215820226,-20.634575282788138,83.37224239650526
0,0.39792740369605617,-0.28023308550500603,0.14144998812204906,106.47476689895063,-20.705510863243127,83.31364222941217
0,0.3974262627439459,-0.28053140675210686,0.14141789146787234,106.50353360152464,-20.75330714589277,83.23692777272335
0,0.3969831588344534,-0.2806558183350536,0.1414185636592538,106.52219721487306,-20.78878772443065,83.15505768740033
0,0.3958880099134406,-0.28102074658059806,0.141723138029638,106.4618501399148,-20.821836544054435,83.09876143613117
0,0.39528842294978694,-0.28129895245218006,0.14191021063453266,106.37637735222252,-20.852074885750984,83.0904474937432
0,0.3947873013691862,-0.28148932015084954,0.14205387556082316,106.28021874704122,-20.8843122594969,83.11148779612418
0,0.3943033429460486,-0.28179689323091245,0.14208240592009136,106.19506394820928,-20.922750472858638,83.15610109364442
0,0.3940232696609457,-0.2820628408112499,0.14201644399291585,106.12546858014393,-20.950629285956452,83.21934312036848
0,0.3936146470384558,-0.2831693879284832,0.14133681201464243,106.13341906524826,-20.932086769877273,83.21162656434727
0,0.3935081231074294,-0.28373083626413076,0.1410086935115487,106.1848813253442,-20.87902122475502,83.15271487367376
0,0.3933935018854101,-0.28436570262098043,0.14072903283959934,106.27777534722236,-20.78948489943974,83.06175700120679
0,0.39327208126353824,-0.2849471810975048,0.14041261279112405,106.40570287926721,-20.668930224041688,82.95297567389919
0,0.39316307777928905,-0.2852676633515331,0.14022396528250286,106.55077089158476,-20.540501163718034,82.8622005401534
0,0.39307166362571316,-0.2856856462874386,0.1397639616680772,106.77302323661905,-20.35957967666268,82.8098972864324
0,0.39306869978475173,-0.285564512363908,0.13957302444702693,106.96433192983163,-20.21774017594468,82.83044525232485
0,0.39307534421252804,-0.2853641024746868,0.13941864320165226,107.12771576421193,-20.102770708926172,82.91380880948743
0,0.3930163579659422,-0.2852837881960842,0.13914795541292735,107.25933377882508,-20.02438693813943,83.03139419453278
0,0.3930980282502135,-0.28483948325299946,0.13897647493607113,107.36643417793265,-19.983649563423185,83.19720492978705
0,0.3930353807883223,-0.28440130745553704,0.13840558105236597,107.50020433365879,-19.94230409082658,83.42125877652599
0,0.39324664647149643,-0.2840764627375576,0.13815033041960306,107.63254423057877,-19.905655579586735,83.60606619667678
0,0.3933546813802679,-0.2838256714262936,0.13783304446465083,107.76884315630426,-19.871416477808452,83.77542594099206
0,0.3934913667516669,-0.2837344858565304,0.1374332087588937,107.93547678123957,-19.824658175724192,83.90894172472353
0,0.39357406372594433,-0.28355824386262624,0.1370471771908433,108.1131807301138,-19.762509774163792,84.03934172269945
0,0.39380811030435164,-0.2834291443743679,0.13631381639367648,108.45137818474974,-19.61743376476796,84.21526331772274
0,0.39371028418111403,-0.28344109272145956,0.13588903793222018,108.78929363433629,-19.44272326129602,84.40411210149452
0,0.39376181239652236,-0.28333801304483147,0.13553280168301174,109.13621194954469,-19.24760174906499,84.60004827646341
0,0.39349351698922713,-0.28340967988157006,0.13513881036168643,109.4909327831308,-19.02704726013244,84.80191755847855
0,0.3933525117711981,-0.2833094284453365,0.134912465895477,109.83955677357253,-18.761149704008396,85.01707646074222
0,0.39284623736905655,-0.28323340689325066,0.13441074186092922,110.25997941220963,-18.355309442204856,85.32628007464665
0,0.3925103935079535,-0.2831535730280849,0.13416135885840963,110.62932007870874,-17.989623086214102,85.61824630170105
0,0.39211610580253203,-0.28310467158937186,0.13390918829566545,110.9806275246658,-17.65310584752921,85.8789628719962
0,0.3915396484212835,-0.2830456504740688,0.13358790406114168,111.35211387529955,-17.341564662413766,86.10839581851742
0,0.39064602131414017,-0.2832042643942806,0.13303610467440197,111.79536878128194,-17.044172609371298,86.306835815601
0,0.3882825421767195,-0.2838505211987469,0.13196137913590975,112.5935845661109,-16.659824670733133,86.42705881658362
0,0.3867303418593367,-0.28433675383710594,0.1313589116287858,113.44726377525676,-16.307748433780098,86.45465206229734
0,0.38499909067916477,-0.28493142043733327,0.13073838793760845,114.35756538760992,-15.974923607408398,86.39310968153298
0,0.3832071291880568,-0.28553094541215635,0.1301540947807462,115.28163540238697,-15.659453827880634,86.27369407521671
0,0.3812894465999564,-0.286215317598817,0.12946664155549117,116.23898323277042,-15.359363375128854,86.07973534423301
0,0.3774422260599096,-0.28748355483197896,0.1279502378506095,117.55231684044413,-15.007857763969948,85.74443609761494
0,0.37560979748534756,-0.2880654284872982,0.1271786987138421,118.75757474287418,-14.707146503447817,85.40047843407893
0,0.37353185439872344,-0.28876153980874747,0.12627488994127817,119.91014906031968,-14.450303400022689,85.03818198538586
0,0.3714863004760703,-0.2894252697148296,0.12539675132459707,121.04196935420603,-14.22054068578395,84.65419204494181
0,0.3697878840045889,-0.2897764751830074,0.1246710035306842,122.15531272402357,-13.989438694508957,84.2629438588114
0,0.3657631623225172,-0.2910421941199276,0.12309407160705634,123.67165309761862,-13.649884223487414,83.73746520577662
0,0.3634581076579054,-0.29182584916734433,0.12239267573780127,125.05793350730858,-13.30133544131626,83.27982884414061
0,0.3612182962374647,-0.29250036512994504,0.12175583832985469,126.35760060525203,-12.956933192232775,82.86711081011101
0,0.3590094017462691,-0.29295814489507405,0.12112669237977572,127.6033264327962,-12.622807064850694,82.47057535459079
0,0.3565062540249785,-0.293563163630006,0.12051192444837401,128.8175754959226,-12.312223766302832,82.0625971444541
0,0.3515427889900168,-0.2946171597161266,0.11919838500297375,130.3962181724274,-11.958095132819386,81.46808059961128
0,0.34888588959741196,-0.29525515650891987,0.11856972527778453,131.83186893538806,-11.644234405712231,80.89629918718282
0,0.3467727872209509,-0.29561674510621755,0.11796624512499877,133.11756715590244,-11.367748005973818,80.34401917261243
0,0.34424676174687946,-0.29630711471223564,0.11737193592912266,134.33447642328844,-11.105698519510026,79.78345632325515
0,0.34178210521506863,-0.29701297377729147,0.11666791812604972,135.48986732197935,-10.837738004061066,79.24002438874705
0,0.3372950049715003,-0.29836064969682424,0.11556659308350392,136.92977318085664,-10.48457400265852,78.53820212799528
0,0.33508206183480815,-0.2990585199513409,0.11510098456493326,138.19321892199952,-10.142098555555112,77.92215709217051
0,0.3326939033942183,-0.29976790463113523,0.11462675766176293,139.37438867496962,-9.800483259871498,77.34925960585068
0,0.3307854997591933,-0.30024049972676964,0.11432020207023927,140.4140736841552,-9.468822956308623,76.84065121261882
0,0.3288330259399374,-0.300840396634576,0.11394209826220505,141.37498386070328,-9.1367108164953,76.3759454007278
0,0.3252773659901579,-0.3020247939743969,0.11310506296199493,142.51229003168095,-8.70562698478361,75.85729071030643
0,0.32382456088828643,-0.3024641398110363,0.11274080863310702,143.47906932526396,-8.31469398213785,75.43535113170667
0,0.32242359394597614,-0.3029386643090221,0.1123982089580477,144.32224112221095,-7.945234553207559,75.0924857086538
0,0.32108432526158887,-0.3034335366406414,0.11207548517822036,145.08069430901924,-7.582453577539062,74.81017480619639
0,0.319791180141445,-0.3039939156689617,0.11165692981420763,145.76766938436546,-7.223935493197215,74.55997834473905
0,0.3175889881925543,-0.3048433718600247,0.1111392043074102,146.5814439891637,-6.764374548275345,74.27838023402468
0,0.3166572766976317,-0.30522285198354454,0.11095326735726305,147.26099161960016,-6.365397524559527,74.03345662159258
0,0.31554078037309247,-0.30573983108186453,0.11057201352989979,147.85414869212838,-6.012155870176586,73.81072545103258
0,0.31470288509893024,-0.30605832969331476,0.1103942164880664,148.37534536205243,-5.703329796647807,73.61725579946992
0,0.313963745780464,-0.306336698285577,0.11025824665180155,148.83810471184043,-5.435554883215206,73.45221245173406
0,0.312813039370056,-0.30689545010709496,0.10996680882847615,149.34360296406797,-5.1557675110971815,73.31648117078745
0,0.3124344619588812,-0.3070456800379726,0.10984201029962606,149.7544308625618,-4.937211663783872,73.2185271103149
0,0.31211254621314605,-0.30728931938791004,0.1096626565148563,150.0840539203758,-4.77198792107507,73.15334620538682
0,0.3120416658596953,-0.3073939720311138,0.10959832857451149,150.334919461768,-4.650625771646042,73.11553014379766
0,0.311939887948509,-0.30755216752671927,0.10947966960347004,150.52161402558679,-4.566284371674797,73.09563962037684
0,0.31244594926404556,-0.30769691919469566,0.10937262603169985,150.57921468988613,-4.529333909543708,73.10161696893414
0,0.31293583536910613,-0.30774361228131986,0.10939761092043229,150.5444438952867,-4.529566090170195,73.11862459463165
0,0.313517464943405,-0.30777640437268944,0.10946365808224984,150.43126959666398,-4.557811851575775,73.14644484911125
0,0.31404018575715625,-0.30785010134362906,0.10944585179066964,150.23485626109954,-4.619433933282579,73.17476633722102
0,0.3148542540745695,-0.30781240438604085,0.10957404614514418,149.9603064899045,-4.703314706557644,73.21125166567843
0,0.3167624252514799,-0.3077827582278225,0.10961220801896163,149.3926192873153,-4.896720431033168,73.28428168551305
0,0.31789290780591567,-0.3076023784794781,0.10979204173288055,148.8187650560361,-5.114826094088603,73.36728619902505
0,0.31913446659612255,-0.30742877875947683,0.10995463431901045,148.22271479522664,-5.364508677313879,73.45254916653211
0,0.32052259022759994,-0.3072098109641048,0.11020746859810063,147.58407092734075,-5.638816797519821,73.54115417730837
0,0.32182168240117626,-0.30700630938195916,0.11051179356029936,146.9152704360688,-5.933492239150815,73.6219141933973
0,0.3246604027824362,-0.3066109833636257,0.1112848991257579,145.9032702909805,-6.386780483807036,73.72607894620786
0,0.32622132027911743,-0.30634323035859795,0.11180262693292209,144.9401994905538,-6.815926853562404,73.81103258602934
0,0.32785300190019206,-0.3060670081295941,0.11236783055676824,144.00006714573914,-7.231502428446462,73.88336013442023
0,0.3294331553058584,-0.3057247755446408,0.11308813311015004,143.1021558007048,-7.632450629438196,73.93282036761181
0,0.3310344042854269,-0.30542446290635794,0.11376686856588095,142.22212593519,-8.022170374473001,73.97472273558598
0,0.33445233280229175,-0.3045193407454464,0.1154344463357211,141.0332380068642,-8.543902098027699,74.04298576177631
0,0.33632896716165145,-0.3040838149704907,0.1163134272498519,139.92256763445008,-9.0258851631438,74.13468439667555
0,0.33827746982144913,-0.30360605155610776,0.11730330775580117,138.83483344386286,-9.487429615308448,74.27660307377126
0,0.3405128645377119,-0.30325348233365745,0.11837545421994039,137.70355503126763,-9.914073272608086,74.47151852658908
0,0.3425238209443052,-0.3030856940665218,0.11953351114964791,136.54749503800247,-10.305028696703095,74.70120933246127
0,0.3472458201127012,-0.3024909654774639,0.12225331322378226,134.9282684351766,-10.760905153632635,75.10344540787749
0,0.3493838536219557,-0.30240958189153405,0.12367776134139605,133.45684719037496,-11.126144171189097,75.48099074429008
0,0.35160778040456375,-0.30227512036943166,0.12515540362423963,132.08578871034132,-11.431978370735138,75.8456929127647
0,0.3533597590999563,-0.302338108769891,0.12664309972054072,130.79261476887973,-11.694161173604972,76.18398327739416
0,0.3555717724041899,-0.3022771660008404,0.12851565637713977,129.51652821869678,-11.930515529596748,76.49633412964161
0,0.3589555876927336,-0.3021722034134838,0.13187448435551233,127.9410983635004,-12.21394663653404,76.83974875151549
0,0.3607593851761778,-0.30225633775377003,0.1337122885239751,126.52434940594681,-12.452620975801674,77.138014837435
0,0.3626044052319487,-0.3022451565184566,0.1355696695399911,125.19536757123386,-12.659058728902881,77.41563833085155
0,0.36458388293552,-0.30219035839223596,0.13753612571484156,123.92211246384062,-12.843747037450239,77.6799697988344
0,0.366383496172901,-0.3022598246254894,0.13954915681010793,122.66226180978195,-13.015823111685078,77.93710620785393
0,0.3702311622576674,-0.30216683363103597,0.14372307398444722,121.01043584767388,-13.232458051890857,78.28014713915003
0,0.3720193269329031,-0.30213882242822376,0.14586410814053125,119.50142716971777,-13.427243418496722,78.58506691310845
0,0.3739194395618399,-0.30203194593572347,0.1480759354782731,118.09005426692868,-13.61439332444192,78.8733037578999
0,0.3757621350364645,-0.3019877014079067,0.15031527810818265,116.74221773477403,-13.796629420385768,79.14719586019692
0,0.3777340965943297,-0.3018656608977291,0.1525683900070817,115.42926204320916,-13.969915507449887,79.42879475666975
0,0.37960420275497037,-0.3019197074093792,0.15488913559443065,114.1267005234016,-14.124011915107008,79.71877862868374
0,0.3831745075659712,-0.302024096600053,0.1596889229965837,112.38424784261599,-14.273468124215187,80.11029884839729
0,0.38497539932298264,-0.30205485080861777,0.16228184604174203,110.78727109819417,-14.382981545059256,80.476264029056
0,0.386820400007244,-0.30205864762449,0.16486199551350184,109.29467819551589,-14.460533287136828,80.8303240316949
0,0.3882883342580755,-0.30198619043016167,0.16739657932049343,107.88162888049023,-14.52572712735464,81.14456230852463
0,0.39191446775960526,-0.3019407448687527,0.17263843231922693,106.01669958166998,-14.592011782101926,81.5781167435373
0,0.3939151766376455,-0.3017617056288692,0.17531089478260584,104.28683235142715,-14.656839498372387,81.98419231016037
0,0.3958625557498892,-0.30157105898046227,0.17797610067850658,102.65458917234254,-14.721203910508377,82.37322316691375
0,0.3981055440978964,-0.30141445969724384,0.18118011348969051,100.92903860784277,-14.807456434633588,82.7751383121638
0,0.3996545093731841,-0.30119622027063103,0.18327810996300287,99.382282592338,-14.897263258858912,83.14570411407658
0,0.40337337429093917,-0.3007663122334454,0.18893608623272487,97.27382216004767,-15.04460145048754,83.66613478794005
0,0.4050280305223425,-0.30056708788060876,0.1916936128688485,95.37310065706008,-15.158876614210373,84.15064326143472
0,0.40646923208999236,-0.3003222397484753,0.19437844985252925,93.59769212122075,-15.258165944993745,84.61284695423727
0,0.40808475787210063,-0.3000554630675289,0.19718184047466822,91.90403106175603,-15.34220350470819,85.06068210757935
0,0.4092260109858473,-0.3000093123831722,0.19980363481766292,90.27617882024833,-15.40413530807706,85.48080984225152
0,0.4121782484130819,-0.29966598724508015,0.20519378834492275,88.1227852645556,-15.455024101796049,86.02347390163808
0,0.41366212541627484,-0.29957769190454214,0.2078609740090997,86.12831627398133,-15.484827481725473,86.5084416779638
0,0.4153249757962187,-0.2993387869515392,0.2107645928216607,84.21732241758029,-15.501850313629614,86.9692441968774
0,0.4162848340945204,-0.2990691897788021,0.213040396506849,82.48032103429168,-15.528787925830214,87.40786671201064
0,0.4176763283686598,-0.29873514746808744,0.21575832777744838,80.7770646201872,-15.553243793591061,87.85299233145683
0,0.41966398084926204,-0.29839528595590326,0.22019316368824549,78.75303939898525,-15.560662618472094,88.42863854902227
0,0.4206716674046477,-0.2981689647355053,0.2224727409434945,76.9667999788743,-15.536809230191837,88.94750861896293
0,0.42144689584540923,-0.29796224748277395,0.22440786176449368,75.39588482009806,-15.486801296729862,89.41315289781899
0,0.42241946185397705,-0.2977592650570843,0.22635460549122402,73.98710757653268,-15.415099330981896,89.8293382669757
0,0.42326086337136826,-0.2976740536608669,0.22826126569038935,72.68100391956048,-15.331520397557338,90.20615108079197
0,0.42457582081126766,-0.2975506803908321,0.23122830682522366,71.26469430744378,-15.18439778503918,90.55645432927005
0,0.42470179373788436,-0.29757803296231955,0.232363345558706,70.09582168390459,-15.043009537603316,90.8237186213684
0,0.42523082966374953,-0.2975535706200573,0.2338616698337228,69.05072921611662,-14.900375773837188,91.0406447143218
0,0.42522466952371196,-0.29759299551629753,0.23459787243134092,68.18436671803593,-14.781927083996775,91.22137564768514
0,0.42548986548947887,-0.29752097224378315,0.23546751373535701,67.45734379596149,-14.686882679746624,91.3737256538287
0,0.42568106228875713,-0.29756105577134817,0.2361076723886163,66.82913711643084,-14.611873169585095,91.51018415117599
0,0.4259049194531401,-0.2974065718569729,0.23636168711906977,66.3940360958096,-14.60009381134729,91.6274689501417
0,0.4258816542701681,-0.2974604478993389,0.23627331429249357,66.14363512214148,-14.60164498887916,91.69509559242468
0,0.42576819533872207,-0.29750081037664144,0.2359237360311181,66.096508091748,-14.616074094838478,91.7137248419774
0,0.4251966776924093,-0.29774267529630394,0.2350657873702676,66.25000704780032,-14.619340796546659,91.68360506045535
0,0.4241184982137641,-0.29811414336347314,0.233414125974241,66.7865456048238,-14.615516856088078,91.56705294716915
0,0.4234259861187895,-0.29831285630845755,0.23235766583210538,67.4258951094823,-14.603073613706702,91.41727633670173
0,0.42290022397803867,-0.29867432092809415,0.23119177990681242,68.09865758377103,-14.579404332557063,91.23023749791275
0,0.42229623968171676,-0.2990251854577038,0.22990372174507684,68.80113310349392,-14.545349768925078,91.01910371432177
0,0.4219688805417975,-0.29934314941549034,0.22871741050011224,69.49543332902132,-14.505761492610114,90.78895350462058
0,0.4215586694555243,-0.3000570360341045,0.22634491973644802,70.35203616700053,-14.463105053789281,90.47736833900017
0,0.421628600605007,-0.30025298272752493,0.22511603766209196,71.10382724249172,-14.427700925333014,90.21013601401933
0,0.4213059293703993,-0.3005486384549114,0.2237581335855157,71.77546961192874,-14.39971253816344,89.9788588250087
0,0.42116819793748456,-0.300703370324609,0.22244194024330682,72.42190466177941,-14.374743616688425,89.778541658441
0,0.4211478965954741,-0.30089449738645285,0.22099778645760126,73.09767040711445,-14.34697320294823,89.59235260002473
0,0.42067073757218915,-0.30087136005544396,0.2177435123277337,74.14954954447363,-14.262451485865235,89.39543769430426
0,0.4203727068977316,-0.3008073720850918,0.21623124831444332,75.14704180280783,-14.164804045393375,89.23293957000136
0,0.4200586559848746,-0.3007247254767391,0.21464699977165766,76.11963286718084,-14.056546166124836,89.09161273842048
0,0.41973811561631763,-0.30087808584356046,0.21300665908581323,77.05425218724568,-13.926915824033829,88.94964557205238
0,0.4193997340874632,-0.3008321753659222,0.21150910192257474,77.96541412051657,-13.782344176205152,88.81539919069718
0,0.4188727515416105,-0.3007942459502193,0.2084647839618356,79.09331617650491,-13.559796260677551,88.67034060500887
0,0.4188679474072417,-0.3007107779898617,0.20705742054707119,80.09056444858828,-13.335591065992562,88.55513165499956
0,0.41877238775062164,-0.3005941615023586,0.2056747286868722,80.99517313507747,-13.10837373372302,88.4698249220335
0,0.4187567936854323,-0.3004344860234234,0.20431827359921045,81.85395720956328,-12.873724114598888,88.41922790388563
0,0.4185986059384306,-0.30037148212575643,0.20278808706528254,82.70153623665743,-12.635983670174864,88.39790545323812
0,0.41847918058204253,-0.299663879624841,0.1999320291829736,83.8528982480211,-12.33109265477678,88.4301463728571
0,0.41838540310430133,-0.29912921046399804,0.19843971782452174,84.92016568099017,-12.064895318082172,88.49739926744766
0,0.4183301749305685,-0.29862521027707783,0.1972499661994607,85.86642576387601,-11.825985671606936,88.58642588503402
0,0.4184195938186606,-0.2980834511437389,0.19583898418671197,86.6941195970651,-11.576204348096987,88.69035257162167
0,0.41869406873750287,-0.2975438073792431,0.1948372989249856,87.40098213496213,-11.33762667482862,88.807460456241
0,0.4192980724053343,-0.2960983208336803,0.1929126464677484,88.12344145882138,-11.058222625630911,89.03574375864652
0,0.41970634634065235,-0.2953175172724697,0.19203595393425535,88.71820467971887,-10.82241365196656,89.27151996402186
0,0.4198438453154524,-0.29458684717797967,0.19090010934597562,89.23756129317394,-10.61784035969995,89.54141335832925
0,0.420387564845558,-0.2934029844918224,0.18993519895798275,89.7145748940154,-10.446621363973977,89.84553033992218
0,0.4206387358384093,-0.29256301259183615,0.1890355628085763,90.14554257175686,-10.305485101363598,90.1327851042732
0,0.42132377053069675,-0.2904671624817821,0.18748979383236475,90.65988443639777,-10.190107815686686,90.51756062965158
0,0.42167854035663205,-0.28919476424836843,0.18658565574413843,91.12923007883317,-10.139540629219091,90.88214020447671
0,0.42197937989997464,-0.28829876219415396,0.18604442351585931,91.50154045475432,-10.118733180353583,91.19545859918573
0,0.4221086266117056,-0.2872805104174587,0.1852617602897317,91.83086951382748,-10.131544184282015,91.49662556453741
0,0.42236989016103343,-0.2862694493451092,0.1846521776271493,92.11627152924345,-10.168240909382517,91.78560301554937
0,0.4228164034562071,-0.284315390936372,0.18355550997978753,92.41143688075336,-10.216896058028537,92.14982051816118
0,0.42317588055896366,-0.28321825062417716,0.18305154078728267,92.63875841326454,-10.24941393217935,92.4789589913457
0,0.4234365048484762,-0.282366167656419,0.18252682083374566,92.82912742284651,-10.267559216656117,92.78042609048696
0,0.4236187520103415,-0.2815629706301662,0.18193023257977076,92.99876232200295,-10.269650207411987,93.07012025064375
0,0.4237596991138418,-0.2808930650868389,0.18133575969463891,93.16841926741806,-10.26581515612231,93.34451269938505
0,0.42367762202787,-0.2800311413922283,0.1798376368833215,93.42091038994346,-10.25425832325768,93.65287296459302
0,0.4236105191187819,-0.2797252807536098,0.17921096854931423,93.65539331643903,-10.243062402829798,93.88889141696046
0,0.4234185862021406,-0.2794563499608013,0.17854622357613154,93.87393216046024,-10.226810392443713,94.08489526364313
0,0.42345335806178647,-0.27905540620469776,0.17803162717348642,94.07206803231436,-10.203757675171424,94.23392937517
0,0.42328902954625686,-0.2788552520194027,0.17740911596542902,94.26194675769793,-10.18129734497076,94.34784236076611
0,0.422951752193447,-0.2781616202511761,0.17623386197811672,94.51937448141685,-10.171824127132675,94.49691872427361
0,0.422655987985607,-0.27789308463716245,0.17562052511698314,94.75059903550127,-10.162291887751449,94.6246352437515
0,0.4224038871602972,-0.277426626435754,0.17511170142418453,94.95841468603165,-10.167265835622365,94.76519400634268
0,0.42201976949739056,-0.2770004842200252,0.17471435302025384,95.13624284584418,-10.180652029561513,94.90781335990738
0,0.4214696186261137,-0.2768097910799953,0.17448282473808832,95.26938832633094,-10.19825040374873,95.04847766114595
0,0.42086598301696376,-0.27664517974042624,0.17443664305931636,95.35548643839792,-10.221487472933767,95.16596215608945
0,0.419482159860607,-0.2769467786469433,0.17452220701700757,95.38089763803204,-10.267141623086331,95.2001686324157
0,0.41860089177655774,-0.27728932892465324,0.17432048761374064,95.39265867628286,-10.314775870415682,95.19322968185857
0,0.41796633923816284,-0.27783011173391076,0.17425779366022653,95.41219592226014,-10.370412142538202,95.1060500342368
0,0.41735144878196323,-0.278156087748048,0.1741119765592248,95.44369214360253,-10.435155544092515,94.99360075141927
0,0.4165156843738516,-0.2789748052277538,0.1738918154788644,95.52919113033035,-10.533355634855337,94.77690862686421
0,0.41595183784532147,-0.27943691646241875,0.1737732463431985,95.6136253789635,-10.602071943787372,94.57571918131443
0,0.4155762630181273,-0.27978415464544026,0.17366620713001796,95.70081759655716,-10.644126516815444,94.39655765197926
0,0.4151025908665617,-0.2802132645764324,0.17358667158609933,95.78333966199774,-10.657455673743035,94.2365252339245
0,0.41465784037875736,-0.28057717775487634,0.1734391691637666,95.86612758484377,-10.653805267070554,94.09980899108109
0,0.41404118711518845,-0.2811510935940716,0.17322650873190473,95.9645954299991,-10.615880444648758,93.97196683319002
0,0.41394429082440937,-0.28126355682992665,0.17304375791079113,96.04701951587965,-10.57259193486504,93.88202185463585
0,0.413788253314968,-0.2814227751412365,0.17290530585772104,96.1166056948629,-10.53086110638637,93.80794846232675
0,0.413736318297859,-0.28156228875303,0.172610149915281,96.19846820702347,-10.49167660426576,93.73878628528259
0,0.4135840969757994,-0.2817081639685604,0.17231110417372295,96.27954243819715,-10.473058428552827,93.66890035119893
0,0.4133147167639693,-0.28200937544488636,0.17171393090015954,96.41387707777447,-10.47804296302417,93.54645854407372
0,0.4130889805631598,-0.2821526936211559,0.1713324981284768,96.5411332760662,-10.499019849342861,93.42830811503116
0,0.4129562469797095,-0.2822317526259395,0.17098245495087214,96.66480172191508,-10.533707521054296,93.31301222043116
0,0.41275083149242003,-0.2823960230269405,0.1704072334719331,96.80257410627695,-10.581408630656611,93.1934389733461
0,0.41261687750386794,-0.28264639591359825,0.1701446022940309,96.92044229236761,-10.610579194146741,93.08615110388864
0,0.4122553082780798,-0.2831456307091686,0.16929717236286707,97.079247378004,-10.641738650256679,92.94627694811399
0,0.41219899529981213,-0.28324182962560385,0.16899289631372996,97.21660884601499,-10.656552794766673,92.82793658596299
0,0.4121215092616041,-0.2832543281235668,0.1688617783141763,97.32649199836243,-10.658002376166174,92.73976593737257
0,0.41197205806541043,-0.28323091959142416,0.16869801157242365,97.42045933530657,-10.650774499304656,92.68066675632474
0,0.4118172022180518,-0.2831895497956249,0.16853436493403026,97.50429739085503,-10.634605171825207,92.65123020183272
0,0.41165113026666245,-0.2829398742833111,0.1684885590625436,97.55864181976213,-10.617548491716414,92.65615283709921
0,0.41094709212350444,-0.28264260684632986,0.1683248814297349,97.60686540785242,-10.601448109081737,92.70996198834968
0,0.41059484059381085,-0.28241334890508385,0.16835787885910578,97.62948181920133,-10.588435161281422,92.77934300235697
0,0.4101315709428747,-0.2823405895152066,0.16828365110880442,97.63220823731214,-10.579278690182168,92.85255058963763
0,0.40973261470365124,-0.2821450534977886,0.1682879632068307,97.62784068444618,-10.580984056887335,92.91602437265149
0,0.40885944391059476,-0.2820997861542675,0.16828933470970697,97.61383131807574,-10.6028783237007,92.97820083492813
0,0.40850345367955765,-0.28210569059037893,0.16827094727284023,97.61317962948799,-10.623252765754254,93.00598482149748
0,0.40811139369773464,-0.28210644220494957,0.1682652714205415,97.62390624091954,-10.641589850580274,93.0079486435676
0,0.40766054118442135,-0.28240564679288593,0.16817813837057657,97.64650328531563,-10.659542126237195,92.98075733538279
0,0.4073114665822943,-0.28239562784814565,0.16818957918411798,97.66986190804484,-10.680407681390117,92.94618413420876
0,0.4069090040998419,-0.28232197736882897,0.16825873547321862,97.69566163934556,-10.710486980673915,92.87499129570772
0,0.4066731753425558,-0.2822491559901211,0.16822394424206324,97.71619573727592,-10.728619155182082,92.81936640111891
0,0.4065722497777899,-0.28214585935258596,0.16821403765207837,97.73660071464738,-10.739640228501106,92.77674521163883
0,0.40657011891173916,-0.28196227168225974,0.16823072814470838,97.75453389049706,-10.745739204619007,92.75481177086986
0,0.40680538589524823,-0.2814177153029415,0.16839278244501657,97.76128645137923,-10.737650366878512,92.75918147580572
0,0.40683593476581176,-0.2808878580250713,0.16872489535337995,97.72443259924634,-10.731096989062356,92.82604262275763
0,0.40681623394059735,-0.28060260867261616,0.16889886313206262,97.6703129056604,-10.727664211118675,92.89987575451957
0,0.40677582497167186,-0.28037290131234854,0.16910114043480465,97.61682167266692,-10.727926492510196,92.97018078501
0,0.406801937766548,-0.280141806951997,0.16921911680227825,97.56327055387602,-10.734228169800554,93.03688999630111
0,0.4067341181116065,-0.2800098249831173,0.16920709871775216,97.5179762167482,-10.74431860007974,93.09455703877386
0,0.40671823347377384,-0.2797713152089092,0.16918936991221017,97.4713223142643,-10.767218026134662,93.13950219904106
0,0.40637471849488815,-0.2797553220906231,0.1692905899239213,97.43058806510746,-10.797159080166736,93.1755926986511
0,0.40636123592423995,-0.2795425066866848,0.16942128949886867,97.37993011954246,-10.825063734841557,93.21068573918983
0,0.4062931644396742,-0.2792795500674221,0.16949773722416467,97.32483756924252,-10.853517430745324,93.26028727005584
0,0.4062149616556128,-0.27896154736661644,0.1695757424188287,97.2758494763001,-10.890638929508267,93.33626280664178
0,0.406903425105091,-0.2777638766684506,0.1694607492638261,97.25168757141073,-10.940967908469846,93.492947472449
0,0.4071915956811865,-0.2772245350995037,0.16926441126591274,97.26743797288432,-10.98655809914169,93.64753171607464
0,0.4073626267390212,-0.2768409714617702,0.16909199708229608,97.29861973429176,-11.02960106549489,93.78671650733276
0,0.4075371446685751,-0.2763874999203655,0.168885702128473,97.34559079282161,-11.073769642383805,93.90989907770005
0,0.4077100353913267,-0.2760058501877758,0.1688376142931611,97.38457529904562,-11.106497986238509,94.02355531015851
0,0.40774056489038074,-0.27548975443029133,0.16881737493998117,97.40758547219653,-11.134755130512483,94.15955347879544
0,0.407814447827812,-0.2752539489188167,0.16881188505417413,97.41637498099502,-11.140947251239856,94.2821475744705
0,0.40780396784114437,-0.2750550732531521,0.16890871160751886,97.41129255635106,-11.131310842574972,94.38895506530024
0,0.4077929260806997,-0.2748874244608852,0.1689439290118844,97.40176809186445,-11.107394351018877,94.4902818773954
0,0.4077152269558867,-0.27488210891866416,0.1690950577808053,97.38698535318488,-11.074012418577915,94.58020879980837
0,0.40779745901393494,-0.27424693261766164,0.16934563213116235,97.34499142458623,-11.019854380103304,94.69610742498014
0,0.40776030445861416,-0.27400959288263055,0.16949094557291575,97.29514613385739,-10.981857017736234,94.80452421666261
0,0.40783300573396286,-0.2736291054406139,0.16973251217133112,97.23231271425634,-10.958698122651295,94.91311421702582
0,0.4077532144861181,-0.273372773877618,0.16989937060600824,97.16331226219445,-10.953690518949363,95.02058010704555
0,0.4076853367166479,-0.2731106463589642,0.1700467180562646,97.090953928645,-10.96879937057159,95.12683360515956
0,0.40775118047761516,-0.2728811637082073,0.17017695271498273,97.01071998374168,-11.019409106091732,95.21084950362456
0,0.4077677237467726,-0.2729202011742565,0.17016183131462642,96.94726272230164,-11.073235826644327,95.25842496154618
0,0.4078448417262991,-0.27296722745084495,0.17011221700436185,96.90227216362786,-11.144406982760314,95.26794271158194
0,0.4078319403009375,-0.2729784629263851,0.1700761782479913,96.86122153620241,-11.230219076043513,95.25960527788742
0,0.4078075515704115,-0.27311587666654324,0.17005546235567637,96.8243813724007,-11.32596477852219,95.23299527011898
0,0.4075899320321043,-0.2730048624196026,0.16996136718517849,96.77173012703817,-11.502532407524802,95.20724017622298
0,0.4075144218878706,-0.27287133847856254,0.16989772790199825,96.7263823657018,-11.682634459194425,95.19480190008413
0,0.40742248470353687,-0.27276603495263785,0.16970913075930188,96.70158432410166,-11.880012110735809,95.19460086463758
0,0.4075117486195524,-0.27251335298204155,0.16960489266640252,96.70054664589134,-12.097505571031432,95.20893063348228
0,0.4074710684494932,-0.27244084154748655,0.1693668051911027,96.71674840964236,-12.312766625106532,95.22409468368215
0,0.40765788728761276,-0.2721918711581203,0.169076174433294,96.7548914426893,-12.53512964157512,95.23635503056951
0,0.4074819552378615,-0.2723831841864559,0.1689092385125787,96.7838317649484,-12.70899853057368,95.2354855771095
0,0.40750072623061734,-0.2724281105914089,0.16886970126158304,96.79771020197506,-12.829198530759577,95.2317382213447
0,0.4075203883128126,-0.27246986006879537,0.1688698562336595,96.79601093562769,-12.904596889115144,95.22728058899496
0,0.4076323556380232,-0.2724346271672222,0.16894278609282085,96.77920340156079,-12.947321854168456,95.22398199452432
0,0.4076576548294982,-0.2724694726386043,0.1689296638322503,96.75908464950176,-12.964354060351662,95.2236487145641
0,0.4075836556630095,-0.2726340064921352,0.16873122596270151,96.76532735971823,-12.971540761080789,95.23534064689225
0,0.4076610448436698,-0.2724932221093151,0.1687156861377389,96.78351834435682,-12.975280128272946,95.25529055449019
0,0.4077429669575651,-0.2724075845398876,0.16859375410801478,96.81622873749478,-12.97147566470926,95.28480998076024
0,0.4078241916971167,-0.2723094174780819,0.16847260856157847,96.85814086042866,-12.964574374128297,95.32061786936931
0,0.407895653195854,-0.27219031368875235,0.16808254384523935,96.92951673178963,-12.950561796085507,95.36609741278225
0,0.40795419389772014,-0.2720698228993389,0.16809749477631158,96.98186461550287,-12.94297331765784,95.40598767649803
0,0.4080069425182303,-0.27197023009443017,0.1680389773202569,97.01993375720937,-12.943894589567266,95.44770646591249
0,0.4081333416180571,-0.2716382256665203,0.1679834198308618,97.04385999552639,-12.950355291922364,95.50019600826259
0,0.4081663894133528,-0.27147934054517475,0.1679177814078958,97.06065886593636,-12.970201284148315,95.55594655447763
0,0.40784687573480205,-0.2717272571244213,0.1675134282661111,97.09983905931179,-13.019099618003752,95.62953521151131
0,0.40788585121202076,-0.2716333130516979,0.16739859395748685,97.13895079637506,-13.064149295474841,95.69120467706985
0,0.4079434039668997,-0.2714414033808682,0.16743791037327357,97.17548930972198,-13.10701676278638,95.73076065741648
0,0.4079627561049422,-0.2714499655880901,0.16733919316059656,97.22017645383417,-13.138562535682555,95.74892688101161
0,0.40796781206893523,-0.2715065536417935,0.1672621177983911,97.26746666807198,-13.158505903935657,95.74342557609857
0,0.4079654681162795,-0.27172880684518547,0.16695858174091882,97.32855591401203,-13.154774111204306,95.67848321042477
0,0.4080976980404814,-0.2714334145703289,0.1669227405739457,97.37804336986636,-13.15600364240952,95.62370650053992
0,0.4080889227466543,-0.2714518175044033,0.16689665102488108,97.41015404271236,-13.160293204096636,95.57779460627421
0,0.40809732998179993,-0.27137053465032307,0.16687012367970058,97.43343144193194,-13.168048806856058,95.55027211122578
0,0.4080400677995642,-0.2714486715712521,0.16701721542603082,97.43221598401816,-13.17496077914148,95.54775741692643
0,0.40803596103953915,-0.271237274161813,0.1669001921368272,97.43370762515923,-13.18746736816489,95.58023226449386
0,0.4081756877379378,-0.2710533842959377,0.16685230189091274,97.45593711968743,-13.191781485781794,95.6226770809634
0,0.40815013671683864,-0.27104312514447904,0.16668527686125345,97.4859219221088,-13.192507638842658,95.6638791982218
0,0.4082165616230925,-0.2709026119627926,0.16651183211332865,97.53483367923546,-13.197414902154419,95.70336503338311
0,0.40830539936589794,-0.2707991061129544,0.16639638953930447,97.58574816566845,-13.20650857812656,95.73555619848675
0,0.40819469118880825,-0.2708774444975826,0.16631671064621517,97.61936617085223,-13.218160886561675,95.74369136265058
0,0.4081094952897986,-0.27119908904218404,0.16631022119051525,97.62907145849886,-13.25445071550909,95.71388815691064
0,0.4080735223965605,-0.2713072905459377,0.16630878769880839,97.62954277449737,-13.289092816538977,95.67157151728354
0,0.40809250647592143,-0.27137156521463124,0.1662670653415353,97.62754855313854,-13.321472551246378,95.6279633858439
0,0.4080845835285147,-0.2714720491089794,0.16629721128470012,97.6261025997311,-13.344044719312688,95.57779342290067
0,0.4080703260974844,-0.27146234010839193,0.16626066112047738,97.62648043777928,-13.351285266921936,95.53579859098554
0,0.407983948536392,-0.2714312604584667,0.16629449539906094,97.62423506899746,-13.352029658476365,95.51336858905017
0,0.40784565532970035,-0.27147329663419456,0.16632067018276758,97.6160639547748,-13.354215171264077,95.4984577810888
0,0.4077813419179877,-0.27141374086522785,0.16632535808807916,97.60025507485389,-13.359775866910628,95.49483506425649
0,0.4077008339242895,-0.27137612139367795,0.16631429695612499,97.58748487500685,-13.370701261397341,95.49452926639495
0,0.4077390345411261,-0.27137667154454914,0.1659898009253175,97.61280574443256,-13.394660871752686,95.49942951602128
0,0.407738046594139,-0.27135652517461506,0.1657836880636842,97.6561551181278,-13.417942664617183,95.49564880612463
0,0.40785100186633666,-0.27128237103605,0.1655482738567025,97.71950186840414,-13.442820539921264,95.48909919080256
0,0.40804880435037216,-0.27110598956727716,0.16546033495194026,97.77754645388627,-13.470718825625788,95.48429304291145
0,0.40813779706525405,-0.2710479912676784,0.16530064397579738,97.8386837657261,-13.495838940081745,95.47719112337641
0,0.4078671770768126,-0.2711715582528088,0.16483649485832758,97.92204778456681,-13.529653981382287,95.45192189263543
0,0.40784228468703826,-0.27120277737760273,0.16483601057058878,97.97676928354628,-13.546855748928875,95.42904116475042
0,0.4079231026248892,-0.2711529383578274,0.16484909021383828,98.01952561942412,-13.551824403395367,95.41040338904332
0,0.4079387160615881,-0.27115765725755425,0.16483225637203763,98.05608284026314,-13.547172703846096,95.395933606453
0,0.4079548137860259,-0.27116422807359425,0.1648199244690568,98.08754942528712,-13.536652911451611,95.38344319581836
0,0.4078601064758261,-0.2712089375176403,0.16456916415220804,98.15311229607657,-13.51120479825662,95.37646032790569
0,0.4079025881962736,-0.27114303564214437,0.1645623686266572,98.20289031072392,-13.483158831331751,95.38068968839556
0,0.40804322535562115,-0.27101711308145254,0.16468686544424602,98.22832194530271,-13.461143206353942,95.39744696491087
0,0.40804673159885013,-0.2709719154753658,0.16470311426645823,98.24154026496323,-13.451986749411125,95.41660928547141
0,0.4080807285981139,-0.27094890212201805,0.16479091369635174,98.2381742480872,-13.442870564900376,95.43315036875278
0,0.40809969330596524,-0.2709862426438305,0.16497617893940517,98.21607047882549,-13.429242648175306,95.43333884698758
0,0.40810118491220077,-0.27105181132936207,0.16505161934620446,98.19757728509995,-13.422775951342567,95.41969269744995
0,0.4079327302651366,-0.27127556001329156,0.16505919360643934,98.17905434373573,-13.4139717763702,95.40695888617007
0,0.40791146034764847,-0.27131561254644126,0.16513915919786998,98.16161316529953,-13.41463837618788,95.38931445808052
0,0.40786140436696605,-0.27135546361589163,0.16507461720234462,98.14388478125744,-13.430488869603,95.37407934481396
0,0.40781497085856994,-0.2713058415570232,0.16539166682488032,98.1053908677518,-13.447893990962738,95.35899042837951
0,0.4077866303400953,-0.27126495992326466,0.16559544348246164,98.07032355403932,-13.459058474767046,95.34758561287892
0,0.4077276440935095,-0.27132176493787497,0.16572195881134577,98.0328400542831,-13.464902246953177,95.32702254777828
0,0.40749838227796154,-0.27151051317834585,0.16566093855625696,97.99508593073665,-13.477796061609283,95.30554834534118
0,0.4074393185453375,-0.27157498931073876,0.1657459252429635,97.96138940954106,-13.485472102051421,95.27627888527469
0,0.4073947834448775,-0.27163212751531335,0.16581697994000025,97.93166684681829,-13.490732805675888,95.24272383251342
0,0.4070562082009276,-0.2720567819991085,0.1657443522763879,97.90512567970706,-13.500868962886884,95.2114014373324
0,0.4068260746674498,-0.27222556208753323,0.16563332253223964,97.90153693695585,-13.514417977604333,95.18924158484047
0,0.4068134444432219,-0.2722103748240444,0.16562357478863307,97.90178676008063,-13.527170249978445,95.17748859293972
0,0.4067964750008543,-0.27219205712461203,0.16561691098934717,97.90376543506797,-13.539411421792739,95.17201423639132
0,0.40655929023789966,-0.2723633710064861,0.1655149238658578,97.91199731363047,-13.55443650699094,95.18026944967242
0,0.40657157177495556,-0.2724102888026211,0.16555312835699626,97.9132157913182,-13.558980707077572,95.18154374564007
0,0.40654749298858245,-0.2723768148341152,0.1655688890171678,97.90959353764953,-13.562325529065323,95.1904486235555
0,0.4064248132185896,-0.27241568957948414,0.1654764830423028,97.90511402217324,-13.56602393032173,95.20332030604428
0,0.4064126285390814,-0.27237377738141744,0.16547482871538707,97.89597006820964,-13.569884745445025,95.21985064444347
0,0.40637619072961406,-0.2723430929102871,0.1653784787011773,97.87925665218559,-13.572675813324075,95.24628662793994
0,0.40640135432052216,-0.2723225048699352,0.16534836375242778,97.86667777708257,-13.56983662541493,95.27168439015013
0,0.4064344796018561,-0.2722724178948376,0.1653455781293542,97.85718693103544,-13.564227118995957,95.29223249058359
0,0.4064635562376936,-0.2722576877989742,0.16529086136347362,97.85931185086267,-13.557723531704788,95.31062329475778
0,0.4065943526701888,-0.27199786161565515,0.16518584841019224,97.87643933831293,-13.5510587857324,95.32356246420625
0,0.4066921981649359,-0.2719438228526089,0.16495477729565214,97.93885737577867,-13.541024147371816,95.32153422583059
0,0.4066887694077452,-0.27180526231908536,0.1649196490002305,97.99440470082594,-13.531870853984627,95.32171988720931
0,0.4067303212957342,-0.2715259561457607,0.16489623659378597,98.034624662026,-13.524977844433394,95.35399479490238
0,0.40683211857843,-0.27111452078008386,0.1650376176191003,98.04163068799322,-13.513744865320813,95.44128201695857
0,0.4068435283975561,-0.27057586883687706,0.1651640942049653,98.01610813608316,-13.50277897871694,95.57642951360744
0,0.4068696799354513,-0.26997809504651754,0.1653072070432336,97.9634538561408,-13.49468732244984,95.75296848094395
0,0.40700254911946854,-0.2689406267323467,0.16546044343239374,97.88883642277268,-13.477310919574805,96.02926939731475
0,0.4070973339157065,-0.2687258974232647,0.1652613508058221,97.84606437295156,-13.466927941689416,96.24208123506013
0,0.407263832040306,-0.268286001435754,0.16524701976305553,97.81727640316704,-13.455560366660528,96.44251688293167
0,0.40739881271886424,-0.2680813995518658,0.16518963360315866,97.80983564982117,-13.445460896674337,96.59803012899528
0,0.4074131670074423,-0.26785800730371206,0.1651045694304139,97.82444854680136,-13.429504546633549,96.72255707987827
0,0.40741456175613006,-0.2676917997517559,0.1651692315292985,97.83681891838721,-13.4213524375382,96.81063584998512
0,0.4074053990321119,-0.2676868096508953,0.1651781695438058,97.84967810918909,-13.416587792645885,96.85569734301558
0,0.4075022953228911,-0.26755152677678795,0.1652676852894456,97.85808938435746,-13.41286893919076,96.89067983759352
0,0.40751478994655216,-0.26741898690843313,0.16528713041073392,97.8664722706325,-13.40888237156986,96.92073440215485
0,0.4076408597307165,-0.2671758822121593,0.16534992897039957,97.86741260684458,-13.399196319137484,96.95615249177719
0,0.40773622567224105,-0.26660653804921836,0.16547016405588694,97.86366367331912,-13.383769508109012,97.04296367884444
0,0.40774945641326504,-0.2663033429303142,0.1654332690787942,97.86682617277671,-13.378510793938647,97.14101108903965
0,0.40782581890391906,-0.2659280780472729,0.16547187649733133,97.86109259530447,-13.37654188050577,97.25649391674486
0,0.4078979971485098,-0.2655316439785931,0.1655112742734582,97.8480438338042,-13.376485400973495,97.38449143535678
0,0.40797476644086444,-0.2645424959578488,0.16549140297895978,97.81978173905038,-13.391914572634983,97.60010899950244
0,0.40808016682433684,-0.2640914187350246,0.1655663629723222,97.79011839150452,-13.406048300843825,97.79703285347716
0,0.40815370107459625,-0.2635763380446407,0.16558534705168315,97.75990881368507,-13.421260978169197,97.99417783981579
0,0.4082037376837691,-0.26316298877382016,0.16564129584557125,97.71447664293032,-13.430735906630732,98.19761316758165
0,0.40822863007354343,-0.2627459976592037,0.16574475132948469,97.65589215503564,-13.443365703037378,98.38728938187167
0,0.4081280725674589,-0.26201773738050194,0.16595804327255792,97.54576303653333,-13.455343123604408,98.61708100033954
0,0.4080843316988905,-0.2617492250122997,0.1661397054148347,97.43439025670429,-13.465203885482925,98.80893377843884
0,0.40798567260074214,-0.26145961319589345,0.16629335635429926,97.33651926176226,-13.471368072176253,98.97142710442292
0,0.4079302700834234,-0.2611908838667843,0.16643743001944133,97.24317621287865,-13.481379159701266,99.1174775727723
0,0.4077504056172331,-0.2611021313586208,0.16642325394875118,97.15565263273707,-13.493454397480132,99.25602585332999
0,0.4077598007993658,-0.2602354345240567,0.1667028661919267,97.0454426924956,-13.527280390769787,99.42450321893118
0,0.40770680034923157,-0.25988574003362386,0.16674052440649575,96.95501705900341,-13.572053641721823,99.56651375241047
0,0.40757100606727203,-0.25959773217820853,0.16683074140078136,96.87572500240248,-13.618433173968796,99.68893046596882
0,0.4073955001907309,-0.25929041480207177,0.16697230064398355,96.8111503658411,-13.668430866960682,99.79574582924181
0,0.4072240235881766,-0.25903743063592644,0.1670851900530488,96.74849431474692,-13.718876334662902,99.8918174289611
0,0.40708299899863803,-0.258516406766412,0.16731049620634622,96.67671783707596,-13.782965770116947,100.00568319362588
0,0.4070562275724371,-0.25825777386808124,0.16732015484100887,96.63354043394008,-13.833424777410444,100.10517223867217
0,0.40711558187770447,-0.2578559312739345,0.16741999172693797,96.5988820657838,-13.87744873806157,100.19683961211125
0,0.40721952939796047,-0.2575557891049358,0.16742352509028025,96.57961858589493,-13.90437860015508,100.29323123287318
0,0.40736653978395065,-0.2572489676394436,0.16743465595966886,96.56624671260464,-13.917649210583003,100.3959395257354
0,0.40762642795610027,-0.25672940825605123,0.16731291377073831,96.55969078211639,-13.905678075394679,100.54943388574593
0,0.40764686489867763,-0.2566114900031063,0.16739680403000423,96.55588797376652,-13.87471724694152,100.6894135540211
0,0.40775577152537906,-0.2563537017025921,0.16750717126852582,96.54625436217896,-13.830101394234951,100.82455486055069
0,0.40782670999335846,-0.25618249630117146,0.16755558067089624,96.52944283504156,-13.77684200938361,100.95111953466639
0,0.40786955977248746,-0.2559901449599239,0.16765242272144865,96.51624681781887,-13.729400877389091,101.06310709464837
0,0.40784129674005115,-0.2557138142504665,0.16771930479532787,96.50525929465175,-13.679110017441038,101.17943177489512
0,0.4078491809444388,-0.255578841320512,0.16783697509295054,96.48758029829786,-13.64060497673283,101.26930417426331
0,0.4078530746178587,-0.25551777457380026,0.1679376023364694,96.46173489098771,-13.605341690939484,101.34519073492741
0,0.40790884519385895,-0.2553787646212551,0.1680316742611558,96.43287011360647,-13.579294127996349,101.4105109452589
0,0.4079646932558974,-0.25526808356427877,0.1680896028233201,96.40659382855345,-13.559660107367202,101.47178539569796
0,0.40811792189645374,-0.2551119840660068,0.168025742704931,96.40514566406759,-13.544973322479034,101.54854999341102
0,0.40828378076123795,-0.25486877476358144,0.16810974144465038,96.41523182884315,-13.527947505432266,101.60993786248675
0,0.4084293963985403,-0.25472078417920796,0.16808560841805048,96.43897245504566,-13.510289275593818,101.66569080091658
0,0.4085331502037009,-0.254784562937257,0.16800870739943094,96.46159659641279,-13.493206053404851,101.71585047995922
0,0.40863142187165813,-0.2546528870382282,0.16800446503883906,96.4892244832125,-13.48105632427762,101.75982674953208
0,0.4087315144615134,-0.2544826540865871,0.16815432691103527,96.5053650600421,-13.469769798356985,101.81201802475789
0,0.408741645761009,-0.2543700397529575,0.16827979230410167,96.50568704131732,-13.468961235310008,101.85416794522774
0,0.40873529190587604,-0.2541346332945797,0.16837552243000575,96.49961226269336,-13.474820404454261,101.8882722809392
0,0.4087285506205519,-0.25401671891593663,0.1685414277864129,96.47765663190613,-13.483092528299528,101.92278738693616
0,0.4086869212465246,-0.25390751396798816,0.16864585184580394,96.45153913318359,-13.493572096817152,101.95555709119098
0,0.40879580850171643,-0.25368286257171363,0.168877054686609,96.41935800834426,-13.504533005311409,101.99797926370113
0,0.4088661464528998,-0.25367664819144936,0.16892527812248775,96.3986476292955,-13.509891464500734,102.02431179773684
0,0.40900575692224106,-0.25359901880407065,0.1689590891552598,96.38710671417381,-13.510943539283351,102.04816898220567
0,0.4091227220969161,-0.25355436360025135,0.16897735261446542,96.38037094369399,-13.50700189265067,102.06873044188572
0,0.40927240575122437,-0.2534699541845295,0.16898606591946191,96.38110756647119,-13.499753881837265,102.08920326142363
0,0.4096479999499281,-0.2532427806177112,0.1690693169189126,96.38426978353851,-13.484993643561706,102.12272555886862
0,0.40979826474952297,-0.25310905133866995,0.16907108747488567,96.3885911606203,-13.47133731556264,102.15629390457397
0,0.40972734565305313,-0.25320687746190756,0.16889979296452112,96.40343207370333,-13.465722431311969,102.19223848418027
0,0.40986561948823536,-0.25307213699006764,0.16888506286865781,96.41485699602323,-13.464909357749342,102.23113195466449
0,0.4100621434526404,-0.2528089750328037,0.16893899315125055,96.41440080347928,-13.478246901717442,102.2751732888537
0,0.4103055852131804,-0.25256015186691017,0.1688749005747468,96.41838824537602,-13.506913450600956,102.32883788407564
0,0.41035416895913684,-0.2527039233365032,0.1686622633886964,96.42345029106252,-13.537109306504277,102.36857358868077
0,0.41047187025117476,-0.2526790386953327,0.16864117168909618,96.42400645230954,-13.568960743878643,102.3928245880453
0,0.41057014191913205,-0.2526801196255657,0.16859206103807994,96.41627956363058,-13.603692116176818,102.40512179643979
0,0.41069344157743054,-0.25269861941718785,0.1685929792476327,96.40484811110905,-13.635346586130753,102.40389898043054
0,0.41082383120822513,-0.2527555755295727,0.16859664821154186,96.39315561485303,-13.666701057555999,102.3879632510281
0,0.41106839651631916,-0.25291585152530405,0.1686556305838258,96.37771133271924,-13.693221585883174,102.34808649200194
0,0.41115217829513157,-0.25293507968568535,0.16862249755388803,96.36024489225444,-13.716987357920141,102.3218355023317
0,0.411255719013687,-0.25295374607228965,0.16866389059549874,96.34378749322786,-13.730157521828046,102.30397508803367
0,0.41136022830772007,-0.2529262772717449,0.16873097025877543,96.32447022459947,-13.738332655366962,102.2965008484499
0,0.41148062223958576,-0.25285336290979116,0.1687252982807786,96.31491146271338,-13.755597798804672,102.30935653677813
0,0.4114413174467047,-0.25281495308065144,0.16867931419140406,96.32641066266129,-13.772914575222194,102.31683147622756
0,0.41150235707330307,-0.25273363148355216,0.16863615059382028,96.34247514482952,-13.792351139876303,102.33022573956369
0,0.4115188422279318,-0.2527599844851467,0.16855910235172816,96.35942440113838,-13.812392170410396,102.34172601793634
0,0.4114963131623229,-0.25273880367660256,0.1685130833936364,96.37348373253926,-13.83872007193652,102.34851120842822
0,0.4114520105199774,-0.25268825953387947,0.16843579494482586,96.4001276795084,-13.877056193252175,102.34999147575057
0,0.4114441844301184,-0.25265820269965855,0.16838039630180904,96.428082747101,-13.911062441838546,102.34872544756337
0,0.4113301443533858,-0.2526570094146702,0.1682007526708276,96.46615446810976,-13.94204726741877,102.35722662509606
0,0.41131112153100574,-0.2525771871724102,0.16809061401611872,96.51376088122771,-13.967003519701475,102.36994609661728
0,0.41133045429753856,-0.2524797019877407,0.16797994070774622,96.56889777973109,-13.983904865880623,102.38402969721672
0,0.4113182308750113,-0.2523461935439083,0.16773431771523067,96.66123430384869,-13.986338347577268,102.40682644803535
0,0.4113862248735388,-0.25228229080819814,0.16763028108603067,96.74320892662558,-13.97505188113976,102.42061594120997
0,0.41138256365823345,-0.2522388366379711,0.1675655841184289,96.8149498052893,-13.95271257679773,102.43771304607739
0,0.41140185768174725,-0.25222807382726403,0.16752934389835902,96.86581534817694,-13.919993427260515,102.46082797714409
0,0.4114062550144156,-0.2521891215958568,0.1674945061755807,96.91097619804633,-13.879888605120872,102.48578760728846
0,0.4113206716852148,-0.25217744444989887,0.16726630979305812,96.98400027897395,-13.831708303511322,102.51320042400548
0,0.4113358976917227,-0.2521145412840816,0.16719566189772198,97.05005925817271,-13.789290770702998,102.53916067709632
0,0.4113044383602103,-0.2520346144356701,0.16715755813843317,97.10310775806757,-13.752348482429685,102.57001991193076
0,0.41130407030152877,-0.25194841509246557,0.16709507339722227,97.1486337305406,-13.735260824702195,102.59801976266574
0,0.4113398107366522,-0.2518344718732807,0.16706434243446894,97.18253082223998,-13.726775721329702,102.62091277699493
0,0.4113325270490607,-0.2518083552041027,0.16701150083071298,97.2125501223418,-13.737888933055647,102.63255478258483
0,0.4112237947659453,-0.25182986532830925,0.16690699541098186,97.24108885225704,-13.782135579365407,102.61254057227669
0,0.411236347504135,-0.2519224650182697,0.16691384517675945,97.2523515260298,-13.824474340703514,102.57309250565966
0,0.4112349140124281,-0.2520102993168804,0.16690777414566585,97.25138845263439,-13.858043941483931,102.53187284412421
0,0.41127400571870404,-0.2521252188601467,0.16694088392979212,97.24016105496207,-13.883274876696682,102.48070796921873
0,0.41133915210532745,-0.25222935622119635,0.16698471003300258,97.22310871351463,-13.89982966677507,102.42765732607495
0,0.4114676433281859,-0.25254243080997196,0.16706485771662302,97.18197479606471,-13.896018092475774,102.35808446678521
0,0.411404375977989,-0.25281830047750203,0.16700016462332315,97.14394648722798,-13.896585969105553,102.29377951363134
0,0.41142760241794185,-0.25290290748262134,0.16706249051815578,97.11031626984803,-13.898449298444445,102.24309991122219
0,0.4114225851969679,-0.25300631260060996,0.16713563733822412,97.07625603084742,-13.89892483088763,102.19707132218515
0,0.41134012068080505,-0.25319206988000603,0.16728219055658886,97.05429825364287,-13.911096884324802,102.13330307265646
0,0.4111743199305494,-0.25336418186807363,0.16722955041653223,97.05348751423718,-13.92299515310378,102.07487933588308
0,0.41117021317052443,-0.2534117040553066,0.16723197572952814,97.06141210096048,-13.93272415435611,102.02377461219442
0,0.4111636462287863,-0.25343599980258674,0.16728382163769312,97.06655244309638,-13.93364950941752,101.98691671081275
0,0.4111608567314108,-0.25349415694856375,0.16728635930544444,97.08160651286367,-13.929253427291583,101.94901901437044
0,0.4110174688177069,-0.2536851096668217,0.1673422267389924,97.09878156943687,-13.915277925653736,101.89790663913675
0,0.41097366983460987,-0.25380800252341956,0.16741949969059536,97.10651754864557,-13.896746303842903,101.84568597859024
0,0.4110348838047942,-0.25388277267598836,0.16756408863789152,97.10643615698613,-13.873411283550734,101.796932102987
0,0.41098238701390827,-0.25401009773397176,0.16764014118439266,97.10470750090339,-13.851177508331912,101.7456822400516
0,0.41094174558686813,-0.2541632333912823,0.16764624708420345,97.10804590145392,-13.832550564817096,101.69551941816779
0,0.41083268398809036,-0.25447602903032035,0.16755803310400552,97.13290306079513,-13.823223960420732,101.62055930301993
0,0.4107612031178435,-0.25460428392076223,0.1674827011776597,97.15193270445738,-13.816474348496152,101.56789562035539
0,0.4107301893310507,-0.2546423915543529,0.16749619924551554,97.17094397778217,-13.814766788488722,101.519081881304
0,0.41069884622859554,-0.25475826030158727,0.16755762630230495,97.16915395761582,-13.812161212060849,101.47576658583202
0,0.4106370123701056,-0.25476727580213276,0.16767099999910898,97.15294939885366,-13.814498606383946,101.44018272650462
0,0.41042317027616104,-0.25486665164613453,0.16807400875813075,97.07250593479486,-13.816231112458562,101.41320401585051
0,0.4103548663334807,-0.2548347235240909,0.16833842598921367,96.97612075791851,-13.814850762366587,101.40427952396705
0,0.41023956710862713,-0.2549688208618137,0.16852924310690473,96.86392195406862,-13.80644264023102,101.40476162945677
0,0.4102399545388182,-0.25493898486280175,0.168810033137861,96.74502908256744,-13.791667616737364,101.42430146834975
0,0.41015338326263034,-0.25511255746268957,0.16893145375973292,96.63899102111822,-13.774538160892126,101.44942802325525
0,0.4102629291491469,-0.2550955376543972,0.1693495877934129,96.51161500889884,-13.743334909172155,101.50000916808601
0,0.4101719217972716,-0.25540318822049823,0.16939051204449243,96.40652550558421,-13.718798308135279,101.53873117632716
0,0.4102309080438574,-0.25545201992177696,0.16953426026827403,96.31892288298558,-13.697278276309746,101.56620522104653
0,0.41014582837390506,-0.2557320079722378,0.16961877041584558,96.24202722410838,-13.67652321162945,101.58036298190757
