1780127633,179604637,right_base_cmd,right_joint_1,right_joint_2,right_joint_3,right_joint_4,right_joint_5,right_joint_6,right_joint_7,-99.54668879434664,-71.71470696284202,93.9471376650391,-103.89559528145453,-61.510677435183396,9.142073865723837,35.9343899248904,,
1780127633,189490301,right_base_cmd,right_joint_1,right_joint_2,right_joint_3,right_joint_4,right_joint_5,right_joint_6,right_joint_7,-99.53139254204476,-71.71503449639279,93.92168457197383,-103.84322083501213,-61.52115241643352,9.13783942925415,35.74655138750187,,
1780127633,200054943,right_base_cmd,right_joint_1,right_joint_2,right_joint_3,right_joint_4,right_joint_5,right_joint_6,right_joint_7,-99.4776953479554,-71.72603561366914,93.89690141926425,-103.7760882178135,-61.529642570774655,9.124583689014862,35.581185666641645,,
1780127633,209570418,right_base_cmd,right_joint_1,right_joint_2,right_joint_3,right_joint_4,right_joint_5,right_joint_6,right_joint_7,-99.37798549208927,-71.79576469622408,93.87229794820084,-103.62236522385065,-61.5466940705646,9.063544413361974,35.323255427881335,,
1780127633,221110219,right_base_cmd,right_joint_1,right_joint_2,right_joint_3,right_joint_4,right_joint_5,right_joint_6,right_joint_7,-99.35191448516346,-71.81892824930311,93.83299942054086,-103.53999740513497,-61.50601116308357,9.05408520597576,35.067872917384236,,
1780127633,229744204,right_base_cmd,right_joint_1,right_joint_2,right_joint_3,right_joint_4,right_joint_5,right_joint_6,right_joint_7,-99.34961278623044,-71.83022939382069,93.7886538029662,-103.4757891731979,-61.447905801596534,9.059236069051686,34.82722382595664,,
1780127633,240139098,right_base_cmd,right_joint_1,right_joint_2,right_joint_3,right_joint_4,right_joint_5,right_joint_6,right_joint_7,-99.32520237829098,-71.85634277008201,93.7674044960132,-103.40259364130459,-61.40178096006835,9.043322170781728,34.62524569744322,,
1780127633,249814398,right_base_cmd,right_joint_1,right_joint_2,right_joint_3,right_joint_4,right_joint_5,right_joint_6,right_joint_7,-99.34564148062802,-71.85671447121878,93.72934708159195,-103.34683575484225,-61.33598244962215,9.048165640441717,34.4042246818734,,
1780127633,260442398,right_base_cmd,right_joint_1,right_joint_2,right_joint_3,right_joint_4,right_joint_5,right_joint_6,right_joint_7,-99.33541629177242,-71.87934411289889,93.66011701335984,-103.22712868504313,-61.27906505336276,9.049437984373306,34.10638363771277,,
1780127633,269646062,right_base_cmd,right_joint_1,right_joint_2,right_joint_3,right_joint_4,right_joint_5,right_joint_6,right_joint_7,-99.35400033280101,-71.90317563404228,93.63154538677267,-103.16665787958773,-61.23163397000329,9.03550286578281,33.85737920696765,,
1780127633,279634222,right_base_cmd,right_joint_1,right_joint_2,right_joint_3,right_joint_4,right_joint_5,right_joint_6,right_joint_7,-99.3324541899955,-71.92888720042232,93.62372832271987,-103.1004255998429,-61.20933985130873,8.99882999707473,33.6663778159227,,
1780127633,289592396,right_base_cmd,right_joint_1,right_joint_2,right_joint_3,right_joint_4,right_joint_5,right_joint_6,right_joint_7,-99.31137990745711,-71.96007613026781,93.6188743454949,-103.04546072296854,-61.20798541832491,8.959559678122226,33.498249779830914,,
1780127633,299789105,right_base_cmd,right_joint_1,right_joint_2,right_joint_3,right_joint_4,right_joint_5,right_joint_6,right_joint_7,-99.26113394988047,-71.99655293807645,93.62385176045669,-102.98333601707908,-61.231305291751056,8.901820193833153,33.36740298210974,,
1780127633,310754895,right_base_cmd,right_joint_1,right_joint_2,right_joint_3,right_joint_4,right_joint_5,right_joint_6,right_joint_7,-99.23151638501534,-72.0795455549834,93.63793792558616,-102.89521395225292,-61.30279695695347,8.80559275305962,33.19431462484964,,
1780127633,319617697,right_base_cmd,right_joint_1,right_joint_2,right_joint_3,right_joint_4,right_joint_5,right_joint_6,right_joint_7,-99.2294389425144,-72.10838832950635,93.64160465429816,-102.85619635987452,-61.33670758429619,8.753195937810752,33.06898378587583,,
1780127633,329554973,right_base_cmd,right_joint_1,right_joint_2,right_joint_3,right_joint_4,right_joint_5,right_joint_6,right_joint_7,-99.22119490196141,-72.14094435924149,93.66596667594175,-102.8360365873735,-61.38390081002521,8.696082574350335,33.0117970920645,,
1780127633,339777931,right_base_cmd,right_joint_1,right_joint_2,right_joint_3,right_joint_4,right_joint_5,right_joint_6,right_joint_7,-99.23678336696727,-72.1631663424371,93.66886906012033,-102.82956211905294,-61.43009512479884,8.662248825850789,32.970537730120995,,
1780127633,349721941,right_base_cmd,right_joint_1,right_joint_2,right_joint_3,right_joint_4,right_joint_5,right_joint_6,right_joint_7,-99.2651588682456,-72.16856474388375,93.650642006038,-102.81379642169237,-61.456211559141394,8.642944337587728,32.91987427680952,,
1780127633,359596628,right_base_cmd,right_joint_1,right_joint_2,right_joint_3,right_joint_4,right_joint_5,right_joint_6,right_joint_7,-99.23584178371843,-72.233676018775,93.72271851071892,-102.8058043728728,-61.53776437950253,8.543807500879218,33.00402452913367,,
1780127633,369430519,right_base_cmd,right_joint_1,right_joint_2,right_joint_3,right_joint_4,right_joint_5,right_joint_6,right_joint_7,-99.28568696216539,-72.29002326953055,93.73632991782759,-102.79307833506586,-61.60151612528753,8.485678793719337,33.02599433161713,,
1780127633,379558161,right_base_cmd,right_joint_1,right_joint_2,right_joint_3,right_joint_4,right_joint_5,right_joint_6,right_joint_7,-99.29405192924983,-72.31988533171985,93.75895622521242,-102.79728134140892,-61.64324982795833,8.442738356783885,33.118439538664504,,
1780127633,389954049,right_base_cmd,right_joint_1,right_joint_2,right_joint_3,right_joint_4,right_joint_5,right_joint_6,right_joint_7,-99.28807471235089,-72.32325463557864,93.75434909311869,-102.8034348217861,-61.662481932975226,8.429643741759044,33.21243813639994,,
1780127633,399436279,right_base_cmd,right_joint_1,right_joint_2,right_joint_3,right_joint_4,right_joint_5,right_joint_6,right_joint_7,-99.3009446699447,-72.3342775045041,93.77001134774511,-102.81923496002777,-61.68492336727647,8.402235415671903,33.31608741163579,,
1780127633,409591650,right_base_cmd,right_joint_1,right_joint_2,right_joint_3,right_joint_4,right_joint_5,right_joint_6,right_joint_7,-99.39383033712144,-72.37621034478788,93.78182840975089,-102.87392527751366,-61.72174409248774,8.388909660007194,33.4129363267853,,
1780127633,419365500,right_base_cmd,right_joint_1,right_joint_2,right_joint_3,right_joint_4,right_joint_5,right_joint_6,right_joint_7,-99.41582171567282,-72.38534293745211,93.80086389398579,-102.90916845707547,-61.73369197641151,8.388872537969071,33.556668699377084,,
1780127633,429754814,right_base_cmd,right_joint_1,right_joint_2,right_joint_3,right_joint_4,right_joint_5,right_joint_6,right_joint_7,-99.40308507177579,-72.39522945405118,93.82426275552032,-102.92664360659252,-61.747346006701235,8.384819768523137,33.71651108441726,,
1780127633,440038665,right_base_cmd,right_joint_1,right_joint_2,right_joint_3,right_joint_4,right_joint_5,right_joint_6,right_joint_7,-99.42386809979101,-72.36074645623508,93.80353963518925,-102.94965576283722,-61.71166495198892,8.430723618540704,33.816751766924924,,
1780127633,449734432,right_base_cmd,right_joint_1,right_joint_2,right_joint_3,right_joint_4,right_joint_5,right_joint_6,right_joint_7,-99.46970860048563,-72.35335611155735,93.78224550619049,-102.96980396901621,-61.685424960541155,8.469337496604744,33.87753700766159,,
1780127633,459501136,right_base_cmd,right_joint_1,right_joint_2,right_joint_3,right_joint_4,right_joint_5,right_joint_6,right_joint_7,-99.48923565636281,-72.35769367226352,93.74315548983955,-102.94875936810361,-61.62256092746023,8.516341760876067,33.916625533567,,
1780127633,469684465,right_base_cmd,right_joint_1,right_joint_2,right_joint_3,right_joint_4,right_joint_5,right_joint_6,right_joint_7,-99.50256439317465,-72.36260412743617,93.71187087970546,-102.93274281357516,-61.54760015270543,8.561896730009217,33.93529720073916,,
1780127633,479665838,right_base_cmd,right_joint_1,right_joint_2,right_joint_3,right_joint_4,right_joint_5,right_joint_6,right_joint_7,-99.48301350991173,-72.33060630191439,93.63917608211571,-102.88534206640772,-61.41492047759979,8.64879812883624,33.88696448258791,,
1780127633,489644180,right_base_cmd,right_joint_1,right_joint_2,right_joint_3,right_joint_4,right_joint_5,right_joint_6,right_joint_7,-99.43170287878351,-72.30123569780547,93.58865233692555,-102.8385182157004,-61.273092404588596,8.719361413344366,33.85503387950983,,
1780127633,499491039,right_base_cmd,right_joint_1,right_joint_2,right_joint_3,right_joint_4,right_joint_5,right_joint_6,right_joint_7,-99.38686778320184,-72.25360603355405,93.50422134377644,-102.75872506749285,-61.101603697218735,8.782820630455042,33.723478428251255,,
1780127633,509541079,right_base_cmd,right_joint_1,right_joint_2,right_joint_3,right_joint_4,right_joint_5,right_joint_6,right_joint_7,-99.31850795527063,-72.17100102956574,93.3308761323016,-102.57050270986447,-60.83136758592266,8.809867409038027,33.378062062164005,,
1780127633,519790347,right_base_cmd,right_joint_1,right_joint_2,right_joint_3,right_joint_4,right_joint_5,right_joint_6,right_joint_7,-99.21205593371835,-72.16150778938722,93.29371161270862,-102.39067608855079,-60.61734807670351,8.606332616418008,33.13291978598447,,
1780127633,529565274,right_base_cmd,right_joint_1,right_joint_2,right_joint_3,right_joint_4,right_joint_5,right_joint_6,right_joint_7,-99.07639264593692,-72.16897221226453,93.30180618826174,-102.21300574529552,-60.41495780185201,8.29479289834439,32.95023668817525,,
1780127633,539731203,right_base_cmd,right_joint_1,right_joint_2,right_joint_3,right_joint_4,right_joint_5,right_joint_6,right_joint_7,-98.92686175811573,-72.19627338620127,93.32558570348917,-101.975123766646,-60.21630860437554,7.799536382249251,32.748550315597456,,
1780127633,549727910,right_base_cmd,right_joint_1,right_joint_2,right_joint_3,right_joint_4,right_joint_5,right_joint_6,right_joint_7,-98.74666005242418,-72.21986304554282,93.3647968149854,-101.66560696188334,-59.978957446828105,7.063678374101421,32.5414963102604,,
1780127633,559445353,right_base_cmd,right_joint_1,right_joint_2,right_joint_3,right_joint_4,right_joint_5,right_joint_6,right_joint_7,-98.2258399498862,-72.26898035336286,93.41315339610301,-100.92397344513763,-59.53890959230651,5.3959451606469955,32.41052480114341,,
1780127633,569656148,right_base_cmd,right_joint_1,right_joint_2,right_joint_3,right_joint_4,right_joint_5,right_joint_6,right_joint_7,-97.89573060616524,-72.38193905058735,93.68668584411753,-100.43653155308262,-59.107084529968944,3.488442165598663,32.531653461308494,,
1780127633,579630014,right_base_cmd,right_joint_1,right_joint_2,right_joint_3,right_joint_4,right_joint_5,right_joint_6,right_joint_7,-97.57054018260058,-72.45487977382932,93.90517750470846,-99.90929424616526,-58.57488186913284,1.4888729475748121,32.698394439385524,,
1780127633,589928727,right_base_cmd,right_joint_1,right_joint_2,right_joint_3,right_joint_4,right_joint_5,right_joint_6,right_joint_7,-97.26647788198281,-72.47819579482253,94.05018240225931,-99.37859717519895,-57.93718830707334,-0.5358435156668904,32.86904987936968,,
1780127633,599850444,right_base_cmd,right_joint_1,right_joint_2,right_joint_3,right_joint_4,right_joint_5,right_joint_6,right_joint_7,-96.8929867074041,-72.49924392611383,94.21317559360543,-98.79908774508614,-57.218108158868944,-2.676288319452958,33.16306493144906,,
1780127633,609407601,right_base_cmd,right_joint_1,right_joint_2,right_joint_3,right_joint_4,right_joint_5,right_joint_6,right_joint_7,-96.29281319971673,-72.27329623539022,94.05475514393603,-97.9741651136501,-55.94994601797393,-5.1482614197834025,33.53068585361801,,
1780127633,619597151,right_base_cmd,right_joint_1,right_joint_2,right_joint_3,right_joint_4,right_joint_5,right_joint_6,right_joint_7,-96.03331079331932,-72.22948992127449,94.20844360112821,-97.45041485378296,-54.7838685697952,-7.485244810828355,34.04340997633999,,
1780127633,629696056,right_base_cmd,right_joint_1,right_joint_2,right_joint_3,right_joint_4,right_joint_5,right_joint_6,right_joint_7,-95.83419532572694,-72.14040376636406,94.26788298646781,-97.02917350282583,-53.51565283140374,-9.39941672479943,34.63011397917238,,
1780127633,639618245,right_base_cmd,right_joint_1,right_joint_2,right_joint_3,right_joint_4,right_joint_5,right_joint_6,right_joint_7,-95.79663404487965,-71.90792753418988,94.08754116639469,-96.75576734623986,-51.98840700568272,-10.745268758932973,35.17503159781823,,
1780127633,649883490,right_base_cmd,right_joint_1,right_joint_2,right_joint_3,right_joint_4,right_joint_5,right_joint_6,right_joint_7,-95.67400992160125,-71.66315376550439,93.86679456752816,-96.42832639868278,-50.34695820583906,-11.887957989591818,35.80686207436473,,
1780127633,659371122,right_base_cmd,right_joint_1,right_joint_2,right_joint_3,right_joint_4,right_joint_5,right_joint_6,right_joint_7,-95.70727038149309,-70.96543478624871,92.83327651005285,-96.180699738228,-47.78325339698162,-12.370499247763682,36.107513446702896,,
1780127633,669677528,right_base_cmd,right_joint_1,right_joint_2,right_joint_3,right_joint_4,right_joint_5,right_joint_6,right_joint_7,-95.5662432141518,-70.8383446138567,92.67723097349298,-95.81003970320769,-45.79042110498759,-13.402439396746608,36.92178626103019,,
1780127633,679906292,right_base_cmd,right_joint_1,right_joint_2,right_joint_3,right_joint_4,right_joint_5,right_joint_6,right_joint_7,-95.31945143939177,-70.77029170215162,92.57933351020515,-95.36142839917257,-44.14688333069151,-14.34615176804828,37.58189192610733,,
1780127633,689536264,right_base_cmd,right_joint_1,right_joint_2,right_joint_3,right_joint_4,right_joint_5,right_joint_6,right_joint_7,-95.18068114042345,-70.73207137943133,92.44506445155454,-95.01514826838753,-42.74757080281975,-15.125118219780965,38.05047509801567,,
1780127633,699752163,right_base_cmd,right_joint_1,right_joint_2,right_joint_3,right_joint_4,right_joint_5,right_joint_6,right_joint_7,-94.91147748837844,-70.82598845416881,92.59519636363805,-94.60004407580722,-41.82991791298022,-16.05539347709719,38.59647267051024,,
1780127633,709569066,right_base_cmd,right_joint_1,right_joint_2,right_joint_3,right_joint_4,right_joint_5,right_joint_6,right_joint_7,-94.58977725555181,-71.00576660258044,92.66202845472574,-94.16139932591382,-41.23350175422834,-17.04929295219602,39.0175380067776,,
1780127633,720198253,right_base_cmd,right_joint_1,right_joint_2,right_joint_3,right_joint_4,right_joint_5,right_joint_6,right_joint_7,-94.33543913809453,-71.22287578935858,92.96840253703388,-93.80985400816202,-41.039589207094224,-18.05066189422228,39.417974317610955,,
1780127633,730107356,right_base_cmd,right_joint_1,right_joint_2,right_joint_3,right_joint_4,right_joint_5,right_joint_6,right_joint_7,-94.07720395832516,-71.38930820154214,93.20921298047628,-93.51833715255601,-40.99122941022651,-18.881961145366283,39.69965297218032,,
1780127633,739787920,right_base_cmd,right_joint_1,right_joint_2,right_joint_3,right_joint_4,right_joint_5,right_joint_6,right_joint_7,-93.86336559524764,-71.4823346046439,93.39160276772915,-93.26323144755192,-41.18669562764828,-19.58209154046198,39.7487629834054,,
1780127633,749645608,right_base_cmd,right_joint_1,right_joint_2,right_joint_3,right_joint_4,right_joint_5,right_joint_6,right_joint_7,-93.7133187962772,-71.60196632601016,93.5780974964093,-93.07646537555867,-41.61652424309628,-20.183427011512315,39.64750250574001,,
1780127633,759397632,right_base_cmd,right_joint_1,right_joint_2,right_joint_3,right_joint_4,right_joint_5,right_joint_6,right_joint_7,-93.45269096838953,-71.7831336333996,93.93515602174617,-92.82986285057792,-42.427094748076485,-20.853641707563604,39.504735089072355,,
1780127633,769718830,right_base_cmd,right_joint_1,right_joint_2,right_joint_3,right_joint_4,right_joint_5,right_joint_6,right_joint_7,-93.38009111703693,-71.88060038191885,94.11408902045181,-92.77965167420764,-43.21709079434956,-21.253552406307556,39.228959683766604,,
1780127633,779547743,right_base_cmd,right_joint_1,right_joint_2,right_joint_3,right_joint_4,right_joint_5,right_joint_6,right_joint_7,-93.36123644540314,-71.97064991010832,94.26207781224181,-92.79338828919067,-43.95070988706968,-21.515836083391314,38.99345000185728,,
1780127633,789694991,right_base_cmd,right_joint_1,right_joint_2,right_joint_3,right_joint_4,right_joint_5,right_joint_6,right_joint_7,-93.370592059691,-72.04817729941512,94.36453872485728,-92.8568060960264,-44.625291088788316,-21.673829383919603,38.78452119016377,,
1780127633,799683906,right_base_cmd,right_joint_1,right_joint_2,right_joint_3,right_joint_4,right_joint_5,right_joint_6,right_joint_7,-93.374885953561,-72.14271681144074,94.4944880148008,-92.90414219823471,-45.230846485589296,-21.79468394449082,38.674119164347516,,
1780127633,809601770,right_base_cmd,right_joint_1,right_joint_2,right_joint_3,right_joint_4,right_joint_5,right_joint_6,right_joint_7,-93.44133682987817,-72.19530107853525,94.58404435101997,-93.00904110235298,-45.74100197846067,-21.7886127657793,38.59955793483401,,
1780127633,819676643,right_base_cmd,right_joint_1,right_joint_2,right_joint_3,right_joint_4,right_joint_5,right_joint_6,right_joint_7,-93.49546327510924,-72.17824328306104,94.54765399193931,-93.09294262163753,-46.03047051875345,-21.653714380544095,38.52256203911212,,
1780127633,829493565,right_base_cmd,right_joint_1,right_joint_2,right_joint_3,right_joint_4,right_joint_5,right_joint_6,right_joint_7,-93.54434048543433,-72.12165897117491,94.46967558552441,-93.1806946774541,-46.158383675716806,-21.45355331911241,38.47402610811018,,
1780127633,839681838,right_base_cmd,right_joint_1,right_joint_2,right_joint_3,right_joint_4,right_joint_5,right_joint_6,right_joint_7,-93.6080460175335,-72.07015681861897,94.35244399311958,-93.24322285937764,-46.127394513341216,-21.213308921465675,38.422146544242466,,
1780127633,849483392,right_base_cmd,right_joint_1,right_joint_2,right_joint_3,right_joint_4,right_joint_5,right_joint_6,right_joint_7,-93.66639586777299,-72.00243267645733,94.23071073555812,-93.27516270967864,-45.987643935138095,-20.962517362320277,38.37155116797423,,
1780127633,861585350,right_base_cmd,right_joint_1,right_joint_2,right_joint_3,right_joint_4,right_joint_5,right_joint_6,right_joint_7,-93.778744213593,-71.84543607798862,93.95232753587604,-93.3314628032331,-45.592161156673995,-20.50101952380748,38.22099784341678,,
1780127633,869394435,right_base_cmd,right_joint_1,right_joint_2,right_joint_3,right_joint_4,right_joint_5,right_joint_6,right_joint_7,-93.82309793491052,-71.78582062600715,93.837503810117,-93.3426782647522,-45.247265882237315,-20.17732657770204,38.195440645103915,,
1780127633,879676794,right_base_cmd,right_joint_1,right_joint_2,right_joint_3,right_joint_4,right_joint_5,right_joint_6,right_joint_7,-93.85437931841071,-71.74311875910577,93.76617005217801,-93.35975818795818,-44.95599220232535,-19.910552196773203,38.18233839910219,,
1780127633,889541586,right_base_cmd,right_joint_1,right_joint_2,right_joint_3,right_joint_4,right_joint_5,right_joint_6,right_joint_7,-93.83873396630489,-71.73809464499944,93.75037702082366,-93.33905222464922,-44.73645946250528,-19.727012720121813,38.20106227548062,,
1780127633,899519530,right_base_cmd,right_joint_1,right_joint_2,right_joint_3,right_joint_4,right_joint_5,right_joint_6,right_joint_7,-93.8567967671855,-71.74313541509294,93.75420096502083,-93.35828785263637,-44.592980084081915,-19.56915511778697,38.189193180173945,,
1780127633,909441143,right_base_cmd,right_joint_1,right_joint_2,right_joint_3,right_joint_4,right_joint_5,right_joint_6,right_joint_7,-93.84010823376505,-71.83453323496606,93.88215562290068,-93.3702817832749,-44.5999073932754,-19.499192026789494,38.20868179733456,,
1780127633,920398565,right_base_cmd,right_joint_1,right_joint_2,right_joint_3,right_joint_4,right_joint_5,right_joint_6,right_joint_7,-93.84265637886139,-71.87797972087124,93.94609587304612,-93.39038961835554,-44.66496720017901,-19.425042888959517,38.13926409838125,,
1780127633,929804387,right_base_cmd,right_joint_1,right_joint_2,right_joint_3,right_joint_4,right_joint_5,right_joint_6,right_joint_7,-93.85044757646685,-71.91471578098482,94.01114857113916,-93.40798166100775,-44.76595486976035,-19.37190896647001,38.04124968721412,,
1780127633,941541176,right_base_cmd,right_joint_1,right_joint_2,right_joint_3,right_joint_4,right_joint_5,right_joint_6,right_joint_7,-93.8576989172652,-71.93045668124155,94.05516373295674,-93.43600424875912,-44.914972128069536,-19.296969029109896,37.89907661540359,,
1780127633,951013177,right_base_cmd,right_joint_1,right_joint_2,right_joint_3,right_joint_4,right_joint_5,right_joint_6,right_joint_7,-93.90047787044469,-71.96887820139354,94.08945925385623,-93.46632599774638,-45.1296128310274,-19.22914026350832,37.68786706026087,,
1780127633,961808412,right_base_cmd,right_joint_1,right_joint_2,right_joint_3,right_joint_4,right_joint_5,right_joint_6,right_joint_7,-93.89912050209162,-71.99447949799976,94.1841871487446,-93.50595603547045,-45.43896697512449,-19.089224033937334,37.444428809803284,,
1780127633,969798419,right_base_cmd,right_joint_1,right_joint_2,right_joint_3,right_joint_4,right_joint_5,right_joint_6,right_joint_7,-93.94243334824122,-71.97777060921602,94.15249294921475,-93.58737633215715,-45.74441223639579,-18.851114369685256,37.11289712399524,,
1780127633,979940546,right_base_cmd,right_joint_1,right_joint_2,right_joint_3,right_joint_4,right_joint_5,right_joint_6,right_joint_7,-93.97186912302172,-71.98242649963483,94.15145993139376,-93.65081268626393,-46.06543832531983,-18.632645751138732,36.80626391533262,,
1780127633,989632359,right_base_cmd,right_joint_1,right_joint_2,right_joint_3,right_joint_4,right_joint_5,right_joint_6,right_joint_7,-93.98319806580307,-71.97957511200936,94.15490897397413,-93.70154591677353,-46.3789424699053,-18.411415574534253,36.508073575165994,,
1780127633,999860610,right_base_cmd,right_joint_1,right_joint_2,right_joint_3,right_joint_4,right_joint_5,right_joint_6,right_joint_7,-94.01470667212462,-71.96474059244856,94.12975464913401,-93.7680451410114,-46.68616501352628,-18.156131388638237,36.17522735540091,,
1780127634,9757836,right_base_cmd,right_joint_1,right_joint_2,right_joint_3,right_joint_4,right_joint_5,right_joint_6,right_joint_7,-94.10123177530002,-71.97898828175757,94.14853577325047,-93.86951739802369,-47.124932725624575,-17.806354017998153,35.69806701213069,,
1780127634,19741998,right_base_cmd,right_joint_1,right_joint_2,right_joint_3,right_joint_4,right_joint_5,right_joint_6,right_joint_7,-94.18298000266427,-71.9652787096202,94.1061641936918,-93.98671071445212,-47.50657163420786,-17.38560271018354,35.234099743722126,,
1780127634,29567996,right_base_cmd,right_joint_1,right_joint_2,right_joint_3,right_joint_4,right_joint_5,right_joint_6,right_joint_7,-94.24477481662225,-71.9587225856214,94.07298039557597,-94.1214737729779,-47.86457974865894,-16.940389301614395,34.83597236741723,,
1780127634,39697348,right_base_cmd,right_joint_1,right_joint_2,right_joint_3,right_joint_4,right_joint_5,right_joint_6,right_joint_7,-94.32775971576146,-71.95167144719291,94.035297201531,-94.24587114819231,-48.2069401192272,-16.477878461695745,34.41776976595803,,
1780127634,50496926,right_base_cmd,right_joint_1,right_joint_2,right_joint_3,right_joint_4,right_joint_5,right_joint_6,right_joint_7,-94.42886898280952,-71.90101434423987,93.93477094671587,-94.38057766135269,-48.51085612120417,-15.939136704359036,33.945892359801164,,
1780127634,59344563,right_base_cmd,right_joint_1,right_joint_2,right_joint_3,right_joint_4,right_joint_5,right_joint_6,right_joint_7,-94.56613516336282,-71.92669376422687,93.95321896020621,-94.5973350734604,-48.9407389552359,-15.20821803831057,33.41943070119679,,
1780127634,69518880,right_base_cmd,right_joint_1,right_joint_2,right_joint_3,right_joint_4,right_joint_5,right_joint_6,right_joint_7,-94.73352482273927,-71.92331203232705,93.86625935159131,-94.78455191560455,-49.32606871379792,-14.44863647341878,32.81337675161613,,
1780127634,79534587,right_base_cmd,right_joint_1,right_joint_2,right_joint_3,right_joint_4,right_joint_5,right_joint_6,right_joint_7,-94.8861987726236,-71.90177965670968,93.78204113097539,-94.98307450489143,-49.6521051866325,-13.676397773286105,32.26728204083882,,
1780127634,90223834,right_base_cmd,right_joint_1,right_joint_2,right_joint_3,right_joint_4,right_joint_5,right_joint_6,right_joint_7,-95.05861345624075,-71.90631177472439,93.70503264320777,-95.18110364218235,-49.983496478024705,-12.92326078327715,31.73803443957739,,
1780127634,99686790,right_base_cmd,right_joint_1,right_joint_2,right_joint_3,right_joint_4,right_joint_5,right_joint_6,right_joint_7,-95.21211398653972,-71.93355953019001,93.68823747676126,-95.39431644954188,-50.3260882787346,-12.19197837895944,31.304704919839637,,
1780127634,110488261,right_base_cmd,right_joint_1,right_joint_2,right_joint_3,right_joint_4,right_joint_5,right_joint_6,right_joint_7,-95.38298194922609,-72.01355705302718,93.78560870036634,-95.71266268109197,-50.80803876110693,-11.270727514072682,30.89515578178525,,
1780127634,120340348,right_base_cmd,right_joint_1,right_joint_2,right_joint_3,right_joint_4,right_joint_5,right_joint_6,right_joint_7,-95.57564694939029,-72.0162789824437,93.72263536182126,-95.9896816276521,-51.24343172313368,-10.303058934022083,30.395496671193982,,
1780127634,129770082,right_base_cmd,right_joint_1,right_joint_2,right_joint_3,right_joint_4,right_joint_5,right_joint_6,right_joint_7,-95.75642577553768,-71.99853126698493,93.65268281796781,-96.25550374634294,-51.647049051796586,-9.360386775186036,29.93810064641842,,
1780127634,139556131,right_base_cmd,right_joint_1,right_joint_2,right_joint_3,right_joint_4,right_joint_5,right_joint_6,right_joint_7,-95.9551953924661,-71.98448860940057,93.59333452089768,-96.54303871082773,-52.053808947409635,-8.405698640978464,29.507768826714184,,
1780127634,149442018,right_base_cmd,right_joint_1,right_joint_2,right_joint_3,right_joint_4,right_joint_5,right_joint_6,right_joint_7,-96.17331770358592,-71.97585286645285,93.50003810503907,-96.8099347420365,-52.47066064904655,-7.43244269068088,29.015459849779845,,
1780127634,159415833,right_base_cmd,right_joint_1,right_joint_2,right_joint_3,right_joint_4,right_joint_5,right_joint_6,right_joint_7,-96.4362887786099,-72.0176057126779,93.56247596809865,-97.20479282589947,-53.07363159225346,-6.253461696847914,28.50255548925672,,
1780127634,169661072,right_base_cmd,right_joint_1,right_joint_2,right_joint_3,right_joint_4,right_joint_5,right_joint_6,right_joint_7,-96.62466226340817,-71.97024781274418,93.41115160459881,-97.46771973816864,-53.59330070955119,-5.037254579955622,27.85521943793121,,
1780127634,179801463,right_base_cmd,right_joint_1,right_joint_2,right_joint_3,right_joint_4,right_joint_5,right_joint_6,right_joint_7,-96.78700177965655,-71.9329422880062,93.27767419963087,-97.71708838606766,-54.103437872950195,-3.8839565879193785,27.235088354980164,,
1780127634,190223054,right_base_cmd,right_joint_1,right_joint_2,right_joint_3,right_joint_4,right_joint_5,right_joint_6,right_joint_7,-96.95328280768305,-71.88359043536248,93.12607215712038,-97.95832274998078,-54.59027933617145,-2.7488850841395944,26.60161674451801,,
1780127634,199699051,right_base_cmd,right_joint_1,right_joint_2,right_joint_3,right_joint_4,right_joint_5,right_joint_6,right_joint_7,-97.104770745092,-71.86535710886297,93.02427107041731,-98.18292312887174,-55.114011013825774,-1.661198796896933,25.97908355250614,,
1780127634,209611146,right_base_cmd,right_joint_1,right_joint_2,right_joint_3,right_joint_4,right_joint_5,right_joint_6,right_joint_7,-97.33105556165648,-71.95778825452159,93.09369649249552,-98.51226087320562,-55.91019829894017,-0.4231201296415108,25.28255892007597,,
1780127634,219509677,right_base_cmd,right_joint_1,right_joint_2,right_joint_3,right_joint_4,right_joint_5,right_joint_6,right_joint_7,-97.48750941209991,-71.91272393585355,92.89789932660025,-98.73380442189291,-56.53723477681186,0.8888108861370441,24.50797757973912,,
1780127634,229890355,right_base_cmd,right_joint_1,right_joint_2,right_joint_3,right_joint_4,right_joint_5,right_joint_6,right_joint_7,-97.62967213529126,-71.89755977753988,92.74702427419001,-98.94196997520056,-57.13053242703401,2.063644974644781,23.835828634794254,,
1780127634,239573730,right_base_cmd,right_joint_1,right_joint_2,right_joint_3,right_joint_4,right_joint_5,right_joint_6,right_joint_7,-97.77976520475309,-71.88167936008121,92.63879466323024,-99.1588574071924,-57.68747427066788,3.1266171671146665,23.281107279091017,,
1780127634,249754258,right_base_cmd,right_joint_1,right_joint_2,right_joint_3,right_joint_4,right_joint_5,right_joint_6,right_joint_7,-97.88483040258373,-71.83393786171759,92.54795163479614,-99.39423916480577,-58.195941754519396,4.176008101836153,22.844817165366052,,
1780127634,260564904,right_base_cmd,right_joint_1,right_joint_2,right_joint_3,right_joint_4,right_joint_5,right_joint_6,right_joint_7,-98.13370249823257,-71.84550173675315,92.56746416667292,-99.76474105271696,-58.81035938326639,5.3805135134600235,22.39087530788059,,
1780127634,269889897,right_base_cmd,right_joint_1,right_joint_2,right_joint_3,right_joint_4,right_joint_5,right_joint_6,right_joint_7,-98.25339794228685,-71.80303749078213,92.40345856839221,-99.95000920825574,-59.26257348776133,6.573875110028958,21.879868672999052,,
1780127634,281579208,right_base_cmd,right_joint_1,right_joint_2,right_joint_3,right_joint_4,right_joint_5,right_joint_6,right_joint_7,-98.41059180868595,-71.68976470348947,92.16864929941815,-100.1497357359212,-59.53704843259075,7.761273793916935,21.385174377354858,,
1780127634,290079720,right_base_cmd,right_joint_1,right_joint_2,right_joint_3,right_joint_4,right_joint_5,right_joint_6,right_joint_7,-98.57290142779416,-71.55631604711677,91.89682485916015,-100.33983433114322,-59.71120692791888,8.935609124634261,20.900325444651784,,
1780127634,299908292,right_base_cmd,right_joint_1,right_joint_2,right_joint_3,right_joint_4,right_joint_5,right_joint_6,right_joint_7,-98.68565173210894,-71.45445003316497,91.66559618972101,-100.49029249148164,-59.81606914630444,10.005555316630314,20.48749332892588,,
1780127634,309528808,right_base_cmd,right_joint_1,right_joint_2,right_joint_3,right_joint_4,right_joint_5,right_joint_6,right_joint_7,-98.78134515694879,-71.37867799727606,91.50002558353171,-100.71768470949367,-59.908249015877544,11.224610237922043,20.125314349679158,,
1780127634,321221504,right_base_cmd,right_joint_1,right_joint_2,right_joint_3,right_joint_4,right_joint_5,right_joint_6,right_joint_7,-98.84464349330577,-71.27807707522932,91.23307148593582,-100.82658194207967,-59.89989971076565,12.358025477187603,19.6931056917969,,
1780127634,329595646,right_base_cmd,right_joint_1,right_joint_2,right_joint_3,right_joint_4,right_joint_5,right_joint_6,right_joint_7,-98.9412351130101,-71.1869719527585,90.98313257967177,-100.92112884560221,-59.84471684305808,13.356754328049426,19.262685487626797,,
1780127634,339795969,right_base_cmd,right_joint_1,right_joint_2,right_joint_3,right_joint_4,right_joint_5,right_joint_6,right_joint_7,-99.018732514974,-71.10884534930649,90.77922492246901,-101.03473039394773,-59.76702977002017,14.291957816290967,18.931608620882272,,
1780127634,349600109,right_base_cmd,right_joint_1,right_joint_2,right_joint_3,right_joint_4,right_joint_5,right_joint_6,right_joint_7,-99.121494707989,-71.00815247153214,90.55497123866886,-101.13564941225339,-59.6431800641507,15.173832842382872,18.591732872125974,,
1780127634,359451843,right_base_cmd,right_joint_1,right_joint_2,right_joint_3,right_joint_4,right_joint_5,right_joint_6,right_joint_7,-99.31187196341656,-70.90294873947916,90.38813844922234,-101.38029284902383,-59.53572875122117,16.28848174085835,18.272923760274168,,
1780127634,369756204,right_base_cmd,right_joint_1,right_joint_2,right_joint_3,right_joint_4,right_joint_5,right_joint_6,right_joint_7,-99.31461694921242,-70.76906285796925,90.18509124645735,-101.51304960185446,-59.43310223349093,17.3387386010316,18.04200592051562,,
1780127634,379444837,right_base_cmd,right_joint_1,right_joint_2,right_joint_3,right_joint_4,right_joint_5,right_joint_6,right_joint_7,-99.35868762954433,-70.62644971182279,89.93065567641665,-101.6024964080021,-59.29729306265503,18.365430764733738,17.666391295984553,,
1780127634,389566610,right_base_cmd,right_joint_1,right_joint_2,right_joint_3,right_joint_4,right_joint_5,right_joint_6,right_joint_7,-99.35264878531049,-70.50021113821079,89.71618702571939,-101.66051886631864,-59.16865528503948,19.30604464622673,17.3127523677973,,
1780127634,399769309,right_base_cmd,right_joint_1,right_joint_2,right_joint_3,right_joint_4,right_joint_5,right_joint_6,right_joint_7,-99.35828048597327,-70.40586576459596,89.51141294768198,-101.69736526402029,-59.07018676051902,20.190119386569627,16.876008059241528,,
1780127634,409371746,right_base_cmd,right_joint_1,right_joint_2,right_joint_3,right_joint_4,right_joint_5,right_joint_6,right_joint_7,-99.423933874141,-70.3150830531596,89.29809949166295,-101.75450917291711,-58.97260409854951,21.280829697824522,16.17208608328842,,
1780127634,419621128,right_base_cmd,right_joint_1,right_joint_2,right_joint_3,right_joint_4,right_joint_5,right_joint_6,right_joint_7,-99.39639366537565,-70.23996971333266,89.06563820032173,-101.72599520646641,-58.905934063009596,22.229224324364175,15.498161382109387,,
1780127634,429429830,right_base_cmd,right_joint_1,right_joint_2,right_joint_3,right_joint_4,right_joint_5,right_joint_6,right_joint_7,-99.34935411008021,-70.14153705464544,88.82868178068057,-101.69124405482417,-58.829355753798694,23.105388756032035,14.854005006342945,,
1780127634,439720996,right_base_cmd,right_joint_1,right_joint_2,right_joint_3,right_joint_4,right_joint_5,right_joint_6,right_joint_7,-99.3494049055378,-70.08817315548437,88.65362862829082,-101.67399828911643,-58.796834465160174,23.86752891614038,14.234465550204206,,
1780127634,450004457,right_base_cmd,right_joint_1,right_joint_2,right_joint_3,right_joint_4,right_joint_5,right_joint_6,right_joint_7,-99.36640670160219,-70.06401894103301,88.52153817685146,-101.64399718355982,-58.7931549033361,24.54833121388834,13.648236937140652,,
1780127634,459500750,right_base_cmd,right_joint_1,right_joint_2,right_joint_3,right_joint_4,right_joint_5,right_joint_6,right_joint_7,-99.40955184056153,-70.04773137634977,88.4354547174365,-101.67122372659533,-58.84058806632797,25.33314217543836,13.021958123978195,,
1780127634,469554147,right_base_cmd,right_joint_1,right_joint_2,right_joint_3,right_joint_4,right_joint_5,right_joint_6,right_joint_7,-99.30290741594033,-70.02353671565966,88.31918507229514,-101.61207213814374,-58.894927987498505,26.02665604013226,12.509752725204677,,
1780127634,479523698,right_base_cmd,right_joint_1,right_joint_2,right_joint_3,right_joint_4,right_joint_5,right_joint_6,right_joint_7,-99.28205324209554,-69.9656301222221,88.15999975590896,-101.57465883860449,-58.891353290521664,26.65014515118083,11.964127235999214,,
1780127634,489647822,right_base_cmd,right_joint_1,right_joint_2,right_joint_3,right_joint_4,right_joint_5,right_joint_6,right_joint_7,-99.23211859388456,-69.92266796465732,88.0613565855767,-101.57234732983723,-58.94402996379276,27.180048396476316,11.574277510618728,,
1780127634,499446836,right_base_cmd,right_joint_1,right_joint_2,right_joint_3,right_joint_4,right_joint_5,right_joint_6,right_joint_7,-99.22263207140881,-69.90735539976914,87.96697121988083,-101.54868986518075,-58.98968824163941,27.62194937061441,11.170165365175919,,
1780127634,509890933,right_base_cmd,right_joint_1,right_joint_2,right_joint_3,right_joint_4,right_joint_5,right_joint_6,right_joint_7,-99.26685316734572,-69.9539355811399,87.96604485792906,-101.56145023036875,-59.085705331765865,27.994448132631938,10.803466683395342,,
1780127634,519423048,right_base_cmd,right_joint_1,right_joint_2,right_joint_3,right_joint_4,right_joint_5,right_joint_6,right_joint_7,-99.27693379775368,-69.90918966943714,87.85668071362679,-101.55326215498663,-59.0667081856229,28.398470443342156,10.46162238738502,,
1780127634,529650198,right_base_cmd,right_joint_1,right_joint_2,right_joint_3,right_joint_4,right_joint_5,right_joint_6,right_joint_7,-99.24604931244968,-69.88358846576155,87.81854372706263,-101.57675249317562,-59.09041978924509,28.721717596858987,10.307923231535469,,
1780127634,539759138,right_base_cmd,right_joint_1,right_joint_2,right_joint_3,right_joint_4,right_joint_5,right_joint_6,right_joint_7,-99.27618506792541,-69.83001931615549,87.72420891154187,-101.60362937413073,-59.033792841985274,29.043507801815117,10.12817234140418,,
1780127634,549805849,right_base_cmd,right_joint_1,right_joint_2,right_joint_3,right_joint_4,right_joint_5,right_joint_6,right_joint_7,-99.28736995240806,-69.79834137491197,87.66939512249192,-101.62742843886629,-59.0183752559586,29.30363482033784,10.038578606844268,,
1780127634,559603098,right_base_cmd,right_joint_1,right_joint_2,right_joint_3,right_joint_4,right_joint_5,right_joint_6,right_joint_7,-99.37165266558449,-69.76806599209364,87.63354044309105,-101.71695930609901,-58.987879086042,29.577762583361,10.023940250077757,,
1780127634,569670435,right_base_cmd,right_joint_1,right_joint_2,right_joint_3,right_joint_4,right_joint_5,right_joint_6,right_joint_7,-99.39834744901819,-69.77952597499332,87.60741995518939,-101.74007518376443,-58.98440365948241,29.767875463679225,10.048413072534217,,
1780127634,579915046,right_base_cmd,right_joint_1,right_joint_2,right_joint_3,right_joint_4,right_joint_5,right_joint_6,right_joint_7,-99.41466122061726,-69.78618299210628,87.60263882571465,-101.77292488689382,-58.982120429153866,29.89428364362312,10.136595606577245,,
1780127634,590110115,right_base_cmd,right_joint_1,right_joint_2,right_joint_3,right_joint_4,right_joint_5,right_joint_6,right_joint_7,-99.44819383530668,-69.79183135005378,87.60039063279012,-101.79851098687051,-58.95966216382138,29.964471022577023,10.20627191078573,,
1780127634,599648318,right_base_cmd,right_joint_1,right_joint_2,right_joint_3,right_joint_4,right_joint_5,right_joint_6,right_joint_7,-99.45587990105949,-69.8043231441081,87.62243092342104,-101.80410782586394,-58.93408556201089,29.94110372547369,10.323414994933543,,
1780127634,609746677,right_base_cmd,right_joint_1,right_joint_2,right_joint_3,right_joint_4,right_joint_5,right_joint_6,right_joint_7,-99.44889008519917,-69.76957341406315,87.64383428239708,-101.81361919081378,-58.82285424459039,29.82845974440324,10.529799695869528,,
1780127634,619404142,right_base_cmd,right_joint_1,right_joint_2,right_joint_3,right_joint_4,right_joint_5,right_joint_6,right_joint_7,-99.46618275656132,-69.73426506567138,87.64292144058098,-101.82128321533976,-58.65367019123417,29.70038366841016,10.68186719194459,,
1780127634,629879189,right_base_cmd,right_joint_1,right_joint_2,right_joint_3,right_joint_4,right_joint_5,right_joint_6,right_joint_7,-99.48736528440864,-69.73702451787649,87.67106605126449,-101.80627829609973,-58.49222294896808,29.523896543641065,10.815045172053019,,
1780127634,640697282,right_base_cmd,right_joint_1,right_joint_2,right_joint_3,right_joint_4,right_joint_5,right_joint_6,right_joint_7,-99.4855276081378,-69.69452243911293,87.66273741666183,-101.79414368243592,-58.273010715388835,29.376978182490696,10.921156610334307,,
1780127634,649416773,right_base_cmd,right_joint_1,right_joint_2,right_joint_3,right_joint_4,right_joint_5,right_joint_6,right_joint_7,-99.45393641739216,-69.67115244326318,87.68493992216762,-101.77803433290678,-58.08384604420294,29.189257222655336,11.069203917803165,,
1780127634,659549937,right_base_cmd,right_joint_1,right_joint_2,right_joint_3,right_joint_4,right_joint_5,right_joint_6,right_joint_7,-99.41409280044374,-69.59576317062614,87.63622525471933,-101.67230078612921,-57.76026419927322,28.935429751813395,11.07867847970634,,
1780127634,669933248,right_base_cmd,right_joint_1,right_joint_2,right_joint_3,right_joint_4,right_joint_5,right_joint_6,right_joint_7,-99.39842616963628,-69.59436823630212,87.69296406718846,-101.62339800223403,-57.57342628938002,28.609265762742844,11.184979746748112,,
1780127634,679703379,right_base_cmd,right_joint_1,right_joint_2,right_joint_3,right_joint_4,right_joint_5,right_joint_6,right_joint_7,-99.38186974502966,-69.60938864982326,87.77609943570727,-101.5815817892787,-57.45435236165932,28.232260300921958,11.31699326191908,,
1780127634,689968792,right_base_cmd,right_joint_1,right_joint_2,right_joint_3,right_joint_4,right_joint_5,right_joint_6,right_joint_7,-99.37418035493258,-69.63727930118178,87.8560864109879,-101.52592755702052,-57.34935297749891,27.844704106709578,11.418215115614359,,
1780127634,699881246,right_base_cmd,right_joint_1,right_joint_2,right_joint_3,right_joint_4,right_joint_5,right_joint_6,right_joint_7,-99.32547345656272,-69.679551563629,87.97560188901898,-101.44089325729819,-57.295224513803106,27.359500305092986,11.562493958158583,,
1780127634,709791995,right_base_cmd,right_joint_1,right_joint_2,right_joint_3,right_joint_4,right_joint_5,right_joint_6,right_joint_7,-99.31504714793314,-69.7005159234924,88.05328080018487,-101.36616426919296,-57.21461719871334,26.884915721354453,11.644366741041765,,
1780127634,720901683,right_base_cmd,right_joint_1,right_joint_2,right_joint_3,right_joint_4,right_joint_5,right_joint_6,right_joint_7,-99.16765224248005,-69.66304923290012,88.09218170951337,-101.14952938144303,-57.025045834440874,26.196017642392242,11.721584950061,,
1780127634,729459028,right_base_cmd,right_joint_1,right_joint_2,right_joint_3,right_joint_4,right_joint_5,right_joint_6,right_joint_7,-99.10686619528937,-69.68303676146736,88.20886990155279,-101.02129840211781,-56.907306763721834,25.473208636929435,11.833737756553191,,
1780127634,740585709,right_base_cmd,right_joint_1,right_joint_2,right_joint_3,right_joint_4,right_joint_5,right_joint_6,right_joint_7,-99.05924170854789,-69.71376775023988,88.33159163615065,-100.91258747986866,-56.807100071615,24.773447849072404,11.936793010862218,,
1780127634,749754109,right_base_cmd,right_joint_1,right_joint_2,right_joint_3,right_joint_4,right_joint_5,right_joint_6,right_joint_7,-98.89961833327877,-69.77461950993053,88.49985508881943,-100.7320662124272,-56.75887897917798,23.9685523244678,12.107155079243611,,
1780127634,759522531,right_base_cmd,right_joint_1,right_joint_2,right_joint_3,right_joint_4,right_joint_5,right_joint_6,right_joint_7,-98.7166135169758,-69.79386699839144,88.5875213731525,-100.47007751357127,-56.61175745563938,23.05615317139462,12.132529031828525,,
1780127634,769573873,right_base_cmd,right_joint_1,right_joint_2,right_joint_3,right_joint_4,right_joint_5,right_joint_6,right_joint_7,-98.60009722691441,-69.85824031788884,88.77931595477654,-100.28728817969467,-56.54530621560943,22.141292759176743,12.226884022182887,,
1780127634,779479667,right_base_cmd,right_joint_1,right_joint_2,right_joint_3,right_joint_4,right_joint_5,right_joint_6,right_joint_7,-98.50618958186183,-69.89977869256963,88.89662005385256,-100.114416211311,-56.4517610396816,21.35877398980154,12.212914444823966,,
1780127634,789673747,right_base_cmd,right_joint_1,right_joint_2,right_joint_3,right_joint_4,right_joint_5,right_joint_6,right_joint_7,-98.38611858059997,-69.93798262665946,89.01219899145408,-99.92749225026081,-56.371933738118315,20.603913177118564,12.197706195236591,,
1780127634,799753747,right_base_cmd,right_joint_1,right_joint_2,right_joint_3,right_joint_4,right_joint_5,right_joint_6,right_joint_7,-98.27166417754793,-69.99491323218827,89.1343899404392,-99.73977049792246,-56.332639292373386,19.87452397904702,12.152642868386678,,
1780127634,809679857,right_base_cmd,right_joint_1,right_joint_2,right_joint_3,right_joint_4,right_joint_5,right_joint_6,right_joint_7,-98.1564548345348,-70.0312214708169,89.22990400748066,-99.53433547560225,-56.276058182296396,19.154894691297677,12.048294921697774,,
1780127634,819583386,right_base_cmd,right_joint_1,right_joint_2,right_joint_3,right_joint_4,right_joint_5,right_joint_6,right_joint_7,-97.95325350738895,-70.07649034503216,89.30515179737748,-99.24754364466436,-56.22255352300786,18.360634162502784,11.907721691580932,,
1780127634,829478622,right_base_cmd,right_joint_1,right_joint_2,right_joint_3,right_joint_4,right_joint_5,right_joint_6,right_joint_7,-97.86053865470504,-70.13253150976836,89.38908895800628,-99.04066969418149,-56.15920363256143,17.664609503212155,11.708617241357658,,
1780127634,839535502,right_base_cmd,right_joint_1,right_joint_2,right_joint_3,right_joint_4,right_joint_5,right_joint_6,right_joint_7,-97.75390367006483,-70.15090858135825,89.43203181591852,-98.84993517644007,-56.06003148759797,17.10776048307128,11.467325483966519,,
1780127634,849736353,right_base_cmd,right_joint_1,right_joint_2,right_joint_3,right_joint_4,right_joint_5,right_joint_6,right_joint_7,-97.56554168771842,-70.10911993334345,89.38729348709737,-98.61160428549603,-55.90378336053428,16.6794476687623,11.119277956276264,,
1780127634,859522712,right_base_cmd,right_joint_1,right_joint_2,right_joint_3,right_joint_4,right_joint_5,right_joint_6,right_joint_7,-97.15179847060361,-70.05565755568462,89.22702015560364,-98.09981857150412,-55.63574554147161,16.203548438265564,10.390020741460816,,
1780127634,870171999,right_base_cmd,right_joint_1,right_joint_2,right_joint_3,right_joint_4,right_joint_5,right_joint_6,right_joint_7,-96.91299712900812,-70.06789798957955,89.20894702498785,-97.72437441919796,-55.45617964160968,15.67393873074645,9.692224266939704,,
1780127634,879871781,right_base_cmd,right_joint_1,right_joint_2,right_joint_3,right_joint_4,right_joint_5,right_joint_6,right_joint_7,-96.66158188442242,-70.12119492995653,89.17255605701948,-97.32335043220793,-55.31237910053207,15.161576400063048,8.937589709591393,,
1780127634,889585760,right_base_cmd,right_joint_1,right_joint_2,right_joint_3,right_joint_4,right_joint_5,right_joint_6,right_joint_7,-96.42336494745516,-70.17936312149858,89.14975155942639,-96.9187287062472,-55.17368612927399,14.639534225730479,8.179985665279773,,
1780127634,899789468,right_base_cmd,right_joint_1,right_joint_2,right_joint_3,right_joint_4,right_joint_5,right_joint_6,right_joint_7,-96.14851408804688,-70.25192780514529,89.11463600303742,-96.49069796222547,-55.04672398297228,14.1076908350421,7.4099298790194865,,
1780127634,910529948,right_base_cmd,right_joint_1,right_joint_2,right_joint_3,right_joint_4,right_joint_5,right_joint_6,right_joint_7,-95.88399914750872,-70.3082743400051,89.07506703018234,-96.07466619385868,-54.91011697008892,13.570564719875229,6.63798531036899,,
1780127634,919447423,right_base_cmd,right_joint_1,right_joint_2,right_joint_3,right_joint_4,right_joint_5,right_joint_6,right_joint_7,-95.37008342894725,-70.31378720975705,88.95153765938161,-95.43515222355434,-54.67949371887417,12.906227148984563,5.653687084591169,,
1780127634,929967231,right_base_cmd,right_joint_1,right_joint_2,right_joint_3,right_joint_4,right_joint_5,right_joint_6,right_joint_7,-95.09997797497309,-70.33296159738354,88.90965524946225,-94.98571534359577,-54.48490074128736,12.268373326087392,4.699942138102742,,
1780127634,941202268,right_base_cmd,right_joint_1,right_joint_2,right_joint_3,right_joint_4,right_joint_5,right_joint_6,right_joint_7,-94.8083076747404,-70.29305172843068,88.77983112167928,-94.52095664375948,-54.24008239686103,11.732094763675441,3.701912486682133,,
1780127634,950551959,right_base_cmd,right_joint_1,right_joint_2,right_joint_3,right_joint_4,right_joint_5,right_joint_6,right_joint_7,-94.5579850067551,-70.2969930885687,88.68125212473646,-94.08677932925174,-54.05419044968497,11.214447881696294,2.740642585644295,,
1780127634,960590313,right_base_cmd,right_joint_1,right_joint_2,right_joint_3,right_joint_4,right_joint_5,right_joint_6,right_joint_7,-94.2595134719642,-70.27974691725673,88.5749368102502,-93.63534038338328,-53.85826854376606,10.743796730587015,1.7536933177904501,,
1780127634,969488116,right_base_cmd,right_joint_1,right_joint_2,right_joint_3,right_joint_4,right_joint_5,right_joint_6,right_joint_7,-93.66948906058573,-70.24772556000552,88.34009298098945,-92.88668596739991,-53.60678336454052,10.208149562575109,0.37623658260660875,,
1780127634,979736811,right_base_cmd,right_joint_1,right_joint_2,right_joint_3,right_joint_4,right_joint_5,right_joint_6,right_joint_7,-93.30938676063462,-70.2160606463661,88.15334100461112,-92.32031437053173,-53.39550035210803,9.727731207593713,-1.001200330995644,,
1780127634,990001330,right_base_cmd,right_joint_1,right_joint_2,right_joint_3,right_joint_4,right_joint_5,right_joint_6,right_joint_7,-92.96349237814812,-70.18784312800291,87.93945726662926,-91.78366430305728,-53.21242872912748,9.312562352801258,-2.3438662362796236,,
1780127634,999631218,right_base_cmd,right_joint_1,right_joint_2,right_joint_3,right_joint_4,right_joint_5,right_joint_6,right_joint_7,-92.580159727888,-70.16724318861999,87.75459135431672,-91.23190139852842,-53.07732130637126,8.894455465965514,-3.6336042360436096,,
1780127635,9415925,right_base_cmd,right_joint_1,right_joint_2,right_joint_3,right_joint_4,right_joint_5,right_joint_6,right_joint_7,-91.88842086153349,-70.24599069396824,87.62684536235994,-90.42242158241233,-53.1057605540266,8.288549108022103,-5.14654866797197,,
1780127635,19700062,right_base_cmd,right_joint_1,right_joint_2,right_joint_3,right_joint_4,right_joint_5,right_joint_6,right_joint_7,-91.53450141246904,-70.25909078861697,87.48754271752168,-89.84980293070056,-53.1253670814875,7.792911544833551,-6.627451868428253,,
1780127635,29700618,right_base_cmd,right_joint_1,right_joint_2,right_joint_3,right_joint_4,right_joint_5,right_joint_6,right_joint_7,-91.23639967296768,-70.28880244557355,87.4397717146031,-89.38586510752329,-53.235922336823734,7.338315083656433,-7.867913953450184,,
1780127635,40300965,right_base_cmd,right_joint_1,right_joint_2,right_joint_3,right_joint_4,right_joint_5,right_joint_6,right_joint_7,-90.97955319341875,-70.31176301699311,87.38424296961804,-88.97160380484765,-53.394234894979064,6.961248848193868,-8.973955638214093,,
1780127635,49543095,right_base_cmd,right_joint_1,right_joint_2,right_joint_3,right_joint_4,right_joint_5,right_joint_6,right_joint_7,-90.7647077833457,-70.34197572027519,87.34448661236675,-88.61285054509393,-53.56695073140591,6.644306806699156,-9.993096655689456,,
1780127635,59484182,right_base_cmd,right_joint_1,right_joint_2,right_joint_3,right_joint_4,right_joint_5,right_joint_6,right_joint_7,-90.33819817228394,-70.35068802847998,87.28077185706778,-88.14510795232844,-53.79587370330168,6.332879125429265,-11.08696967278901,,
1780127635,69516676,right_base_cmd,right_joint_1,right_joint_2,right_joint_3,right_joint_4,right_joint_5,right_joint_6,right_joint_7,-90.06850987200121,-70.3290851647338,87.18836646562599,-87.77498732701817,-53.96797606917946,6.090487584387468,-12.164325488095258,,
1780127635,79865327,right_base_cmd,right_joint_1,right_joint_2,right_joint_3,right_joint_4,right_joint_5,right_joint_6,right_joint_7,-89.79331013852973,-70.3079237971212,87.06214938045505,-87.39892137541752,-54.11361571962968,5.8893766916559755,-13.193892608522631,,
1780127635,90734807,right_base_cmd,right_joint_1,right_joint_2,right_joint_3,right_joint_4,right_joint_5,right_joint_6,right_joint_7,-89.52199335478608,-70.32441242918692,86.99386255527347,-87.05038766992097,-54.29429250393352,5.672581816525231,-14.113624410643482,,
1780127635,99641010,right_base_cmd,right_joint_1,right_joint_2,right_joint_3,right_joint_4,right_joint_5,right_joint_6,right_joint_7,-89.2953641477853,-70.33992355354435,86.91338617182836,-86.7386566794237,-54.458759838505415,5.472578140126991,-15.00143898928566,,
1780127635,109770381,right_base_cmd,right_joint_1,right_joint_2,right_joint_3,right_joint_4,right_joint_5,right_joint_6,right_joint_7,-89.0729283209836,-70.35202679299,86.85175447088713,-86.44654186235682,-54.613667522317684,5.268879717174578,-15.789209028446763,,
1780127635,119437663,right_base_cmd,right_joint_1,right_joint_2,right_joint_3,right_joint_4,right_joint_5,right_joint_6,right_joint_7,-88.73069182334464,-70.40638871193296,86.7818515979645,-86.101322624957,-54.79478303844658,5.003680387921186,-16.623380131574507,,
1780127635,129916308,right_base_cmd,right_joint_1,right_joint_2,right_joint_3,right_joint_4,right_joint_5,right_joint_6,right_joint_7,-88.52962250267572,-70.40746881673438,86.6935252733999,-85.79617030087594,-54.884039281360884,4.754922080185686,-17.436101750598894,,
1780127635,139590080,right_base_cmd,right_joint_1,right_joint_2,right_joint_3,right_joint_4,right_joint_5,right_joint_6,right_joint_7,-88.31092065528108,-70.40526424974821,86.57959616832599,-85.49442285568416,-54.933144863212846,4.530359460677126,-18.173664394184087,,
1780127635,149764327,right_base_cmd,right_joint_1,right_joint_2,right_joint_3,right_joint_4,right_joint_5,right_joint_6,right_joint_7,-88.06715086154597,-70.39752110608897,86.4814170258156,-85.19901974258262,-54.96130582360033,4.298387546917532,-18.82808845740665,,
1780127635,159704009,right_base_cmd,right_joint_1,right_joint_2,right_joint_3,right_joint_4,right_joint_5,right_joint_6,right_joint_7,-87.89023758581172,-70.366593301133,86.36250736651303,-84.96154908650676,-54.95309993994212,4.117035669520824,-19.473507919919953,,
1780127635,169807162,right_base_cmd,right_joint_1,right_joint_2,right_joint_3,right_joint_4,right_joint_5,right_joint_6,right_joint_7,-87.56997792694696,-70.37524948224582,86.25393059703774,-84.64381793031414,-54.97827327054543,3.8782067432316083,-20.158898392005554,,
1780127635,179762578,right_base_cmd,right_joint_1,right_joint_2,right_joint_3,right_joint_4,right_joint_5,right_joint_6,right_joint_7,-87.41096049763243,-70.37759454228326,86.1708932199787,-84.40510174361977,-54.992398538163485,3.6590607041491197,-20.80776575006503,,
1780127635,189827126,right_base_cmd,right_joint_1,right_joint_2,right_joint_3,right_joint_4,right_joint_5,right_joint_6,right_joint_7,-87.2720683589321,-70.36471146055995,86.06094981198751,-84.20507723274342,-54.98811433359597,3.501716877788006,-21.373069870105283,,
1780127635,199679182,right_base_cmd,right_joint_1,right_joint_2,right_joint_3,right_joint_4,right_joint_5,right_joint_6,right_joint_7,-87.18342144297824,-70.3876360265166,86.03402467816537,-84.05416685433359,-55.0358863560846,3.3179979434199325,-21.806703461621353,,
1780127635,209517643,right_base_cmd,right_joint_1,right_joint_2,right_joint_3,right_joint_4,right_joint_5,right_joint_6,right_joint_7,-87.02910300734428,-70.45472842814162,86.07540956017132,-83.88750040741549,-55.15290730386258,3.0764357231188413,-22.10322586089434,,
1780127635,219753324,right_base_cmd,right_joint_1,right_joint_2,right_joint_3,right_joint_4,right_joint_5,right_joint_6,right_joint_7,-86.96702323828251,-70.46691817485608,86.05820642346995,-83.77690786019413,-55.204351430010234,2.9073354943967686,-22.367433212732536,,
1780127635,229582650,right_base_cmd,right_joint_1,right_joint_2,right_joint_3,right_joint_4,right_joint_5,right_joint_6,right_joint_7,-86.93830563950874,-70.47880126760039,86.0840451849634,-83.71915856521237,-55.25815030492387,2.74808547498953,-22.534346562112674,,
1780127635,239839719,right_base_cmd,right_joint_1,right_joint_2,right_joint_3,right_joint_4,right_joint_5,right_joint_6,right_joint_7,-86.91575134595459,-70.4610507423592,86.05743502484435,-83.67343397756368,-55.2746787827422,2.6506632523368197,-22.641172326860854,,
1780127635,249808457,right_base_cmd,right_joint_1,right_joint_2,right_joint_3,right_joint_4,right_joint_5,right_joint_6,right_joint_7,-86.88790235404102,-70.46733036279564,86.07398657866187,-83.63806200999507,-55.32143096946399,2.542006850789967,-22.64984024750153,,
1780127635,259716412,right_base_cmd,right_joint_1,right_joint_2,right_joint_3,right_joint_4,right_joint_5,right_joint_6,right_joint_7,-86.89901968945887,-70.45564298220877,86.09220414674084,-83.65148759648652,-55.35487189410608,2.4778266469926464,-22.584829531969618,,
1780127635,269611568,right_base_cmd,right_joint_1,right_joint_2,right_joint_3,right_joint_4,right_joint_5,right_joint_6,right_joint_7,-87.0116963808716,-70.42970114050782,86.07280749825239,-83.70466596886924,-55.36585692919991,2.4721351716358484,-22.44839395919753,,
1780127635,279602896,right_base_cmd,right_joint_1,right_joint_2,right_joint_3,right_joint_4,right_joint_5,right_joint_6,right_joint_7,-87.09232986974635,-70.41323383218317,86.09418369847842,-83.78602719998766,-55.38349694981363,2.485457212764011,-22.190297480121686,,
1780127635,289517861,right_base_cmd,right_joint_1,right_joint_2,right_joint_3,right_joint_4,right_joint_5,right_joint_6,right_joint_7,-87.13062423279908,-70.40637091618898,86.1150008716074,-83.83488006908011,-55.40735491988377,2.4934190512117382,-21.9212322826735,,
1780127635,299773111,right_base_cmd,right_joint_1,right_joint_2,right_joint_3,right_joint_4,right_joint_5,right_joint_6,right_joint_7,-87.19287698002736,-70.3890489610222,86.12568256794421,-83.90607819595978,-55.41276639058,2.5117015002085807,-21.63605716601576,,
1780127635,310189965,right_base_cmd,right_joint_1,right_joint_2,right_joint_3,right_joint_4,right_joint_5,right_joint_6,right_joint_7,-87.27271580352951,-70.34118856156381,86.0977383783775,-83.98284705891861,-55.37579605128266,2.538368722147375,-21.26479001509621,,
1780127635,319447762,right_base_cmd,right_joint_1,right_joint_2,right_joint_3,right_joint_4,right_joint_5,right_joint_6,right_joint_7,-87.35131829832844,-70.33817680792062,86.14378769695023,-84.09436319748842,-55.38939127084896,2.519311581782013,-20.82356665699929,,
1780127635,329799327,right_base_cmd,right_joint_1,right_joint_2,right_joint_3,right_joint_4,right_joint_5,right_joint_6,right_joint_7,-87.44015694796306,-70.34875619126508,86.20356275334493,-84.20409276052222,-55.41842960583509,2.4899196663732894,-20.38355691916651,,
1780127635,339742965,right_base_cmd,right_joint_1,right_joint_2,right_joint_3,right_joint_4,right_joint_5,right_joint_6,right_joint_7,-87.5425151213752,-70.3571794085969,86.27944191421582,-84.33893381326,-55.45279145884243,2.462454050154925,-19.90919001178601,,
1780127635,350228900,right_base_cmd,right_joint_1,right_joint_2,right_joint_3,right_joint_4,right_joint_5,right_joint_6,right_joint_7,-87.68519078779698,-70.33721392248465,86.32452306305734,-84.50930626024474,-55.45208272189936,2.4758747851934757,-19.400312305891262,,
1780127635,359991374,right_base_cmd,right_joint_1,right_joint_2,right_joint_3,right_joint_4,right_joint_5,right_joint_6,right_joint_7,-87.81816909901934,-70.31158534146256,86.37189736913322,-84.67149675111723,-55.43562786349602,2.5024117452904378,-18.886501589066725,,
1780127635,369637640,right_base_cmd,right_joint_1,right_joint_2,right_joint_3,right_joint_4,right_joint_5,right_joint_6,right_joint_7,-88.10378827767553,-70.16633435550109,86.27715550284748,-84.92971760740637,-55.23882596126404,2.700283247949365,-18.306405516028136,,
1780127635,379580948,right_base_cmd,right_joint_1,right_joint_2,right_joint_3,right_joint_4,right_joint_5,right_joint_6,right_joint_7,-88.26464227268102,-70.0923321872777,86.27742244425528,-85.1705677595677,-55.10857904603128,2.860844832584526,-17.629940942861495,,
1780127635,389527042,right_base_cmd,right_joint_1,right_joint_2,right_joint_3,right_joint_4,right_joint_5,right_joint_6,right_joint_7,-88.39149586140863,-70.04957199452305,86.30555192562153,-85.35685635905703,-54.996997348392625,2.982243779386586,-17.00361310443772,,
1780127635,399541853,right_base_cmd,right_joint_1,right_joint_2,right_joint_3,right_joint_4,right_joint_5,right_joint_6,right_joint_7,-88.5074330304395,-70.03027914335179,86.32959373017442,-85.53813915844695,-54.89865413309374,3.1093317149533917,-16.433116310554126,,
1780127635,409558641,right_base_cmd,right_joint_1,right_joint_2,right_joint_3,right_joint_4,right_joint_5,right_joint_6,right_joint_7,-88.6906513050757,-70.040112184656,86.3611270963095,-85.73077668230464,-54.79797673607587,3.2294598256781413,-15.789972141781291,,
1780127635,419479747,right_base_cmd,right_joint_1,right_joint_2,right_joint_3,right_joint_4,right_joint_5,right_joint_6,right_joint_7,-88.81242700206624,-70.0986899344244,86.47454231071075,-85.93116648106367,-54.7749924100373,3.2865925029567578,-15.09733899182136,,
1780127635,429939600,right_base_cmd,right_joint_1,right_joint_2,right_joint_3,right_joint_4,right_joint_5,right_joint_6,right_joint_7,-88.93949586932192,-70.13917691796611,86.5771404534768,-86.12860939379108,-54.75079683311449,3.3273591235102415,-14.438913852529552,,
1780127635,440264333,right_base_cmd,right_joint_1,right_joint_2,right_joint_3,right_joint_4,right_joint_5,right_joint_6,right_joint_7,-89.07093146961702,-70.18407072846584,86.68767689652273,-86.3263818809008,-54.75549030718085,3.3435934221912547,-13.777497239700509,,
1780127635,449710298,right_base_cmd,right_joint_1,right_joint_2,right_joint_3,right_joint_4,right_joint_5,right_joint_6,right_joint_7,-89.19563950320295,-70.21276966616541,86.82706901261392,-86.5326940817513,-54.758520441087654,3.3394798611456693,-13.062004341599007,,
1780127635,459818712,right_base_cmd,right_joint_1,right_joint_2,right_joint_3,right_joint_4,right_joint_5,right_joint_6,right_joint_7,-89.35101754945194,-70.22292219564595,86.89127747097226,-86.7396906767756,-54.73708715570851,3.3746107458761756,-12.414177900494465,,
1780127635,469830966,right_base_cmd,right_joint_1,right_joint_2,right_joint_3,right_joint_4,right_joint_5,right_joint_6,right_joint_7,-89.65143693870058,-70.22194360705244,86.99388672597323,-87.07325655977685,-54.699924754634395,3.4317102582480246,-11.505889287325445,,
1780127635,479678461,right_base_cmd,right_joint_1,right_joint_2,right_joint_3,right_joint_4,right_joint_5,right_joint_6,right_joint_7,-89.85051130188398,-70.22391183568676,87.1054896599849,-87.37894996904102,-54.666608730784475,3.5031067344572833,-10.563204277125195,,
1780127635,489529513,right_base_cmd,right_joint_1,right_joint_2,right_joint_3,right_joint_4,right_joint_5,right_joint_6,right_joint_7,-90.0198663665739,-70.23989069159485,87.25088572819314,-87.68693630345878,-54.64184898606905,3.576392573756614,-9.600476300788117,,
1780127635,500413922,right_base_cmd,right_joint_1,right_joint_2,right_joint_3,right_joint_4,right_joint_5,right_joint_6,right_joint_7,-90.18077514752363,-70.21165756068235,87.27861072653766,-87.9408885922452,-54.54471426264857,3.715999307941509,-8.821792256593895,,
1780127635,509977272,right_base_cmd,right_joint_1,right_joint_2,right_joint_3,right_joint_4,right_joint_5,right_joint_6,right_joint_7,-90.28772699329593,-70.17115032477638,87.25173978550376,-88.15070165358226,-54.383567504954186,3.8771427502183613,-8.016890418759104,,
1780127635,519436850,right_base_cmd,right_joint_1,right_joint_2,right_joint_3,right_joint_4,right_joint_5,right_joint_6,right_joint_7,-90.29673785634961,-70.18781610015448,87.28425296518381,-88.26859451582921,-54.28510697820124,3.9282119557039508,-7.334268301934699,,
1780127635,529682096,right_base_cmd,right_joint_1,right_joint_2,right_joint_3,right_joint_4,right_joint_5,right_joint_6,right_joint_7,-90.30349896785592,-70.21912166035072,87.33375816778917,-88.34719706279601,-54.203980629698975,3.9261798861144896,-6.745545198562482,,
1780127635,540031653,right_base_cmd,right_joint_1,right_joint_2,right_joint_3,right_joint_4,right_joint_5,right_joint_6,right_joint_7,-90.30491282706507,-70.26017593684209,87.37608046971329,-88.41262580983023,-54.143503918596565,3.9094131415576,-6.252974463442868,,
1780127635,549878447,right_base_cmd,right_joint_1,right_joint_2,right_joint_3,right_joint_4,right_joint_5,right_joint_6,right_joint_7,-90.32690718407437,-70.28634604755054,87.40206944831581,-88.47429989373082,-54.07770561456451,3.895901537843095,-5.8420820491416094,,
1780127635,559451738,right_base_cmd,right_joint_1,right_joint_2,right_joint_3,right_joint_4,right_joint_5,right_joint_6,right_joint_7,-90.30066564790107,-70.35927265279106,87.47783471899263,-88.49357868899791,-54.10957932898813,3.8450903686892914,-5.328835551259104,,
1780127635,569962441,right_base_cmd,right_joint_1,right_joint_2,right_joint_3,right_joint_4,right_joint_5,right_joint_6,right_joint_7,-90.2939633809273,-70.39335218241702,87.54628140237654,-88.55055972947765,-54.127054669549096,3.8242497717039967,-4.871325774600862,,
1780127635,580168047,right_base_cmd,right_joint_1,right_joint_2,right_joint_3,right_joint_4,right_joint_5,right_joint_6,right_joint_7,-90.28119036730706,-70.44130382607086,87.6197771952188,-88.59430962352515,-54.20629243280209,3.807161384495892,-4.4539931225207425,,
1780127635,590037319,right_base_cmd,right_joint_1,right_joint_2,right_joint_3,right_joint_4,right_joint_5,right_joint_6,right_joint_7,-90.2747014207338,-70.48526532385382,87.67290909675759,-88.62262225112092,-54.28675115461462,3.788806031763734,-4.099360720312816,,
1780127635,600068235,right_base_cmd,right_joint_1,right_joint_2,right_joint_3,right_joint_4,right_joint_5,right_joint_6,right_joint_7,-90.24104880606117,-70.524836313586,87.72611157680385,-88.64742068579496,-54.38807898850061,3.7687447375353784,-3.747666331083977,,
1780127635,610068562,right_base_cmd,right_joint_1,right_joint_2,right_joint_3,right_joint_4,right_joint_5,right_joint_6,right_joint_7,-90.13634699719259,-70.58560432603669,87.74709952514812,-88.60548997988009,-54.536099224254684,3.7250872030701387,-3.373477657590527,,
1780127635,619432170,right_base_cmd,right_joint_1,right_joint_2,right_joint_3,right_joint_4,right_joint_5,right_joint_6,right_joint_7,-90.04345357247692,-70.61495363940624,87.76391332947063,-88.5668205171885,-54.63264379981561,3.6617765896640506,-3.081984986249509,,
1780127635,629695592,right_base_cmd,right_joint_1,right_joint_2,right_joint_3,right_joint_4,right_joint_5,right_joint_6,right_joint_7,-89.95617056873496,-70.63738064586,87.74271038250507,-88.53208938529623,-54.70878239821181,3.620812114118003,-2.850443630685973,,
1780127635,639543105,right_base_cmd,right_joint_1,right_joint_2,right_joint_3,right_joint_4,right_joint_5,right_joint_6,right_joint_7,-89.84782410675419,-70.63962449898476,87.71487494162895,-88.4560788313333,-54.7459841486349,3.5640448292204567,-2.6805444851427325,,
1780127635,649722856,right_base_cmd,right_joint_1,right_joint_2,right_joint_3,right_joint_4,right_joint_5,right_joint_6,right_joint_7,-89.74957029722756,-70.65108180214652,87.69188085846636,-88.36700947953308,-54.784334612855474,3.5006098160665218,-2.5518563603382773,,
1780127635,659386520,right_base_cmd,right_joint_1,right_joint_2,right_joint_3,right_joint_4,right_joint_5,right_joint_6,right_joint_7,-89.47869598599951,-70.65387332795747,87.58299437800011,-88.14704260644528,-54.789248833931964,3.4432608260478403,-2.422074663923482,,
1780127635,669487290,right_base_cmd,right_joint_1,right_joint_2,right_joint_3,right_joint_4,right_joint_5,right_joint_6,right_joint_7,-89.34357363941163,-70.6741457995853,87.55152665006975,-88.03655368523188,-54.80874122959344,3.3515063344414173,-2.3087493807872335,,
1780127635,682142394,right_base_cmd,right_joint_1,right_joint_2,right_joint_3,right_joint_4,right_joint_5,right_joint_6,right_joint_7,-89.17289053159564,-70.69869487372081,87.50614705927987,-87.88888988520212,-54.82858766658225,3.2544519756417642,-2.2148074092174994,,
1780127635,689719489,right_base_cmd,right_joint_1,right_joint_2,right_joint_3,right_joint_4,right_joint_5,right_joint_6,right_joint_7,-88.98443550316907,-70.72528933171647,87.49266783471037,-87.74782916324149,-54.85541772117236,3.141466978297167,-2.091254288895371,,
1780127635,700328718,right_base_cmd,right_joint_1,right_joint_2,right_joint_3,right_joint_4,right_joint_5,right_joint_6,right_joint_7,-88.80441114731448,-70.75987379379207,87.45050341849853,-87.58295963823322,-54.88356430038752,3.0321769949487205,-2.0128939517752116,,
1780127635,709424491,right_base_cmd,right_joint_1,right_joint_2,right_joint_3,right_joint_4,right_joint_5,right_joint_6,right_joint_7,-88.41107695519847,-70.83265713016387,87.37252144898301,-87.22671076017322,-54.93578489157616,2.866962741402581,-1.8722462221546294,,
1780127635,719514500,right_base_cmd,right_joint_1,right_joint_2,right_joint_3,right_joint_4,right_joint_5,right_joint_6,right_joint_7,-88.2341590726804,-70.86917986789526,87.34775234776643,-87.0548210194021,-54.957744091298906,2.718925254786491,-1.7623999933034753,,
1780127635,730471241,right_base_cmd,right_joint_1,right_joint_2,right_joint_3,right_joint_4,right_joint_5,right_joint_6,right_joint_7,-88.07596707550996,-70.86243534216426,87.27418964667103,-86.90614578420163,-54.933985442202726,2.6288718818929695,-1.688678906815099,,
1780127635,739623627,right_base_cmd,right_joint_1,right_joint_2,right_joint_3,right_joint_4,right_joint_5,right_joint_6,right_joint_7,-87.89605791267704,-70.89108468876334,87.24449693155842,-86.72733391602414,-54.949850897894436,2.5053523463116747,-1.5939114607738958,,
1780127635,750225912,right_base_cmd,right_joint_1,right_joint_2,right_joint_3,right_joint_4,right_joint_5,right_joint_6,right_joint_7,-87.73107694620714,-70.9430341051965,87.22285121746907,-86.5333244043289,-54.98038930755061,2.3696694356124866,-1.5331529601894118,,
1780127635,759549781,right_base_cmd,right_joint_1,right_joint_2,right_joint_3,right_joint_4,right_joint_5,right_joint_6,right_joint_7,-87.32819980346127,-71.00396736243546,87.13713487909675,-86.12543886139908,-55.02007802737896,2.220019760821465,-1.4395412714705031,,
1780127635,769856354,right_base_cmd,right_joint_1,right_joint_2,right_joint_3,right_joint_4,right_joint_5,right_joint_6,right_joint_7,-87.12560630202748,-71.06091854748753,87.10788007974062,-85.91432985088018,-55.062934303570586,2.094678929172865,-1.3772841528897999,,
1780127635,779892308,right_base_cmd,right_joint_1,right_joint_2,right_joint_3,right_joint_4,right_joint_5,right_joint_6,right_joint_7,-86.89134630923391,-71.1092887439972,87.09191051303415,-85.67254233980522,-55.1185003909803,1.9686690430553497,-1.3218179360914775,,
1780127635,789727838,right_base_cmd,right_joint_1,right_joint_2,right_joint_3,right_joint_4,right_joint_5,right_joint_6,right_joint_7,-86.6758916750239,-71.16081231675237,87.06345923920011,-85.44969423791333,-55.189085926008346,1.8755125006719098,-1.286620899621326,,
1780127635,799689448,right_base_cmd,right_joint_1,right_joint_2,right_joint_3,right_joint_4,right_joint_5,right_joint_6,right_joint_7,-86.45751253915117,-71.20465495592994,87.0400951655134,-85.21145263330432,-55.26235555593357,1.786440984609733,-1.243992174043072,,
1780127635,809575385,right_base_cmd,right_joint_1,right_joint_2,right_joint_3,right_joint_4,right_joint_5,right_joint_6,right_joint_7,-86.00952953756635,-71.32620891443163,87.01997600093782,-84.71439177957974,-55.43326666502125,1.621113955521885,-1.1235216987815448,,
1780127635,819728524,right_base_cmd,right_joint_1,right_joint_2,right_joint_3,right_joint_4,right_joint_5,right_joint_6,right_joint_7,-85.80709089246645,-71.42234050022905,87.04729558932385,-84.4812936967635,-55.580391343858,1.5071080864066815,-0.959230818638062,,
1780127635,829729656,right_base_cmd,right_joint_1,right_joint_2,right_joint_3,right_joint_4,right_joint_5,right_joint_6,right_joint_7,-85.57175055597273,-71.5295892565688,87.04525931942064,-84.22779902347806,-55.7210784992844,1.4078328940830787,-0.7815055139604539,,
1780127635,839573184,right_base_cmd,right_joint_1,right_joint_2,right_joint_3,right_joint_4,right_joint_5,right_joint_6,right_joint_7,-85.37068317580443,-71.60453965875116,87.04775002660935,-84.00843186162702,-55.81861382406325,1.316765575577513,-0.5908373616001228,,
1780127635,849450405,right_base_cmd,right_joint_1,right_joint_2,right_joint_3,right_joint_4,right_joint_5,right_joint_6,right_joint_7,-85.1635831972886,-71.67840453539795,87.05244671587357,-83.78773485096896,-55.905680410821645,1.2268633795287158,-0.3907454481157089,,
1780127635,859525242,right_base_cmd,right_joint_1,right_joint_2,right_joint_3,right_joint_4,right_joint_5,right_joint_6,right_joint_7,-84.66925393225537,-71.75577225102047,86.91830000375964,-83.21772313940194,-55.93456420750417,1.121978294608148,-0.25224422746664743,,
1780127635,869707595,right_base_cmd,right_joint_1,right_joint_2,right_joint_3,right_joint_4,right_joint_5,right_joint_6,right_joint_7,-84.42618514732547,-71.80534294307394,86.88268911908992,-82.94591658719044,-55.94291276601743,1.0379454663369714,-0.08457718786725366,,
1780127635,879813104,right_base_cmd,right_joint_1,right_joint_2,right_joint_3,right_joint_4,right_joint_5,right_joint_6,right_joint_7,-84.19927335184107,-71.82364424412084,86.81578903909141,-82.69290336453987,-55.90520805942933,0.9900863547599741,0.051846740316122464,,
1780127635,889745449,right_base_cmd,right_joint_1,right_joint_2,right_joint_3,right_joint_4,right_joint_5,right_joint_6,right_joint_7,-83.9499829618371,-71.89276179869627,86.81268705499573,-82.4320441104693,-55.92872167983987,0.9046110046641687,0.24541008977097079,,
1780127635,900024967,right_base_cmd,right_joint_1,right_joint_2,right_joint_3,right_joint_4,right_joint_5,right_joint_6,right_joint_7,-83.74614977972757,-71.94811440413226,86.8003220361197,-82.20984701607138,-55.943909655089186,0.8491428119556943,0.43450355421002484,,
1780127635,909635307,right_base_cmd,right_joint_1,right_joint_2,right_joint_3,right_joint_4,right_joint_5,right_joint_6,right_joint_7,-83.37965934716058,-72.07759997945443,86.78458067816374,-81.80382142999572,-56.03857890822965,0.7595756801251881,0.6954086955298493,,
1780127635,919748362,right_base_cmd,right_joint_1,right_joint_2,right_joint_3,right_joint_4,right_joint_5,right_joint_6,right_joint_7,-83.18943736689673,-72.15897354068547,86.81009016989984,-81.62715183917261,-56.11367118632805,0.7132627953249155,0.9865116887174707,,
1780127635,929755706,right_base_cmd,right_joint_1,right_joint_2,right_joint_3,right_joint_4,right_joint_5,right_joint_6,right_joint_7,-82.97488612272477,-72.22957970324309,86.82651290740117,-81.43241009438852,-56.17907650551692,0.6609336477913033,1.2494324648017567,,
1780127635,939888608,right_base_cmd,right_joint_1,right_joint_2,right_joint_3,right_joint_4,right_joint_5,right_joint_6,right_joint_7,-82.75393339681179,-72.30259904503238,86.83931424287161,-81.2194965306169,-56.25515644039692,0.5946087746978677,1.4659973424984827,,
1780127635,949752979,right_base_cmd,right_joint_1,right_joint_2,right_joint_3,right_joint_4,right_joint_5,right_joint_6,right_joint_7,-82.53435035534298,-72.36651839639883,86.83385408892545,-80.99914481027828,-56.323839069685135,0.5321834032681707,1.6397648004387833,,
1780127635,959426616,right_base_cmd,right_joint_1,right_joint_2,right_joint_3,right_joint_4,right_joint_5,right_joint_6,right_joint_7,-82.0135288850316,-72.48156936734797,86.79729461030237,-80.44356559121145,-56.44644444993864,0.3789061972150378,1.7567126201508216,,
1780127635,969700006,right_base_cmd,right_joint_1,right_joint_2,right_joint_3,right_joint_4,right_joint_5,right_joint_6,right_joint_7,-81.78781670656056,-72.60099930550867,86.84097669036939,-80.17771612641407,-56.586635947232224,0.24585526342213626,1.8321260171443754,,
1780127635,979876288,right_base_cmd,right_joint_1,right_joint_2,right_joint_3,right_joint_4,right_joint_5,right_joint_6,right_joint_7,-81.50516192700567,-72.71821242069764,86.89284579589324,-79.8689036869256,-56.754585480900715,0.10015945042921004,1.8757563037711265,,
1780127635,990134241,right_base_cmd,right_joint_1,right_joint_2,right_joint_3,right_joint_4,right_joint_5,right_joint_6,right_joint_7,-81.1789626471909,-72.86848582252107,86.97681727348808,-79.52322320682073,-56.97803608907773,-0.082661426548718,1.924876173660536,,
1780127635,999700909,right_base_cmd,right_joint_1,right_joint_2,right_joint_3,right_joint_4,right_joint_5,right_joint_6,right_joint_7,-80.88812699512121,-73.03114087479027,87.07545103033098,-79.19233756779279,-57.24038153817705,-0.2703059510143859,1.933980093324564,,
1780127636,10236926,right_base_cmd,right_joint_1,right_joint_2,right_joint_3,right_joint_4,right_joint_5,right_joint_6,right_joint_7,-80.31242257046964,-73.36789207089386,87.29401707060632,-78.56339344520241,-57.77172298055112,-0.6056962258364749,2.0050949804157625,,
1780127636,20089502,right_base_cmd,right_joint_1,right_joint_2,right_joint_3,right_joint_4,right_joint_5,right_joint_6,right_joint_7,-80.06101572741264,-73.50264817540825,87.38138318282475,-78.27395336550263,-58.07799530409423,-0.7540110213245086,2.0216675713856915,,
1780127636,29828810,right_base_cmd,right_joint_1,right_joint_2,right_joint_3,right_joint_4,right_joint_5,right_joint_6,right_joint_7,-79.80668466510778,-73.62228638049307,87.44953674441766,-78.01147012880797,-58.3620795277582,-0.8716336245001841,2.081014240025965,,
1780127636,41077332,right_base_cmd,right_joint_1,right_joint_2,right_joint_3,right_joint_4,right_joint_5,right_joint_6,right_joint_7,-79.5672374740071,-73.79028936209194,87.57357764540373,-77.74318978209466,-58.694146960877816,-1.0224863748850836,2.180774768859166,,
1780127636,49762127,right_base_cmd,right_joint_1,right_joint_2,right_joint_3,right_joint_4,right_joint_5,right_joint_6,right_joint_7,-79.32065717103498,-73.98987556107922,87.72420360616778,-77.45792566783793,-59.04412186794289,-1.1931952531189083,2.2864084351831337,,
1780127636,59911817,right_base_cmd,right_joint_1,right_joint_2,right_joint_3,right_joint_4,right_joint_5,right_joint_6,right_joint_7,-78.83924435830212,-74.31845920146584,87.9341491249688,-76.9101062570165,-59.54039132473392,-1.4557726319912874,2.4472338189495844,,
1780127636,69626276,right_base_cmd,right_joint_1,right_joint_2,right_joint_3,right_joint_4,right_joint_5,right_joint_6,right_joint_7,-78.56888183241833,-74.49571560804846,88.05095037867207,-76.61542677759964,-59.833792311769486,-1.5934430835239866,2.5769355137372116,,
1780127636,79664957,right_base_cmd,right_joint_1,right_joint_2,right_joint_3,right_joint_4,right_joint_5,right_joint_6,right_joint_7,-78.29979240981478,-74.65394448390033,88.1438953313224,-76.31039245739431,-60.076231284550005,-1.7172995086011085,2.67969773113866,,
1780127636,89643306,right_base_cmd,right_joint_1,right_joint_2,right_joint_3,right_joint_4,right_joint_5,right_joint_6,right_joint_7,-78.04326389630293,-74.81290321687642,88.2278550086908,-76.0226409569856,-60.302028404590175,-1.8246767697882476,2.7701977912185924,,
1780127636,99498137,right_base_cmd,right_joint_1,right_joint_2,right_joint_3,right_joint_4,right_joint_5,right_joint_6,right_joint_7,-77.78452513441451,-74.98942938269171,88.32618307725122,-75.72052203524346,-60.526312608559266,-1.9346506955949891,2.8580131713844565,,
1780127636,109569153,right_base_cmd,right_joint_1,right_joint_2,right_joint_3,right_joint_4,right_joint_5,right_joint_6,right_joint_7,-77.25287150207797,-75.42195488841368,88.66560364350485,-75.1113152500737,-61.04328173449713,-2.2455336267931827,3.085681521523142,,
1780127636,119521424,right_base_cmd,right_joint_1,right_joint_2,right_joint_3,right_joint_4,right_joint_5,right_joint_6,right_joint_7,-77.02098998338565,-75.64323649012978,88.82887160325859,-74.85125422203483,-61.272647604488185,-2.3485706700325792,3.2817979824147727,,
1780127636,129661676,right_base_cmd,right_joint_1,right_joint_2,right_joint_3,right_joint_4,right_joint_5,right_joint_6,right_joint_7,-76.78685312508114,-75.86000823697778,89.01273084200025,-74.60079200658346,-61.493248757641624,-2.4618493757842472,3.5077668295093503,,
1780127636,139705186,right_base_cmd,right_joint_1,right_joint_2,right_joint_3,right_joint_4,right_joint_5,right_joint_6,right_joint_7,-76.59867887882521,-76.0301288088357,89.13009855685712,-74.40136658109454,-61.629260753764555,-2.499417967322408,3.7297768169229784,,
1780127636,150596706,right_base_cmd,right_joint_1,right_joint_2,right_joint_3,right_joint_4,right_joint_5,right_joint_6,right_joint_7,-76.40537146820319,-76.23226805324101,89.29045380573851,-74.18965992213965,-61.79588509266537,-2.561962116916611,3.96620698486997,,
1780127636,159414611,right_base_cmd,right_joint_1,right_joint_2,right_joint_3,right_joint_4,right_joint_5,right_joint_6,right_joint_7,-76.0957212695757,-76.60568396770141,89.56345947232401,-73.81128729359536,-62.134817339165664,-2.680544540067096,4.260197023036582,,
1780127636,169496133,right_base_cmd,right_joint_1,right_joint_2,right_joint_3,right_joint_4,right_joint_5,right_joint_6,right_joint_7,-75.91431795370184,-76.84175179391202,89.78627428630685,-73.6441035685544,-62.323855927832966,-2.728414266990846,4.590035494040407,,
1780127636,179545694,right_base_cmd,right_joint_1,right_joint_2,right_joint_3,right_joint_4,right_joint_5,right_joint_6,right_joint_7,-75.7449572530081,-77.02926065409982,89.94621526665858,-73.48137703075771,-62.45016598720625,-2.737016226664643,4.857733516740424,,
1780127636,189664038,right_base_cmd,right_joint_1,right_joint_2,right_joint_3,right_joint_4,right_joint_5,right_joint_6,right_joint_7,-75.6159896996447,-77.19828744547017,90.05555062914064,-73.30312708170807,-62.537450973427354,-2.7228620527985115,5.020773650297869,,
1780127636,199722315,right_base_cmd,right_joint_1,right_joint_2,right_joint_3,right_joint_4,right_joint_5,right_joint_6,right_joint_7,-75.4321640220468,-77.38595578735392,90.21896530896223,-73.1144385789208,-62.67058343393924,-2.748264456104714,5.199388128233053,,
1780127636,209462466,right_base_cmd,right_joint_1,right_joint_2,right_joint_3,right_joint_4,right_joint_5,right_joint_6,right_joint_7,-75.0339594724064,-77.70503655291408,90.51638942805991,-72.7275414882828,-62.990730726810085,-2.860522955830156,5.409302470654481,,
1780127636,219504923,right_base_cmd,right_joint_1,right_joint_2,right_joint_3,right_joint_4,right_joint_5,right_joint_6,right_joint_7,-74.86331921337856,-77.85871373392798,90.66671884995097,-72.56804114399382,-63.14005971044227,-2.860092575770061,5.513542461599897,,
1780127636,229644430,right_base_cmd,right_joint_1,right_joint_2,right_joint_3,right_joint_4,right_joint_5,right_joint_6,right_joint_7,-74.70863039640076,-78.01212440760322,90.80438845476297,-72.41549832174259,-63.30642865575945,-2.855805359114008,5.591554524536136,,
1780127636,239741638,right_base_cmd,right_joint_1,right_joint_2,right_joint_3,right_joint_4,right_joint_5,right_joint_6,right_joint_7,-74.56957325729573,-78.09722346575792,90.87578965601497,-72.28129749508084,-63.41911378724964,-2.8166040254183073,5.651300649256015,,
1780127636,249463981,right_base_cmd,right_joint_1,right_joint_2,right_joint_3,right_joint_4,right_joint_5,right_joint_6,right_joint_7,-74.43500402346584,-78.2328941543167,90.99637075925128,-72.12150923214126,-63.59836558937721,-2.8273710205958125,5.688268238817429,,
1780127636,259718540,right_base_cmd,right_joint_1,right_joint_2,right_joint_3,right_joint_4,right_joint_5,right_joint_6,right_joint_7,-74.15502614739611,-78.80409098378631,91.6412643935873,-71.8129773562605,-64.37381055738982,-3.1887265033424157,5.910790518013229,,
1780127636,269677094,right_base_cmd,right_joint_1,right_joint_2,right_joint_3,right_joint_4,right_joint_5,right_joint_6,right_joint_7,-74.03139708184821,-79.0895089289407,91.97415875459441,-71.70827832806744,-64.76474003899708,-3.3299027568942208,6.058784209518862,,
1780127636,279510784,right_base_cmd,right_joint_1,right_joint_2,right_joint_3,right_joint_4,right_joint_5,right_joint_6,right_joint_7,-73.93027613231081,-79.26712150383067,92.16514642765506,-71.6145287952453,-65.01311405311387,-3.39344346990719,6.166263763221238,,
1780127636,289935217,right_base_cmd,right_joint_1,right_joint_2,right_joint_3,right_joint_4,right_joint_5,right_joint_6,right_joint_7,-73.80361603505898,-79.42110674422624,92.32390691666333,-71.51050516182768,-65.23567965400795,-3.440904200866264,6.28113296697579,,
1780127636,299689312,right_base_cmd,right_joint_1,right_joint_2,right_joint_3,right_joint_4,right_joint_5,right_joint_6,right_joint_7,-73.72089913895584,-79.60760987304191,92.53898213240947,-71.44276707113677,-65.50177970755053,-3.526077283017962,6.409709172641257,,
1780127636,309365251,right_base_cmd,right_joint_1,right_joint_2,right_joint_3,right_joint_4,right_joint_5,right_joint_6,right_joint_7,-73.54162343715623,-79.99171089951575,93.00096313694158,-71.29972520471388,-66.05287018242106,-3.7648888040512176,6.635101935522627,,
1780127636,319611014,right_base_cmd,right_joint_1,right_joint_2,right_joint_3,right_joint_4,right_joint_5,right_joint_6,right_joint_7,-73.47536158642347,-80.11783844056204,93.1438538747557,-71.2461166191518,-66.2487727408188,-3.8036557795236874,6.739012501168915,,
1780127636,329575556,right_base_cmd,right_joint_1,right_joint_2,right_joint_3,right_joint_4,right_joint_5,right_joint_6,right_joint_7,-73.39604475519755,-80.26549088615862,93.29691419447644,-71.18094086908344,-66.4667210243596,-3.862902658358557,6.839200847020081,,
1780127636,340017154,right_base_cmd,right_joint_1,right_joint_2,right_joint_3,right_joint_4,right_joint_5,right_joint_6,right_joint_7,-73.32465417042025,-80.41990952867378,93.46522415204836,-71.12091699661495,-66.68919587610904,-3.9435593057814273,6.931704855565997,,
1780127636,349535884,right_base_cmd,right_joint_1,right_joint_2,right_joint_3,right_joint_4,right_joint_5,right_joint_6,right_joint_7,-73.24069360136676,-80.59795442935378,93.65539325131127,-71.05424401219445,-66.93997236508685,-4.050095420102245,7.0266048287729035,,
1780127636,361176854,right_base_cmd,right_joint_1,right_joint_2,right_joint_3,right_joint_4,right_joint_5,right_joint_6,right_joint_7,-73.09704597327848,-80.99562116648015,94.08983209802582,-70.9316827802772,-67.4765923410379,-4.328891352048508,7.192111667964227,,
1780127636,369594139,right_base_cmd,right_joint_1,right_joint_2,right_joint_3,right_joint_4,right_joint_5,right_joint_6,right_joint_7,-73.0153812880259,-81.16542442421367,94.30147769182784,-70.89532316700901,-67.72326111809869,-4.4655622092759515,7.330017896262049,,
1780127636,379676931,right_base_cmd,right_joint_1,right_joint_2,right_joint_3,right_joint_4,right_joint_5,right_joint_6,right_joint_7,-72.97921426479039,-81.25651468199295,94.39530622233477,-70.87079554228724,-67.85499749081029,-4.530292938991003,7.4069320382830455,,
1780127636,389567357,right_base_cmd,right_joint_1,right_joint_2,right_joint_3,right_joint_4,right_joint_5,right_joint_6,right_joint_7,-72.89728239954187,-81.43187655583814,94.61332094000855,-70.79118188031613,-68.1097679150079,-4.693299290443228,7.5123189667571495,,
1780127636,399712226,right_base_cmd,right_joint_1,right_joint_2,right_joint_3,right_joint_4,right_joint_5,right_joint_6,right_joint_7,-72.90302383277262,-81.54011456403693,94.73281275441852,-70.80529819134212,-68.26248204260165,-4.776217021042207,7.59617600505662,,
1780127636,409565883,right_base_cmd,right_joint_1,right_joint_2,right_joint_3,right_joint_4,right_joint_5,right_joint_6,right_joint_7,-72.92168965164208,-81.74592493995205,94.9534550393935,-70.83121088802183,-68.54518741284832,-4.92762895736319,7.694786537956915,,
1780127636,419519561,right_base_cmd,right_joint_1,right_joint_2,right_joint_3,right_joint_4,right_joint_5,right_joint_6,right_joint_7,-72.92100950283069,-81.7802285610261,94.99379138504437,-70.85033255679083,-68.61685487294508,-4.96327811542664,7.751596533132201,,
1780127636,432166926,right_base_cmd,right_joint_1,right_joint_2,right_joint_3,right_joint_4,right_joint_5,right_joint_6,right_joint_7,-72.91379675226747,-81.81210757731067,95.02100955381152,-70.89325792899281,-68.68217248319704,-4.9774716052267465,7.817818286382746,,
1780127636,440488015,right_base_cmd,right_joint_1,right_joint_2,right_joint_3,right_joint_4,right_joint_5,right_joint_6,right_joint_7,-72.92192165478937,-81.81900889555244,95.01797522419682,-70.91928012048358,-68.71353388034814,-4.980295386543268,7.82980685914093,,
1780127636,449831517,right_base_cmd,right_joint_1,right_joint_2,right_joint_3,right_joint_4,right_joint_5,right_joint_6,right_joint_7,-72.93896260264185,-81.81935129342402,95.0120540944321,-70.98159867891106,-68.73139730646753,-4.969471433089204,7.857819933015875,,
1780127636,459539398,right_base_cmd,right_joint_1,right_joint_2,right_joint_3,right_joint_4,right_joint_5,right_joint_6,right_joint_7,-72.98741462591786,-81.78553067717941,94.92520026181452,-71.07982298821697,-68.6741705469893,-4.904032959501755,7.844736762890804,,
1780127636,469802924,right_base_cmd,right_joint_1,right_joint_2,right_joint_3,right_joint_4,right_joint_5,right_joint_6,right_joint_7,-73.01452196087698,-81.78474952737362,94.9079130025332,-71.12303177055539,-68.66598589095614,-4.906288515576357,7.816829540354362,,
1780127636,479734917,right_base_cmd,right_joint_1,right_joint_2,right_joint_3,right_joint_4,right_joint_5,right_joint_6,right_joint_7,-73.0610459882312,-81.74967310442072,94.84713691429889,-71.18128428256206,-68.59703278814757,-4.87940716686068,7.774835418169616,,
1780127636,489650082,right_base_cmd,right_joint_1,right_joint_2,right_joint_3,right_joint_4,right_joint_5,right_joint_6,right_joint_7,-73.11352935186082,-81.69757585924357,94.7682028092236,-71.22260914739486,-68.50211002661663,-4.845014212601477,7.717272168191855,,
1780127636,500473558,right_base_cmd,right_joint_1,right_joint_2,right_joint_3,right_joint_4,right_joint_5,right_joint_6,right_joint_7,-73.166751979353,-81.64950607967087,94.69375695483504,-71.27959755509632,-68.40561307859431,-4.8135560263776185,7.672045246356717,,
1780127636,509448495,right_base_cmd,right_joint_1,right_joint_2,right_joint_3,right_joint_4,right_joint_5,right_joint_6,right_joint_7,-73.22986636987812,-81.49043453822664,94.5305110322445,-71.43407897102806,-68.17495450904548,-4.720438447027554,7.6916704240136795,,
1780127636,520891691,right_base_cmd,right_joint_1,right_joint_2,right_joint_3,right_joint_4,right_joint_5,right_joint_6,right_joint_7,-73.29752586488948,-81.41076121567598,94.42858119983143,-71.49980190853104,-68.04580150861429,-4.691463237247426,7.631069702398108,,
1780127636,529973381,right_base_cmd,right_joint_1,right_joint_2,right_joint_3,right_joint_4,right_joint_5,right_joint_6,right_joint_7,-73.37510955686471,-81.32064679651684,94.31486726503445,-71.5691723925216,-67.90226239626273,-4.65307697572387,7.561403795961596,,
1780127636,539645665,right_base_cmd,right_joint_1,right_joint_2,right_joint_3,right_joint_4,right_joint_5,right_joint_6,right_joint_7,-73.45847204966864,-81.20490661866116,94.17337077612845,-71.6466931889445,-67.72911991271994,-4.592762887305746,7.4887934513461545,,
1780127636,550020202,right_base_cmd,right_joint_1,right_joint_2,right_joint_3,right_joint_4,right_joint_5,right_joint_6,right_joint_7,-73.575277959756,-81.10393132850193,94.04774263807681,-71.74886140104526,-67.5740345315846,-4.537982341559193,7.416446375937582,,
1780127636,560428527,right_base_cmd,right_joint_1,right_joint_2,right_joint_3,right_joint_4,right_joint_5,right_joint_6,right_joint_7,-73.80205112155133,-80.84183895966812,93.73138309893457,-71.96635199376978,-67.20142861967045,-4.34650080805482,7.3131819290778,,
1780127636,569641444,right_base_cmd,right_joint_1,right_joint_2,right_joint_3,right_joint_4,right_joint_5,right_joint_6,right_joint_7,-73.86436704629372,-80.71946262753353,93.62248022801268,-72.06239670955496,-67.05096810445409,-4.300395767491004,7.3230108800867555,,
1780127636,579814322,right_base_cmd,right_joint_1,right_joint_2,right_joint_3,right_joint_4,right_joint_5,right_joint_6,right_joint_7,-73.9957645477783,-80.56808721458158,93.45511148652022,-72.20494947077385,-66.84684595160755,-4.20082267548576,7.301211385924418,,
1780127636,589725263,right_base_cmd,right_joint_1,right_joint_2,right_joint_3,right_joint_4,right_joint_5,right_joint_6,right_joint_7,-74.1213693583654,-80.4630295176025,93.34431605926446,-72.34410268254676,-66.69434288781693,-4.140451607621792,7.297267936148543,,
1780127636,599860927,right_base_cmd,right_joint_1,right_joint_2,right_joint_3,right_joint_4,right_joint_5,right_joint_6,right_joint_7,-74.25522876614113,-80.31790609145465,93.18957475875405,-72.49403711908953,-66.49222423123999,-4.0449088610765145,7.289742154347138,,
1780127636,609360780,right_base_cmd,right_joint_1,right_joint_2,right_joint_3,right_joint_4,right_joint_5,right_joint_6,right_joint_7,-74.56512197502357,-80.04537341607029,92.8823037316204,-72.81557649309123,-66.10132532886635,-3.830177359767326,7.226406901147001,,
1780127636,619778621,right_base_cmd,right_joint_1,right_joint_2,right_joint_3,right_joint_4,right_joint_5,right_joint_6,right_joint_7,-74.70519028857476,-79.8992911456976,92.73131265298773,-72.97000911126788,-65.89545510817365,-3.7370367586400945,7.211819565361608,,
1780127636,629831531,right_base_cmd,right_joint_1,right_joint_2,right_joint_3,right_joint_4,right_joint_5,right_joint_6,right_joint_7,-74.88199785818634,-79.77526776186018,92.58918042854006,-73.14811388556417,-65.69857290614621,-3.6411600367409775,7.17337450960575,,
1780127636,640789410,right_base_cmd,right_joint_1,right_joint_2,right_joint_3,right_joint_4,right_joint_5,right_joint_6,right_joint_7,-75.03812798684814,-79.6389148866805,92.44886236325053,-73.31375570212835,-65.48093546727276,-3.5431901855139856,7.144958492332805,,
1780127636,649647579,right_base_cmd,right_joint_1,right_joint_2,right_joint_3,right_joint_4,right_joint_5,right_joint_6,right_joint_7,-75.14443867931342,-79.45552336276195,92.2584491366978,-73.47615970935557,-65.20460743714958,-3.399692748745501,7.153168131507627,,
1780127636,659518858,right_base_cmd,right_joint_1,right_joint_2,right_joint_3,right_joint_4,right_joint_5,right_joint_6,right_joint_7,-75.46970849569325,-79.11297216023776,91.86884570871891,-73.82894466996517,-64.63965579123752,-3.091644575144805,7.050166723632216,,
1780127636,669554567,right_base_cmd,right_joint_1,right_joint_2,right_joint_3,right_joint_4,right_joint_5,right_joint_6,right_joint_7,-75.63472365508036,-78.91661325582585,91.63570318059831,-73.99830555618554,-64.25543537593629,-2.9147116735310803,6.974028122093088,,
1780127636,679552489,right_base_cmd,right_joint_1,right_joint_2,right_joint_3,right_joint_4,right_joint_5,right_joint_6,right_joint_7,-75.8004669152892,-78.6962636061137,91.37159878361697,-74.16953276289304,-63.82990199630544,-2.7155428623985287,6.890028660531968,,
1780127636,690230640,right_base_cmd,right_joint_1,right_joint_2,right_joint_3,right_joint_4,right_joint_5,right_joint_6,right_joint_7,-75.98238689062234,-78.51684085705234,91.15378329395995,-74.34162680026232,-63.44763251587787,-2.550408521127615,6.80106037253789,,
1780127636,700582493,right_base_cmd,right_joint_1,right_joint_2,right_joint_3,right_joint_4,right_joint_5,right_joint_6,right_joint_7,-76.17160075324702,-78.28829206714893,90.87986874525737,-74.54428249668287,-62.9962340695258,-2.346070366853091,6.725651550276083,,
1780127636,709518624,right_base_cmd,right_joint_1,right_joint_2,right_joint_3,right_joint_4,right_joint_5,right_joint_6,right_joint_7,-76.45049216362187,-77.92908097247751,90.49300585228767,-74.90746715559528,-62.3681104693093,-2.043169130524113,6.669653069300452,,
1780127636,720562737,right_base_cmd,right_joint_1,right_joint_2,right_joint_3,right_joint_4,right_joint_5,right_joint_6,right_joint_7,-76.6145337529044,-77.74582022256426,90.2932807026169,-75.09592139805302,-61.99038372228861,-1.908139848343403,6.621513960951958,,
1780127636,729759186,right_base_cmd,right_joint_1,right_joint_2,right_joint_3,right_joint_4,right_joint_5,right_joint_6,right_joint_7,-76.81628638916933,-77.51128614524892,90.01299436633096,-75.30790053986557,-61.569027342138924,-1.714066489842189,6.515492150322174,,
1780127636,740491050,right_base_cmd,right_joint_1,right_joint_2,right_joint_3,right_joint_4,right_joint_5,right_joint_6,right_joint_7,-76.98315958054374,-77.34536760502165,89.84173860049842,-75.50548187183507,-61.25581172786556,-1.5966765078152818,6.464235864873089,,
1780127636,749730595,right_base_cmd,right_joint_1,right_joint_2,right_joint_3,right_joint_4,right_joint_5,right_joint_6,right_joint_7,-77.14357113000247,-77.17372489853626,89.68806157566897,-75.70634785993242,-60.96291093568519,-1.4910637451088107,6.424665623183714,,
1780127636,760278891,right_base_cmd,right_joint_1,right_joint_2,right_joint_3,right_joint_4,right_joint_5,right_joint_6,right_joint_7,-77.31530746334684,-77.01097496869035,89.53370747887018,-75.9111135645203,-60.69664850882154,-1.3864001675629467,6.362233433167191,,
1780127636,769513252,right_base_cmd,right_joint_1,right_joint_2,right_joint_3,right_joint_4,right_joint_5,right_joint_6,right_joint_7,-77.6992757441549,-76.6699891143859,89.17888948487823,-76.32003109886843,-60.216208379013466,-1.1304273998904293,6.148543824467865,,
1780127636,779611555,right_base_cmd,right_joint_1,right_joint_2,right_joint_3,right_joint_4,right_joint_5,right_joint_6,right_joint_7,-77.86958393213948,-76.48068263237737,89.00655666360578,-76.50527923093769,-59.96310083270933,-1.041897861832119,6.012911475006646,,
1780127636,789626727,right_base_cmd,right_joint_1,right_joint_2,right_joint_3,right_joint_4,right_joint_5,right_joint_6,right_joint_7,-78.08247420293557,-76.29050849856533,88.82971291316156,-76.70469891931488,-59.71982221289997,-0.9471326899555876,5.83886485088577,,
1780127636,799525023,right_base_cmd,right_joint_1,right_joint_2,right_joint_3,right_joint_4,right_joint_5,right_joint_6,right_joint_7,-78.27482162929445,-76.11090000817036,88.68847491676715,-76.91131934822211,-59.51726166584328,-0.8619367366295521,5.709862357831057,,
1780127636,810533244,right_base_cmd,right_joint_1,right_joint_2,right_joint_3,right_joint_4,right_joint_5,right_joint_6,right_joint_7,-78.7095088240388,-75.76511984885975,88.39298398081885,-77.3481154429452,-59.1256596152264,-0.620859457575186,5.45455104449654,,
1780127636,819596770,right_base_cmd,right_joint_1,right_joint_2,right_joint_3,right_joint_4,right_joint_5,right_joint_6,right_joint_7,-78.91897793911224,-75.76990665329494,88.46744814482386,-77.5554979466694,-59.15698092098998,-0.6595596896919389,5.372403027680136,,
1780127636,829582814,right_base_cmd,right_joint_1,right_joint_2,right_joint_3,right_joint_4,right_joint_5,right_joint_6,right_joint_7,-79.07836190361249,-75.43250545092702,88.15739960436022,-77.76628219158472,-58.778146329672126,-0.4225247950288846,5.1868226052624635,,
1780127636,839631255,right_base_cmd,right_joint_1,right_joint_2,right_joint_3,right_joint_4,right_joint_5,right_joint_6,right_joint_7,-79.29734196512018,-75.26411156842103,88.03273095124754,-77.98979379443053,-58.585390191546,-0.30526299425348924,5.04069766429221,,
1780127636,849931099,right_base_cmd,right_joint_1,right_joint_2,right_joint_3,right_joint_4,right_joint_5,right_joint_6,right_joint_7,-79.49907582804789,-75.13039227862716,87.95701131917073,-78.21456240058883,-58.428661615220705,-0.220692505929712,4.950742274038575,,
1780127636,859654086,right_base_cmd,right_joint_1,right_joint_2,right_joint_3,right_joint_4,right_joint_5,right_joint_6,right_joint_7,-79.9067383562132,-74.93150724935795,87.86418565445476,-78.64379904538096,-58.159493848710355,-0.08792765430973049,4.842717638293138,,
1780127636,869416655,right_base_cmd,right_joint_1,right_joint_2,right_joint_3,right_joint_4,right_joint_5,right_joint_6,right_joint_7,-80.11635049560729,-74.80123790166574,87.76713690189362,-78.85993300343263,-57.9524374166908,0.0017500605941975778,4.751411633590621,,
1780127636,879782739,right_base_cmd,right_joint_1,right_joint_2,right_joint_3,right_joint_4,right_joint_5,right_joint_6,right_joint_7,-80.31784894438815,-74.69118358653402,87.68867516281969,-79.06560417713958,-57.759133632574816,0.07377636722328162,4.676485023769246,,
1780127636,890023956,right_base_cmd,right_joint_1,right_joint_2,right_joint_3,right_joint_4,right_joint_5,right_joint_6,right_joint_7,-80.55772051057701,-74.55889438007598,87.56629381780763,-79.28286227535735,-57.52221364579057,0.1801981121458951,4.550537694979525,,
1780127636,899454832,right_base_cmd,right_joint_1,right_joint_2,right_joint_3,right_joint_4,right_joint_5,right_joint_6,right_joint_7,-80.75589175744315,-74.45205774285007,87.48302989826274,-79.47691586835221,-57.30970468607623,0.2593452578866575,4.470032170136207,,
1780127636,909486218,right_base_cmd,right_joint_1,right_joint_2,right_joint_3,right_joint_4,right_joint_5,right_joint_6,right_joint_7,-81.18542546858012,-74.29091347413386,87.3526795819233,-79.85244220701317,-56.98037074816423,0.40705880583340814,4.307776727550149,,
1780127636,920968227,right_base_cmd,right_joint_1,right_joint_2,right_joint_3,right_joint_4,right_joint_5,right_joint_6,right_joint_7,-81.37477415402535,-74.21934043384933,87.29932712204155,-80.02603946600637,-56.76610254140499,0.4668230051256117,4.245580159783842,,
1780127636,929725559,right_base_cmd,right_joint_1,right_joint_2,right_joint_3,right_joint_4,right_joint_5,right_joint_6,right_joint_7,-81.57183796785606,-74.13845985726893,87.23751808563352,-80.21715835376246,-56.563450939829096,0.5313035524722594,4.179482311812805,,
1780127636,939537764,right_base_cmd,right_joint_1,right_joint_2,right_joint_3,right_joint_4,right_joint_5,right_joint_6,right_joint_7,-81.75202108902275,-74.04664479946224,87.17603580756898,-80.3982151422721,-56.36782388758044,0.5903954308868222,4.124532341107724,,
1780127636,950019477,right_base_cmd,right_joint_1,right_joint_2,right_joint_3,right_joint_4,right_joint_5,right_joint_6,right_joint_7,-81.90762825950074,-73.96289011143035,87.17111598049482,-80.58853309432233,-56.22017984804293,0.6189343666762355,4.144382394918281,,
1780127636,959372114,right_base_cmd,right_joint_1,right_joint_2,right_joint_3,right_joint_4,right_joint_5,right_joint_6,right_joint_7,-82.29431788375288,-73.84038603527138,87.17451040991162,-80.99372398419156,-56.04377629173334,0.6919299674721131,4.154470693002494,,
1780127636,969697914,right_base_cmd,right_joint_1,right_joint_2,right_joint_3,right_joint_4,right_joint_5,right_joint_6,right_joint_7,-82.49889727220884,-73.7893739258002,87.18533187670684,-81.19673519802701,-55.94928202413789,0.7310301968042907,4.171178314502114,,
1780127636,979855996,right_base_cmd,right_joint_1,right_joint_2,right_joint_3,right_joint_4,right_joint_5,right_joint_6,right_joint_7,-82.71293969567128,-73.75858357489206,87.21888624611333,-81.40549628516494,-55.881126517493584,0.7727250623165176,4.188103023503388,,
1780127636,989729338,right_base_cmd,right_joint_1,right_joint_2,right_joint_3,right_joint_4,right_joint_5,right_joint_6,right_joint_7,-82.89235169573485,-73.71523177374816,87.2282164913577,-81.56810620610612,-55.79246764459472,0.8279905890783041,4.175999890741579,,
1780127636,999600688,right_base_cmd,right_joint_1,right_joint_2,right_joint_3,right_joint_4,right_joint_5,right_joint_6,right_joint_7,-83.09772137311498,-73.63314948486972,87.19853460013522,-81.764915022668,-55.651304541905546,0.9319363709286179,4.13286214443518,,
1780127637,9527702,right_base_cmd,right_joint_1,right_joint_2,right_joint_3,right_joint_4,right_joint_5,right_joint_6,right_joint_7,-83.48850263599459,-73.41094670961662,87.06842681926665,-82.12647261454823,-55.32371438751724,1.1500875765906997,3.9792934904134967,,
1780127637,19853292,right_base_cmd,right_joint_1,right_joint_2,right_joint_3,right_joint_4,right_joint_5,right_joint_6,right_joint_7,-83.67844687976034,-73.2897069100767,86.98657288762237,-82.30669668536264,-55.11148213809517,1.2929892283593816,3.8888188270105246,,
1780127637,29895067,right_base_cmd,right_joint_1,right_joint_2,right_joint_3,right_joint_4,right_joint_5,right_joint_6,right_joint_7,-83.88235683179809,-73.22336023081483,86.98633563322468,-82.5041351506011,-54.983434240249636,1.3842021869538215,3.8516300355932316,,
1780127637,40014693,right_base_cmd,right_joint_1,right_joint_2,right_joint_3,right_joint_4,right_joint_5,right_joint_6,right_joint_7,-84.07764898626587,-73.16320312568077,86.99305715575869,-82.68759036771634,-54.88461630875045,1.4627314098319815,3.8251414638988734,,
1780127637,49756618,right_base_cmd,right_joint_1,right_joint_2,right_joint_3,right_joint_4,right_joint_5,right_joint_6,right_joint_7,-84.28638234504237,-73.10350526229384,87.01384657891921,-82.89258133378173,-54.796213997118485,1.5445670460300747,3.816891687017332,,
1780127637,59368599,right_base_cmd,right_joint_1,right_joint_2,right_joint_3,right_joint_4,right_joint_5,right_joint_6,right_joint_7,-84.74246398018872,-72.99856446068249,87.1085445685865,-83.31771534755684,-54.69473632840513,1.6482807962805808,3.808497012895927,,
1780127637,69558884,right_base_cmd,right_joint_1,right_joint_2,right_joint_3,right_joint_4,right_joint_5,right_joint_6,right_joint_7,-84.9724400542901,-72.88658498494341,87.08832139497812,-83.55422453114615,-54.585769100735234,1.8056412771629269,3.78324859488076,,
1780127637,80533568,right_base_cmd,right_joint_1,right_joint_2,right_joint_3,right_joint_4,right_joint_5,right_joint_6,right_joint_7,-85.21239185210939,-72.76762403847654,87.0749387665517,-83.7933544043732,-54.47701236024804,1.9602186250112439,3.7449060443374123,,
1780127637,89636054,right_base_cmd,right_joint_1,right_joint_2,right_joint_3,right_joint_4,right_joint_5,right_joint_6,right_joint_7,-85.41360783120538,-72.66107663489761,87.08759515494066,-84.00237848811862,-54.3855900518906,2.0880868424324674,3.7323420722195095,,
1780127637,99733633,right_base_cmd,right_joint_1,right_joint_2,right_joint_3,right_joint_4,right_joint_5,right_joint_6,right_joint_7,-85.65125018554224,-72.51351541205368,87.04058570919332,-84.23732083183934,-54.24592152675339,2.2652493568724665,3.668187772217536,,
1780127637,109424680,right_base_cmd,right_joint_1,right_joint_2,right_joint_3,right_joint_4,right_joint_5,right_joint_6,right_joint_7,-86.08065935940849,-72.28351400324182,86.97963881873133,-84.6402122266597,-54.025338298943524,2.503632804953561,3.5437502890399486,,
1780127637,119457160,right_base_cmd,right_joint_1,right_joint_2,right_joint_3,right_joint_4,right_joint_5,right_joint_6,right_joint_7,-86.28432311360112,-72.16836498765817,86.93358903833368,-84.83225317360565,-53.90510261044548,2.674780823240617,3.4673204918965297,,
1780127637,129579608,right_base_cmd,right_joint_1,right_joint_2,right_joint_3,right_joint_4,right_joint_5,right_joint_6,right_joint_7,-86.48980328732719,-72.03097515535337,86.85926903384686,-85.02811568023789,-53.75582647638302,2.857202546586798,3.374116695860991,,
1780127637,139985639,right_base_cmd,right_joint_1,right_joint_2,right_joint_3,right_joint_4,right_joint_5,right_joint_6,right_joint_7,-86.7089386690399,-71.90145877234592,86.80464221007693,-85.22472554005886,-53.603609440990084,3.017510014761349,3.283583759822122,,
1780127637,149986216,right_base_cmd,right_joint_1,right_joint_2,right_joint_3,right_joint_4,right_joint_5,right_joint_6,right_joint_7,-86.94995447299996,-71.74743792189436,86.7277406622911,-85.42081281798438,-53.416271031465186,3.1820492171633603,3.1585315433417094,,
1780127637,159421882,right_base_cmd,right_joint_1,right_joint_2,right_joint_3,right_joint_4,right_joint_5,right_joint_6,right_joint_7,-87.36547962595066,-71.42141047961384,86.5606311073245,-85.77978399360065,-53.051087488975185,3.446274650573635,2.962982702146107,,
1780127637,169587490,right_base_cmd,right_joint_1,right_joint_2,right_joint_3,right_joint_4,right_joint_5,right_joint_6,right_joint_7,-87.54420982280803,-71.2776461063523,86.53719261160106,-85.95395445664373,-52.90384056531835,3.556811292548794,2.9533362794020235,,
1780127637,180037527,right_base_cmd,right_joint_1,right_joint_2,right_joint_3,right_joint_4,right_joint_5,right_joint_6,right_joint_7,-87.75604144958882,-71.07700450331852,86.4276235842477,-86.15331127157687,-52.70762649672585,3.7224172693708013,2.8916423905452433,,
1780127637,189696712,right_base_cmd,right_joint_1,right_joint_2,right_joint_3,right_joint_4,right_joint_5,right_joint_6,right_joint_7,-87.94594051359033,-70.90703919876633,86.39449770493601,-86.351169178138,-52.56434017035585,3.8321830443820843,2.9087916475277638,,
1780127637,199722290,right_base_cmd,right_joint_1,right_joint_2,right_joint_3,right_joint_4,right_joint_5,right_joint_6,right_joint_7,-88.16178452997931,-70.7395348263807,86.33243539983116,-86.55378451852518,-52.435712669278445,3.950854197761835,2.895687590177417,,
1780127637,209450831,right_base_cmd,right_joint_1,right_joint_2,right_joint_3,right_joint_4,right_joint_5,right_joint_6,right_joint_7,-88.56646646342838,-70.47230689191248,86.3035449398532,-86.91849658001821,-52.25708022402594,4.075219221724758,2.8814219966396735,,
1780127637,220221314,right_base_cmd,right_joint_1,right_joint_2,right_joint_3,right_joint_4,right_joint_5,right_joint_6,right_joint_7,-88.78404088311933,-70.34993251374296,86.29848874116587,-87.12244698564065,-52.222155894298936,4.149781410360568,2.9237454306727813,,
1780127637,229551886,right_base_cmd,right_joint_1,right_joint_2,right_joint_3,right_joint_4,right_joint_5,right_joint_6,right_joint_7,-89.00703167039907,-70.26183689077449,86.3393567914537,-87.32302201175948,-52.222521199858164,4.194034480635828,2.9771327561573884,,
1780127637,240087512,right_base_cmd,right_joint_1,right_joint_2,right_joint_3,right_joint_4,right_joint_5,right_joint_6,right_joint_7,-89.21921825818177,-70.16164200763446,86.352893794741,-87.51888121234204,-52.2157425425315,4.257634118682013,3.012439791465212,,
1780127637,249530424,right_base_cmd,right_joint_1,right_joint_2,right_joint_3,right_joint_4,right_joint_5,right_joint_6,right_joint_7,-89.40679847350586,-70.07771608570859,86.3862573493515,-87.70873481845969,-52.23539679166609,4.307638651041948,3.088095495243053,,
1780127637,260625417,right_base_cmd,right_joint_1,right_joint_2,right_joint_3,right_joint_4,right_joint_5,right_joint_6,right_joint_7,-89.76836931155319,-69.98529069846377,86.47357454115249,-88.03659637356982,-52.286390535565346,4.3365558441789815,3.1613325668984515,,
1780127637,269783653,right_base_cmd,right_joint_1,right_joint_2,right_joint_3,right_joint_4,right_joint_5,right_joint_6,right_joint_7,-89.95626037460525,-69.83344312378195,86.45596351380433,-88.23675912606468,-52.264723256848896,4.416821540800136,3.2418115936658154,,
1780127637,279868729,right_base_cmd,right_joint_1,right_joint_2,right_joint_3,right_joint_4,right_joint_5,right_joint_6,right_joint_7,-90.08462081130014,-69.7968558129755,86.48140042944291,-88.36537867312269,-52.33768547438612,4.43809828761642,3.333662866027609,,
1780127637,289905186,right_base_cmd,right_joint_1,right_joint_2,right_joint_3,right_joint_4,right_joint_5,right_joint_6,right_joint_7,-90.25266095511867,-69.78578398426971,86.54663622050205,-88.49927116673031,-52.42102984751327,4.4298003908727495,3.414010880938335,,
1780127637,299662506,right_base_cmd,right_joint_1,right_joint_2,right_joint_3,right_joint_4,right_joint_5,right_joint_6,right_joint_7,-90.42631696802235,-69.78457235362482,86.61818187102833,-88.65818183496522,-52.50030813443547,4.437713888354672,3.5032853488154245,,
1780127637,309336262,right_base_cmd,right_joint_1,right_joint_2,right_joint_3,right_joint_4,right_joint_5,right_joint_6,right_joint_7,-90.72886494685807,-69.83515862125763,86.8086415509758,-88.94185796742882,-52.62701936091062,4.413554955069067,3.6492591303306625,,
1780127637,319369562,right_base_cmd,right_joint_1,right_joint_2,right_joint_3,right_joint_4,right_joint_5,right_joint_6,right_joint_7,-90.88336637599863,-69.86865900466098,86.88850606447161,-89.08633013420048,-52.69609706658346,4.436759796848669,3.7345095345906856,,
1780127637,329913532,right_base_cmd,right_joint_1,right_joint_2,right_joint_3,right_joint_4,right_joint_5,right_joint_6,right_joint_7,-91.0347221347831,-69.876301778761,86.9286054264966,-89.22210894921064,-52.70300165029121,4.492664721856222,3.7696835605336076,,
1780127637,339780515,right_base_cmd,right_joint_1,right_joint_2,right_joint_3,right_joint_4,right_joint_5,right_joint_6,right_joint_7,-91.15355661681733,-69.88261821178891,86.93950313765518,-89.3351367968029,-52.66725613476709,4.562960619068129,3.777664952759878,,
1780127637,350032674,right_base_cmd,right_joint_1,right_joint_2,right_joint_3,right_joint_4,right_joint_5,right_joint_6,right_joint_7,-91.26053194592836,-69.90813282643599,86.97402424574446,-89.42423889657375,-52.624989985419944,4.597722224783702,3.7864041587711057,,
1780127637,359791449,right_base_cmd,right_joint_1,right_joint_2,right_joint_3,right_joint_4,right_joint_5,right_joint_6,right_joint_7,-91.44458835307333,-69.89916491904394,86.97230497498654,-89.61079813383328,-52.48258579625124,4.694957132667305,3.7649712331176346,,
1780127637,369461488,right_base_cmd,right_joint_1,right_joint_2,right_joint_3,right_joint_4,right_joint_5,right_joint_6,right_joint_7,-91.53938139812593,-69.919491996952,86.98172846197255,-89.70277738853419,-52.371590404597754,4.747793291483283,3.7558206343414753,,
1780127637,379628627,right_base_cmd,right_joint_1,right_joint_2,right_joint_3,right_joint_4,right_joint_5,right_joint_6,right_joint_7,-91.63055258057094,-69.96609660576287,87.01154015046788,-89.78348547966637,-52.289685415992295,4.777930681968151,3.749427584428119,,
1780127637,389970428,right_base_cmd,right_joint_1,right_joint_2,right_joint_3,right_joint_4,right_joint_5,right_joint_6,right_joint_7,-91.71825483735202,-70.03727084133506,87.0603600243223,-89.87007031672739,-52.23406300348407,4.795692400119329,3.75356855117802,,
1780127637,399748960,right_base_cmd,right_joint_1,right_joint_2,right_joint_3,right_joint_4,right_joint_5,right_joint_6,right_joint_7,-91.78291749607493,-70.10034905903457,87.10754016264369,-89.9222478366864,-52.18483015002002,4.797902975188045,3.7474346924466744,,
1780127637,409409922,right_base_cmd,right_joint_1,right_joint_2,right_joint_3,right_joint_4,right_joint_5,right_joint_6,right_joint_7,-91.9334860954896,-70.25937351187135,87.25952494749922,-90.02751131382401,-52.2025317199992,4.7382591769791205,3.7472725274287626,,
1780127637,422873731,right_base_cmd,right_joint_1,right_joint_2,right_joint_3,right_joint_4,right_joint_5,right_joint_6,right_joint_7,-92.0062178836744,-70.31538080490516,87.2975357227368,-90.08148947487531,-52.13446183362751,4.754339512628128,3.7033037127523443,,
1780127637,429652624,right_base_cmd,right_joint_1,right_joint_2,right_joint_3,right_joint_4,right_joint_5,right_joint_6,right_joint_7,-92.04393512904872,-70.34761978140894,87.32463318201988,-90.13397766223103,-52.07456159487387,4.781390662833537,3.6779525224034586,,
1780127637,439686597,right_base_cmd,right_joint_1,right_joint_2,right_joint_3,right_joint_4,right_joint_5,right_joint_6,right_joint_7,-92.09190784073101,-70.39699368217642,87.35863473765423,-90.16345656567792,-52.05802904901165,4.7851945862789265,3.6276355742905224,,
1780127637,452725777,right_base_cmd,right_joint_1,right_joint_2,right_joint_3,right_joint_4,right_joint_5,right_joint_6,right_joint_7,-92.15155507809268,-70.43235353634687,87.38947549158158,-90.21119356312506,-52.04878451548589,4.796665861646552,3.579401033917108,,
1780127637,460389542,right_base_cmd,right_joint_1,right_joint_2,right_joint_3,right_joint_4,right_joint_5,right_joint_6,right_joint_7,-92.23299715665635,-70.57433076659767,87.56881914365161,-90.27453977309956,-52.182379629290125,4.710362993756867,3.6231010790437352,,
1780127637,469792368,right_base_cmd,right_joint_1,right_joint_2,right_joint_3,right_joint_4,right_joint_5,right_joint_6,right_joint_7,-92.27277113509061,-70.62841308163259,87.61844870856541,-90.30476488248617,-52.23172543372377,4.7135580922329225,3.608632051461413,,
1780127637,479797601,right_base_cmd,right_joint_1,right_joint_2,right_joint_3,right_joint_4,right_joint_5,right_joint_6,right_joint_7,-92.31622402207759,-70.68079328974723,87.66181854664225,-90.33333646174897,-52.28542400900173,4.7175173912911035,3.5955194913873783,,
1780127637,489914476,right_base_cmd,right_joint_1,right_joint_2,right_joint_3,right_joint_4,right_joint_5,right_joint_6,right_joint_7,-92.35925302880557,-70.75155315408877,87.72680930188105,-90.35158516275438,-52.349417246068384,4.698157008791561,3.591893006547977,,
1780127637,499821062,right_base_cmd,right_joint_1,right_joint_2,right_joint_3,right_joint_4,right_joint_5,right_joint_6,right_joint_7,-92.38672093837883,-70.80356082865963,87.75732377769847,-90.36374976719823,-52.38605104521449,4.699947827271849,3.5831381352438,,
1780127637,509431146,right_base_cmd,right_joint_1,right_joint_2,right_joint_3,right_joint_4,right_joint_5,right_joint_6,right_joint_7,-92.41663217123457,-70.91855251821171,87.83177045604756,-90.3623590029198,-52.431350461211224,4.656454743692116,3.606786627331914,,
1780127637,519556320,right_base_cmd,right_joint_1,right_joint_2,right_joint_3,right_joint_4,right_joint_5,right_joint_6,right_joint_7,-92.43421426352123,-70.95010766627765,87.832781127358,-90.36248136142889,-52.381078692237935,4.6677174021925865,3.599193985741678,,
1780127637,529529180,right_base_cmd,right_joint_1,right_joint_2,right_joint_3,right_joint_4,right_joint_5,right_joint_6,right_joint_7,-92.43534833620086,-70.98917950199662,87.84477077589926,-90.37213530073372,-52.33989086908426,4.679493782266384,3.6318515028622613,,
1780127637,539606830,right_base_cmd,right_joint_1,right_joint_2,right_joint_3,right_joint_4,right_joint_5,right_joint_6,right_joint_7,-92.44930548297444,-71.01648607773281,87.8420968728258,-90.3703301289075,-52.276539605489944,4.690151903161855,3.6377693061604504,,
1780127637,549754744,right_base_cmd,right_joint_1,right_joint_2,right_joint_3,right_joint_4,right_joint_5,right_joint_6,right_joint_7,-92.47069315822094,-71.05656412712678,87.86452659550523,-90.37201551536772,-52.225096307675955,4.685241026704894,3.659289050962215,,
1780127637,559399895,right_base_cmd,right_joint_1,right_joint_2,right_joint_3,right_joint_4,right_joint_5,right_joint_6,right_joint_7,-92.47366200369927,-71.14001818258602,87.92712164547461,-90.36577542409363,-52.1974203008198,4.655584004176497,3.7428665675713404,,
1780127637,569441211,right_base_cmd,right_joint_1,right_joint_2,right_joint_3,right_joint_4,right_joint_5,right_joint_6,right_joint_7,-92.45612080120057,-71.18624364009413,87.967787252769,-90.36320573228342,-52.16015680732019,4.650398390233995,3.8224252062292265,,
1780127637,579498071,right_base_cmd,right_joint_1,right_joint_2,right_joint_3,right_joint_4,right_joint_5,right_joint_6,right_joint_7,-92.46466750690442,-71.24158234096247,88.01166712317948,-90.36377865257914,-52.15233501617044,4.640885117213095,3.8772422411504834,,
1780127637,590052484,right_base_cmd,right_joint_1,right_joint_2,right_joint_3,right_joint_4,right_joint_5,right_joint_6,right_joint_7,-92.47820661106633,-71.28751919837397,88.05859691053027,-90.36642118368691,-52.152312642760336,4.632922494652867,3.9301475830387034,,
1780127637,599638518,right_base_cmd,right_joint_1,right_joint_2,right_joint_3,right_joint_4,right_joint_5,right_joint_6,right_joint_7,-92.4885237133756,-71.3310205810147,88.09721861517235,-90.37140837012397,-52.163801523076046,4.6336400040792185,3.9793276641520805,,
1780127637,609477721,right_base_cmd,right_joint_1,right_joint_2,right_joint_3,right_joint_4,right_joint_5,right_joint_6,right_joint_7,-92.48730112812765,-71.40752443088134,88.18004041019307,-90.36554652963282,-52.20154771539134,4.604664998124527,4.048660717552238,,
1780127637,619675898,right_base_cmd,right_joint_1,right_joint_2,right_joint_3,right_joint_4,right_joint_5,right_joint_6,right_joint_7,-92.48461265843488,-71.43161639611965,88.19540561160548,-90.36710931545214,-52.191221122570454,4.626978878911821,4.067810436680233,,
1780127637,630148554,right_base_cmd,right_joint_1,right_joint_2,right_joint_3,right_joint_4,right_joint_5,right_joint_6,right_joint_7,-92.45880980028821,-71.46112523202119,88.21937074581237,-90.35945739418169,-52.19472057046815,4.638055986968148,4.101656376531636,,
1780127637,639851290,right_base_cmd,right_joint_1,right_joint_2,right_joint_3,right_joint_4,right_joint_5,right_joint_6,right_joint_7,-92.44172316122874,-71.50217093050243,88.23695194911673,-90.34099505008369,-52.20257287346172,4.640512122080743,4.1025753566286625,,
1780127637,650008467,right_base_cmd,right_joint_1,right_joint_2,right_joint_3,right_joint_4,right_joint_5,right_joint_6,right_joint_7,-92.45407695827456,-71.56498276465466,88.26375354566844,-90.31851812636508,-52.22316870251697,4.6233416005053485,4.075073152409274,,
1780127637,662150096,right_base_cmd,right_joint_1,right_joint_2,right_joint_3,right_joint_4,right_joint_5,right_joint_6,right_joint_7,-92.42902466381375,-71.65025217335513,88.32816879985884,-90.29029537376518,-52.26084773740624,4.598643764939261,4.088549861279304,,
1780127637,669887815,right_base_cmd,right_joint_1,right_joint_2,right_joint_3,right_joint_4,right_joint_5,right_joint_6,right_joint_7,-92.42469043314222,-71.6715894301188,88.33430275333032,-90.28176317823683,-52.23703477880437,4.623297154240397,4.059987179653135,,
1780127637,679758370,right_base_cmd,right_joint_1,right_joint_2,right_joint_3,right_joint_4,right_joint_5,right_joint_6,right_joint_7,-92.42503123103242,-71.6939535168665,88.34279586376371,-90.2808507678969,-52.21708490619292,4.647285438240154,4.0385208993649115,,
1780127637,690683612,right_base_cmd,right_joint_1,right_joint_2,right_joint_3,right_joint_4,right_joint_5,right_joint_6,right_joint_7,-92.40329853617189,-71.71130949136058,88.3543741671339,-90.2711942768333,-52.19942470073241,4.6642256676538025,4.03383667007374,,
1780127637,699703571,right_base_cmd,right_joint_1,right_joint_2,right_joint_3,right_joint_4,right_joint_5,right_joint_6,right_joint_7,-92.39290524688866,-71.74697038313867,88.37806540294346,-90.26435767568286,-52.21035184478583,4.669293478224127,4.022825257342774,,
1780127637,709494429,right_base_cmd,right_joint_1,right_joint_2,right_joint_3,right_joint_4,right_joint_5,right_joint_6,right_joint_7,-92.34437196788585,-71.86714942563778,88.46286255650742,-90.21328209699006,-52.31214602533041,4.607673102077122,4.038520243273908,,
1780127637,719812266,right_base_cmd,right_joint_1,right_joint_2,right_joint_3,right_joint_4,right_joint_5,right_joint_6,right_joint_7,-92.3383026980259,-71.89793545955753,88.47720125204168,-90.20426437062305,-52.32828569299116,4.606613654976691,4.003192219774675,,
1780127637,729757792,right_base_cmd,right_joint_1,right_joint_2,right_joint_3,right_joint_4,right_joint_5,right_joint_6,right_joint_7,-92.31077070718388,-71.93725660755679,88.49917594886236,-90.18324673044789,-52.35232789882801,4.592746224350101,3.9883877041817613,,
1780127637,740191989,right_base_cmd,right_joint_1,right_joint_2,right_joint_3,right_joint_4,right_joint_5,right_joint_6,right_joint_7,-92.2907574833026,-71.97702877560756,88.51584345388366,-90.16267551909336,-52.36972748846753,4.580350434227519,3.9626907228553563,,
1780127637,750138784,right_base_cmd,right_joint_1,right_joint_2,right_joint_3,right_joint_4,right_joint_5,right_joint_6,right_joint_7,-92.29738889361542,-71.99824983866337,88.51847910647999,-90.16231144605054,-52.36253843178153,4.592667666864266,3.9233752904251418,,
1780127637,759467959,right_base_cmd,right_joint_1,right_joint_2,right_joint_3,right_joint_4,right_joint_5,right_joint_6,right_joint_7,-92.25917272027621,-72.01774939363169,88.50150265361552,-90.14321894888714,-52.3285671780321,4.617509044966148,3.8882403868404793,,
1780127637,770133034,right_base_cmd,right_joint_1,right_joint_2,right_joint_3,right_joint_4,right_joint_5,right_joint_6,right_joint_7,-92.23255238105818,-72.01148605247137,88.46261910675949,-90.11985424375378,-52.2600871991759,4.643809463903729,3.830110368317591,,
1780127637,779850379,right_base_cmd,right_joint_1,right_joint_2,right_joint_3,right_joint_4,right_joint_5,right_joint_6,right_joint_7,-92.20221762973372,-72.0233880081769,88.43895010748204,-90.09125069312053,-52.20763966894029,4.649775268933816,3.785887486873989,,
1780127637,789633147,right_base_cmd,right_joint_1,right_joint_2,right_joint_3,right_joint_4,right_joint_5,right_joint_6,right_joint_7,-92.18252113146488,-72.05136868479237,88.44127448194885,-90.05302909318495,-52.17533129291317,4.6244045533885085,3.744711734177585,,
1780127637,799373549,right_base_cmd,right_joint_1,right_joint_2,right_joint_3,right_joint_4,right_joint_5,right_joint_6,right_joint_7,-92.14997792907772,-72.07810528957727,88.43920340654827,-90.02069871424659,-52.1510923505904,4.605956534580692,3.722226304857415,,
1780127637,809949332,right_base_cmd,right_joint_1,right_joint_2,right_joint_3,right_joint_4,right_joint_5,right_joint_6,right_joint_7,-92.13455301736607,-72.08037315973799,88.41078638168787,-90.00118388807108,-52.120553615568866,4.606738350740564,3.683441203498873,,
1780127637,820527604,right_base_cmd,right_joint_1,right_joint_2,right_joint_3,right_joint_4,right_joint_5,right_joint_6,right_joint_7,-92.095327597014,-72.14633467947591,88.4393082757554,-89.95700197322886,-52.16651060062955,4.553968840887144,3.7004016721875104,,
1780127637,829762368,right_base_cmd,right_joint_1,right_joint_2,right_joint_3,right_joint_4,right_joint_5,right_joint_6,right_joint_7,-92.08625432632178,-72.19287948020657,88.47677016384537,-89.93143138294728,-52.20460393827952,4.501667699998286,3.709114332570536,,
1780127637,839996689,right_base_cmd,right_joint_1,right_joint_2,right_joint_3,right_joint_4,right_joint_5,right_joint_6,right_joint_7,-92.06358026994545,-72.22467764018076,88.50172087223731,-89.90613307347799,-52.250006718328194,4.464952122048437,3.724485228279761,,
1780127637,849714168,right_base_cmd,right_joint_1,right_joint_2,right_joint_3,right_joint_4,right_joint_5,right_joint_6,right_joint_7,-92.03812760216775,-72.23456134865411,88.51832121739275,-89.89683404391191,-52.28497549654904,4.443919610287942,3.7444161964961467,,
1780127637,859505141,right_base_cmd,right_joint_1,right_joint_2,right_joint_3,right_joint_4,right_joint_5,right_joint_6,right_joint_7,-91.99750312560005,-72.25014539239142,88.53969843642378,-89.87569679583363,-52.3440731405058,4.413365254004539,3.7653185149159043,,
1780127637,869578161,right_base_cmd,right_joint_1,right_joint_2,right_joint_3,right_joint_4,right_joint_5,right_joint_6,right_joint_7,-91.97462899454607,-72.25866163110437,88.54595753443832,-89.85590985250583,-52.378657508491216,4.3907886657775705,3.7589409970054106,,
1780127637,879711261,right_base_cmd,right_joint_1,right_joint_2,right_joint_3,right_joint_4,right_joint_5,right_joint_6,right_joint_7,-91.96827654372319,-72.27739836193491,88.56202844565823,-89.84803872274536,-52.40993940655525,4.368629921948475,3.75092940666984,,
1780127637,889819561,right_base_cmd,right_joint_1,right_joint_2,right_joint_3,right_joint_4,right_joint_5,right_joint_6,right_joint_7,-91.96186070835509,-72.28920855378273,88.57496654729974,-89.84291808780337,-52.42739077833315,4.355346588646292,3.7420393796407865,,
1780127637,899625531,right_base_cmd,right_joint_1,right_joint_2,right_joint_3,right_joint_4,right_joint_5,right_joint_6,right_joint_7,-91.95673359026412,-72.29982869520667,88.56957748159502,-89.83055444852018,-52.41696381244324,4.357383907411879,3.711565131645088,,
1780127637,909433653,right_base_cmd,right_joint_1,right_joint_2,right_joint_3,right_joint_4,right_joint_5,right_joint_6,right_joint_7,-91.95189677197507,-72.30845259549888,88.57222182833121,-89.81251098695124,-52.38661117138443,4.354578117538161,3.6768539628251773,,
1780127637,919650665,right_base_cmd,right_joint_1,right_joint_2,right_joint_3,right_joint_4,right_joint_5,right_joint_6,right_joint_7,-91.94430544582801,-72.27000586558275,88.52879980526214,-89.79996514901497,-52.31334173002418,4.390050240624426,3.629894149981723,,
1780127637,929645041,right_base_cmd,right_joint_1,right_joint_2,right_joint_3,right_joint_4,right_joint_5,right_joint_6,right_joint_7,-91.9068379750855,-72.26897548003713,88.53790872024544,-89.7848227509793,-52.295969968133846,4.381720957102864,3.6629457753024752,,
1780127637,939577796,right_base_cmd,right_joint_1,right_joint_2,right_joint_3,right_joint_4,right_joint_5,right_joint_6,right_joint_7,-91.89838626060495,-72.26284452474643,88.52926354282485,-89.77222079763222,-52.275661388284476,4.373773572544117,3.672820113218947,,
1780127637,949557730,right_base_cmd,right_joint_1,right_joint_2,right_joint_3,right_joint_4,right_joint_5,right_joint_6,right_joint_7,-91.89413190689848,-72.2760106880822,88.54877379570249,-89.77005719684566,-52.27440358401586,4.348809848340245,3.708857080566574,,
1780127637,961105544,right_base_cmd,right_joint_1,right_joint_2,right_joint_3,right_joint_4,right_joint_5,right_joint_6,right_joint_7,-91.87410861813672,-72.26944727986104,88.56010039428205,-89.75422023145735,-52.25295426721149,4.329876887480118,3.7393984185926428,,
1780127637,969737451,right_base_cmd,right_joint_1,right_joint_2,right_joint_3,right_joint_4,right_joint_5,right_joint_6,right_joint_7,-91.87883249014263,-72.26377450009018,88.5695957462078,-89.75615084251878,-52.24011128917792,4.320677498327889,3.750827427689714,,
1780127637,979514292,right_base_cmd,right_joint_1,right_joint_2,right_joint_3,right_joint_4,right_joint_5,right_joint_6,right_joint_7,-91.88268268731522,-72.24608901663926,88.56735230963315,-89.75960052822178,-52.22134076703665,4.323867564082214,3.75211775279017,,
1780127637,989821666,right_base_cmd,right_joint_1,right_joint_2,right_joint_3,right_joint_4,right_joint_5,right_joint_6,right_joint_7,-91.92914474321552,-72.18153251760909,88.49261200570581,-89.78069261207783,-52.1504451271916,4.382707403019715,3.680896823734926,,
1780127637,999848612,right_base_cmd,right_joint_1,right_joint_2,right_joint_3,right_joint_4,right_joint_5,right_joint_6,right_joint_7,-91.93538102481713,-72.16658346122928,88.48836285405307,-89.78392918280277,-52.13769923084382,4.388629028239684,3.6809042194650914,,
1780127638,9817406,right_base_cmd,right_joint_1,right_joint_2,right_joint_3,right_joint_4,right_joint_5,right_joint_6,right_joint_7,-91.9361980550859,-72.1359500317247,88.45832769519293,-89.77689137148492,-52.11409644767102,4.408655261082238,3.671699049186415,,
1780127638,19686542,right_base_cmd,right_joint_1,right_joint_2,right_joint_3,right_joint_4,right_joint_5,right_joint_6,right_joint_7,-91.93534910977613,-72.12618413620432,88.45116585778905,-89.77101597960588,-52.10886054658684,4.41162467055387,3.677519175396114,,
1780127638,31901915,right_base_cmd,right_joint_1,right_joint_2,right_joint_3,right_joint_4,right_joint_5,right_joint_6,right_joint_7,-91.90110319734035,-72.14952487110266,88.49233132655158,-89.74918126986996,-52.13210484749479,4.372142955146053,3.7344858895940405,,
1780127638,39954881,right_base_cmd,right_joint_1,right_joint_2,right_joint_3,right_joint_4,right_joint_5,right_joint_6,right_joint_7,-91.90373156980863,-72.13871573646072,88.48336343885202,-89.74385551277784,-52.11179410720857,4.371638614721697,3.739839132988763,,
1780127638,49464744,right_base_cmd,right_joint_1,right_joint_2,right_joint_3,right_joint_4,right_joint_5,right_joint_6,right_joint_7,-91.9185002346114,-72.1090324966287,88.44550236685333,-89.74542549536075,-52.07094608065441,4.3957941627635435,3.72073177464425,,
1780127638,59406160,right_base_cmd,right_joint_1,right_joint_2,right_joint_3,right_joint_4,right_joint_5,right_joint_6,right_joint_7,-91.91661964059554,-72.08246748252647,88.3983974918311,-89.72444241800117,-52.03537985767625,4.41835907535512,3.697095897092467,,
1780127638,69982030,right_base_cmd,right_joint_1,right_joint_2,right_joint_3,right_joint_4,right_joint_5,right_joint_6,right_joint_7,-91.90433184903841,-72.09345947507553,88.42751059242786,-89.71717372010063,-52.04866297567051,4.396129204046765,3.738233448904154,,
1780127638,79723543,right_base_cmd,right_joint_1,right_joint_2,right_joint_3,right_joint_4,right_joint_5,right_joint_6,right_joint_7,-91.90256606018247,-72.09170601164648,88.42868452254609,-89.71135207071184,-52.05180491427879,4.392641840654342,3.7531172506681827,,
1780127638,90020786,right_base_cmd,right_joint_1,right_joint_2,right_joint_3,right_joint_4,right_joint_5,right_joint_6,right_joint_7,-91.93368428533475,-72.06577529517416,88.40957906783629,-89.73613391141323,-52.029139915846685,4.416316822221241,3.747850749305016,,
1780127638,99959037,right_base_cmd,right_joint_1,right_joint_2,right_joint_3,right_joint_4,right_joint_5,right_joint_6,right_joint_7,-91.93920248016721,-72.06039207742607,88.4060544844497,-89.73508126536457,-52.02801753454824,4.421378755527265,3.760992809995102,,
1780127638,109433039,right_base_cmd,right_joint_1,right_joint_2,right_joint_3,right_joint_4,right_joint_5,right_joint_6,right_joint_7,-91.93862228184733,-72.10231599979194,88.46724014618238,-89.71714075599813,-52.06159467012722,4.371383900503368,3.824986130489762,,
1780127638,119545308,right_base_cmd,right_joint_1,right_joint_2,right_joint_3,right_joint_4,right_joint_5,right_joint_6,right_joint_7,-91.94160996865517,-72.1034429575317,88.4671462058134,-89.7179898840675,-52.0518781793576,4.377088140798385,3.8584058288260366,,
1780127638,129807734,right_base_cmd,right_joint_1,right_joint_2,right_joint_3,right_joint_4,right_joint_5,right_joint_6,right_joint_7,-91.9564963131468,-72.13995238951738,88.5032444325503,-89.72083795784057,-52.07190141746074,4.352760309973355,3.8974520064087272,,
1780127638,139661780,right_base_cmd,right_joint_1,right_joint_2,right_joint_3,right_joint_4,right_joint_5,right_joint_6,right_joint_7,-91.95345196400311,-72.14461344170878,88.50388943966377,-89.71877976550469,-52.060874154338336,4.356022452627492,3.9198391469604275,,
1780127638,149690536,right_base_cmd,right_joint_1,right_joint_2,right_joint_3,right_joint_4,right_joint_5,right_joint_6,right_joint_7,-91.92172242210611,-72.16085515687202,88.53452199672014,-89.7162909723914,-52.066094292805104,4.339678579038555,3.9794293763948048,,
1780127638,159480581,right_base_cmd,right_joint_1,right_joint_2,right_joint_3,right_joint_4,right_joint_5,right_joint_6,right_joint_7,-91.91504764878803,-72.17250102084473,88.52359262801369,-89.70081055756903,-52.04954007856193,4.334320101402064,3.972298029324108,,
1780127638,169696461,right_base_cmd,right_joint_1,right_joint_2,right_joint_3,right_joint_4,right_joint_5,right_joint_6,right_joint_7,-91.89721102206548,-72.18816997750487,88.52361653804198,-89.68113614431162,-52.03130669960811,4.316477039495574,3.9764416029830016,,
1780127638,179539342,right_base_cmd,right_joint_1,right_joint_2,right_joint_3,right_joint_4,right_joint_5,right_joint_6,right_joint_7,-91.88982524045971,-72.19682101301659,88.51906644589175,-89.66518965029225,-52.0050446437663,4.300796385629162,3.97138014582832,,
1780127638,190000659,right_base_cmd,right_joint_1,right_joint_2,right_joint_3,right_joint_4,right_joint_5,right_joint_6,right_joint_7,-91.90535015107392,-72.1961205140599,88.48544701172696,-89.64381255858144,-51.96344722360587,4.298569659485743,3.9162293488798667,,
1780127638,199631195,right_base_cmd,right_joint_1,right_joint_2,right_joint_3,right_joint_4,right_joint_5,right_joint_6,right_joint_7,-91.89170785640957,-72.21623262434521,88.48715026303873,-89.61846847448824,-51.94688286032263,4.2733344751769735,3.906717096012798,,
1780127638,209514297,right_base_cmd,right_joint_1,right_joint_2,right_joint_3,right_joint_4,right_joint_5,right_joint_6,right_joint_7,-91.89751422154538,-72.23853634314032,88.44675178010394,-89.57701855013353,-51.918140090658966,4.259501089653618,3.8351373664162196,,
1780127638,219766474,right_base_cmd,right_joint_1,right_joint_2,right_joint_3,right_joint_4,right_joint_5,right_joint_6,right_joint_7,-91.88995847900506,-72.26407315591526,88.45838243689141,-89.55778363096148,-51.90690281386557,4.22617416061383,3.8268796181587703,,
1780127638,230432349,right_base_cmd,right_joint_1,right_joint_2,right_joint_3,right_joint_4,right_joint_5,right_joint_6,right_joint_7,-91.892096451389,-72.2829450846191,88.44436466599828,-89.53307043629464,-51.89340444926191,4.208069654116919,3.77849404245363,,
1780127638,240156480,right_base_cmd,right_joint_1,right_joint_2,right_joint_3,right_joint_4,right_joint_5,right_joint_6,right_joint_7,-91.8748760923568,-72.30911674841202,88.45740140674732,-89.50967867230516,-51.90307293335573,4.17536105095099,3.758590409502901,,
1780127638,249776729,right_base_cmd,right_joint_1,right_joint_2,right_joint_3,right_joint_4,right_joint_5,right_joint_6,right_joint_7,-91.83994052211258,-72.3325460514172,88.48251329470102,-89.49169962418155,-51.92128413502215,4.139843234154064,3.765972907727175,,
1780127638,259819499,right_base_cmd,right_joint_1,right_joint_2,right_joint_3,right_joint_4,right_joint_5,right_joint_6,right_joint_7,-91.85119847333644,-72.38067055124232,88.48858702033337,-89.45703449040151,-51.965238368503066,4.095868639881708,3.6953714497248455,,
1780127638,269475126,right_base_cmd,right_joint_1,right_joint_2,right_joint_3,right_joint_4,right_joint_5,right_joint_6,right_joint_7,-91.83205208738545,-72.40247121790703,88.49355693215884,-89.41828816740896,-51.98446515267082,4.059039560528284,3.6610761660383986,,
1780127638,279703769,right_base_cmd,right_joint_1,right_joint_2,right_joint_3,right_joint_4,right_joint_5,right_joint_6,right_joint_7,-91.82142780783019,-72.42755517422343,88.50042746704574,-89.38626810780518,-52.00615581441568,4.0229273898399995,3.6353404586864,,
1780127638,289783438,right_base_cmd,right_joint_1,right_joint_2,right_joint_3,right_joint_4,right_joint_5,right_joint_6,right_joint_7,-91.82091877315426,-72.46176673363728,88.51081781732373,-89.36188519083397,-52.02862345795515,3.9880546809912474,3.611404746749642,,
1780127638,300282688,right_base_cmd,right_joint_1,right_joint_2,right_joint_3,right_joint_4,right_joint_5,right_joint_6,right_joint_7,-91.81083228642635,-72.49284238108869,88.51838079109106,-89.3306357065904,-52.043208266979974,3.9548903253575034,3.5977735727513362,,
1780127638,310249172,right_base_cmd,right_joint_1,right_joint_2,right_joint_3,right_joint_4,right_joint_5,right_joint_6,right_joint_7,-91.74713896760258,-72.51805672791075,88.53281176733239,-89.29656516082675,-52.052614406751246,3.917248979129802,3.6261878479399883,,
1780127638,319449930,right_base_cmd,right_joint_1,right_joint_2,right_joint_3,right_joint_4,right_joint_5,right_joint_6,right_joint_7,-91.72399121177179,-72.53905074596715,88.53570521318701,-89.26094994737083,-52.057596408041974,3.87365966152948,3.605393944636532,,
1780127638,329623054,right_base_cmd,right_joint_1,right_joint_2,right_joint_3,right_joint_4,right_joint_5,right_joint_6,right_joint_7,-91.68794237396142,-72.557920412826,88.56323529354907,-89.237517005089,-52.07399153116407,3.828485163813532,3.622480426770423,,
1780127638,339754958,right_base_cmd,right_joint_1,right_joint_2,right_joint_3,right_joint_4,right_joint_5,right_joint_6,right_joint_7,-91.68503403638616,-72.57523787700508,88.57543540920167,-89.22048590062242,-52.0880297029552,3.7977889051132436,3.6042702284808428,,
1780127638,349652721,right_base_cmd,right_joint_1,right_joint_2,right_joint_3,right_joint_4,right_joint_5,right_joint_6,right_joint_7,-91.6845655813764,-72.59028064370052,88.58770843471328,-89.21280104044952,-52.10236329085356,3.7832329679871535,3.5865084256063113,,
1780127638,359441739,right_base_cmd,right_joint_1,right_joint_2,right_joint_3,right_joint_4,right_joint_5,right_joint_6,right_joint_7,-91.66440836391305,-72.6004426659314,88.60834773771452,-89.19333420589886,-52.12645663786,3.770532425724703,3.5680075976585925,,
1780127638,370316350,right_base_cmd,right_joint_1,right_joint_2,right_joint_3,right_joint_4,right_joint_5,right_joint_6,right_joint_7,-91.64787926731398,-72.60376873165497,88.5996630052725,-89.17279748658054,-52.14447512745957,3.7774718588445992,3.522507707903898,,
1780127638,379637992,right_base_cmd,right_joint_1,right_joint_2,right_joint_3,right_joint_4,right_joint_5,right_joint_6,right_joint_7,-91.62054757963787,-72.6085894489237,88.58473670583234,-89.14336157246409,-52.16318122297801,3.7827648741663964,3.472005235604783,,
1780127638,389716350,right_base_cmd,right_joint_1,right_joint_2,right_joint_3,right_joint_4,right_joint_5,right_joint_6,right_joint_7,-91.61680536045671,-72.61885524736626,88.56480193109181,-89.10459863807797,-52.170390239792226,3.7755714692068025,3.3779708898868392,,
1780127638,399822412,right_base_cmd,right_joint_1,right_joint_2,right_joint_3,right_joint_4,right_joint_5,right_joint_6,right_joint_7,-91.59182688811475,-72.63155425658347,88.55047618465446,-89.07301940265076,-52.17580557061373,3.7711571685658285,3.31648463680618,,
1780127638,409524033,right_base_cmd,right_joint_1,right_joint_2,right_joint_3,right_joint_4,right_joint_5,right_joint_6,right_joint_7,-91.563912973224,-72.69045157185174,88.56463180991224,-89.01898067389875,-52.2113405502549,3.7283615745730643,3.2377766056279,,
1780127638,419609880,right_base_cmd,right_joint_1,right_joint_2,right_joint_3,right_joint_4,right_joint_5,right_joint_6,right_joint_7,-91.55905576074738,-72.70720387846428,88.56329437501606,-88.99617939019687,-52.21027294762311,3.7124522356189757,3.159771216838223,,
1780127638,429533064,right_base_cmd,right_joint_1,right_joint_2,right_joint_3,right_joint_4,right_joint_5,right_joint_6,right_joint_7,-91.55188817088165,-72.73463543626305,88.57587109345079,-88.96904104046821,-52.224257261883025,3.68608801401826,3.0990482392412986,,
1780127638,439628232,right_base_cmd,right_joint_1,right_joint_2,right_joint_3,right_joint_4,right_joint_5,right_joint_6,right_joint_7,-91.53989043648923,-72.75016811202444,88.5798364355928,-88.93875543573303,-52.23233179222402,3.665883633911797,3.0370892178445814,,
1780127638,449518074,right_base_cmd,right_joint_1,right_joint_2,right_joint_3,right_joint_4,right_joint_5,right_joint_6,right_joint_7,-91.50734599728551,-72.76547074952738,88.59968612946423,-88.9138823368357,-52.25191211883558,3.6446646911997007,3.0054930166755156,,
1780127638,459621684,right_base_cmd,right_joint_1,right_joint_2,right_joint_3,right_joint_4,right_joint_5,right_joint_6,right_joint_7,-91.43378254583607,-72.75523652525682,88.5927387508394,-88.8585121424028,-52.264555243536876,3.6309199841755415,2.91599534167635,,
1780127638,469502439,right_base_cmd,right_joint_1,right_joint_2,right_joint_3,right_joint_4,right_joint_5,right_joint_6,right_joint_7,-91.39340881840067,-72.74796371942712,88.57372088026287,-88.81022759048962,-52.28482134534576,3.6174585423223746,2.785319529607918,,
1780127638,479646923,right_base_cmd,right_joint_1,right_joint_2,right_joint_3,right_joint_4,right_joint_5,right_joint_6,right_joint_7,-91.35221352419089,-72.74338113739044,88.55777156844275,-88.76198428313769,-52.31284013214756,3.602307122156681,2.64799074328549,,
1780127638,489586255,right_base_cmd,right_joint_1,right_joint_2,right_joint_3,right_joint_4,right_joint_5,right_joint_6,right_joint_7,-91.35494280387192,-72.76045118269487,88.55791678967492,-88.73036123163673,-52.35709534150848,3.5758279645880364,2.4896151739085752,,
1780127638,499685637,right_base_cmd,right_joint_1,right_joint_2,right_joint_3,right_joint_4,right_joint_5,right_joint_6,right_joint_7,-91.32925685058794,-72.7804647204908,88.56589960669598,-88.69025252577633,-52.408311690108775,3.5524555933201967,2.3609874755140225,,
1780127638,509492356,right_base_cmd,right_joint_1,right_joint_2,right_joint_3,right_joint_4,right_joint_5,right_joint_6,right_joint_7,-91.24094379344902,-72.818700224269,88.61124128848124,-88.62701955008511,-52.503821168993596,3.50799521356749,2.2787223920374657,,
1780127638,519508693,right_base_cmd,right_joint_1,right_joint_2,right_joint_3,right_joint_4,right_joint_5,right_joint_6,right_joint_7,-91.22132042761913,-72.84903594795738,88.60028249109305,-88.55943272457314,-52.564651369583686,3.479674655273989,2.105068087149263,,
1780127638,530439042,right_base_cmd,right_joint_1,right_joint_2,right_joint_3,right_joint_4,right_joint_5,right_joint_6,right_joint_7,-91.18785147293622,-72.87517745992268,88.59810621654779,-88.49894483306112,-52.61616871877263,3.4492838112858024,1.9766702371168066,,
1780127638,539633180,right_base_cmd,right_joint_1,right_joint_2,right_joint_3,right_joint_4,right_joint_5,right_joint_6,right_joint_7,-91.15325332179086,-72.89637534381463,88.5943068291406,-88.44204155407182,-52.657149774914984,3.420591554203561,1.8605853810483808,,
1780127638,549821216,right_base_cmd,right_joint_1,right_joint_2,right_joint_3,right_joint_4,right_joint_5,right_joint_6,right_joint_7,-91.10563631260706,-72.9203953260667,88.59260333919227,-88.386748185304,-52.70000864238247,3.391486509911722,1.760829711565961,,
1780127638,560560772,right_base_cmd,right_joint_1,right_joint_2,right_joint_3,right_joint_4,right_joint_5,right_joint_6,right_joint_7,-91.04914330697201,-72.94473747527537,88.58939442865668,-88.31999330298034,-52.74476522659168,3.3558994346667603,1.629158145879316,,
1780127638,569385301,right_base_cmd,right_joint_1,right_joint_2,right_joint_3,right_joint_4,right_joint_5,right_joint_6,right_joint_7,-91.01857913909484,-72.95577104252591,88.59303387270663,-88.27676538373818,-52.782459048205595,3.3274026532793712,1.4977258217312368,,
1780127638,580103464,right_base_cmd,right_joint_1,right_joint_2,right_joint_3,right_joint_4,right_joint_5,right_joint_6,right_joint_7,-90.98794384700179,-72.9666255668691,88.58539579143334,-88.22637092562992,-52.81657333201568,3.3076489744362974,1.3586395814397605,,
1780127638,589747151,right_base_cmd,right_joint_1,right_joint_2,right_joint_3,right_joint_4,right_joint_5,right_joint_6,right_joint_7,-90.94317980341575,-72.97803880899086,88.58563819811675,-88.18173893087346,-52.85470665857068,3.290176258327797,1.252071736496859,,
1780127638,599873432,right_base_cmd,right_joint_1,right_joint_2,right_joint_3,right_joint_4,right_joint_5,right_joint_6,right_joint_7,-90.90714450296375,-72.9910487494828,88.58107117441423,-88.12733146822286,-52.89627699444813,3.270992453871095,1.1226865558862045,,
1780127638,609726977,right_base_cmd,right_joint_1,right_joint_2,right_joint_3,right_joint_4,right_joint_5,right_joint_6,right_joint_7,-90.86117609475215,-72.99585712017235,88.55092828793059,-88.05507595535552,-52.94309386385234,3.263074897630993,0.9213293769478099,,
1780127638,621560509,right_base_cmd,right_joint_1,right_joint_2,right_joint_3,right_joint_4,right_joint_5,right_joint_6,right_joint_7,-90.82632305776539,-72.99018840764406,88.52798404759082,-87.99641959190559,-52.98428596057258,3.255422948075882,0.7369521166257158,,
1780127638,629569204,right_base_cmd,right_joint_1,right_joint_2,right_joint_3,right_joint_4,right_joint_5,right_joint_6,right_joint_7,-90.78923484302558,-72.9957500591229,88.50960452281996,-87.94210416407681,-53.03815366242,3.24215485496223,0.5664843834747302,,
1780127638,639917645,right_base_cmd,right_joint_1,right_joint_2,right_joint_3,right_joint_4,right_joint_5,right_joint_6,right_joint_7,-90.75387379504744,-73.01303972953504,88.5119625980457,-87.8850652660695,-53.10776828200326,3.21273027241984,0.40809787231829375,,
1780127638,650091626,right_base_cmd,right_joint_1,right_joint_2,right_joint_3,right_joint_4,right_joint_5,right_joint_6,right_joint_7,-90.71075866294021,-73.00369734883442,88.49881610943956,-87.83243456093665,-53.157767053193794,3.20644054850613,0.26325426585013645,,
1780127638,659961112,right_base_cmd,right_joint_1,right_joint_2,right_joint_3,right_joint_4,right_joint_5,right_joint_6,right_joint_7,-90.66821888629548,-73.04447941394945,88.5012180812029,-87.7510474842937,-53.25805360272025,3.1741541844134034,0.048702959057479234,,
1780127638,670259777,right_base_cmd,right_joint_1,right_joint_2,right_joint_3,right_joint_4,right_joint_5,right_joint_6,right_joint_7,-90.62900478876364,-73.06227341212583,88.48952807562071,-87.67695755237072,-53.32588438636142,3.1571364720675845,-0.1634170213806243,,
1780127638,679532301,right_base_cmd,right_joint_1,right_joint_2,right_joint_3,right_joint_4,right_joint_5,right_joint_6,right_joint_7,-90.59500288079366,-73.06835569967167,88.4685707611304,-87.61137224957618,-53.373904790778596,3.14917794428721,-0.3614222867119139,,
1780127638,689525345,right_base_cmd,right_joint_1,right_joint_2,right_joint_3,right_joint_4,right_joint_5,right_joint_6,right_joint_7,-90.53818987788824,-73.08128835444252,88.46447841899825,-87.53807486863282,-53.426978570151306,3.1251952587974827,-0.5346491088898375,,
1780127638,699839513,right_base_cmd,right_joint_1,right_joint_2,right_joint_3,right_joint_4,right_joint_5,right_joint_6,right_joint_7,-90.48739282142063,-73.09182784320997,88.44690670598615,-87.45890526438383,-53.474644231561086,3.104747455166212,-0.7317047078139609,,
1780127638,709408802,right_base_cmd,right_joint_1,right_joint_2,right_joint_3,right_joint_4,right_joint_5,right_joint_6,right_joint_7,-90.42134040964785,-73.10751542342184,88.4102056729188,-87.34350080363681,-53.52317414912491,3.0870348396315492,-1.0306930180576188,,
1780127638,719352386,right_base_cmd,right_joint_1,right_joint_2,right_joint_3,right_joint_4,right_joint_5,right_joint_6,right_joint_7,-90.36026692303543,-73.1154724321478,88.37015214365587,-87.26395023413512,-53.57184663994096,3.089647542453129,-1.316496361483658,,
1780127638,729615507,right_base_cmd,right_joint_1,right_joint_2,right_joint_3,right_joint_4,right_joint_5,right_joint_6,right_joint_7,-90.31732647265719,-73.11412805942474,88.33251823151798,-87.18495188687798,-53.603944241646246,3.0833513591149497,-1.5811933431422318,,
1780127638,740395618,right_base_cmd,right_joint_1,right_joint_2,right_joint_3,right_joint_4,right_joint_5,right_joint_6,right_joint_7,-90.25980670637054,-73.12173712017626,88.31001581009966,-87.10389070423118,-53.65045809683667,3.070912553565286,-1.8290727022485527,,
1780127638,749505841,right_base_cmd,right_joint_1,right_joint_2,right_joint_3,right_joint_4,right_joint_5,right_joint_6,right_joint_7,-90.21380317585735,-73.13468075194386,88.30281350820766,-87.03948882644637,-53.7123451570167,3.0622032839552915,-2.0695853412833713,,
1780127638,759789812,right_base_cmd,right_joint_1,right_joint_2,right_joint_3,right_joint_4,right_joint_5,right_joint_6,right_joint_7,-90.14317587091855,-73.18296582117064,88.32106193605287,-86.93278116045009,-53.84098742174481,3.0323267791279775,-2.4021293730582016,,
1780127638,770403723,right_base_cmd,right_joint_1,right_joint_2,right_joint_3,right_joint_4,right_joint_5,right_joint_6,right_joint_7,-90.08371098568446,-73.19832054932233,88.31906991004362,-86.84437319608288,-53.941338426914314,3.0220565081314206,-2.722094405275655,,
1780127638,779686109,right_base_cmd,right_joint_1,right_joint_2,right_joint_3,right_joint_4,right_joint_5,right_joint_6,right_joint_7,-90.02704550146578,-73.2190090448238,88.31949004725337,-86.75690565903314,-54.043890326000366,3.0106674011696057,-3.0251975792465515,,
1780127638,789759540,right_base_cmd,right_joint_1,right_joint_2,right_joint_3,right_joint_4,right_joint_5,right_joint_6,right_joint_7,-89.95021261029896,-73.23258295435927,88.30736586916285,-86.6679363663318,-54.13965917956111,3.0101945124395186,-3.3104429283136056,,
1780127638,799840520,right_base_cmd,right_joint_1,right_joint_2,right_joint_3,right_joint_4,right_joint_5,right_joint_6,right_joint_7,-89.88917714237803,-73.24873209397607,88.29222821568149,-86.57726558772147,-54.23349640819211,3.0059839324849875,-3.6074465757518084,,
1780127638,809661283,right_base_cmd,right_joint_1,right_joint_2,right_joint_3,right_joint_4,right_joint_5,right_joint_6,right_joint_7,-89.75428888464657,-73.2722322933089,88.31283312260112,-86.47494381361345,-54.367375494609036,2.991976085758502,-3.886483793750031,,
1780127638,819763359,right_base_cmd,right_joint_1,right_joint_2,right_joint_3,right_joint_4,right_joint_5,right_joint_6,right_joint_7,-89.70379721833822,-73.29225338029217,88.29730246825491,-86.38169772992889,-54.465778420860175,2.98277677019059,-4.225695289077706,,
1780127638,829763474,right_base_cmd,right_joint_1,right_joint_2,right_joint_3,right_joint_4,right_joint_5,right_joint_6,right_joint_7,-89.64484701714017,-73.28493106796914,88.26474377541402,-86.3088270685438,-54.52359229649247,2.9988576898123327,-4.522717800126728,,
1780127638,839725070,right_base_cmd,right_joint_1,right_joint_2,right_joint_3,right_joint_4,right_joint_5,right_joint_6,right_joint_7,-89.59235832438875,-73.28249037835901,88.22744886476974,-86.23368595793092,-54.57182525311791,3.0145739097150184,-4.810286834693798,,
1780127638,849773523,right_base_cmd,right_joint_1,right_joint_2,right_joint_3,right_joint_4,right_joint_5,right_joint_6,right_joint_7,-89.55805597276284,-73.27124336357828,88.19054977714578,-86.1851259335332,-54.61117920790687,3.0477316165395862,-5.08568211140944,,
1780127638,859447580,right_base_cmd,right_joint_1,right_joint_2,right_joint_3,right_joint_4,right_joint_5,right_joint_6,right_joint_7,-89.46804747552673,-73.301151119534,88.20418661314923,-86.10418381195463,-54.71143390875929,3.051762720815482,-5.387033996719609,,
1780127638,870192610,right_base_cmd,right_joint_1,right_joint_2,right_joint_3,right_joint_4,right_joint_5,right_joint_6,right_joint_7,-89.40763868245202,-73.27108427753178,88.12786911569722,-86.03247701489478,-54.73691324536978,3.1153935144809637,-5.726184565803138,,
1780127638,879845240,right_base_cmd,right_joint_1,right_joint_2,right_joint_3,right_joint_4,right_joint_5,right_joint_6,right_joint_7,-89.34798228395672,-73.27271923017442,88.08930173375617,-85.94804639600365,-54.781903592181976,3.1367733775898117,-6.032148169748282,,
1780127638,889756206,right_base_cmd,right_joint_1,right_joint_2,right_joint_3,right_joint_4,right_joint_5,right_joint_6,right_joint_7,-89.2826232591552,-73.27592520265445,88.06643511605509,-85.86397354116242,-54.811454119010904,3.139679525189088,-6.30399665709696,,
1780127638,899622687,right_base_cmd,right_joint_1,right_joint_2,right_joint_3,right_joint_4,right_joint_5,right_joint_6,right_joint_7,-89.21977078881335,-73.27805273618704,88.02695925730987,-85.78040793783624,-54.82371028343832,3.148230988154644,-6.577797352270366,,
1780127638,909508590,right_base_cmd,right_joint_1,right_joint_2,right_joint_3,right_joint_4,right_joint_5,right_joint_6,right_joint_7,-89.09073893635454,-73.2941064138845,87.99335347005055,-85.66485248642853,-54.83341611981896,3.1436213186394824,-6.894834689420364,,
1780127638,919608059,right_base_cmd,right_joint_1,right_joint_2,right_joint_3,right_joint_4,right_joint_5,right_joint_6,right_joint_7,-89.01761664546754,-73.2863538181485,87.93644545743044,-85.56297169647412,-54.80682855519879,3.1429129484749367,-7.2408705560686855,,
1780127638,929797011,right_base_cmd,right_joint_1,right_joint_2,right_joint_3,right_joint_4,right_joint_5,right_joint_6,right_joint_7,-88.96273275621493,-73.27867599942091,87.89764230417669,-85.48340213506141,-54.778037521937875,3.1432185901852066,-7.553787601935042,,
1780127638,939567835,right_base_cmd,right_joint_1,right_joint_2,right_joint_3,right_joint_4,right_joint_5,right_joint_6,right_joint_7,-88.90608147365211,-73.27245841109881,87.85231005697042,-85.40076825595357,-54.74779363507233,3.1496454615227734,-7.848576400648497,,
1780127638,949689000,right_base_cmd,right_joint_1,right_joint_2,right_joint_3,right_joint_4,right_joint_5,right_joint_6,right_joint_7,-88.86766475673332,-73.28669048672147,87.8231040954017,-85.31659142365102,-54.731819911397025,3.143264799658489,-8.129090533702382,,
1780127638,959426717,right_base_cmd,right_joint_1,right_joint_2,right_joint_3,right_joint_4,right_joint_5,right_joint_6,right_joint_7,-88.79200353925754,-73.32465603515932,87.81354685241396,-85.21281724959046,-54.737735736092276,3.1366469854011783,-8.422400606701004,,
1780127638,969377484,right_base_cmd,right_joint_1,right_joint_2,right_joint_3,right_joint_4,right_joint_5,right_joint_6,right_joint_7,-88.73933333072088,-73.3312525796215,87.7774572665841,-85.13034509049608,-54.71810435196889,3.148820518640271,-8.691278004135157,,
1780127638,979658915,right_base_cmd,right_joint_1,right_joint_2,right_joint_3,right_joint_4,right_joint_5,right_joint_6,right_joint_7,-88.69248050689734,-73.32640377296049,87.74258846901981,-85.06786533697188,-54.695150642451296,3.1638339539175107,-8.921093484261931,,
1780127638,989845402,right_base_cmd,right_joint_1,right_joint_2,right_joint_3,right_joint_4,right_joint_5,right_joint_6,right_joint_7,-88.63845049934613,-73.31036263119906,87.69939480099688,-85.01632802103411,-54.669011982083276,3.1840380200284883,-9.123322261890351,,
1780127638,999843527,right_base_cmd,right_joint_1,right_joint_2,right_joint_3,right_joint_4,right_joint_5,right_joint_6,right_joint_7,-88.5945614283464,-73.2984258481974,87.6692517633526,-84.96566879732156,-54.6513301196791,3.1891462898922285,-9.314594866624375,,
1780127639,9439047,right_base_cmd,right_joint_1,right_joint_2,right_joint_3,right_joint_4,right_joint_5,right_joint_6,right_joint_7,-88.57582374249372,-73.30236243180373,87.68478473603042,-84.93895801538885,-54.663662591103986,3.1771983883780948,-9.517382043465958,,
1780127639,19432574,right_base_cmd,right_joint_1,right_joint_2,right_joint_3,right_joint_4,right_joint_5,right_joint_6,right_joint_7,-88.59704420018696,-73.28187514728093,87.64015429938675,-84.92265633148374,-54.642907612571975,3.215045197150353,-9.751156259536586,,
1780127639,29856262,right_base_cmd,right_joint_1,right_joint_2,right_joint_3,right_joint_4,right_joint_5,right_joint_6,right_joint_7,-88.58771482030787,-73.25657478969164,87.6052141996407,-84.8979620486157,-54.621059908866386,3.254957447551824,-9.928020245629185,,
1780127639,40179081,right_base_cmd,right_joint_1,right_joint_2,right_joint_3,right_joint_4,right_joint_5,right_joint_6,right_joint_7,-88.5955284008273,-73.23777296937887,87.56115380728275,-84.88221773159746,-54.603940202188,3.2975259013227927,-10.081709613938031,,
1780127639,49770743,right_base_cmd,right_joint_1,right_joint_2,right_joint_3,right_joint_4,right_joint_5,right_joint_6,right_joint_7,-88.60542771477034,-73.20142489949741,87.5136281227864,-84.8817994163518,-54.57237027375314,3.3516651989802497,-10.213203235744928,,
1780127639,60310965,right_base_cmd,right_joint_1,right_joint_2,right_joint_3,right_joint_4,right_joint_5,right_joint_6,right_joint_7,-88.58733186772119,-73.1740661423794,87.46891376145939,-84.86530025656135,-54.54621300026602,3.392275286957677,-10.309376109639757,,
1780127639,71593897,right_base_cmd,right_joint_1,right_joint_2,right_joint_3,right_joint_4,right_joint_5,right_joint_6,right_joint_7,-88.56480703065048,-73.12732431601701,87.39390012295442,-84.85700798802141,-54.493842867834445,3.4482153185383098,-10.398401071890433,,
1780127639,79821967,right_base_cmd,right_joint_1,right_joint_2,right_joint_3,right_joint_4,right_joint_5,right_joint_6,right_joint_7,-88.55510100136658,-73.12655723086097,87.3843357445194,-84.84604227746486,-54.493060533036186,3.448081432198201,-10.44711324296135,,
1780127639,90112576,right_base_cmd,right_joint_1,right_joint_2,right_joint_3,right_joint_4,right_joint_5,right_joint_6,right_joint_7,-88.57791442114856,-73.13717284472831,87.37312048773597,-84.84010915999296,-54.49844479180146,3.4460131184766922,-10.509869024241894,,
1780127639,99909334,right_base_cmd,right_joint_1,right_joint_2,right_joint_3,right_joint_4,right_joint_5,right_joint_6,right_joint_7,-88.6007741727449,-73.13621463286428,87.38191031393231,-84.8578523665691,-54.499368658341524,3.444367391924068,-10.516533134254317,,
1780127639,109427084,right_base_cmd,right_joint_1,right_joint_2,right_joint_3,right_joint_4,right_joint_5,right_joint_6,right_joint_7,-88.61399139192693,-73.07121799698662,87.32282661045556,-84.89692860203657,-54.44524141534376,3.4999173986153735,-10.517467987840647,,
1780127639,119468878,right_base_cmd,right_joint_1,right_joint_2,right_joint_3,right_joint_4,right_joint_5,right_joint_6,right_joint_7,-88.63060138775475,-73.05840454988216,87.32621000827064,-84.91779925408731,-54.4516490749962,3.5020940291451623,-10.5028455684958,,
1780127639,129584338,right_base_cmd,right_joint_1,right_joint_2,right_joint_3,right_joint_4,right_joint_5,right_joint_6,right_joint_7,-88.66440814010107,-73.0096993018516,87.26012364705284,-84.91654901130819,-54.41426347086494,3.5420656401536306,-10.574768096435903,,
1780127639,139548842,right_base_cmd,right_joint_1,right_joint_2,right_joint_3,right_joint_4,right_joint_5,right_joint_6,right_joint_7,-88.66617552612311,-72.98403880935304,87.24650524969567,-84.92776742160534,-54.41327163652139,3.5581943798052365,-10.584215916551173,,
1780127639,149610543,right_base_cmd,right_joint_1,right_joint_2,right_joint_3,right_joint_4,right_joint_5,right_joint_6,right_joint_7,-88.68043697463602,-72.97177134731068,87.23069997432,-84.9262318525473,-54.4198800904646,3.5647985106949207,-10.621671961425662,,
1780127639,159447935,right_base_cmd,right_joint_1,right_joint_2,right_joint_3,right_joint_4,right_joint_5,right_joint_6,right_joint_7,-88.69710880865367,-72.95545550890758,87.22782756469334,-84.9475640916627,-54.43331071623098,3.575730627967296,-10.653060857125027,,
1780127639,169515934,right_base_cmd,right_joint_1,right_joint_2,right_joint_3,right_joint_4,right_joint_5,right_joint_6,right_joint_7,-88.70083000384656,-72.94237338040718,87.21982591686199,-84.9541597305031,-54.44637993623118,3.5855437522307128,-10.679116188455978,,
1780127639,179619655,right_base_cmd,right_joint_1,right_joint_2,right_joint_3,right_joint_4,right_joint_5,right_joint_6,right_joint_7,-88.70465332326185,-72.93100880574504,87.21341581325291,-84.96135944339723,-54.45755301165539,3.5927367482141292,-10.698779618124675,,
1780127639,189669231,right_base_cmd,right_joint_1,right_joint_2,right_joint_3,right_joint_4,right_joint_5,right_joint_6,right_joint_7,-88.71764618256279,-72.92592623705174,87.20420012639019,-84.961927237208,-54.46718062830868,3.597821565239947,-10.72259725406532,,
1780127639,199774669,right_base_cmd,right_joint_1,right_joint_2,right_joint_3,right_joint_4,right_joint_5,right_joint_6,right_joint_7,-88.72781317977788,-72.92978918739642,87.21095791761783,-84.96519352575764,-54.48265566406613,3.5923349329447163,-10.72309129718424,,
1780127639,209540652,right_base_cmd,right_joint_1,right_joint_2,right_joint_3,right_joint_4,right_joint_5,right_joint_6,right_joint_7,-88.69929555354057,-72.9090433233779,87.20701273029809,-84.97389370938306,-54.47052518636835,3.5979015829837593,-10.670701820334571,,
1780127639,220599714,right_base_cmd,right_joint_1,right_joint_2,right_joint_3,right_joint_4,right_joint_5,right_joint_6,right_joint_7,-88.70924363636541,-72.8967955065569,87.1946935779064,-84.98591411553902,-54.45058565203979,3.597553620058143,-10.656972348402306,,
1780127639,229631084,right_base_cmd,right_joint_1,right_joint_2,right_joint_3,right_joint_4,right_joint_5,right_joint_6,right_joint_7,-88.67814517228263,-72.86566786064431,87.18031972116111,-84.99863561214381,-54.40247114043066,3.6036705820653268,-10.612841228773803,,
1780127639,239721917,right_base_cmd,right_joint_1,right_joint_2,right_joint_3,right_joint_4,right_joint_5,right_joint_6,right_joint_7,-88.68196268035021,-72.84741801099604,87.15993620996514,-85.0111199318002,-54.35647083543384,3.6035128098357703,-10.613680582028692,,
1780127639,249535353,right_base_cmd,right_joint_1,right_joint_2,right_joint_3,right_joint_4,right_joint_5,right_joint_6,right_joint_7,-88.69108250212989,-72.84694375739458,87.16418540325466,-85.02441456182841,-54.32712511242275,3.5886305829265055,-10.610297593851627,,
1780127639,259895465,right_base_cmd,right_joint_1,right_joint_2,right_joint_3,right_joint_4,right_joint_5,right_joint_6,right_joint_7,-88.6687160204103,-72.8365980555384,87.1679590491079,-85.0364381652861,-54.28763951752407,3.5703189473973183,-10.567968494584889,,
1780127639,269741093,right_base_cmd,right_joint_1,right_joint_2,right_joint_3,right_joint_4,right_joint_5,right_joint_6,right_joint_7,-88.66831327592476,-72.83000745033799,87.15572651155244,-85.0398380224736,-54.25154036087363,3.550491821544206,-10.557647444164573,,
1780127639,279883646,right_base_cmd,right_joint_1,right_joint_2,right_joint_3,right_joint_4,right_joint_5,right_joint_6,right_joint_7,-88.66963808754488,-72.82557827709566,87.1503557579135,-85.0411680387261,-54.223124243478054,3.5254494197590773,-10.5445241176741,,
1780127639,289717619,right_base_cmd,right_joint_1,right_joint_2,right_joint_3,right_joint_4,right_joint_5,right_joint_6,right_joint_7,-88.69506128602737,-72.80033300922271,87.10200014633679,-85.05148762219893,-54.164682034434776,3.533083688086556,-10.581582086899303,,
1780127639,299629039,right_base_cmd,right_joint_1,right_joint_2,right_joint_3,right_joint_4,right_joint_5,right_joint_6,right_joint_7,-88.70151918965095,-72.78812118965324,87.08498232015663,-85.05757767358376,-54.12221732247784,3.517430636523393,-10.57816346996573,,
1780127639,310205082,right_base_cmd,right_joint_1,right_joint_2,right_joint_3,right_joint_4,right_joint_5,right_joint_6,right_joint_7,-88.6776584123975,-72.78082740812273,87.07555798642895,-85.05142771028524,-54.06138000618685,3.4796881677779723,-10.529581645310955,,
1780127639,320213985,right_base_cmd,right_joint_1,right_joint_2,right_joint_3,right_joint_4,right_joint_5,right_joint_6,right_joint_7,-88.6643616463044,-72.78387331598687,87.08964057657178,-85.05634408173746,-54.010488686306275,3.4267765609718666,-10.46796342631832,,
1780127639,329829247,right_base_cmd,right_joint_1,right_joint_2,right_joint_3,right_joint_4,right_joint_5,right_joint_6,right_joint_7,-88.66559622164735,-72.80103655807962,87.09143539247677,-85.06593928784697,-53.95332681194495,3.385611716222293,-10.42598482653922,,
1780127639,339709517,right_base_cmd,right_joint_1,right_joint_2,right_joint_3,right_joint_4,right_joint_5,right_joint_6,right_joint_7,-88.66780144093102,-72.80277874886077,87.06178665987224,-85.06643196293466,-53.845528040969015,3.3588398360577756,-10.4079982388363,,
1780127639,349584763,right_base_cmd,right_joint_1,right_joint_2,right_joint_3,right_joint_4,right_joint_5,right_joint_6,right_joint_7,-88.6657146352704,-72.79720869799094,87.04064464605474,-85.06694348191162,-53.71740288996281,3.323637611404827,-10.370311639167042,,
1780127639,359395366,right_base_cmd,right_joint_1,right_joint_2,right_joint_3,right_joint_4,right_joint_5,right_joint_6,right_joint_7,-88.66931181594182,-72.7392998358779,86.86638118469207,-85.06025956032512,-53.40011528694126,3.371116199531521,-10.405307268859943,,
1780127639,369555696,right_base_cmd,right_joint_1,right_joint_2,right_joint_3,right_joint_4,right_joint_5,right_joint_6,right_joint_7,-88.68178685574762,-72.71546732653105,86.77504852672169,-85.06951692228235,-53.09616071210971,3.365505286107073,-10.37807271210967,,
1780127639,379745510,right_base_cmd,right_joint_1,right_joint_2,right_joint_3,right_joint_4,right_joint_5,right_joint_6,right_joint_7,-88.6859344902974,-72.69402012063314,86.67778431673585,-85.0722360623708,-52.7571758425502,3.357628904291353,-10.346396285818528,,
1780127639,389478993,right_base_cmd,right_joint_1,right_joint_2,right_joint_3,right_joint_4,right_joint_5,right_joint_6,right_joint_7,-88.67141697851773,-72.6907356522188,86.627650135283,-85.07655265074119,-52.41947501200295,3.3206055405673354,-10.261062631071425,,
1780127639,399510929,right_base_cmd,right_joint_1,right_joint_2,right_joint_3,right_joint_4,right_joint_5,right_joint_6,right_joint_7,-88.6760685088145,-72.67996488943056,86.53699803807538,-85.08360657414279,-52.04041371339784,3.308130232807464,-10.2171028063931,,
1780127639,409414192,right_base_cmd,right_joint_1,right_joint_2,right_joint_3,right_joint_4,right_joint_5,right_joint_6,right_joint_7,-88.69410842408999,-72.682017112623,86.49787058209168,-85.09948740020015,-51.67089086433114,3.268218533435352,-10.143963740879954,,
1780127639,419540728,right_base_cmd,right_joint_1,right_joint_2,right_joint_3,right_joint_4,right_joint_5,right_joint_6,right_joint_7,-88.70284177480553,-72.63213034146271,86.27147646303055,-85.103242685782,-51.06582625101797,3.3359510178919507,-10.144027142210021,,
1780127639,430792062,right_base_cmd,right_joint_1,right_joint_2,right_joint_3,right_joint_4,right_joint_5,right_joint_6,right_joint_7,-88.7206964158784,-72.60940859498949,86.19324883405514,-85.14230195208081,-50.54825226377696,3.329843049768961,-10.025260538720616,,
1780127639,439735093,right_base_cmd,right_joint_1,right_joint_2,right_joint_3,right_joint_4,right_joint_5,right_joint_6,right_joint_7,-88.73392249204326,-72.59223176342972,86.08411060198765,-85.17038828654337,-50.02857438136007,3.3450375614066914,-9.93249857427709,,
1780127639,449950012,right_base_cmd,right_joint_1,right_joint_2,right_joint_3,right_joint_4,right_joint_5,right_joint_6,right_joint_7,-88.73447653772652,-72.59880315623288,86.02803031198451,-85.19556377290606,-49.54179658410922,3.3290067151851375,-9.796743975462917,,
1780127639,459530461,right_base_cmd,right_joint_1,right_joint_2,right_joint_3,right_joint_4,right_joint_5,right_joint_6,right_joint_7,-88.75308256698943,-72.59057723314483,85.79115040152797,-85.22003364903618,-48.77898959019515,3.410647806931429,-9.7465480249639,,
1780127639,471536938,right_base_cmd,right_joint_1,right_joint_2,right_joint_3,right_joint_4,right_joint_5,right_joint_6,right_joint_7,-88.7660249560399,-72.56959035129388,85.65066344143074,-85.25833973224861,-48.03087168122451,3.4314449026691776,-9.643187436752171,,
1780127639,481670285,right_base_cmd,right_joint_1,right_joint_2,right_joint_3,right_joint_4,right_joint_5,right_joint_6,right_joint_7,-88.77521329309545,-72.5313746955999,85.51714546314301,-85.29491639813291,-47.318587937047056,3.454472857217759,-9.562403766899834,,
1780127639,489761218,right_base_cmd,right_joint_1,right_joint_2,right_joint_3,right_joint_4,right_joint_5,right_joint_6,right_joint_7,-88.79335687730227,-72.48168354153951,85.35252107073828,-85.31955801500602,-46.61975412862287,3.487232282067744,-9.538392175719267,,
1780127639,499793422,right_base_cmd,right_joint_1,right_joint_2,right_joint_3,right_joint_4,right_joint_5,right_joint_6,right_joint_7,-88.7909813907136,-72.42999359559498,85.20032058109885,-85.34207971468119,-45.949863648443824,3.5193496148401167,-9.507904794744846,,
1780127639,509430542,right_base_cmd,right_joint_1,right_joint_2,right_joint_3,right_joint_4,right_joint_5,right_joint_6,right_joint_7,-88.77295521899916,-72.38559254207298,84.94476616872615,-85.3583388026765,-45.09540957633939,3.593410641343617,-9.498312210231873,,
1780127639,522302672,right_base_cmd,right_joint_1,right_joint_2,right_joint_3,right_joint_4,right_joint_5,right_joint_6,right_joint_7,-88.80006153596148,-72.36705038071393,84.81919332236035,-85.40058220795028,-44.35632124755503,3.590620215854365,-9.437805657064203,,
1780127639,529869548,right_base_cmd,right_joint_1,right_joint_2,right_joint_3,right_joint_4,right_joint_5,right_joint_6,right_joint_7,-88.8072022138825,-72.3622721821339,84.71549207334064,-85.41674373786942,-43.68080957036668,3.5646452254832255,-9.375354550619889,,
1780127639,539565907,right_base_cmd,right_joint_1,right_joint_2,right_joint_3,right_joint_4,right_joint_5,right_joint_6,right_joint_7,-88.81585771527753,-72.33486445239562,84.58477376213577,-85.4561699118806,-43.009204554620936,3.5760727171557463,-9.320863127159228,,
1780127639,549741817,right_base_cmd,right_joint_1,right_joint_2,right_joint_3,right_joint_4,right_joint_5,right_joint_6,right_joint_7,-88.81434434383235,-72.3150996036235,84.48930114933862,-85.49117853617925,-42.36999334710438,3.569605357577423,-9.233206877611408,,
1780127639,559400132,right_base_cmd,right_joint_1,right_joint_2,right_joint_3,right_joint_4,right_joint_5,right_joint_6,right_joint_7,-88.81372714544582,-72.21248635004783,84.19019628287006,-85.56198107206752,-41.427077150965175,3.6857146328044976,-9.231197977663683,,
1780127639,569915440,right_base_cmd,right_joint_1,right_joint_2,right_joint_3,right_joint_4,right_joint_5,right_joint_6,right_joint_7,-88.82521579744989,-72.17253426867559,84.05408483051863,-85.6171311969385,-40.63762000345932,3.6926063805756897,-9.147754700755357,,
1780127639,579645610,right_base_cmd,right_joint_1,right_joint_2,right_joint_3,right_joint_4,right_joint_5,right_joint_6,right_joint_7,-88.82223719296482,-72.14147122449255,83.94978128451422,-85.67074090561756,-39.912256512028335,3.6922946681321562,-9.039738406975417,,
1780127639,589710508,right_base_cmd,right_joint_1,right_joint_2,right_joint_3,right_joint_4,right_joint_5,right_joint_6,right_joint_7,-88.81541424628054,-72.10483511771044,83.83825846224588,-85.72007498589961,-39.21816817937034,3.694034360646249,-8.957242964058324,,
1780127639,603363619,right_base_cmd,right_joint_1,right_joint_2,right_joint_3,right_joint_4,right_joint_5,right_joint_6,right_joint_7,-88.81515029922431,-72.06114795936061,83.70270850892408,-85.764383834475,-38.53960161888787,3.7057594203608986,-8.923778139902325,,
1780127639,609696059,right_base_cmd,right_joint_1,right_joint_2,right_joint_3,right_joint_4,right_joint_5,right_joint_6,right_joint_7,-88.77979139559855,-72.0403177952622,83.52830591491332,-85.77936030542539,-37.77457324745373,3.7187470713859128,-8.909840818071544,,
1780127639,620373839,right_base_cmd,right_joint_1,right_joint_2,right_joint_3,right_joint_4,right_joint_5,right_joint_6,right_joint_7,-88.79760507743188,-72.0339226892764,83.43944049395586,-85.80120118040374,-37.14271537992309,3.6781707489574345,-8.890986284158501,,
1780127639,629881061,right_base_cmd,right_joint_1,right_joint_2,right_joint_3,right_joint_4,right_joint_5,right_joint_6,right_joint_7,-88.77812890939029,-72.04107092766442,83.41166148110867,-85.82386779062837,-36.61334018536266,3.639530709973549,-8.810305069364873,,
1780127639,639739128,right_base_cmd,right_joint_1,right_joint_2,right_joint_3,right_joint_4,right_joint_5,right_joint_6,right_joint_7,-88.77443556139875,-72.05126330344804,83.36667886579161,-85.84226071808241,-36.14989621560099,3.619269528976538,-8.770896810167258,,
1780127639,649497131,right_base_cmd,right_joint_1,right_joint_2,right_joint_3,right_joint_4,right_joint_5,right_joint_6,right_joint_7,-88.77682880735418,-72.07245776786131,83.34378948500265,-85.84444120219878,-35.7660719559498,3.579531396846569,-8.73980272289488,,
1780127639,659297501,right_base_cmd,right_joint_1,right_joint_2,right_joint_3,right_joint_4,right_joint_5,right_joint_6,right_joint_7,-88.78379772965255,-72.05986099225659,83.24354209909748,-85.8953897019173,-35.28850149509722,3.6111930791653393,-8.75533975020251,,
1780127639,669628302,right_base_cmd,right_joint_1,right_joint_2,right_joint_3,right_joint_4,right_joint_5,right_joint_6,right_joint_7,-88.78068689559976,-72.04181667831104,83.18787758047822,-85.92269935812028,-34.87678505830789,3.6123002164471885,-8.749236060363799,,
1780127639,679523763,right_base_cmd,right_joint_1,right_joint_2,right_joint_3,right_joint_4,right_joint_5,right_joint_6,right_joint_7,-88.7787114298259,-72.01467462806268,83.12104786990844,-85.94832270199232,-34.4964762047027,3.621645468318782,-8.758334192019689,,
1780127639,689489163,right_base_cmd,right_joint_1,right_joint_2,right_joint_3,right_joint_4,right_joint_5,right_joint_6,right_joint_7,-88.76751714328881,-72.01069020620419,83.08467260933449,-85.97087208535562,-34.161695310454405,3.629794931794443,-8.734968002644237,,
1780127639,701301937,right_base_cmd,right_joint_1,right_joint_2,right_joint_3,right_joint_4,right_joint_5,right_joint_6,right_joint_7,-88.771901204199,-71.97886799574998,83.0065300689212,-86.0033843069187,-33.80547774599327,3.6562801295025977,-8.75164747971725,,
1780127639,709403763,right_base_cmd,right_joint_1,right_joint_2,right_joint_3,right_joint_4,right_joint_5,right_joint_6,right_joint_7,-88.74982392362446,-71.91068354448011,82.83909904285062,-86.07661449075279,-33.27740614346581,3.748956710588807,-8.785800305961132,,
1780127639,719563122,right_base_cmd,right_joint_1,right_joint_2,right_joint_3,right_joint_4,right_joint_5,right_joint_6,right_joint_7,-88.74271731268468,-71.86986636205951,82.73458686709003,-86.11283394922067,-32.810514270101834,3.7678819187518187,-8.799560463389426,,
1780127639,729664186,right_base_cmd,right_joint_1,right_joint_2,right_joint_3,right_joint_4,right_joint_5,right_joint_6,right_joint_7,-88.71074559962821,-71.84604233216471,82.64326414130304,-86.13585260584894,-32.376743243287905,3.779064633381786,-8.789628488776728,,
1780127639,740005740,right_base_cmd,right_joint_1,right_joint_2,right_joint_3,right_joint_4,right_joint_5,right_joint_6,right_joint_7,-88.684515633823,-71.8297805847185,82.54073175613158,-86.1559527330884,-31.945391082716554,3.781334978204548,-8.794400254515963,,
1780127639,750629776,right_base_cmd,right_joint_1,right_joint_2,right_joint_3,right_joint_4,right_joint_5,right_joint_6,right_joint_7,-88.6552268974286,-71.83227710508693,82.49058344701459,-86.16935762856828,-31.55044442547043,3.7511426293154457,-8.7541276627651,,
1780127639,760206280,right_base_cmd,right_joint_1,right_joint_2,right_joint_3,right_joint_4,right_joint_5,right_joint_6,right_joint_7,-88.63236484834871,-71.80968634966617,82.27519153107843,-86.19488130865149,-30.962844057729882,3.7733923856113236,-8.83251602221101,,
1780127639,769927669,right_base_cmd,right_joint_1,right_joint_2,right_joint_3,right_joint_4,right_joint_5,right_joint_6,right_joint_7,-88.62406488701114,-71.79817162738176,82.1939552671839,-86.2265856110944,-30.444658730216446,3.7363591224157133,-8.809048514719748,,
1780127639,780406924,right_base_cmd,right_joint_1,right_joint_2,right_joint_3,right_joint_4,right_joint_5,right_joint_6,right_joint_7,-88.62238116203625,-71.78087377728583,82.11090414129157,-86.26643587750529,-29.948432397084815,3.714974397149099,-8.793194465508137,,
1780127639,789750817,right_base_cmd,right_joint_1,right_joint_2,right_joint_3,right_joint_4,right_joint_5,right_joint_6,right_joint_7,-88.61621988607871,-71.78014993342744,82.07552036408069,-86.32101913383657,-29.495441276229002,3.6965639217811557,-8.727170622210068,,
1780127639,799751550,right_base_cmd,right_joint_1,right_joint_2,right_joint_3,right_joint_4,right_joint_5,right_joint_6,right_joint_7,-88.60543962486204,-71.76554651410852,81.9755615951527,-86.36231836337937,-29.00728683063707,3.6917371555272283,-8.718969618993881,,
1780127639,809424917,right_base_cmd,right_joint_1,right_joint_2,right_joint_3,right_joint_4,right_joint_5,right_joint_6,right_joint_7,-88.57983261883751,-71.73292027005864,81.7622895589694,-86.40621454824135,-28.343564002283216,3.7135185729602043,-8.785889941865506,,
1780127639,819581759,right_base_cmd,right_joint_1,right_joint_2,right_joint_3,right_joint_4,right_joint_5,right_joint_6,right_joint_7,-88.58456861407618,-71.71300458244441,81.64653558168393,-86.44786541235591,-27.756024808296644,3.6696881746245893,-8.798078185915031,,
1780127639,829601076,right_base_cmd,right_joint_1,right_joint_2,right_joint_3,right_joint_4,right_joint_5,right_joint_6,right_joint_7,-88.53290529933352,-71.70245920226576,81.54929654796481,-86.45082942442879,-27.197353385986872,3.6166137014306017,-8.778707322211247,,
1780127639,839767464,right_base_cmd,right_joint_1,right_joint_2,right_joint_3,right_joint_4,right_joint_5,right_joint_6,right_joint_7,-88.50473261416303,-71.67192967978112,81.43550100382336,-86.47843794790641,-26.64413803867538,3.575250304328229,-8.784635741142282,,
1780127639,849773983,right_base_cmd,right_joint_1,right_joint_2,right_joint_3,right_joint_4,right_joint_5,right_joint_6,right_joint_7,-88.50280902451337,-71.63297770392155,81.31349600816682,-86.52083206664692,-26.08598350205105,3.532015605515717,-8.817151251579176,,
1780127639,860102644,right_base_cmd,right_joint_1,right_joint_2,right_joint_3,right_joint_4,right_joint_5,right_joint_6,right_joint_7,-88.4458322331283,-71.56246425983831,81.01898804657449,-86.57416694291454,-25.2794069294508,3.5572080739813785,-8.957615628933084,,
1780127639,869926793,right_base_cmd,right_joint_1,right_joint_2,right_joint_3,right_joint_4,right_joint_5,right_joint_6,right_joint_7,-88.42658204780528,-71.54184161958928,80.91040570729481,-86.60538459506786,-24.60913185047272,3.4854993554336104,-8.971440543141014,,
1780127639,879621572,right_base_cmd,right_joint_1,right_joint_2,right_joint_3,right_joint_4,right_joint_5,right_joint_6,right_joint_7,-88.40553974450106,-71.51693780114375,80.7929883309042,-86.63832218777863,-23.972327867792643,3.434265079718166,-8.993277340990872,,
1780127639,889533193,right_base_cmd,right_joint_1,right_joint_2,right_joint_3,right_joint_4,right_joint_5,right_joint_6,right_joint_7,-88.38549680994501,-71.48550126994401,80.66587254023116,-86.66167604552972,-23.362675220006537,3.376588635981541,-9.026972210801333,,
1780127639,900257231,right_base_cmd,right_joint_1,right_joint_2,right_joint_3,right_joint_4,right_joint_5,right_joint_6,right_joint_7,-88.35233627955327,-71.46114300357705,80.52986428598732,-86.6934664107397,-22.752718737700462,3.3392202712162273,-9.057866216380503,,
1780127639,909492427,right_base_cmd,right_joint_1,right_joint_2,right_joint_3,right_joint_4,right_joint_5,right_joint_6,right_joint_7,-88.32220871720986,-71.41809980380812,80.2725514721624,-86.76552772252093,-21.933290783516753,3.338783520347995,-9.172769142649273,,
1780127639,920288297,right_base_cmd,right_joint_1,right_joint_2,right_joint_3,right_joint_4,right_joint_5,right_joint_6,right_joint_7,-88.32593447376158,-71.40217126492918,80.15802701358146,-86.81974966298084,-21.227274436746796,3.2657094892334797,-9.189370345870955,,
1780127639,929618005,right_base_cmd,right_joint_1,right_joint_2,right_joint_3,right_joint_4,right_joint_5,right_joint_6,right_joint_7,-88.31167907881306,-71.39867265291015,80.06703138510383,-86.85142444345293,-20.579582837637446,3.1896936079542186,-9.183797643350616,,
1780127639,939718387,right_base_cmd,right_joint_1,right_joint_2,right_joint_3,right_joint_4,right_joint_5,right_joint_6,right_joint_7,-88.29939155444012,-71.38615168226228,79.95521213295407,-86.8998379194842,-19.936308069741955,3.136680790339774,-9.189261814008901,,
1780127639,949536184,right_base_cmd,right_joint_1,right_joint_2,right_joint_3,right_joint_4,right_joint_5,right_joint_6,right_joint_7,-88.29385837953274,-71.382842082376,79.86619633998848,-86.94238619007025,-19.314885656426526,3.070968829672104,-9.187712750510357,,
1780127639,959478866,right_base_cmd,right_joint_1,right_joint_2,right_joint_3,right_joint_4,right_joint_5,right_joint_6,right_joint_7,-88.27829437411415,-71.30052717574178,79.54647605304083,-87.05803282771679,-18.381523166842527,3.0920191982579084,-9.351688552437125,,
1780127639,969861675,right_base_cmd,right_joint_1,right_joint_2,right_joint_3,right_joint_4,right_joint_5,right_joint_6,right_joint_7,-88.22328692818533,-71.26229490419168,79.41109901074427,-87.07877895917888,-17.58418167346983,3.0068345842592024,-9.37946949317832,,
1780127639,979708302,right_base_cmd,right_joint_1,right_joint_2,right_joint_3,right_joint_4,right_joint_5,right_joint_6,right_joint_7,-88.18831534381732,-71.23231722681278,79.27762338794597,-87.11596061263482,-16.85047239495381,2.9313850924064653,-9.42479994215428,,
1780127639,990039643,right_base_cmd,right_joint_1,right_joint_2,right_joint_3,right_joint_4,right_joint_5,right_joint_6,right_joint_7,-88.15745658769916,-71.21237920304539,79.13898827345312,-87.12824680626927,-16.156757020683386,2.8488175100973265,-9.49875162252296,,
1780127639,999714580,right_base_cmd,right_joint_1,right_joint_2,right_joint_3,right_joint_4,right_joint_5,right_joint_6,right_joint_7,-88.11877597453352,-71.18566181289903,78.999399625434,-87.16778920179003,-15.474224672255986,2.8022924181738134,-9.567702199664339,,
1780127640,9635035,right_base_cmd,right_joint_1,right_joint_2,right_joint_3,right_joint_4,right_joint_5,right_joint_6,right_joint_7,-88.06784370372466,-71.14986526569307,78.7665257050875,-87.2636932248334,-14.590746424294338,2.810088014763899,-9.70011452945586,,
1780127640,20903957,right_base_cmd,right_joint_1,right_joint_2,right_joint_3,right_joint_4,right_joint_5,right_joint_6,right_joint_7,-88.06423827431868,-71.14280522522905,78.66083973319147,-87.31921064692627,-13.83781161585759,2.7377520569271567,-9.74800868663688,,
1780127640,29515964,right_base_cmd,right_joint_1,right_joint_2,right_joint_3,right_joint_4,right_joint_5,right_joint_6,right_joint_7,-88.05188988292096,-71.12688935124903,78.56495874183597,-87.38419077930202,-13.12837533004884,2.689087093439362,-9.783677382053682,,
1780127640,39715686,right_base_cmd,right_joint_1,right_joint_2,right_joint_3,right_joint_4,right_joint_5,right_joint_6,right_joint_7,-88.03225855660426,-71.09731709393385,78.4483815726808,-87.44259976781099,-12.44428601800891,2.644967401942445,-9.837649871198735,,
1780127640,51020274,right_base_cmd,right_joint_1,right_joint_2,right_joint_3,right_joint_4,right_joint_5,right_joint_6,right_joint_7,-88.01688536471275,-71.08195425470974,78.35596604823652,-87.50527510912998,-11.800008784865753,2.6065180575166735,-9.870938751774204,,
1780127640,62140177,right_base_cmd,right_joint_1,right_joint_2,right_joint_3,right_joint_4,right_joint_5,right_joint_6,right_joint_7,-87.9648144237913,-71.0063272524542,78.08750785511162,-87.6143221806416,-10.901235428133504,2.6046398617496678,-10.037755506517854,,
1780127640,69372304,right_base_cmd,right_joint_1,right_joint_2,right_joint_3,right_joint_4,right_joint_5,right_joint_6,right_joint_7,-87.91349384798164,-70.98105160764239,77.99091144495296,-87.67043663689704,-10.132889580852321,2.5404906514319876,-10.05931982781398,,
1780127640,80607315,right_base_cmd,right_joint_1,right_joint_2,right_joint_3,right_joint_4,right_joint_5,right_joint_6,right_joint_7,-87.87960948962726,-70.9459706464062,77.86773926772636,-87.7258150841367,-9.408263060781763,2.472865175337354,-10.121229331984651,,
1780127640,89534221,right_base_cmd,right_joint_1,right_joint_2,right_joint_3,right_joint_4,right_joint_5,right_joint_6,right_joint_7,-87.84879912058759,-70.89772419999908,77.73153657329854,-87.78528225024014,-8.705918338607631,2.4155432399057375,-10.194744052133629,,
1780127640,99681220,right_base_cmd,right_joint_1,right_joint_2,right_joint_3,right_joint_4,right_joint_5,right_joint_6,right_joint_7,-87.81919626776201,-70.86183599897255,77.60561341583875,-87.85266329440954,-8.029815359206935,2.370461083796677,-10.260532345982611,,
1780127640,109473297,right_base_cmd,right_joint_1,right_joint_2,right_joint_3,right_joint_4,right_joint_5,right_joint_6,right_joint_7,-87.73867882597315,-70.82168468255453,77.38397089952306,-87.99018188607535,-7.11359755849648,2.404325028523324,-10.381972088741193,,
1780127640,119507472,right_base_cmd,right_joint_1,right_joint_2,right_joint_3,right_joint_4,right_joint_5,right_joint_6,right_joint_7,-87.713278228022,-70.77246256333122,77.23982671027673,-88.07920637202763,-6.279826344868724,2.3407299312566536,-10.467518978824799,,
1780127640,129689506,right_base_cmd,right_joint_1,right_joint_2,right_joint_3,right_joint_4,right_joint_5,right_joint_6,right_joint_7,-87.67776367950708,-70.74859178670256,77.1200286307213,-88.15111574772062,-5.497801494018546,2.278200306050003,-10.5357446872422,,
1780127640,139503958,right_base_cmd,right_joint_1,right_joint_2,right_joint_3,right_joint_4,right_joint_5,right_joint_6,right_joint_7,-87.64301689619018,-70.70861691579053,76.97075710680022,-88.2437465660549,-4.702205300128782,2.2303766802617773,-10.626599371736873,,
1780127640,149474532,right_base_cmd,right_joint_1,right_joint_2,right_joint_3,right_joint_4,right_joint_5,right_joint_6,right_joint_7,-87.61578523673987,-70.68344476316265,76.85628925283132,-88.33377897387375,-3.92316621910922,2.171275622488345,-10.684266401254732,,
1780127640,159620829,right_base_cmd,right_joint_1,right_joint_2,right_joint_3,right_joint_4,right_joint_5,right_joint_6,right_joint_7,-87.53296091819331,-70.57179941697753,76.50708157381169,-88.54160891341674,-2.763568979868438,2.1858698871410596,-10.920859590877697,,
1780127640,169627892,right_base_cmd,right_joint_1,right_joint_2,right_joint_3,right_joint_4,right_joint_5,right_joint_6,right_joint_7,-87.48410022920459,-70.51312319081701,76.3364784600075,-88.64062988248561,-1.7473745758018424,2.069994281330601,-11.004362848534711,,
1780127640,179490646,right_base_cmd,right_joint_1,right_joint_2,right_joint_3,right_joint_4,right_joint_5,right_joint_6,right_joint_7,-87.43095325948624,-70.44814842286173,76.15604964921826,-88.74050612535986,-0.7678250341251953,1.9611686358603109,-11.09952202743564,,
1780127640,189598895,right_base_cmd,right_joint_1,right_joint_2,right_joint_3,right_joint_4,right_joint_5,right_joint_6,right_joint_7,-87.39034365020157,-70.40198242400409,76.0184386051017,-88.84817405256264,0.1714584502542209,1.8648570837980358,-11.159978467607132,,
1780127640,199599332,right_base_cmd,right_joint_1,right_joint_2,right_joint_3,right_joint_4,right_joint_5,right_joint_6,right_joint_7,-87.34500614373243,-70.34827669313735,75.85343412190755,-88.9611228859027,1.103515807803575,1.7774800416476708,-11.246032692210193,,
1780127640,209478349,right_base_cmd,right_joint_1,right_joint_2,right_joint_3,right_joint_4,right_joint_5,right_joint_6,right_joint_7,-87.2901785331974,-70.22656107169662,75.4818779228979,-89.21057391505992,2.397795735355288,1.74436639664669,-11.502169730541837,,
1780127640,219556582,right_base_cmd,right_joint_1,right_joint_2,right_joint_3,right_joint_4,right_joint_5,right_joint_6,right_joint_7,-87.27139876061179,-70.18137361356936,75.33308991473407,-89.34108551098355,3.4986386572233243,1.6106544506271305,-11.557915291427904,,
1780127640,229620624,right_base_cmd,right_joint_1,right_joint_2,right_joint_3,right_joint_4,right_joint_5,right_joint_6,right_joint_7,-87.23880904738408,-70.13745984610252,75.18503470728612,-89.46549334123564,4.541643928674347,1.5010494372559222,-11.608050763049746,,
1780127640,240467183,right_base_cmd,right_joint_1,right_joint_2,right_joint_3,right_joint_4,right_joint_5,right_joint_6,right_joint_7,-87.21241825913185,-70.11549038353566,75.084772868989,-89.61143674035971,5.5201130551152175,1.4300273871923608,-11.612788483879754,,
1780127640,249586967,right_base_cmd,right_joint_1,right_joint_2,right_joint_3,right_joint_4,right_joint_5,right_joint_6,right_joint_7,-87.18852214395523,-70.06449755238624,74.93825983891983,-89.75325392701826,6.5083033120971265,1.3446106184584963,-11.662901778221979,,
1780127640,259317875,right_base_cmd,right_joint_1,right_joint_2,right_joint_3,right_joint_4,right_joint_5,right_joint_6,right_joint_7,-87.16227224099512,-69.98385416866797,74.64427183095401,-90.0651061347286,7.845026631181412,1.320102154301658,-11.836888558872786,,
1780127640,269562808,right_base_cmd,right_joint_1,right_joint_2,right_joint_3,right_joint_4,right_joint_5,right_joint_6,right_joint_7,-87.12798411164957,-69.98664871862754,74.59814843673607,-90.21242285770269,8.966572866778591,1.230251826238323,-11.756865524344633,,
1780127640,279639748,right_base_cmd,right_joint_1,right_joint_2,right_joint_3,right_joint_4,right_joint_5,right_joint_6,right_joint_7,-87.11056338460835,-69.9850691408051,74.54611439512959,-90.3673495053438,10.006678411364106,1.1547713671228692,-11.689696753994284,,
1780127640,289472633,right_base_cmd,right_joint_1,right_joint_2,right_joint_3,right_joint_4,right_joint_5,right_joint_6,right_joint_7,-87.09796918839797,-69.9644196886676,74.46533336213443,-90.50364655814981,10.975573756344062,1.0731190707122167,-11.655985844198213,,
1780127640,299454871,right_base_cmd,right_joint_1,right_joint_2,right_joint_3,right_joint_4,right_joint_5,right_joint_6,right_joint_7,-87.09155758334063,-69.92661964367456,74.37712439557723,-90.64808755573547,11.893962971240825,1.0097756826191429,-11.632739788919437,,
1780127640,309419382,right_base_cmd,right_joint_1,right_joint_2,right_joint_3,right_joint_4,right_joint_5,right_joint_6,right_joint_7,-87.10550348777369,-69.8542305723475,74.22776125445907,-90.95629722559524,13.082248028478347,1.048143578071297,-11.654860424010124,,
1780127640,319529402,right_base_cmd,right_joint_1,right_joint_2,right_joint_3,right_joint_4,right_joint_5,right_joint_6,right_joint_7,-87.13374700298513,-69.8469518443517,74.20584139544192,-91.12932031096399,14.070018680356128,1.0214996980873323,-11.545586909350519,,
1780127640,329474200,right_base_cmd,right_joint_1,right_joint_2,right_joint_3,right_joint_4,right_joint_5,right_joint_6,right_joint_7,-87.14430484189106,-69.85321996203619,74.19836182755196,-91.29298714154517,14.986137281692692,1.0343861586078518,-11.433533228942181,,
1780127640,340050262,right_base_cmd,right_joint_1,right_joint_2,right_joint_3,right_joint_4,right_joint_5,right_joint_6,right_joint_7,-87.16583198931644,-69.85657790093201,74.17151378061808,-91.44563102949259,15.83929115769675,1.0309564649837242,-11.343271369317748,,
1780127640,349952630,right_base_cmd,right_joint_1,right_joint_2,right_joint_3,right_joint_4,right_joint_5,right_joint_6,right_joint_7,-87.2008968135107,-69.85555221594502,74.17810783851209,-91.62417858013488,16.67008418416279,1.0512268348238152,-11.233244083796663,,
1780127640,359445322,right_base_cmd,right_joint_1,right_joint_2,right_joint_3,right_joint_4,right_joint_5,right_joint_6,right_joint_7,-87.2551394716177,-69.80756669235923,74.04243977437753,-91.9624777920205,17.7589673574208,1.0823603960449262,-11.224047419595209,,
1780127640,369495877,right_base_cmd,right_joint_1,right_joint_2,right_joint_3,right_joint_4,right_joint_5,right_joint_6,right_joint_7,-87.29094145519971,-69.80855915501992,74.0553510107832,-92.10733274738278,18.65470544520187,1.0230152065369182,-11.038671924664484,,
1780127640,379622347,right_base_cmd,right_joint_1,right_joint_2,right_joint_3,right_joint_4,right_joint_5,right_joint_6,right_joint_7,-87.3302648059312,-69.79027655818471,74.05035327517592,-92.24594996210057,19.45712480052984,0.9674067928858747,-10.883755685080487,,
1780127640,390730536,right_base_cmd,right_joint_1,right_joint_2,right_joint_3,right_joint_4,right_joint_5,right_joint_6,right_joint_7,-87.413298673767,-69.72523104766385,73.99980198254056,-92.39063684628384,20.19073469699768,0.8859266251238935,-10.789734025953592,,
1780127640,399995644,right_base_cmd,right_joint_1,right_joint_2,right_joint_3,right_joint_4,right_joint_5,right_joint_6,right_joint_7,-87.45261837184566,-69.69332042541005,73.99766921606246,-92.48835893403408,20.80497909536078,0.8596138439680843,-10.665715945155696,,
1780127640,409405384,right_base_cmd,right_joint_1,right_joint_2,right_joint_3,right_joint_4,right_joint_5,right_joint_6,right_joint_7,-87.52824552019618,-69.63634891544338,73.9602457452759,-92.71278472475935,21.52775796367436,0.9193001543466224,-10.616069177761474,,
1780127640,419498035,right_base_cmd,right_joint_1,right_joint_2,right_joint_3,right_joint_4,right_joint_5,right_joint_6,right_joint_7,-87.56559195835555,-69.64080884565568,73.97755857477725,-92.79585517629302,22.099414334452916,0.9299315211535557,-10.50919545234423,,
1780127640,429523965,right_base_cmd,right_joint_1,right_joint_2,right_joint_3,right_joint_4,right_joint_5,right_joint_6,right_joint_7,-87.62701554664378,-69.67786851050984,74.05396324322166,-92.9074811692142,22.55525650634192,0.9874771173373418,-10.37020746209977,,
1780127640,440417877,right_base_cmd,right_joint_1,right_joint_2,right_joint_3,right_joint_4,right_joint_5,right_joint_6,right_joint_7,-87.64931033501958,-69.715581607211,74.09376008652103,-92.97129211460891,22.960297932960003,1.0254749467567947,-10.272161367964785,,
1780127640,449593228,right_base_cmd,right_joint_1,right_joint_2,right_joint_3,right_joint_4,right_joint_5,right_joint_6,right_joint_7,-87.65570835746311,-69.76506795728234,74.12316940454409,-93.00290827495827,23.320112130514445,1.0515452371715313,-10.164371866966931,,
1780127640,459363258,right_base_cmd,right_joint_1,right_joint_2,right_joint_3,right_joint_4,right_joint_5,right_joint_6,right_joint_7,-87.73651535435894,-69.79369501401312,74.16022705440375,-93.2090944938853,23.778697017448593,1.1745373482845665,-10.100478134870016,,
1780127640,469585271,right_base_cmd,right_joint_1,right_joint_2,right_joint_3,right_joint_4,right_joint_5,right_joint_6,right_joint_7,-87.76171199793552,-69.82009547067021,74.18608617072798,-93.27386718507661,24.2060349071007,1.2122845321945377,-10.01307807832508,,
1780127640,479488784,right_base_cmd,right_joint_1,right_joint_2,right_joint_3,right_joint_4,right_joint_5,right_joint_6,right_joint_7,-87.79593303606069,-69.83022980936416,74.19009662775781,-93.35583359646274,24.61299624664312,1.2352911561494082,-9.957416553435465,,
1780127640,489812520,right_base_cmd,right_joint_1,right_joint_2,right_joint_3,right_joint_4,right_joint_5,right_joint_6,right_joint_7,-87.81347612401939,-69.84863557092167,74.16689493714605,-93.42553368011745,25.028071732914356,1.2472289585053389,-9.922230407404768,,
1780127640,499738449,right_base_cmd,right_joint_1,right_joint_2,right_joint_3,right_joint_4,right_joint_5,right_joint_6,right_joint_7,-87.84905301514183,-69.88706419498278,74.18483238040099,-93.52984031746327,25.448412671684792,1.2862016925236688,-9.858120547243018,,
1780127640,511132834,right_base_cmd,right_joint_1,right_joint_2,right_joint_3,right_joint_4,right_joint_5,right_joint_6,right_joint_7,-87.93955765017537,-69.94842871804407,74.16172261042729,-93.78467446340666,26.087911223839484,1.3665717723838,-9.831590909720958,,
1780127640,519657591,right_base_cmd,right_joint_1,right_joint_2,right_joint_3,right_joint_4,right_joint_5,right_joint_6,right_joint_7,-87.96331865110946,-69.98167231035451,74.1656318267122,-93.91605534763336,26.752488854785014,1.3969254567076135,-9.74730941238154,,
1780127640,529490976,right_base_cmd,right_joint_1,right_joint_2,right_joint_3,right_joint_4,right_joint_5,right_joint_6,right_joint_7,-87.97313337368237,-70.0127749976378,74.16369987074725,-94.09891945142898,27.455259470890866,1.4678680496546193,-9.710531654579214,,
1780127640,539563131,right_base_cmd,right_joint_1,right_joint_2,right_joint_3,right_joint_4,right_joint_5,right_joint_6,right_joint_7,-87.97992597097252,-70.02053036277603,74.13288348090876,-94.2467871511782,28.186655490543245,1.4892008292921517,-9.690970305679585,,
1780127640,549493539,right_base_cmd,right_joint_1,right_joint_2,right_joint_3,right_joint_4,right_joint_5,right_joint_6,right_joint_7,-88.03064695134455,-70.02027853654324,74.09537687832582,-94.42352371137498,28.920640782554102,1.4871426934457261,-9.690022822719826,,
1780127640,559509892,right_base_cmd,right_joint_1,right_joint_2,right_joint_3,right_joint_4,right_joint_5,right_joint_6,right_joint_7,-88.06729093277877,-70.01913417875365,73.99184746666012,-94.78240104636195,29.996527179385936,1.6126120477258112,-9.802014679440859,,
1780127640,569754568,right_base_cmd,right_joint_1,right_joint_2,right_joint_3,right_joint_4,right_joint_5,right_joint_6,right_joint_7,-88.11229180527866,-70.08714532035772,74.03930315304385,-94.93881511077309,30.919636721584567,1.6839191545265138,-9.712018427392493,,
1780127640,579597053,right_base_cmd,right_joint_1,right_joint_2,right_joint_3,right_joint_4,right_joint_5,right_joint_6,right_joint_7,-88.15478968809563,-70.13972093303171,74.08351454013197,-95.11615581979244,31.791772074435556,1.7922899185036911,-9.64269946300881,,
1780127640,589853802,right_base_cmd,right_joint_1,right_joint_2,right_joint_3,right_joint_4,right_joint_5,right_joint_6,right_joint_7,-88.1997161839449,-70.2043724887384,74.12804149130127,-95.25772249698686,32.60385898247071,1.874923863002273,-9.559908498091218,,
1780127640,599889867,right_base_cmd,right_joint_1,right_joint_2,right_joint_3,right_joint_4,right_joint_5,right_joint_6,right_joint_7,-88.24058227407724,-70.28029110744633,74.19147866688647,-95.40667255249254,33.35909189881798,1.9775838586963417,-9.465152236380916,,
1780127640,609832675,right_base_cmd,right_joint_1,right_joint_2,right_joint_3,right_joint_4,right_joint_5,right_joint_6,right_joint_7,-88.32770136649137,-70.39547200896415,74.2727724237159,-95.67832725768433,34.256389295660796,2.1367513545193404,-9.377975030697613,,
1780127640,619576644,right_base_cmd,right_joint_1,right_joint_2,right_joint_3,right_joint_4,right_joint_5,right_joint_6,right_joint_7,-88.3762371969913,-70.45050094091415,74.33260560900183,-95.8075620721013,35.090845165821776,2.174325395373394,-9.256498299656428,,
1780127640,629787799,right_base_cmd,right_joint_1,right_joint_2,right_joint_3,right_joint_4,right_joint_5,right_joint_6,right_joint_7,-88.41081509931624,-70.47349695044399,74.3542127794424,-95.90177817482142,35.86582264011267,2.170675543222167,-9.172052818849593,,
1780127640,639922829,right_base_cmd,right_joint_1,right_joint_2,right_joint_3,right_joint_4,right_joint_5,right_joint_6,right_joint_7,-88.42858084610756,-70.51925200050722,74.40445724274107,-95.97005583622361,36.5118745146726,2.183495783894564,-9.081407415815946,,
1780127640,649865911,right_base_cmd,right_joint_1,right_joint_2,right_joint_3,right_joint_4,right_joint_5,right_joint_6,right_joint_7,-88.46802797663665,-70.57301607004145,74.46547946381563,-96.08207938229027,37.106040239937016,2.221295191140264,-9.01060461447544,,
1780127640,659958555,right_base_cmd,right_joint_1,right_joint_2,right_joint_3,right_joint_4,right_joint_5,right_joint_6,right_joint_7,-88.50087055251865,-70.6915606497051,74.54671517835843,-96.2080285340049,37.754681115827935,2.2843543420800145,-8.956320474824864,,
1780127640,669656540,right_base_cmd,right_joint_1,right_joint_2,right_joint_3,right_joint_4,right_joint_5,right_joint_6,right_joint_7,-88.50787491371037,-70.75051545375813,74.59775896892089,-96.2533581649948,38.34097530600107,2.2774801904670383,-8.906547119735151,,
1780127640,679606952,right_base_cmd,right_joint_1,right_joint_2,right_joint_3,right_joint_4,right_joint_5,right_joint_6,right_joint_7,-88.51676440481125,-70.81163220277394,74.64645380521947,-96.28811227482142,38.82454048745066,2.2699127355201156,-8.87196663339752,,
1780127640,689713077,right_base_cmd,right_joint_1,right_joint_2,right_joint_3,right_joint_4,right_joint_5,right_joint_6,right_joint_7,-88.54165560622235,-70.84847152854799,74.68972985221373,-96.33788808672553,39.248273799002874,2.256549020954999,-8.84707409333852,,
1780127640,699838210,right_base_cmd,right_joint_1,right_joint_2,right_joint_3,right_joint_4,right_joint_5,right_joint_6,right_joint_7,-88.55352008543159,-70.89400491139692,74.72499852970842,-96.35526820828007,39.58026661215453,2.236477894124512,-8.819622444977213,,
1780127640,709561363,right_base_cmd,right_joint_1,right_joint_2,right_joint_3,right_joint_4,right_joint_5,right_joint_6,right_joint_7,-88.5891159359081,-70.99358780273174,74.79584831427135,-96.40992712121643,39.86710369603591,2.2300735866119297,-8.777841413544039,,
1780127640,719572073,right_base_cmd,right_joint_1,right_joint_2,right_joint_3,right_joint_4,right_joint_5,right_joint_6,right_joint_7,-88.6083583788542,-71.04600710857194,74.83241902184741,-96.42545550103615,40.12199849449567,2.181775478671348,-8.731191394763485,,
1780127640,730757382,right_base_cmd,right_joint_1,right_joint_2,right_joint_3,right_joint_4,right_joint_5,right_joint_6,right_joint_7,-88.60741682376349,-71.12185876374907,74.90613459499664,-96.44193063340875,40.31548756372544,2.1861501630006117,-8.662177126640088,,
1780127640,739988261,right_base_cmd,right_joint_1,right_joint_2,right_joint_3,right_joint_4,right_joint_5,right_joint_6,right_joint_7,-88.63079888058874,-71.18414466934668,74.95294092511872,-96.44930952945886,40.47223481942089,2.154054025310991,-8.592833712216319,,
1780127640,750180944,right_base_cmd,right_joint_1,right_joint_2,right_joint_3,right_joint_4,right_joint_5,right_joint_6,right_joint_7,-88.65166102809397,-71.2491867490519,75.00916103872746,-96.46701730814813,40.588735919057996,2.1533979947855713,-8.512916258893554,,
1780127640,759405214,right_base_cmd,right_joint_1,right_joint_2,right_joint_3,right_joint_4,right_joint_5,right_joint_6,right_joint_7,-88.70075531168416,-71.31548310645685,75.06730426211797,-96.53886060846123,40.707636451529,2.176285497218551,-8.432694111436106,,
1780127640,770404457,right_base_cmd,right_joint_1,right_joint_2,right_joint_3,right_joint_4,right_joint_5,right_joint_6,right_joint_7,-88.71699862334762,-71.32677443075387,75.08347308566042,-96.54991267379633,40.843482094529605,2.157159309110007,-8.367357668271396,,
1780127640,779647182,right_base_cmd,right_joint_1,right_joint_2,right_joint_3,right_joint_4,right_joint_5,right_joint_6,right_joint_7,-88.73200830504973,-71.33571035781837,75.09603673812799,-96.56400108809898,40.95474447001433,2.152844335905293,-8.316252168217275,,
1780127640,790245689,right_base_cmd,right_joint_1,right_joint_2,right_joint_3,right_joint_4,right_joint_5,right_joint_6,right_joint_7,-88.76173771604326,-71.32736108587422,75.06882069132101,-96.60020106930496,41.065772289460796,2.1198486115535573,-8.303463154785462,,
1780127640,799729520,right_base_cmd,right_joint_1,right_joint_2,right_joint_3,right_joint_4,right_joint_5,right_joint_6,right_joint_7,-88.77610130156214,-71.33753580105544,75.07943046768546,-96.61456095097664,41.14576845513656,2.1261963248969167,-8.252741666478485,,
1780127640,809402734,right_base_cmd,right_joint_1,right_joint_2,right_joint_3,right_joint_4,right_joint_5,right_joint_6,right_joint_7,-88.80624277907216,-71.3959848444954,75.13667599903269,-96.66657031124676,41.191038152461346,2.1813566989084805,-8.146582372393041,,
1780127640,819512636,right_base_cmd,right_joint_1,right_joint_2,right_joint_3,right_joint_4,right_joint_5,right_joint_6,right_joint_7,-88.83765501023143,-71.41507045201554,75.14927277053332,-96.67841444120508,41.25221638159755,2.160116353585245,-8.043130583948894,,
1780127640,829555295,right_base_cmd,right_joint_1,right_joint_2,right_joint_3,right_joint_4,right_joint_5,right_joint_6,right_joint_7,-88.83811714067568,-71.47709925002614,75.23168101420762,-96.70219237877377,41.27005325970876,2.2264385056631184,-7.906073142431822,,
1780127640,839772881,right_base_cmd,right_joint_1,right_joint_2,right_joint_3,right_joint_4,right_joint_5,right_joint_6,right_joint_7,-88.85894898193388,-71.50416941658536,75.26837925207028,-96.70628082956138,41.2987188650541,2.227503893053786,-7.780181968581033,,
1780127640,849802392,right_base_cmd,right_joint_1,right_joint_2,right_joint_3,right_joint_4,right_joint_5,right_joint_6,right_joint_7,-88.89988617510019,-71.51686575919292,75.29213934913102,-96.7289736917523,41.33022859419927,2.21542663140486,-7.675734318786638,,
1780127640,859421613,right_base_cmd,right_joint_1,right_joint_2,right_joint_3,right_joint_4,right_joint_5,right_joint_6,right_joint_7,-88.9540417771365,-71.54526863343678,75.32600855917931,-96.75124727851279,41.3334451255989,2.2363798891825084,-7.560332578273645,,
1780127640,869406929,right_base_cmd,right_joint_1,right_joint_2,right_joint_3,right_joint_4,right_joint_5,right_joint_6,right_joint_7,-88.98245989880346,-71.57485043664708,75.37905725711656,-96.75746769466845,41.32456803873046,2.2989576698299246,-7.449294809240044,,
1780127640,879781342,right_base_cmd,right_joint_1,right_joint_2,right_joint_3,right_joint_4,right_joint_5,right_joint_6,right_joint_7,-89.00691460560253,-71.59857695343142,75.42608927864117,-96.76698451202209,41.30761464650297,2.3722502365298013,-7.358313208599569,,
1780127640,889552647,right_base_cmd,right_joint_1,right_joint_2,right_joint_3,right_joint_4,right_joint_5,right_joint_6,right_joint_7,-89.02701934177898,-71.5782313624115,75.41039453579825,-96.79556320994011,41.326286609307004,2.3972392881741555,-7.3265008197310095,,
1780127640,899549938,right_base_cmd,right_joint_1,right_joint_2,right_joint_3,right_joint_4,right_joint_5,right_joint_6,right_joint_7,-89.03100505784826,-71.5807319877023,75.43069049399892,-96.79001016096937,41.31131493222759,2.433053434270967,-7.259866306566963,,
1780127640,909710299,right_base_cmd,right_joint_1,right_joint_2,right_joint_3,right_joint_4,right_joint_5,right_joint_6,right_joint_7,-89.03363733207541,-71.58701128464033,75.4367137002072,-96.76560140416798,41.237069347393316,2.4135812669914074,-7.179263608827583,,
1780127640,920770491,right_base_cmd,right_joint_1,right_joint_2,right_joint_3,right_joint_4,right_joint_5,right_joint_6,right_joint_7,-89.01954276847394,-71.58216890362088,75.43103324193501,-96.75245349504611,41.17370936586721,2.3995652844190047,-7.1228683389329746,,
1780127640,929667326,right_base_cmd,right_joint_1,right_joint_2,right_joint_3,right_joint_4,right_joint_5,right_joint_6,right_joint_7,-89.01202508670522,-71.60148040630061,75.45397861859013,-96.7134918085235,41.07597771218181,2.366712190811036,-7.024873645296637,,
1780127640,939837449,right_base_cmd,right_joint_1,right_joint_2,right_joint_3,right_joint_4,right_joint_5,right_joint_6,right_joint_7,-89.00760017285089,-71.62960875774401,75.48387717102165,-96.6719762988193,40.962870466081114,2.325583550710867,-6.917836301329444,,
1780127640,949442230,right_base_cmd,right_joint_1,right_joint_2,right_joint_3,right_joint_4,right_joint_5,right_joint_6,right_joint_7,-89.04149732497868,-71.6349810575796,75.47498985978737,-96.64939921479989,40.85017328875918,2.225601716976435,-6.836416458831664,,
1780127640,959508021,right_base_cmd,right_joint_1,right_joint_2,right_joint_3,right_joint_4,right_joint_5,right_joint_6,right_joint_7,-89.07933775521738,-71.68300906947924,75.52636817079687,-96.61122362133496,40.669686523483136,2.151117723675675,-6.681538799960904,,
1780127640,969534153,right_base_cmd,right_joint_1,right_joint_2,right_joint_3,right_joint_4,right_joint_5,right_joint_6,right_joint_7,-89.09301158690883,-71.71871421354008,75.57178618283606,-96.58693977979335,40.53142746966765,2.108605833813222,-6.558577875151414,,
1780127640,979795044,right_base_cmd,right_joint_1,right_joint_2,right_joint_3,right_joint_4,right_joint_5,right_joint_6,right_joint_7,-89.09898701657127,-71.7435564746274,75.60281383558171,-96.56293096805878,40.42628213644329,2.061263733168296,-6.454108334448293,,
1780127640,989508002,right_base_cmd,right_joint_1,right_joint_2,right_joint_3,right_joint_4,right_joint_5,right_joint_6,right_joint_7,-89.09930885840029,-71.73651236124455,75.58186013174466,-96.53068466560195,40.36399675368088,1.961877257505087,-6.385468932764141,,
1780127640,999608959,right_base_cmd,right_joint_1,right_joint_2,right_joint_3,right_joint_4,right_joint_5,right_joint_6,right_joint_7,-89.0821994746839,-71.73255181475265,75.5764879593103,-96.49925857656201,40.3218336880021,1.865102896456854,-6.30457170135476,,
1780127641,9514665,right_base_cmd,right_joint_1,right_joint_2,right_joint_3,right_joint_4,right_joint_5,right_joint_6,right_joint_7,-89.04123631138751,-71.71008051836294,75.56241072290132,-96.4674361404408,40.29178141790405,1.693862863597083,-6.190248917234854,,
1780127641,19755823,right_base_cmd,right_joint_1,right_joint_2,right_joint_3,right_joint_4,right_joint_5,right_joint_6,right_joint_7,-89.04497778772864,-71.71125240805158,75.54505477199396,-96.42844297496414,40.23732707069016,1.4812241668898949,-6.061079555521886,,
1780127641,29550318,right_base_cmd,right_joint_1,right_joint_2,right_joint_3,right_joint_4,right_joint_5,right_joint_6,right_joint_7,-89.03205104223534,-71.73838131491671,75.55196472550611,-96.36526631774662,40.178746822245415,1.262783296785308,-5.883022802896576,,
1780127641,40001680,right_base_cmd,right_joint_1,right_joint_2,right_joint_3,right_joint_4,right_joint_5,right_joint_6,right_joint_7,-89.02212552222235,-71.78263533981506,75.57250942352997,-96.28941133735721,40.118015726896914,1.0305535006962785,-5.674014274641891,,
1780127641,49569221,right_base_cmd,right_joint_1,right_joint_2,right_joint_3,right_joint_4,right_joint_5,right_joint_6,right_joint_7,-89.03550967235921,-71.80285185353422,75.52993822885063,-96.24080162245458,40.103514908032,0.7162951190937932,-5.506176650231467,,
1780127641,59397244,right_base_cmd,right_joint_1,right_joint_2,right_joint_3,right_joint_4,right_joint_5,right_joint_6,right_joint_7,-88.91696944703224,-71.87409597563648,75.52387979927065,-96.11638646268365,40.13631390175581,0.3610883653508452,-5.282167278902662,,
1780127641,69522225,right_base_cmd,right_joint_1,right_joint_2,right_joint_3,right_joint_4,right_joint_5,right_joint_6,right_joint_7,-88.85785244748664,-71.91443508543917,75.50576596750923,-95.99407688840894,40.19450230809426,-0.05562347302593906,-5.072056670986015,,
1780127641,79492071,right_base_cmd,right_joint_1,right_joint_2,right_joint_3,right_joint_4,right_joint_5,right_joint_6,right_joint_7,-88.78797426084228,-71.95652065532813,75.50910292053331,-95.87550993122603,40.2445246828257,-0.44133902956263427,-4.866676502919532,,
1780127641,89662082,right_base_cmd,right_joint_1,right_joint_2,right_joint_3,right_joint_4,right_joint_5,right_joint_6,right_joint_7,-88.73390187175048,-71.98893446731024,75.48872620970062,-95.76560707353794,40.30583507398845,-0.8694851086366882,-4.684145396574323,,
1780127641,99518164,right_base_cmd,right_joint_1,right_joint_2,right_joint_3,right_joint_4,right_joint_5,right_joint_6,right_joint_7,-88.68820514621709,-72.03052962345681,75.47863244662906,-95.6682127299568,40.3752507912391,-1.3051131675122107,-4.498858714906831,,
1780127641,109478702,right_base_cmd,right_joint_1,right_joint_2,right_joint_3,right_joint_4,right_joint_5,right_joint_6,right_joint_7,-88.6566218211535,-72.09840429152975,75.4598197980346,-95.57729554050884,40.470209649032114,-1.9125385104928725,-4.238718308446394,,
1780127641,119527481,right_base_cmd,right_joint_1,right_joint_2,right_joint_3,right_joint_4,right_joint_5,right_joint_6,right_joint_7,-88.60919954245023,-72.104474841413,75.42657826571761,-95.47521350887872,40.6165032280384,-2.5077947167199497,-3.9864999077798444,,
1780127641,129526497,right_base_cmd,right_joint_1,right_joint_2,right_joint_3,right_joint_4,right_joint_5,right_joint_6,right_joint_7,-88.54696282996437,-72.11808698646543,75.37218699018817,-95.3603240394444,40.77329363921584,-3.096303794421935,-3.751683759943731,,
1780127641,139720279,right_base_cmd,right_joint_1,right_joint_2,right_joint_3,right_joint_4,right_joint_5,right_joint_6,right_joint_7,-88.48313974630102,-72.13354052660016,75.31918732409858,-95.24295485352583,40.93200880127617,-3.6665345596227255,-3.513609793959759,,
1780127641,149732218,right_base_cmd,right_joint_1,right_joint_2,right_joint_3,right_joint_4,right_joint_5,right_joint_6,right_joint_7,-88.45192927235374,-72.16462624775842,75.26981065459162,-95.1123297817261,41.034544164118444,-4.248568912195701,-3.2460703626558285,,
1780127641,159410205,right_base_cmd,right_joint_1,right_joint_2,right_joint_3,right_joint_4,right_joint_5,right_joint_6,right_joint_7,-88.366231330739,-72.28983096462379,75.28156759333811,-94.86069262599553,40.986789838221426,-5.0054014646676634,-2.8062179447712907,,
1780127641,169903226,right_base_cmd,right_joint_1,right_joint_2,right_joint_3,right_joint_4,right_joint_5,right_joint_6,right_joint_7,-88.29329143554438,-72.34662055207953,75.26166578755297,-94.60961977039598,40.949913602436396,-5.727033163110882,-2.441465516194299,,
1780127641,179837265,right_base_cmd,right_joint_1,right_joint_2,right_joint_3,right_joint_4,right_joint_5,right_joint_6,right_joint_7,-88.20181060656014,-72.40577789114776,75.25432170908292,-94.37131268847465,40.87798135659668,-6.350952338325548,-2.1219756692158427,,
1780127641,189778805,right_base_cmd,right_joint_1,right_joint_2,right_joint_3,right_joint_4,right_joint_5,right_joint_6,right_joint_7,-88.15070379777424,-72.43148413556055,75.21724810445247,-94.14354150727031,40.768572191284505,-6.939449004144471,-1.86958293885165,,
1780127641,199707735,right_base_cmd,right_joint_1,right_joint_2,right_joint_3,right_joint_4,right_joint_5,right_joint_6,right_joint_7,-88.08829882105616,-72.48439126020192,75.2122821164601,-93.92689683885023,40.60406764899366,-7.450025825088794,-1.6378784923097243,,
1780127641,209852949,right_base_cmd,right_joint_1,right_joint_2,right_joint_3,right_joint_4,right_joint_5,right_joint_6,right_joint_7,-88.00369363768064,-72.55516325804645,75.19973381883571,-93.6952959838596,40.39487610980146,-8.078117201877141,-1.3596160775957884,,
1780127641,219821790,right_base_cmd,right_joint_1,right_joint_2,right_joint_3,right_joint_4,right_joint_5,right_joint_6,right_joint_7,-87.96623152797193,-72.5698256259276,75.13507498112207,-93.53655493306088,40.25099864998597,-8.69641532749943,-1.14315956761142,,
1780127641,229492641,right_base_cmd,right_joint_1,right_joint_2,right_joint_3,right_joint_4,right_joint_5,right_joint_6,right_joint_7,-87.92731808166664,-72.5775281171848,75.09613389408699,-93.39100060221632,40.13737776669896,-9.252576121147221,-0.881788183589336,,
1780127641,239636619,right_base_cmd,right_joint_1,right_joint_2,right_joint_3,right_joint_4,right_joint_5,right_joint_6,right_joint_7,-87.88493135624739,-72.5907075427573,75.07025092919903,-93.23810987937607,40.03141829514115,-9.782869545488033,-0.589519932376291,,
1780127641,249479105,right_base_cmd,right_joint_1,right_joint_2,right_joint_3,right_joint_4,right_joint_5,right_joint_6,right_joint_7,-87.8397784896679,-72.59902737639193,75.04708750895625,-93.09313903381873,39.92076641839893,-10.277756345252094,-0.30055218453334476,,
1780127641,259304415,right_base_cmd,right_joint_1,right_joint_2,right_joint_3,right_joint_4,right_joint_5,right_joint_6,right_joint_7,-87.78058027334603,-72.61780105269385,75.04842904921722,-92.93000704979438,39.78059939095843,-10.842481330802507,0.05130088036382574,,
1780127641,269480231,right_base_cmd,right_joint_1,right_joint_2,right_joint_3,right_joint_4,right_joint_5,right_joint_6,right_joint_7,-87.73784895583393,-72.62762054452305,75.02725191170495,-92.765648405032,39.67397667503266,-11.355426917092409,0.3481260474761001,,
1780127641,279648670,right_base_cmd,right_joint_1,right_joint_2,right_joint_3,right_joint_4,right_joint_5,right_joint_6,right_joint_7,-87.71411402307459,-72.64138439207512,74.9890464707482,-92.62204981834607,39.57713872681947,-11.834270019796854,0.5987762698191403,,
1780127641,289542196,right_base_cmd,right_joint_1,right_joint_2,right_joint_3,right_joint_4,right_joint_5,right_joint_6,right_joint_7,-87.67998630998116,-72.6730564754305,74.99140091913168,-92.50448799788286,39.501583116909416,-12.217400407126426,0.8484914206425032,,
1780127641,299792571,right_base_cmd,right_joint_1,right_joint_2,right_joint_3,right_joint_4,right_joint_5,right_joint_6,right_joint_7,-87.64231233508738,-72.68077738497665,74.97690606318062,-92.40240219807528,39.46520849940791,-12.582545229458894,1.076450524603942,,
1780127641,311420162,right_base_cmd,right_joint_1,right_joint_2,right_joint_3,right_joint_4,right_joint_5,right_joint_6,right_joint_7,-87.58375668056036,-72.6831494553531,74.95224478175473,-92.29065708100019,39.41660578522547,-13.042244134754291,1.346967457044613,,
1780127641,319611466,right_base_cmd,right_joint_1,right_joint_2,right_joint_3,right_joint_4,right_joint_5,right_joint_6,right_joint_7,-87.50409840893033,-72.60241908891142,74.83008681457355,-92.15083651756437,39.42416418857195,-13.556261999063672,1.5237726544525998,,
1780127641,329630739,right_base_cmd,right_joint_1,right_joint_2,right_joint_3,right_joint_4,right_joint_5,right_joint_6,right_joint_7,-87.43678155385035,-72.60608376191006,74.80458826448157,-91.99308528558403,39.350351374192854,-13.986750630438046,1.7366588150692195,,
1780127641,339534120,right_base_cmd,right_joint_1,right_joint_2,right_joint_3,right_joint_4,right_joint_5,right_joint_6,right_joint_7,-87.37501071414184,-72.60251016907814,74.77178099235047,-91.8441753946528,39.26077774470727,-14.3907285955924,1.9120776665489387,,
1780127641,349674992,right_base_cmd,right_joint_1,right_joint_2,right_joint_3,right_joint_4,right_joint_5,right_joint_6,right_joint_7,-87.33918860778587,-72.61869596657154,74.75412866278137,-91.6732839094857,39.09844185203204,-14.774582079095744,2.078318129455724,,
1780127641,359418350,right_base_cmd,right_joint_1,right_joint_2,right_joint_3,right_joint_4,right_joint_5,right_joint_6,right_joint_7,-87.25753527071916,-72.60462728253744,74.70782922519996,-91.4056954431294,38.80990650687053,-15.21632818251583,2.241654780800772,,
1780127641,369527259,right_base_cmd,right_joint_1,right_joint_2,right_joint_3,right_joint_4,right_joint_5,right_joint_6,right_joint_7,-87.20637645039491,-72.61235034941087,74.70588677658574,-91.21416152847316,38.468403374747794,-15.53505512606619,2.359340099041944,,
1780127641,379938257,right_base_cmd,right_joint_1,right_joint_2,right_joint_3,right_joint_4,right_joint_5,right_joint_6,right_joint_7,-87.1699214151362,-72.61193590478975,74.68625955871366,-91.04315827715409,38.119658631124,-15.83168104239558,2.4307015765097475,,
1780127641,389871420,right_base_cmd,right_joint_1,right_joint_2,right_joint_3,right_joint_4,right_joint_5,right_joint_6,right_joint_7,-87.12137574146416,-72.59951613268136,74.66136701692554,-90.89129554363247,37.79038594514745,-16.10051496906089,2.4792881457490097,,
1780127641,399739603,right_base_cmd,right_joint_1,right_joint_2,right_joint_3,right_joint_4,right_joint_5,right_joint_6,right_joint_7,-87.07555943465323,-72.5990271194943,74.65418634803453,-90.75116501033297,37.46284901400148,-16.339432588584593,2.527250268394127,,
1780127641,409425691,right_base_cmd,right_joint_1,right_joint_2,right_joint_3,right_joint_4,right_joint_5,right_joint_6,right_joint_7,-86.97287918165418,-72.60956673040177,74.6473291050244,-90.58013898127912,37.11914814663285,-16.592424549895775,2.5289822610277355,,
1780127641,419836850,right_base_cmd,right_joint_1,right_joint_2,right_joint_3,right_joint_4,right_joint_5,right_joint_6,right_joint_7,-86.93108225028354,-72.63112048258655,74.61987657871535,-90.4633890776134,36.82104536000517,-16.83722916310756,2.4786149090708562,,
1780127641,429568380,right_base_cmd,right_joint_1,right_joint_2,right_joint_3,right_joint_4,right_joint_5,right_joint_6,right_joint_7,-86.87407155539924,-72.64471255914789,74.59749858138346,-90.39056386775748,36.62660927747558,-17.000684883341926,2.3923802975418624,,
1780127641,439807975,right_base_cmd,right_joint_1,right_joint_2,right_joint_3,right_joint_4,right_joint_5,right_joint_6,right_joint_7,-86.82849387772299,-72.65837263488022,74.57777549159246,-90.32988751970073,36.48710378129661,-17.138949391062788,2.3072204265867384,,
1780127641,449547452,right_base_cmd,right_joint_1,right_joint_2,right_joint_3,right_joint_4,right_joint_5,right_joint_6,right_joint_7,-86.79754214753709,-72.63036202765234,74.51012589741319,-90.30777793502138,36.40291812219439,-17.27183432321231,2.188050541216043,,
1780127641,459442775,right_base_cmd,right_joint_1,right_joint_2,right_joint_3,right_joint_4,right_joint_5,right_joint_6,right_joint_7,-86.7950165283597,-72.61361170799172,74.46216857793243,-90.32602323890968,36.34147797231989,-17.400952494975733,2.118494847214933,,
1780127641,469540147,right_base_cmd,right_joint_1,right_joint_2,right_joint_3,right_joint_4,right_joint_5,right_joint_6,right_joint_7,-86.76511799558156,-72.54299171672405,74.37449318515885,-90.31955104473901,36.37465705226137,-17.55372572807942,2.06348709886565,,
1780127641,479734066,right_base_cmd,right_joint_1,right_joint_2,right_joint_3,right_joint_4,right_joint_5,right_joint_6,right_joint_7,-86.74584976753292,-72.52330488836277,74.35320761623748,-90.30759590473566,36.391043438271055,-17.671456602664357,2.074332806883703,,
1780127641,490165578,right_base_cmd,right_joint_1,right_joint_2,right_joint_3,right_joint_4,right_joint_5,right_joint_6,right_joint_7,-86.7229191922614,-72.51111909371146,74.3617932918161,-90.29115086990568,36.41536786296527,-17.761375536182804,2.1212523042539004,,
1780127641,499900524,right_base_cmd,right_joint_1,right_joint_2,right_joint_3,right_joint_4,right_joint_5,right_joint_6,right_joint_7,-86.71060605433215,-72.49633265571812,74.34769782769914,-90.26896583704713,36.42755742496607,-17.860102119434934,2.155826582223355,,
1780127641,509660814,right_base_cmd,right_joint_1,right_joint_2,right_joint_3,right_joint_4,right_joint_5,right_joint_6,right_joint_7,-86.7005035618732,-72.48833377789028,74.35463786352679,-90.23604528442378,36.394313209465196,-17.918036048927654,2.1906161208400334,,
1780127641,519487915,right_base_cmd,right_joint_1,right_joint_2,right_joint_3,right_joint_4,right_joint_5,right_joint_6,right_joint_7,-86.71802333533051,-72.50791047391614,74.36203383459181,-90.21463906256078,36.324793956569664,-17.963260009417233,2.1968331310556977,,
1780127641,529518802,right_base_cmd,right_joint_1,right_joint_2,right_joint_3,right_joint_4,right_joint_5,right_joint_6,right_joint_7,-86.70183832292409,-72.51026029047837,74.37296016041526,-90.17643339317648,36.25417114059795,-17.96821577813005,2.1718735862389593,,
1780127641,539686088,right_base_cmd,right_joint_1,right_joint_2,right_joint_3,right_joint_4,right_joint_5,right_joint_6,right_joint_7,-86.68114892048649,-72.51930748100308,74.38745004154421,-90.13441152858992,36.15222599154677,-17.953166642424826,2.1173365937336683,,
1780127641,549606202,right_base_cmd,right_joint_1,right_joint_2,right_joint_3,right_joint_4,right_joint_5,right_joint_6,right_joint_7,-86.65342918662148,-72.4924378041152,74.34590635783476,-90.0781088117675,36.0565950130069,-17.983733370043176,2.007201526004039,,
1780127641,559472391,right_base_cmd,right_joint_1,right_joint_2,right_joint_3,right_joint_4,right_joint_5,right_joint_6,right_joint_7,-86.62896408270146,-72.46743968193773,74.32336764995469,-90.04580084263121,35.94824364158242,-17.994058673978138,1.9023130356811606,,
1780127641,569552633,right_base_cmd,right_joint_1,right_joint_2,right_joint_3,right_joint_4,right_joint_5,right_joint_6,right_joint_7,-86.60360838942356,-72.4115469360524,74.25492230157548,-90.00718123813716,35.84925463667892,-18.07938359602081,1.7779079292069895,,
1780127641,580005822,right_base_cmd,right_joint_1,right_joint_2,right_joint_3,right_joint_4,right_joint_5,right_joint_6,right_joint_7,-86.60744891882214,-72.38176050520248,74.20433734337328,-90.00189448039812,35.757999176894515,-18.152162290869164,1.672821229750852,,
1780127641,589761332,right_base_cmd,right_joint_1,right_joint_2,right_joint_3,right_joint_4,right_joint_5,right_joint_6,right_joint_7,-86.61035753461115,-72.3988316409429,74.21981652100337,-90.00542330328894,35.66976581014259,-18.162919177992187,1.6423050489855058,,
1780127641,599647693,right_base_cmd,right_joint_1,right_joint_2,right_joint_3,right_joint_4,right_joint_5,right_joint_6,right_joint_7,-86.6201414635735,-72.40616903888123,74.23272678305872,-90.02165896110291,35.615882206262455,-18.161293206867747,1.630083291682908,,
1780127641,609357605,right_base_cmd,right_joint_1,right_joint_2,right_joint_3,right_joint_4,right_joint_5,right_joint_6,right_joint_7,-86.66623087503527,-72.42692727599707,74.26027097509385,-90.07926016014893,35.56272268766631,-18.119077545319378,1.6295613125414405,,
1780127641,619585096,right_base_cmd,right_joint_1,right_joint_2,right_joint_3,right_joint_4,right_joint_5,right_joint_6,right_joint_7,-86.68279605900196,-72.4120291473048,74.26288501380563,-90.11922059393625,35.560596766784755,-18.079784385350415,1.6164445815413586,,
1780127641,629611772,right_base_cmd,right_joint_1,right_joint_2,right_joint_3,right_joint_4,right_joint_5,right_joint_6,right_joint_7,-86.68023848980042,-72.38750758942474,74.25290303056536,-90.13924590802209,35.57273631091644,-18.038658264681764,1.5858334763740771,,
1780127641,639704992,right_base_cmd,right_joint_1,right_joint_2,right_joint_3,right_joint_4,right_joint_5,right_joint_6,right_joint_7,-86.6851752214541,-72.3650499809162,74.24722964354638,-90.16715871254685,35.58232414981589,-17.989325398401768,1.548414858869009,,
1780127641,649858127,right_base_cmd,right_joint_1,right_joint_2,right_joint_3,right_joint_4,right_joint_5,right_joint_6,right_joint_7,-86.67257219792239,-72.32542713467258,74.20114254094162,-90.15893666962161,35.58974363794508,-17.97234215552924,1.4908622945908263,,
1780127641,659517814,right_base_cmd,right_joint_1,right_joint_2,right_joint_3,right_joint_4,right_joint_5,right_joint_6,right_joint_7,-86.70110639591272,-72.28702186191693,74.18061887696106,-90.20907115722277,35.57216633155721,-17.915668432356988,1.4461434954122723,,
1780127641,669491422,right_base_cmd,right_joint_1,right_joint_2,right_joint_3,right_joint_4,right_joint_5,right_joint_6,right_joint_7,-86.71208365216253,-72.2535474937895,74.17234527308014,-90.24325029470931,35.56071123315857,-17.850417707810145,1.4231689557026783,,
1780127641,679526924,right_base_cmd,right_joint_1,right_joint_2,right_joint_3,right_joint_4,right_joint_5,right_joint_6,right_joint_7,-86.72590296991805,-72.27453264425652,74.22651215981651,-90.25949101845096,35.51927306286737,-17.74270188730832,1.464273475286845,,
1780127641,689664236,right_base_cmd,right_joint_1,right_joint_2,right_joint_3,right_joint_4,right_joint_5,right_joint_6,right_joint_7,-86.74396000159507,-72.27892557569875,74.24542299401074,-90.29149344145328,35.48657805687529,-17.632556742275476,1.4671563393686,,
1780127641,699729650,right_base_cmd,right_joint_1,right_joint_2,right_joint_3,right_joint_4,right_joint_5,right_joint_6,right_joint_7,-86.77650587665764,-72.28843494494079,74.28027897144031,-90.33727446029634,35.46152714683282,-17.48923334097423,1.4804702956708269,,
1780127641,711347290,right_base_cmd,right_joint_1,right_joint_2,right_joint_3,right_joint_4,right_joint_5,right_joint_6,right_joint_7,-86.85237005977254,-72.26929721597226,74.28218581841466,-90.3980634661798,35.45099718945286,-17.262222874686067,1.419959216019194,,
1780127641,719560523,right_base_cmd,right_joint_1,right_joint_2,right_joint_3,right_joint_4,right_joint_5,right_joint_6,right_joint_7,-86.92098173529328,-72.23609614105119,74.27955460824725,-90.49133176700748,35.43731975379947,-17.01303624622681,1.3220974432497172,,
1780127641,729640155,right_base_cmd,right_joint_1,right_joint_2,right_joint_3,right_joint_4,right_joint_5,right_joint_6,right_joint_7,-86.94516731394268,-72.19535035096506,74.28356791971802,-90.52232907727365,35.36767493361165,-16.757315820372803,1.2168730299140833,,
1780127641,739686427,right_base_cmd,right_joint_1,right_joint_2,right_joint_3,right_joint_4,right_joint_5,right_joint_6,right_joint_7,-86.97487082232803,-72.16390615769588,74.29685933079756,-90.56285328866143,35.24038649899549,-16.488533770415806,1.0999024491327845,,
1780127641,749484793,right_base_cmd,right_joint_1,right_joint_2,right_joint_3,right_joint_4,right_joint_5,right_joint_6,right_joint_7,-86.99999059100807,-72.10546737288605,74.2691323322675,-90.56709068447056,35.068153421772564,-16.26356211824031,0.9694017001734636,,
1780127641,760349181,right_base_cmd,right_joint_1,right_joint_2,right_joint_3,right_joint_4,right_joint_5,right_joint_6,right_joint_7,-87.0444078215107,-72.06083284060533,74.27995484957987,-90.62886064535043,34.88358001551873,-15.997244749047972,0.8545270791416755,,
1780127641,769357662,right_base_cmd,right_joint_1,right_joint_2,right_joint_3,right_joint_4,right_joint_5,right_joint_6,right_joint_7,-87.17722300440752,-71.96677619245806,74.26631231335668,-90.73615866784759,34.67542159431386,-15.661398725468295,0.712046450866282,,
1780127641,780120391,right_base_cmd,right_joint_1,right_joint_2,right_joint_3,right_joint_4,right_joint_5,right_joint_6,right_joint_7,-87.26720628820087,-71.92933201809372,74.31304363098414,-90.86905346680432,34.46910499664338,-15.239304795957871,0.602719025073597,,
1780127641,789617630,right_base_cmd,right_joint_1,right_joint_2,right_joint_3,right_joint_4,right_joint_5,right_joint_6,right_joint_7,-87.37494335108002,-71.90321620377769,74.35859455286325,-91.02962402729487,34.313662313830065,-14.802828661413223,0.47328659914903426,,
1780127641,800848485,right_base_cmd,right_joint_1,right_joint_2,right_joint_3,right_joint_4,right_joint_5,right_joint_6,right_joint_7,-87.47564866548461,-71.8886599002857,74.418931798015,-91.2214860188193,34.21050219938846,-14.260647383556709,0.2946613906204192,,
1780127641,811175771,right_base_cmd,right_joint_1,right_joint_2,right_joint_3,right_joint_4,right_joint_5,right_joint_6,right_joint_7,-87.60179686019168,-71.89783222993192,74.50791544655928,-91.41413533828883,34.060236969714225,-13.43485789748518,-0.03009133555015353,,
1780127641,819609931,right_base_cmd,right_joint_1,right_joint_2,right_joint_3,right_joint_4,right_joint_5,right_joint_6,right_joint_7,-87.70002877360994,-71.89182242067712,74.57610811882668,-91.6266173916638,33.92076581977696,-12.626734236355269,-0.37838674841135855,,
1780127641,829676221,right_base_cmd,right_joint_1,right_joint_2,right_joint_3,right_joint_4,right_joint_5,right_joint_6,right_joint_7,-87.79648637473824,-71.84178255920183,74.60398778628226,-91.8569898298568,33.83089464618334,-11.860134532633644,-0.7474267070675324,,
1780127641,840118625,right_base_cmd,right_joint_1,right_joint_2,right_joint_3,right_joint_4,right_joint_5,right_joint_6,right_joint_7,-87.88340883074144,-71.78005207055817,74.61626914820377,-92.08254468383338,33.77481436119089,-11.140719602470533,-1.100707114017112,,
1780127641,849543939,right_base_cmd,right_joint_1,right_joint_2,right_joint_3,right_joint_4,right_joint_5,right_joint_6,right_joint_7,-87.99245973930951,-71.71034670115456,74.60099500033411,-92.32369760030691,33.7532087578642,-10.523457202745014,-1.4055539777774726,,
1780127641,859548216,right_base_cmd,right_joint_1,right_joint_2,right_joint_3,right_joint_4,right_joint_5,right_joint_6,right_joint_7,-88.15282344471811,-71.65231142637545,74.62140212623373,-92.63079738500808,33.793534151721104,-9.772717404178984,-1.6923910772394066,,
1780127641,869523121,right_base_cmd,right_joint_1,right_joint_2,right_joint_3,right_joint_4,right_joint_5,right_joint_6,right_joint_7,-88.24139990140819,-71.6566826968138,74.69171375371567,-92.87654560507299,33.85759087463899,-9.03756100101895,-1.9068357445148223,,
1780127641,880172289,right_base_cmd,right_joint_1,right_joint_2,right_joint_3,right_joint_4,right_joint_5,right_joint_6,right_joint_7,-88.34509464747046,-71.64685475330784,74.71856233669527,-93.10519619804047,33.963633563164166,-8.370715455190343,-2.1724216021197122,,
1780127641,889891704,right_base_cmd,right_joint_1,right_joint_2,right_joint_3,right_joint_4,right_joint_5,right_joint_6,right_joint_7,-88.4428640152548,-71.67237965146985,74.80712359973737,-93.35795864295723,34.08798076650251,-7.552162330177104,-2.4721393074294866,,
1780127641,899556920,right_base_cmd,right_joint_1,right_joint_2,right_joint_3,right_joint_4,right_joint_5,right_joint_6,right_joint_7,-88.54614038442529,-71.68662815949507,74.88815505399273,-93.618449015607,34.22150055930999,-6.711974907483118,-2.80173251251405,,
1780127641,909549605,right_base_cmd,right_joint_1,right_joint_2,right_joint_3,right_joint_4,right_joint_5,right_joint_6,right_joint_7,-88.73837852449944,-71.65168470923261,74.9653000334346,-93.88042395439972,34.31874253537498,-5.747595024934689,-3.1762566043791054,,
1780127641,919601250,right_base_cmd,right_joint_1,right_joint_2,right_joint_3,right_joint_4,right_joint_5,right_joint_6,right_joint_7,-88.78398077530173,-71.61537791530164,74.9961264607069,-94.10023905197995,34.44271971296686,-4.891735987641532,-3.5169563273410773,,
1780127641,929661860,right_base_cmd,right_joint_1,right_joint_2,right_joint_3,right_joint_4,right_joint_5,right_joint_6,right_joint_7,-88.85657223973274,-71.4969798438308,74.94949353997177,-94.38648203589362,34.68461882760212,-4.251924259381944,-3.8134371652327133,,
1780127641,940174321,right_base_cmd,right_joint_1,right_joint_2,right_joint_3,right_joint_4,right_joint_5,right_joint_6,right_joint_7,-88.95580942592724,-71.4158940233685,74.92672725198011,-94.63769317451273,34.9399889502819,-3.734061535401729,-3.9906037268446113,,
1780127641,949803723,right_base_cmd,right_joint_1,right_joint_2,right_joint_3,right_joint_4,right_joint_5,right_joint_6,right_joint_7,-89.03955324518708,-71.35123641520961,74.92931369431918,-94.8841665948711,35.24896986409553,-3.28227062994403,-4.081933535460067,,
1780127641,959359762,right_base_cmd,right_joint_1,right_joint_2,right_joint_3,right_joint_4,right_joint_5,right_joint_6,right_joint_7,-89.12391182355108,-71.33728784617115,74.98682935529698,-95.11842813701135,35.60443291405912,-2.802736933982594,-4.144357276130009,,
1780127641,971041241,right_base_cmd,right_joint_1,right_joint_2,right_joint_3,right_joint_4,right_joint_5,right_joint_6,right_joint_7,-89.18010278964627,-71.35408202474231,75.06131453929535,-95.2646192709715,35.891792507575786,-2.3602230533450594,-4.201240924394952,,
1780127641,979556022,right_base_cmd,right_joint_1,right_joint_2,right_joint_3,right_joint_4,right_joint_5,right_joint_6,right_joint_7,-89.26337040559733,-71.34195658919988,75.1108801139168,-95.41988246054412,36.146232616425806,-1.8851055597719935,-4.335992441428758,,
1780127641,989839247,right_base_cmd,right_joint_1,right_joint_2,right_joint_3,right_joint_4,right_joint_5,right_joint_6,right_joint_7,-89.36664494473914,-71.36546059850316,75.21243786141721,-95.60861643926411,36.325194722918894,-1.2641407618128184,-4.512021960945063,,
1780127642,321233,right_base_cmd,right_joint_1,right_joint_2,right_joint_3,right_joint_4,right_joint_5,right_joint_6,right_joint_7,-89.51810484306307,-71.39966334795396,75.34755517833136,-95.83929289317906,36.442068376087065,-0.494502093340877,-4.727392274050047,,
1780127642,9378113,right_base_cmd,right_joint_1,right_joint_2,right_joint_3,right_joint_4,right_joint_5,right_joint_6,right_joint_7,-89.79912933642626,-71.38944978500548,75.47853069864672,-96.10148911350792,36.477025004176625,0.3481316004802082,-4.890413725241061,,
1780127642,19817991,right_base_cmd,right_joint_1,right_joint_2,right_joint_3,right_joint_4,right_joint_5,right_joint_6,right_joint_7,-89.89051879544982,-71.31801750119924,75.51899974619059,-96.33237194641886,36.6061589091004,1.0995125891968272,-5.072775590099823,,
1780127642,29833956,right_base_cmd,right_joint_1,right_joint_2,right_joint_3,right_joint_4,right_joint_5,right_joint_6,right_joint_7,-89.98327949451667,-71.20993188819666,75.5213985384515,-96.57512417849377,36.79899194986697,1.6746376582567635,-5.182673142589081,,
1780127642,39930146,right_base_cmd,right_joint_1,right_joint_2,right_joint_3,right_joint_4,right_joint_5,right_joint_6,right_joint_7,-90.05622794563092,-71.09217826245693,75.50460106366583,-96.78289393114484,37.040995538721546,2.079382725591593,-5.203948376898055,,
1780127642,50928985,right_base_cmd,right_joint_1,right_joint_2,right_joint_3,right_joint_4,right_joint_5,right_joint_6,right_joint_7,-90.10573498824792,-71.0278067574214,75.52589516048849,-96.92443022005246,37.26595947398059,2.3839909611355736,-5.132152703486625,,
1780127642,59418249,right_base_cmd,right_joint_1,right_joint_2,right_joint_3,right_joint_4,right_joint_5,right_joint_6,right_joint_7,-90.22166424062428,-70.96276248135332,75.55411159430614,-97.10128056352131,37.49580242658246,2.657897092696494,-5.003940872377385,,
1780127642,70045037,right_base_cmd,right_joint_1,right_joint_2,right_joint_3,right_joint_4,right_joint_5,right_joint_6,right_joint_7,-90.28340547650222,-71.0120629563212,75.66812122182134,-97.15767396454108,37.57714200143815,2.972283633861089,-4.818697984821782,,
1780127642,79589641,right_base_cmd,right_joint_1,right_joint_2,right_joint_3,right_joint_4,right_joint_5,right_joint_6,right_joint_7,-90.35997018017926,-71.05926630133122,75.77049951186339,-97.23486191270219,37.612861015802224,3.29763741031082,-4.674199877994354,,
1780127642,90093532,right_base_cmd,right_joint_1,right_joint_2,right_joint_3,right_joint_4,right_joint_5,right_joint_6,right_joint_7,-90.44583860434469,-71.1377868802701,75.91239683311662,-97.29880952815076,37.57575758373466,3.6581835045275355,-4.526123739340974,,
1780127642,99798853,right_base_cmd,right_joint_1,right_joint_2,right_joint_3,right_joint_4,right_joint_5,right_joint_6,right_joint_7,-90.52153592437335,-71.18615747933826,76.0223130667309,-97.3563523072158,37.52397375334769,3.9910812610461974,-4.426951790953822,,
1780127642,109401874,right_base_cmd,right_joint_1,right_joint_2,right_joint_3,right_joint_4,right_joint_5,right_joint_6,right_joint_7,-90.56117027307002,-71.0721317439489,75.98608008784586,-97.38816072751048,37.58153407872746,4.1615053787786636,-4.429838746562112,,
1780127642,119645516,right_base_cmd,right_joint_1,right_joint_2,right_joint_3,right_joint_4,right_joint_5,right_joint_6,right_joint_7,-90.55285696925958,-70.9695787274601,75.9197335687646,-97.40620890798853,37.63516498558019,4.276680593924091,-4.46749880211037,,
1780127642,130113840,right_base_cmd,right_joint_1,right_joint_2,right_joint_3,right_joint_4,right_joint_5,right_joint_6,right_joint_7,-90.51865916710321,-70.88794836552945,75.86154346178503,-97.4109426894931,37.67916956282002,4.3245461629089235,-4.507805049287086,,
1780127642,139799634,right_base_cmd,right_joint_1,right_joint_2,right_joint_3,right_joint_4,right_joint_5,right_joint_6,right_joint_7,-90.50519193805619,-70.85105281190842,75.83299167037856,-97.40711915625856,37.6728954341032,4.335204034363535,-4.523175895838179,,
1780127642,149735720,right_base_cmd,right_joint_1,right_joint_2,right_joint_3,right_joint_4,right_joint_5,right_joint_6,right_joint_7,-90.4800477223408,-70.82119595666303,75.8006755569302,-97.39591341605963,37.667589259078824,4.316096038060216,-4.549689447890913,,
1780127642,159438651,right_base_cmd,right_joint_1,right_joint_2,right_joint_3,right_joint_4,right_joint_5,right_joint_6,right_joint_7,-90.47525450498117,-70.90974002231907,75.84589895945803,-97.36875214594842,37.54602886688579,4.331301748811207,-4.511035200019776,,
1780127642,169681936,right_base_cmd,right_joint_1,right_joint_2,right_joint_3,right_joint_4,right_joint_5,right_joint_6,right_joint_7,-90.46904730828058,-70.98835844024087,75.90008536553452,-97.33929536776806,37.43319361259361,4.349766681293836,-4.470073028846073,,
1780127642,179727519,right_base_cmd,right_joint_1,right_joint_2,right_joint_3,right_joint_4,right_joint_5,right_joint_6,right_joint_7,-90.46784638240834,-71.0011355931522,75.88436087327446,-97.31950509891551,37.374258415759954,4.313892952590841,-4.492626862647015,,
1780127642,189928980,right_base_cmd,right_joint_1,right_joint_2,right_joint_3,right_joint_4,right_joint_5,right_joint_6,right_joint_7,-90.45181275331075,-71.04478964868925,75.90877123880372,-97.28429277155682,37.289237386631925,4.317241814576853,-4.496901580841225,,
1780127642,199738656,right_base_cmd,right_joint_1,right_joint_2,right_joint_3,right_joint_4,right_joint_5,right_joint_6,right_joint_7,-90.42489650000223,-71.05417277284802,75.90220918154975,-97.24923161631831,37.23762257639052,4.303464268127193,-4.548782170156429,,
1780127642,209755922,right_base_cmd,right_joint_1,right_joint_2,right_joint_3,right_joint_4,right_joint_5,right_joint_6,right_joint_7,-90.36686145630162,-70.99488017687453,75.81369017790482,-97.19425308935793,37.25781064115452,4.200596991534503,-4.693292441158249,,
1780127642,219773595,right_base_cmd,right_joint_1,right_joint_2,right_joint_3,right_joint_4,right_joint_5,right_joint_6,right_joint_7,-90.3239574377919,-70.99570793611635,75.79614954585864,-97.16444644125944,37.22816497091216,4.166042392003199,-4.778795620821896,,
1780127642,230024522,right_base_cmd,right_joint_1,right_joint_2,right_joint_3,right_joint_4,right_joint_5,right_joint_6,right_joint_7,-90.26786224318445,-70.98944078514423,75.75315442501031,-97.13146120794535,37.22497650969311,4.090987437414761,-4.873458045265991,,
1780127642,240715265,right_base_cmd,right_joint_1,right_joint_2,right_joint_3,right_joint_4,right_joint_5,right_joint_6,right_joint_7,-90.23796970468939,-70.98028988375064,75.71697501235329,-97.10713659010027,37.22438371103354,4.0061772170040015,-4.946893790938148,,
1780127642,250068448,right_base_cmd,right_joint_1,right_joint_2,right_joint_3,right_joint_4,right_joint_5,right_joint_6,right_joint_7,-90.22207438624415,-71.00874157600641,75.72408134116225,-97.09926379896423,37.18815673615714,3.9600509437919484,-4.982669321627569,,
1780127642,259986269,right_base_cmd,right_joint_1,right_joint_2,right_joint_3,right_joint_4,right_joint_5,right_joint_6,right_joint_7,-90.19860572110511,-71.03581356905558,75.72556603813192,-97.0717561695658,37.15545509894454,3.9042799952425256,-5.009365468308786,,
1780127642,269725428,right_base_cmd,right_joint_1,right_joint_2,right_joint_3,right_joint_4,right_joint_5,right_joint_6,right_joint_7,-90.17779608465284,-71.0597880463629,75.72086600073229,-97.0353192113774,37.116014253989334,3.842219580156616,-5.048726448489461,,
1780127642,279513645,right_base_cmd,right_joint_1,right_joint_2,right_joint_3,right_joint_4,right_joint_5,right_joint_6,right_joint_7,-90.16464920230894,-71.06497211837565,75.7016286033219,-96.9968940094629,37.0864496064718,3.777122991833899,-5.093979046196594,,
1780127642,289579730,right_base_cmd,right_joint_1,right_joint_2,right_joint_3,right_joint_4,right_joint_5,right_joint_6,right_joint_7,-90.14522760221197,-71.04943415545814,75.67119053544158,-96.96390236782737,37.07133786129921,3.725015054193541,-5.15116117574145,,
1780127642,301018137,right_base_cmd,right_joint_1,right_joint_2,right_joint_3,right_joint_4,right_joint_5,right_joint_6,right_joint_7,-90.11294080879762,-71.01512352516256,75.62145152625666,-96.9248791983489,37.07118730742755,3.6664615203100155,-5.2238226621393125,,
1780127642,309357988,right_base_cmd,right_joint_1,right_joint_2,right_joint_3,right_joint_4,right_joint_5,right_joint_6,right_joint_7,-90.06892574218014,-70.9860598489699,75.56933109966653,-96.86687446672046,37.05855387817567,3.5858883426876176,-5.3040486612164415,,
1780127642,319720879,right_base_cmd,right_joint_1,right_joint_2,right_joint_3,right_joint_4,right_joint_5,right_joint_6,right_joint_7,-90.05512342786906,-71.00000139172683,75.5582513587859,-96.83748023700896,37.00665282314995,3.542879331666434,-5.3553773221825764,,
1780127642,329528211,right_base_cmd,right_joint_1,right_joint_2,right_joint_3,right_joint_4,right_joint_5,right_joint_6,right_joint_7,-90.04236834233515,-71.01660436390831,75.55164938998539,-96.79970422475698,36.94361838515525,3.498533555244599,-5.383611625362235,,
1780127642,339705402,right_base_cmd,right_joint_1,right_joint_2,right_joint_3,right_joint_4,right_joint_5,right_joint_6,right_joint_7,-90.02844385309888,-71.02670730356296,75.54272563818878,-96.76319084316431,36.88148400184801,3.4541649602376268,-5.404956002406507,,
1780127642,349539116,right_base_cmd,right_joint_1,right_joint_2,right_joint_3,right_joint_4,right_joint_5,right_joint_6,right_joint_7,-90.01575864085711,-71.06886236232613,75.58120783270019,-96.7341001192557,36.77788586002541,3.4676359167369313,-5.38520285842101,,
1780127642,359373551,right_base_cmd,right_joint_1,right_joint_2,right_joint_3,right_joint_4,right_joint_5,right_joint_6,right_joint_7,-90.0231071853207,-71.10096202542697,75.60536845691692,-96.69748080035221,36.66592372572623,3.4583821451526617,-5.364301820114932,,
1780127642,369653234,right_base_cmd,right_joint_1,right_joint_2,right_joint_3,right_joint_4,right_joint_5,right_joint_6,right_joint_7,-90.0458025815573,-71.1407887741807,75.64130686500616,-96.62661945096842,36.492058334504435,3.442089671922993,-5.31069346031417,,
1780127642,379831752,right_base_cmd,right_joint_1,right_joint_2,right_joint_3,right_joint_4,right_joint_5,right_joint_6,right_joint_7,-90.05482871660965,-71.17745676381652,75.67597535300624,-96.60387928992783,36.35460884905248,3.4817567037917527,-5.286133570034295,,
1780127642,390796663,right_base_cmd,right_joint_1,right_joint_2,right_joint_3,right_joint_4,right_joint_5,right_joint_6,right_joint_7,-90.06695346422944,-71.20167935306098,75.6907650532759,-96.57076711113724,36.2403836900979,3.501912671647979,-5.261060426746056,,
1780127642,399557033,right_base_cmd,right_joint_1,right_joint_2,right_joint_3,right_joint_4,right_joint_5,right_joint_6,right_joint_7,-90.07813640757283,-71.23074103860496,75.71050969765204,-96.54532092499484,36.13774746209802,3.5297650282309476,-5.224027954799752,,
1780127642,409571438,right_base_cmd,right_joint_1,right_joint_2,right_joint_3,right_joint_4,right_joint_5,right_joint_6,right_joint_7,-90.10391887687419,-71.25324233176248,75.73882334121814,-96.53232987899743,36.029572486961825,3.542520566456467,-5.127461146659712,,
1780127642,419855783,right_base_cmd,right_joint_1,right_joint_2,right_joint_3,right_joint_4,right_joint_5,right_joint_6,right_joint_7,-90.13434934196735,-71.27952225002589,75.77873359725729,-96.53101066465622,35.92388421707315,3.552608601056086,-5.01000874246354,,
1780127642,429468696,right_base_cmd,right_joint_1,right_joint_2,right_joint_3,right_joint_4,right_joint_5,right_joint_6,right_joint_7,-90.18083224917157,-71.31725652330802,75.83253317925002,-96.52811012461281,35.81494655759664,3.5531813776160064,-4.845408170541262,,
1780127642,439651138,right_base_cmd,right_joint_1,right_joint_2,right_joint_3,right_joint_4,right_joint_5,right_joint_6,right_joint_7,-90.22632579743188,-71.36238536596524,75.89724821794098,-96.51914367789938,35.70854046248613,3.5592278289589743,-4.6569728632319,,
1780127642,449708384,right_base_cmd,right_joint_1,right_joint_2,right_joint_3,right_joint_4,right_joint_5,right_joint_6,right_joint_7,-90.29906099924344,-71.39338160953231,75.96331028638966,-96.53409784676604,35.61804706975241,3.5714022167038095,-4.471333211412642,,
1780127642,459419211,right_base_cmd,right_joint_1,right_joint_2,right_joint_3,right_joint_4,right_joint_5,right_joint_6,right_joint_7,-90.40599184028113,-71.4185933398784,76.03743458454997,-96.58295222280493,35.52897865827478,3.5747603816413474,-4.211134456580524,,
1780127642,469332358,right_base_cmd,right_joint_1,right_joint_2,right_joint_3,right_joint_4,right_joint_5,right_joint_6,right_joint_7,-90.46248906418438,-71.42727739814008,76.0900408101692,-96.60921236699222,35.49327459527936,3.577756077626482,-3.9637590331359576,,
1780127642,479520815,right_base_cmd,right_joint_1,right_joint_2,right_joint_3,right_joint_4,right_joint_5,right_joint_6,right_joint_7,-90.5188646536507,-71.43523588385115,76.14106247980854,-96.63180944871341,35.47417400163536,3.5718805927253996,-3.7086511934765696,,
1780127642,489897629,right_base_cmd,right_joint_1,right_joint_2,right_joint_3,right_joint_4,right_joint_5,right_joint_6,right_joint_7,-90.58730562509109,-71.45628209075893,76.20646211640806,-96.6736792310818,35.45604136935677,3.5745464018651845,-3.4231024219830175,,
1780127642,500055479,right_base_cmd,right_joint_1,right_joint_2,right_joint_3,right_joint_4,right_joint_5,right_joint_6,right_joint_7,-90.67212561380492,-71.48254413751154,76.28493186075778,-96.72359593705029,35.44001899477965,3.578528944349337,-3.0764644461093127,,
1780127642,509555361,right_base_cmd,right_joint_1,right_joint_2,right_joint_3,right_joint_4,right_joint_5,right_joint_6,right_joint_7,-90.8466300645467,-71.52888625203663,76.40585248069547,-96.84085702012517,35.419363934337326,3.568008902297329,-2.557717845451535,,
1780127642,519600083,right_base_cmd,right_joint_1,right_joint_2,right_joint_3,right_joint_4,right_joint_5,right_joint_6,right_joint_7,-90.93518713781057,-71.58088315027034,76.54898526142105,-96.86590988000411,35.42362917503519,3.5782131050175465,-2.02687739708729,,
1780127642,529566546,right_base_cmd,right_joint_1,right_joint_2,right_joint_3,right_joint_4,right_joint_5,right_joint_6,right_joint_7,-91.03711820592085,-71.62470077374077,76.68207902801353,-96.89682520535719,35.43630193727628,3.584995155531324,-1.5216764842213735,,
1780127642,539446610,right_base_cmd,right_joint_1,right_joint_2,right_joint_3,right_joint_4,right_joint_5,right_joint_6,right_joint_7,-91.15747514000603,-71.65681118059662,76.80725397478537,-96.93596836854609,35.448855778433455,3.6014386874685513,-1.0287114830016009,,
1780127642,549557363,right_base_cmd,right_joint_1,right_joint_2,right_joint_3,right_joint_4,right_joint_5,right_joint_6,right_joint_7,-91.27101317463692,-71.69223737140699,76.9404524408969,-96.97986438350007,35.45374858163407,3.6504116869672387,-0.5419501300949179,,
1780127642,560475398,right_base_cmd,right_joint_1,right_joint_2,right_joint_3,right_joint_4,right_joint_5,right_joint_6,right_joint_7,-91.50635351299789,-71.70235067308074,77.09298047635568,-97.13130685621219,35.442163411645055,3.717482398253999,0.10561317699186645,,
1780127642,569504415,right_base_cmd,right_joint_1,right_joint_2,right_joint_3,right_joint_4,right_joint_5,right_joint_6,right_joint_7,-91.62443198314858,-71.718889498617,77.243089112663,-97.16498763637232,35.4242184582113,3.7921505434667395,0.7714139225316075,,
1780127642,579701952,right_base_cmd,right_joint_1,right_joint_2,right_joint_3,right_joint_4,right_joint_5,right_joint_6,right_joint_7,-91.75655359349057,-71.73338788754417,77.39366799273083,-97.2155613428887,35.38587316380912,3.860983039337391,1.4425038448697904,,
1780127642,589943723,right_base_cmd,right_joint_1,right_joint_2,right_joint_3,right_joint_4,right_joint_5,right_joint_6,right_joint_7,-91.95369654133376,-71.72539783357253,77.54795248857621,-97.32870346940514,35.3424388396613,3.9144210355053772,2.2142664945713904,,
1780127642,599753925,right_base_cmd,right_joint_1,right_joint_2,right_joint_3,right_joint_4,right_joint_5,right_joint_6,right_joint_7,-92.19324437297692,-71.72611499449023,77.73865887624262,-97.48016791459169,35.28878793801724,3.9844215735045125,3.1329376513070173,,
1780127642,609588279,right_base_cmd,right_joint_1,right_joint_2,right_joint_3,right_joint_4,right_joint_5,right_joint_6,right_joint_7,-92.82812852135939,-71.64775199258919,78.03070551141238,-98.02258950929179,35.29123448410721,4.083793123227913,4.613904844670444,,
1780127642,619372716,right_base_cmd,right_joint_1,right_joint_2,right_joint_3,right_joint_4,right_joint_5,right_joint_6,right_joint_7,-93.15173971489085,-71.68764271407214,78.3811825881638,-98.16471080520161,35.262471179881544,4.203196622933497,6.222301704789672,,
1780127642,629695734,right_base_cmd,right_joint_1,right_joint_2,right_joint_3,right_joint_4,right_joint_5,right_joint_6,right_joint_7,-93.51835074037663,-71.69180382174262,78.7140320561451,-98.36176626074946,35.24852423296582,4.341871290876618,7.832587719971102,,
1780127642,640941620,right_base_cmd,right_joint_1,right_joint_2,right_joint_3,right_joint_4,right_joint_5,right_joint_6,right_joint_7,-93.81489020305256,-71.72774822498066,79.05711783822883,-98.48396119658413,35.20552093277749,4.509729341671978,9.420490369494743,,
1780127642,650266868,right_base_cmd,right_joint_1,right_joint_2,right_joint_3,right_joint_4,right_joint_5,right_joint_6,right_joint_7,-94.08129851590868,-71.75387557022528,79.40122813277466,-98.63097736183688,35.16104677417687,4.710871449396457,10.920982477692448,,
1780127642,659386366,right_base_cmd,right_joint_1,right_joint_2,right_joint_3,right_joint_4,right_joint_5,right_joint_6,right_joint_7,-94.64696881248082,-71.6865385930292,79.7723206328914,-99.0494038308777,35.12970113914528,4.921408314804815,12.720482069462761,,
1780127642,669768830,right_base_cmd,right_joint_1,right_joint_2,right_joint_3,right_joint_4,right_joint_5,right_joint_6,right_joint_7,-94.89173064807059,-71.78277643795924,80.17760853616713,-99.09026358953021,34.96433144258074,5.1791203201157785,14.49279874423216,,
1780127642,679499866,right_base_cmd,right_joint_1,right_joint_2,right_joint_3,right_joint_4,right_joint_5,right_joint_6,right_joint_7,-95.06270248689728,-71.89846210157675,80.56476772803333,-99.08831968544276,34.759668755669196,5.461369333316277,16.113498631403658,,
1780127642,689647141,right_base_cmd,right_joint_1,right_joint_2,right_joint_3,right_joint_4,right_joint_5,right_joint_6,right_joint_7,-95.24856334027183,-72.00480813742207,80.91431869676947,-99.08966595191761,34.5109169394523,5.690437359064681,17.596524321443596,,
1780127642,699619844,right_base_cmd,right_joint_1,right_joint_2,right_joint_3,right_joint_4,right_joint_5,right_joint_6,right_joint_7,-95.40325558215821,-72.10035247311318,81.2237871983742,-99.0745622494136,34.23574523896204,5.881288370291948,18.953997410650445,,
1780127642,709424178,right_base_cmd,right_joint_1,right_joint_2,right_joint_3,right_joint_4,right_joint_5,right_joint_6,right_joint_7,-95.62572897350057,-72.1411202036194,81.4863510356034,-99.12674839475336,33.91386181738139,5.983724933286005,20.359979206629006,,
1780127642,719617464,right_base_cmd,right_joint_1,right_joint_2,right_joint_3,right_joint_4,right_joint_5,right_joint_6,right_joint_7,-95.64540388004829,-72.29717225105834,81.81369915722902,-99.04858678702193,33.549031728725566,6.1883431233586705,21.63455925916621,,
1780127642,729595314,right_base_cmd,right_joint_1,right_joint_2,right_joint_3,right_joint_4,right_joint_5,right_joint_6,right_joint_7,-95.66337086889857,-72.4072874064873,82.03234220604756,-98.9457332702146,33.23990409561654,6.276252911394359,22.623072582307756,,
1780127642,739826502,right_base_cmd,right_joint_1,right_joint_2,right_joint_3,right_joint_4,right_joint_5,right_joint_6,right_joint_7,-95.66370871194815,-72.50908517660743,82.20247919202686,-98.84750595261859,32.95755418995347,6.332929919975591,23.396491738219694,,
1780127642,749668468,right_base_cmd,right_joint_1,right_joint_2,right_joint_3,right_joint_4,right_joint_5,right_joint_6,right_joint_7,-95.65870417001204,-72.62667639069561,82.36714189541956,-98.79809221828363,32.68836160861477,6.412974835216865,24.020706680301302,,
1780127642,759365825,right_base_cmd,right_joint_1,right_joint_2,right_joint_3,right_joint_4,right_joint_5,right_joint_6,right_joint_7,-95.69437668151178,-72.75940255902636,82.49366940967124,-98.73958617663966,32.3794806788774,6.422869383728148,24.60742270344973,,
1780127642,769767183,right_base_cmd,right_joint_1,right_joint_2,right_joint_3,right_joint_4,right_joint_5,right_joint_6,right_joint_7,-95.68906577276888,-72.87003124500275,82.62268183882858,-98.67429851820624,32.13723048492389,6.469271648634795,25.09965549642571,,
1780127642,779627269,right_base_cmd,right_joint_1,right_joint_2,right_joint_3,right_joint_4,right_joint_5,right_joint_6,right_joint_7,-95.6912037452515,-72.9583572950474,82.72486371934016,-98.64055425179278,31.96298831035685,6.5198881339168295,25.48093819336684,,
1780127642,790019124,right_base_cmd,right_joint_1,right_joint_2,right_joint_3,right_joint_4,right_joint_5,right_joint_6,right_joint_7,-95.69398437964716,-73.05580864841268,82.83174534685637,-98.61323527211677,31.818712625008203,6.580933127654937,25.82031608770795,,
1780127642,800823404,right_base_cmd,right_joint_1,right_joint_2,right_joint_3,right_joint_4,right_joint_5,right_joint_6,right_joint_7,-95.69819259476216,-73.14149555917773,82.92541337697705,-98.59804346605826,31.724608896499632,6.639816138949534,26.106854104166175,,
1780127642,809589517,right_base_cmd,right_joint_1,right_joint_2,right_joint_3,right_joint_4,right_joint_5,right_joint_6,right_joint_7,-95.73102834033674,-73.22136080779133,83.03323087795243,-98.65398893508588,31.71363703461654,6.726093390059539,26.37519215813198,,
1780127642,819430575,right_base_cmd,right_joint_1,right_joint_2,right_joint_3,right_joint_4,right_joint_5,right_joint_6,right_joint_7,-95.7259567387047,-73.2776676025136,83.09825387018432,-98.67312621905701,31.767402176266756,6.784745846845404,26.562032726204322,,
1780127642,829840384,right_base_cmd,right_joint_1,right_joint_2,right_joint_3,right_joint_4,right_joint_5,right_joint_6,right_joint_7,-95.70572015131691,-73.29675213411333,83.1150582361984,-98.68245595628811,31.896340935050347,6.824496278249121,26.64032511120756,,
1780127642,839920938,right_base_cmd,right_joint_1,right_joint_2,right_joint_3,right_joint_4,right_joint_5,right_joint_6,right_joint_7,-95.69326724016528,-73.31077817444141,83.12213941678701,-98.70102311749254,32.0492350049353,6.865014121031159,26.66680339491772,,
1780127642,851374275,right_base_cmd,right_joint_1,right_joint_2,right_joint_3,right_joint_4,right_joint_5,right_joint_6,right_joint_7,-95.66526679427645,-73.29123051100602,83.08554930247848,-98.7259263282581,32.25720921696055,6.892223376462091,26.588748280262607,,
1780127642,859673476,right_base_cmd,right_joint_1,right_joint_2,right_joint_3,right_joint_4,right_joint_5,right_joint_6,right_joint_7,-95.58820190710858,-73.24488016293635,82.95006019826471,-98.71135104583847,32.577839324578605,6.8780752456990015,26.31504741335435,,
1780127642,869474139,right_base_cmd,right_joint_1,right_joint_2,right_joint_3,right_joint_4,right_joint_5,right_joint_6,right_joint_7,-95.5409962945669,-73.21905634713808,82.88035508581018,-98.70996346742437,32.84285067944583,6.877065941523206,26.07859118096944,,
1780127642,879887096,right_base_cmd,right_joint_1,right_joint_2,right_joint_3,right_joint_4,right_joint_5,right_joint_6,right_joint_7,-95.49956459857512,-73.20949152161099,82.83011131721722,-98.70056716780154,33.05757527600102,6.866276984012764,25.855150822381844,,
1780127642,889688548,right_base_cmd,right_joint_1,right_joint_2,right_joint_3,right_joint_4,right_joint_5,right_joint_6,right_joint_7,-95.44547338450818,-73.1996421052498,82.77670699705308,-98.67861004430513,33.23193927704236,6.850556696660881,25.61760490174474,,
1780127642,899905911,right_base_cmd,right_joint_1,right_joint_2,right_joint_3,right_joint_4,right_joint_5,right_joint_6,right_joint_7,-95.38859604880733,-73.18362693676472,82.72241384156669,-98.64941281805513,33.36568594539406,6.817839696572044,25.372211087745185,,
1780127642,909595757,right_base_cmd,right_joint_1,right_joint_2,right_joint_3,right_joint_4,right_joint_5,right_joint_6,right_joint_7,-95.33903007019663,-73.13956656431442,82.62638891938778,-98.61630751343957,33.479098911993134,6.717101424689652,25.07689544984605,,
1780127642,920078385,right_base_cmd,right_joint_1,right_joint_2,right_joint_3,right_joint_4,right_joint_5,right_joint_6,right_joint_7,-95.20038859938208,-73.05981441199584,82.57423250521097,-98.54117683927389,33.5489062341974,6.617418178295345,24.73700239209306,,
1780127642,929894148,right_base_cmd,right_joint_1,right_joint_2,right_joint_3,right_joint_4,right_joint_5,right_joint_6,right_joint_7,-95.16054791123773,-72.95629117143365,82.47297179021692,-98.52854508204088,33.57390118671495,6.443839839036862,24.365665943931432,,
1780127642,939874699,right_base_cmd,right_joint_1,right_joint_2,right_joint_3,right_joint_4,right_joint_5,right_joint_6,right_joint_7,-95.0786057849663,-72.86920198079521,82.40001894906717,-98.49689051909185,33.55504322659195,6.318225899317049,24.020247682959095,,
1780127642,949621289,right_base_cmd,right_joint_1,right_joint_2,right_joint_3,right_joint_4,right_joint_5,right_joint_6,right_joint_7,-95.02964451992139,-72.77133120243583,82.30140862540017,-98.4809618732249,33.51521507462192,6.165490207408375,23.667113981957684,,
1780127642,960605655,right_base_cmd,right_joint_1,right_joint_2,right_joint_3,right_joint_4,right_joint_5,right_joint_6,right_joint_7,-94.96488257365255,-72.68190694875524,82.20158869539708,-98.44634970688982,33.440415329989634,6.026349067524855,23.316319576104817,,
1780127642,969516226,right_base_cmd,right_joint_1,right_joint_2,right_joint_3,right_joint_4,right_joint_5,right_joint_6,right_joint_7,-94.782498507241,-72.5560781780738,82.02095485760677,-98.28034371544756,33.30944579270326,5.824979403771131,22.836675487104955,,
1780127642,979707255,right_base_cmd,right_joint_1,right_joint_2,right_joint_3,right_joint_4,right_joint_5,right_joint_6,right_joint_7,-94.71827340921331,-72.42003196872612,81.82118164482634,-98.24357120045302,33.17546978192942,5.5996354373497255,22.32339431511143,,
1780127642,990279671,right_base_cmd,right_joint_1,right_joint_2,right_joint_3,right_joint_4,right_joint_5,right_joint_6,right_joint_7,-94.62143399747944,-72.35393538554128,81.70364776944095,-98.17606257030214,32.9802283324116,5.429434389356523,21.88556396626511,,
1780127642,999988637,right_base_cmd,right_joint_1,right_joint_2,right_joint_3,right_joint_4,right_joint_5,right_joint_6,right_joint_7,-94.5299387326489,-72.29088970921846,81.58965549263146,-98.10979702905367,32.782839618066674,5.247887333848958,21.446946653603035,,
1780127643,9784888,right_base_cmd,right_joint_1,right_joint_2,right_joint_3,right_joint_4,right_joint_5,right_joint_6,right_joint_7,-94.31542567019633,-72.14946263496996,81.37158169683156,-97.90107944673674,32.58949328257464,4.9405364972834676,20.825419827258358,,
1780127643,19843069,right_base_cmd,right_joint_1,right_joint_2,right_joint_3,right_joint_4,right_joint_5,right_joint_6,right_joint_7,-94.24696140970556,-72.07780770709037,81.22661676673803,-97.86398259503814,32.34544310471327,4.7226171615424235,20.26351663755348,,
1780127643,30004966,right_base_cmd,right_joint_1,right_joint_2,right_joint_3,right_joint_4,right_joint_5,right_joint_6,right_joint_7,-94.18576894229395,-72.03418162829026,81.11215540611599,-97.8458610383499,32.12673577702938,4.578783608279316,19.75991370343438,,
1780127643,40405624,right_base_cmd,right_joint_1,right_joint_2,right_joint_3,right_joint_4,right_joint_5,right_joint_6,right_joint_7,-94.11158594671988,-71.996365249058,81.00317715096347,-97.8131648866147,31.93805835582927,4.465844811370069,19.286653717203066,,
1780127643,50163208,right_base_cmd,right_joint_1,right_joint_2,right_joint_3,right_joint_4,right_joint_5,right_joint_6,right_joint_7,-94.04845610592221,-71.93897662066884,80.80544093659964,-97.75534294636965,31.801529329144643,4.291501595367613,18.74003651288301,,
1780127643,60495626,right_base_cmd,right_joint_1,right_joint_2,right_joint_3,right_joint_4,right_joint_5,right_joint_6,right_joint_7,-93.94642934131869,-71.92508033918428,80.68935251083681,-97.70231964441645,31.66796126260195,4.221158661612726,18.244294132649586,,
1780127643,69545835,right_base_cmd,right_joint_1,right_joint_2,right_joint_3,right_joint_4,right_joint_5,right_joint_6,right_joint_7,-93.70791861151346,-71.89970694349115,80.49903485561268,-97.52858643135023,31.553197731619633,4.094753980682135,17.560092678984333,,
1780127643,79798942,right_base_cmd,right_joint_1,right_joint_2,right_joint_3,right_joint_4,right_joint_5,right_joint_6,right_joint_7,-93.57472814686545,-71.80794686498673,80.28395506689318,-97.47796955437947,31.48920512040101,3.940207479954104,16.834900340138958,,
1780127643,91241026,right_base_cmd,right_joint_1,right_joint_2,right_joint_3,right_joint_4,right_joint_5,right_joint_6,right_joint_7,-93.43002916408702,-71.73655478149153,80.0891699649263,-97.38933575625954,31.412434055028513,3.7647566074130125,16.135811219103616,,
1780127643,99647496,right_base_cmd,right_joint_1,right_joint_2,right_joint_3,right_joint_4,right_joint_5,right_joint_6,right_joint_7,-93.29429299355164,-71.67544671655646,79.90753567827434,-97.29692826990335,31.322872630401235,3.5773290549526067,15.45028926517152,,
1780127643,110474171,right_base_cmd,right_joint_1,right_joint_2,right_joint_3,right_joint_4,right_joint_5,right_joint_6,right_joint_7,-92.97787474164213,-71.69286274047944,79.74433779885928,-96.99876540225291,31.115269228967946,3.3532224675441924,14.62555765251038,,
1780127643,119522525,right_base_cmd,right_joint_1,right_joint_2,right_joint_3,right_joint_4,right_joint_5,right_joint_6,right_joint_7,-92.85006983332946,-71.61749476403538,79.48972028770831,-96.90748900487894,30.97341236284464,3.0751631893617244,13.70509924473076,,
1780127643,129953927,right_base_cmd,right_joint_1,right_joint_2,right_joint_3,right_joint_4,right_joint_5,right_joint_6,right_joint_7,-92.67769012718381,-71.56423364664813,79.28346911047518,-96.80017560666671,30.84056143807848,2.840945025387505,12.834748641541339,,
1780127643,139647537,right_base_cmd,right_joint_1,right_joint_2,right_joint_3,right_joint_4,right_joint_5,right_joint_6,right_joint_7,-92.50790043653953,-71.50214540142657,79.06595966317596,-96.69662023680424,30.73306702918117,2.5850982861542846,11.961443941398542,,
1780127643,150016657,right_base_cmd,right_joint_1,right_joint_2,right_joint_3,right_joint_4,right_joint_5,right_joint_6,right_joint_7,-92.28380200483551,-71.43724469671311,78.83919963158755,-96.56829944022475,30.656729137479914,2.3470701565401058,11.054607456650885,,
1780127643,159450661,right_base_cmd,right_joint_1,right_joint_2,right_joint_3,right_joint_4,right_joint_5,right_joint_6,right_joint_7,-91.8415694955062,-71.47555881157434,78.6008054017461,-96.16993722386896,30.52873144470132,2.033216295461962,9.91105365118078,,
1780127643,169892311,right_base_cmd,right_joint_1,right_joint_2,right_joint_3,right_joint_4,right_joint_5,right_joint_6,right_joint_7,-91.62571479929571,-71.44461007543784,78.32184460799309,-96.02955184500674,30.457838673096745,1.7265930357308505,8.731502246690283,,
1780127643,179823970,right_base_cmd,right_joint_1,right_joint_2,right_joint_3,right_joint_4,right_joint_5,right_joint_6,right_joint_7,-91.45021315115676,-71.39814622307519,78.03002469828797,-95.90165804823222,30.417832043619768,1.4118064907475585,7.607488641696463,,
1780127643,190019674,right_base_cmd,right_joint_1,right_joint_2,right_joint_3,right_joint_4,right_joint_5,right_joint_6,right_joint_7,-91.22936016505483,-71.40407344873508,77.80079300400868,-95.7377820027465,30.366357301792988,1.1737042579810648,6.586801790965907,,
1780127643,200261697,right_base_cmd,right_joint_1,right_joint_2,right_joint_3,right_joint_4,right_joint_5,right_joint_6,right_joint_7,-90.99014406432426,-71.4232523997796,77.58867856262421,-95.54918837670029,30.320950404656827,0.9539252895755297,5.592702693026851,,
1780127643,209489238,right_base_cmd,right_joint_1,right_joint_2,right_joint_3,right_joint_4,right_joint_5,right_joint_6,right_joint_7,-90.51812763840692,-71.5156768280291,77.42395494011353,-95.16600022352294,30.276652514722258,0.7759114196375165,4.421838571393195,,
1780127643,219510764,right_base_cmd,right_joint_1,right_joint_2,right_joint_3,right_joint_4,right_joint_5,right_joint_6,right_joint_7,-90.31915630218643,-71.45710775245614,77.10026178632555,-95.04709077005295,30.32902563140115,0.45745070208290173,3.1359058047608386,,
1780127643,229759513,right_base_cmd,right_joint_1,right_joint_2,right_joint_3,right_joint_4,right_joint_5,right_joint_6,right_joint_7,-90.08830945423458,-71.4210259025236,76.8326318385331,-94.91575627713247,30.397062673309534,0.20668134462784593,1.9433099790321506,,
1780127643,240125707,right_base_cmd,right_joint_1,right_joint_2,right_joint_3,right_joint_4,right_joint_5,right_joint_6,right_joint_7,-89.87647836726566,-71.40473830232868,76.57680763552415,-94.78116194355529,30.470589910866664,-0.040747791018922896,0.7901667729750983,,
1780127643,250558991,right_base_cmd,right_joint_1,right_joint_2,right_joint_3,right_joint_4,right_joint_5,right_joint_6,right_joint_7,-89.6711447912513,-71.41518144505694,76.34698030850157,-94.63120568563507,30.513371527203702,-0.27635290349370933,-0.3188509063018188,,
1780127643,259573549,right_base_cmd,right_joint_1,right_joint_2,right_joint_3,right_joint_4,right_joint_5,right_joint_6,right_joint_7,-89.23014422202763,-71.59433243821219,76.29002420603084,-94.2620607713168,30.468252348993275,-0.38323897303262555,-1.529717106020101,,
1780127643,271779489,right_base_cmd,right_joint_1,right_joint_2,right_joint_3,right_joint_4,right_joint_5,right_joint_6,right_joint_7,-88.98963452423206,-71.59146585618466,76.02240224952456,-94.11096292674974,30.524802405608483,-0.6243723001469945,-2.8560820976955625,,
1780127643,279535766,right_base_cmd,right_joint_1,right_joint_2,right_joint_3,right_joint_4,right_joint_5,right_joint_6,right_joint_7,-88.75171276584061,-71.59298551940869,75.75787337683593,-93.8749739950563,30.562072026061372,-0.9177937085831829,-4.0364126294943645,,
1780127643,289607143,right_base_cmd,right_joint_1,right_joint_2,right_joint_3,right_joint_4,right_joint_5,right_joint_6,right_joint_7,-88.54828386545088,-71.62493926613048,75.5649749882821,-93.71770991012347,30.568960071624275,-1.1142033460297895,-5.085957654018287,,
1780127643,299615279,right_base_cmd,right_joint_1,right_joint_2,right_joint_3,right_joint_4,right_joint_5,right_joint_6,right_joint_7,-88.34526229446837,-71.66406351038934,75.39730543727549,-93.55228580326254,30.57435170756017,-1.2955937172791252,-6.03777977080189,,
1780127643,309561267,right_base_cmd,right_joint_1,right_joint_2,right_joint_3,right_joint_4,right_joint_5,right_joint_6,right_joint_7,-88.02101450402628,-71.8443309017929,75.32715068943267,-93.20689761016725,30.489572990487744,-1.4266978802521564,-7.004699771580661,,
1780127643,321043940,right_base_cmd,right_joint_1,right_joint_2,right_joint_3,right_joint_4,right_joint_5,right_joint_6,right_joint_7,-87.88292864823492,-71.89811760792385,75.19547031969867,-93.09764696582648,30.473674604198465,-1.5679812031079834,-7.971606766857647,,
1780127643,329504628,right_base_cmd,right_joint_1,right_joint_2,right_joint_3,right_joint_4,right_joint_5,right_joint_6,right_joint_7,-87.73541099228416,-71.95213610910709,75.06417337710312,-92.97130943560053,30.449435590085756,-1.6806186905287674,-8.833211496587083,,
1780127643,339661356,right_base_cmd,right_joint_1,right_joint_2,right_joint_3,right_joint_4,right_joint_5,right_joint_6,right_joint_7,-87.5930908928901,-72.01972755167664,74.97471950914544,-92.83880145454448,30.405481998605666,-1.7537885816473064,-9.608010381458044,,
1780127643,349899518,right_base_cmd,right_joint_1,right_joint_2,right_joint_3,right_joint_4,right_joint_5,right_joint_6,right_joint_7,-87.40757564242708,-72.10378164819191,74.9800734716824,-92.73199299862166,30.34892171950466,-1.6918726996196298,-10.291877995641087,,
1780127643,359707034,right_base_cmd,right_joint_1,right_joint_2,right_joint_3,right_joint_4,right_joint_5,right_joint_6,right_joint_7,-87.13899653171532,-72.30572414314862,75.04488729572401,-92.38714455490869,30.208465309388743,-1.7025319388833324,-11.005942725080516,,
1780127643,369649029,right_base_cmd,right_joint_1,right_joint_2,right_joint_3,right_joint_4,right_joint_5,right_joint_6,right_joint_7,-86.99188701606997,-72.37531602363192,74.92988403066212,-92.25688265512521,30.169318736013082,-1.7702198786384926,-11.848497371465456,,
1780127643,380069465,right_base_cmd,right_joint_1,right_joint_2,right_joint_3,right_joint_4,right_joint_5,right_joint_6,right_joint_7,-86.83959980516155,-72.43151145872595,74.78181944839636,-92.1017175690135,30.15733478902351,-1.8817991258742879,-12.633333886598976,,
1780127643,389777912,right_base_cmd,right_joint_1,right_joint_2,right_joint_3,right_joint_4,right_joint_5,right_joint_6,right_joint_7,-86.69269522875996,-72.49673244128111,74.6952993338617,-91.96973931974902,30.142427353092415,-1.9656577240270323,-13.323370038041745,,
1780127643,399930312,right_base_cmd,right_joint_1,right_joint_2,right_joint_3,right_joint_4,right_joint_5,right_joint_6,right_joint_7,-86.54735232311916,-72.55240092443593,74.61664400163247,-91.84021293022194,30.125699539082888,-2.0709446268485223,-13.964682715022164,,
1780127643,409894966,right_base_cmd,right_joint_1,right_joint_2,right_joint_3,right_joint_4,right_joint_5,right_joint_6,right_joint_7,-86.32928782646277,-72.6323901251941,74.5951862349983,-91.59837866402064,30.075052414453552,-2.254480174549194,-14.695104136009846,,
1780127643,419608905,right_base_cmd,right_joint_1,right_joint_2,right_joint_3,right_joint_4,right_joint_5,right_joint_6,right_joint_7,-86.2015122262737,-72.63448403564526,74.49357814371339,-91.52067119805959,30.050092536137726,-2.454132513037102,-15.494538818537038,,
1780127643,429573713,right_base_cmd,right_joint_1,right_joint_2,right_joint_3,right_joint_4,right_joint_5,right_joint_6,right_joint_7,-86.07371982173768,-72.62719944037345,74.38802194258275,-91.41014988646522,30.011708400142112,-2.6755957734782143,-16.259685396389003,,
1780127643,439879081,right_base_cmd,right_joint_1,right_joint_2,right_joint_3,right_joint_4,right_joint_5,right_joint_6,right_joint_7,-85.93906182112912,-72.61269652616689,74.28128411877393,-91.29587312968944,29.96946921233851,-2.892000221738435,-17.020823969263986,,
1780127643,449625744,right_base_cmd,right_joint_1,right_joint_2,right_joint_3,right_joint_4,right_joint_5,right_joint_6,right_joint_7,-85.72593739197126,-72.5693187751793,74.13334053842195,-91.16102463699936,29.957625062554683,-3.0856930538447997,-17.833517795674723,,
1780127643,459366401,right_base_cmd,right_joint_1,right_joint_2,right_joint_3,right_joint_4,right_joint_5,right_joint_6,right_joint_7,-85.40968061384646,-72.52504646151347,74.05195195834298,-90.92141785741008,29.935211917996213,-3.3327853000052343,-18.813265471269077,,
1780127643,470246573,right_base_cmd,right_joint_1,right_joint_2,right_joint_3,right_joint_4,right_joint_5,right_joint_6,right_joint_7,-85.18167843225487,-72.4840468664055,73.85611432863053,-90.771788620274,29.876140539979616,-3.6502797867674346,-19.83426787084649,,
1780127643,479977593,right_base_cmd,right_joint_1,right_joint_2,right_joint_3,right_joint_4,right_joint_5,right_joint_6,right_joint_7,-84.95574497094552,-72.38833835480803,73.59515203783704,-90.6226409433158,29.84896363923454,-4.046599634929855,-20.831439525071758,,
1780127643,489688426,right_base_cmd,right_joint_1,right_joint_2,right_joint_3,right_joint_4,right_joint_5,right_joint_6,right_joint_7,-84.69839710297381,-72.34898865559855,73.42897073765383,-90.44515762380401,29.772243659339296,-4.409941896484945,-21.7108891063112,,
1780127643,499974594,right_base_cmd,right_joint_1,right_joint_2,right_joint_3,right_joint_4,right_joint_5,right_joint_6,right_joint_7,-84.42793955725872,-72.3032534926672,73.25745221442853,-90.246537605771,29.69590103085895,-4.803293527230714,-22.559928648723783,,
1780127643,509487473,right_base_cmd,right_joint_1,right_joint_2,right_joint_3,right_joint_4,right_joint_5,right_joint_6,right_joint_7,-83.98269010020826,-72.3479227348662,73.28323976080489,-89.84389879343736,29.559045049744128,-5.136947184829857,-23.340133692115288,,
1780127643,519688811,right_base_cmd,right_joint_1,right_joint_2,right_joint_3,right_joint_4,right_joint_5,right_joint_6,right_joint_7,-83.76002660405206,-72.31533004517935,73.01708384921213,-89.61015684142025,29.449584978910394,-5.60986716469295,-24.26351793483191,,
1780127643,529546801,right_base_cmd,right_joint_1,right_joint_2,right_joint_3,right_joint_4,right_joint_5,right_joint_6,right_joint_7,-83.54580046022127,-72.31080971528719,72.85863224908823,-89.38125642581527,29.34511271532719,-5.9272208785229665,-24.989478313654175,,
1780127643,541098792,right_base_cmd,right_joint_1,right_joint_2,right_joint_3,right_joint_4,right_joint_5,right_joint_6,right_joint_7,-83.34856108857409,-72.32106841121642,72.7501193167245,-89.16962818600037,29.24314874834883,-6.152080745693517,-25.6121517112273,,
1780127643,549362584,right_base_cmd,right_joint_1,right_joint_2,right_joint_3,right_joint_4,right_joint_5,right_joint_6,right_joint_7,-83.14473650919794,-72.28800619928758,72.59653349310176,-88.99434542260714,29.187061425605606,-6.332989931341608,-26.26132128206082,,
1780127643,559385321,right_base_cmd,right_joint_1,right_joint_2,right_joint_3,right_joint_4,right_joint_5,right_joint_6,right_joint_7,-82.84399931567421,-72.15866471693484,72.4430775721282,-88.73578219222158,29.23203470362975,-6.587925052562348,-27.04160866643953,,
1780127643,570624756,right_base_cmd,right_joint_1,right_joint_2,right_joint_3,right_joint_4,right_joint_5,right_joint_6,right_joint_7,-82.60917593383098,-72.04905564607118,72.23811800078337,-88.60074453135623,29.244822288495612,-6.83660497656404,-27.85834495422138,,
1780127643,579603066,right_base_cmd,right_joint_1,right_joint_2,right_joint_3,right_joint_4,right_joint_5,right_joint_6,right_joint_7,-82.40717722152144,-71.93004497787258,72.02844371509727,-88.4871663172162,29.271021191620747,-7.129800792793269,-28.627337812601994,,
1780127643,589942973,right_base_cmd,right_joint_1,right_joint_2,right_joint_3,right_joint_4,right_joint_5,right_joint_6,right_joint_7,-82.20715046310775,-71.81244510679808,71.84659641680904,-88.41229217390385,29.285631995394482,-7.406009684578741,-29.31944105307396,,
1780127643,599857830,right_base_cmd,right_joint_1,right_joint_2,right_joint_3,right_joint_4,right_joint_5,right_joint_6,right_joint_7,-82.00081084263834,-71.69958184803473,71.67177657044945,-88.32169893370362,29.289814653826028,-7.703361574315174,-29.949805218299346,,
1780127643,609643330,right_base_cmd,right_joint_1,right_joint_2,right_joint_3,right_joint_4,right_joint_5,right_joint_6,right_joint_7,-81.67258130489304,-71.51491232886174,71.43656928610076,-88.15949041218751,29.316076942904004,-8.038276035291453,-30.656491138714912,,
1780127643,619541004,right_base_cmd,right_joint_1,right_joint_2,right_joint_3,right_joint_4,right_joint_5,right_joint_6,right_joint_7,-81.45568655458717,-71.43328318600318,71.24914692721265,-88.0137439771379,29.236469351069474,-8.346778546684043,-31.247809665869354,,
1780127643,629780396,right_base_cmd,right_joint_1,right_joint_2,right_joint_3,right_joint_4,right_joint_5,right_joint_6,right_joint_7,-81.25606172815131,-71.39498216352838,71.08266053486281,-87.84113926061958,29.133098112015972,-8.615238933901075,-31.71103928097837,,
1780127643,639586802,right_base_cmd,right_joint_1,right_joint_2,right_joint_3,right_joint_4,right_joint_5,right_joint_6,right_joint_7,-81.08137398915582,-71.36238597652637,70.95495776117801,-87.69466863013623,29.0370193977125,-8.831494273841137,-32.086814352843376,,
1780127643,649634608,right_base_cmd,right_joint_1,right_joint_2,right_joint_3,right_joint_4,right_joint_5,right_joint_6,right_joint_7,-80.9829417559778,-71.37665989372131,70.88371499433518,-87.55740218204024,28.90795640066247,-9.021718010095974,-32.36181980499795,,
1780127643,659497444,right_base_cmd,right_joint_1,right_joint_2,right_joint_3,right_joint_4,right_joint_5,right_joint_6,right_joint_7,-80.84488160935402,-71.42747675686316,70.86282665244974,-87.34002405790501,28.738898907231288,-9.182389233683175,-32.60164855237174,,
1780127643,669602263,right_base_cmd,right_joint_1,right_joint_2,right_joint_3,right_joint_4,right_joint_5,right_joint_6,right_joint_7,-80.75060527014838,-71.4701039171044,70.82355051830885,-87.19519599840699,28.573703187935536,-9.289919366679378,-32.843171231726686,,
1780127643,680053283,right_base_cmd,right_joint_1,right_joint_2,right_joint_3,right_joint_4,right_joint_5,right_joint_6,right_joint_7,-80.64745789170033,-71.50499568460039,70.8447611935787,-87.13785917649899,28.429734119352673,-9.236896127589425,-33.03953132279163,,
1780127643,689881831,right_base_cmd,right_joint_1,right_joint_2,right_joint_3,right_joint_4,right_joint_5,right_joint_6,right_joint_7,-80.58826347139146,-71.5798610942938,70.86019942968457,-87.00752844855693,28.25121122553989,-9.254000195867768,-33.19494456518102,,
1780127643,699769294,right_base_cmd,right_joint_1,right_joint_2,right_joint_3,right_joint_4,right_joint_5,right_joint_6,right_joint_7,-80.53974938653064,-71.65468108216312,70.88134039373975,-86.89514863938821,28.08269327682322,-9.246209682830901,-33.33628042839872,,
1780127643,709604967,right_base_cmd,right_joint_1,right_joint_2,right_joint_3,right_joint_4,right_joint_5,right_joint_6,right_joint_7,-80.57438345813935,-72.00240939641783,71.13309976212147,-86.59568704529916,27.69214496049372,-9.202144747865127,-33.24927684967112,,
1780127643,719486796,right_base_cmd,right_joint_1,right_joint_2,right_joint_3,right_joint_4,right_joint_5,right_joint_6,right_joint_7,-80.65395654465951,-72.22887818200054,71.32941152938767,-86.50734226825217,27.432727554863476,-9.042470781689921,-33.21815542431649,,
1780127643,729659764,right_base_cmd,right_joint_1,right_joint_2,right_joint_3,right_joint_4,right_joint_5,right_joint_6,right_joint_7,-80.79547621233425,-72.4936384573842,71.54954718839727,-86.45580336241888,27.185114393585167,-8.85206627707742,-33.110556433315324,,
1780127643,739673025,right_base_cmd,right_joint_1,right_joint_2,right_joint_3,right_joint_4,right_joint_5,right_joint_6,right_joint_7,-80.9770402428737,-72.77999133621792,71.81421857866079,-86.41446172687962,26.952947648011417,-8.619742004569837,-32.93076147375463,,
1780127643,749585345,right_base_cmd,right_joint_1,right_joint_2,right_joint_3,right_joint_4,right_joint_5,right_joint_6,right_joint_7,-81.18442843504712,-73.06158924982027,72.07179080776396,-86.39620861431594,26.768486590544484,-8.344319671050691,-32.718853379500004,,
1780127643,759836728,right_base_cmd,right_joint_1,right_joint_2,right_joint_3,right_joint_4,right_joint_5,right_joint_6,right_joint_7,-81.64070892709455,-73.62949549863556,72.53758910543141,-86.32269598127108,26.392764564741555,-7.983019393749878,-32.220562520894944,,
1780127643,769697202,right_base_cmd,right_joint_1,right_joint_2,right_joint_3,right_joint_4,right_joint_5,right_joint_6,right_joint_7,-81.82771164309534,-73.93151382644625,72.80342358828457,-86.34097730300176,26.327940738892238,-7.459305207066045,-31.873164502090972,,
1780127643,780540939,right_base_cmd,right_joint_1,right_joint_2,right_joint_3,right_joint_4,right_joint_5,right_joint_6,right_joint_7,-81.92983091068115,-74.18623779435877,73.027454793749,-86.34195937441491,26.3041756595417,-6.960295085668115,-31.525347551908865,,
1780127643,790812060,right_base_cmd,right_joint_1,right_joint_2,right_joint_3,right_joint_4,right_joint_5,right_joint_6,right_joint_7,-81.94698356297553,-74.34195031183249,73.13367257085318,-86.3547004846309,26.351157102787596,-6.5505063215062975,-31.24153723982853,,
1780127643,799828457,right_base_cmd,right_joint_1,right_joint_2,right_joint_3,right_joint_4,right_joint_5,right_joint_6,right_joint_7,-81.96540939584432,-74.44073577004151,73.23638787411065,-86.39187897456931,26.415082277119126,-6.247397762795792,-30.962099091559438,,
1780127643,810638044,right_base_cmd,right_joint_1,right_joint_2,right_joint_3,right_joint_4,right_joint_5,right_joint_6,right_joint_7,-81.87477824967587,-74.20366922516833,73.068560126309,-86.61498641059502,26.706709631172743,-6.159200795990607,-31.003775597875816,,
1780127643,819884770,right_base_cmd,right_joint_1,right_joint_2,right_joint_3,right_joint_4,right_joint_5,right_joint_6,right_joint_7,-81.89174656623587,-74.11935509912435,73.07581615717496,-86.72259015583553,26.80851651807339,-6.224052883119093,-30.919059295287767,,
1780127643,830121341,right_base_cmd,right_joint_1,right_joint_2,right_joint_3,right_joint_4,right_joint_5,right_joint_6,right_joint_7,-81.97888092289341,-73.92881511482467,72.99560802230118,-86.92322709940784,26.969660636001407,-6.385738749571253,-30.996881511460586,,
1780127643,840137215,right_base_cmd,right_joint_1,right_joint_2,right_joint_3,right_joint_4,right_joint_5,right_joint_6,right_joint_7,-82.0502211995761,-73.79738445359563,72.88728683936895,-87.06060297962235,27.0825055365884,-6.595444119952951,-31.084202346797227,,
1780127643,849881164,right_base_cmd,right_joint_1,right_joint_2,right_joint_3,right_joint_4,right_joint_5,right_joint_6,right_joint_7,-82.14952689577174,-73.97522799962299,72.97021649708219,-86.99559566504423,26.984743684045753,-6.701645587132013,-30.875769146910628,,
1780127643,859624411,right_base_cmd,right_joint_1,right_joint_2,right_joint_3,right_joint_4,right_joint_5,right_joint_6,right_joint_7,-82.15206850860446,-74.01943040402547,72.81968314919575,-86.96367998908882,27.136111425795576,-6.7785475344355675,-30.70015699507566,,
1780127643,869452344,right_base_cmd,right_joint_1,right_joint_2,right_joint_3,right_joint_4,right_joint_5,right_joint_6,right_joint_7,-82.22831217587091,-74.24612664315613,73.00920626047716,-86.94592412208239,27.117231510806022,-6.666374017473906,-30.240174407105783,,
1780127643,879561551,right_base_cmd,right_joint_1,right_joint_2,right_joint_3,right_joint_4,right_joint_5,right_joint_6,right_joint_7,-82.23179850311223,-74.31881067066412,73.09565039125076,-86.98346902572918,27.25316992508911,-6.512120002849876,-29.90680795982321,,
1780127643,891113642,right_base_cmd,right_joint_1,right_joint_2,right_joint_3,right_joint_4,right_joint_5,right_joint_6,right_joint_7,-82.37153497315316,-74.31022449957653,73.15825670206479,-87.10564777786091,27.41112568464868,-6.423464674207928,-29.691493670781554,,
1780127643,899683031,right_base_cmd,right_joint_1,right_joint_2,right_joint_3,right_joint_4,right_joint_5,right_joint_6,right_joint_7,-82.47726522165752,-74.2782154103436,73.20840033346897,-87.2370292653576,27.581739406600974,-6.304207175348658,-29.575080519419444,,
1780127643,909471884,right_base_cmd,right_joint_1,right_joint_2,right_joint_3,right_joint_4,right_joint_5,right_joint_6,right_joint_7,-82.61750923214495,-73.98664661345585,73.25268030125565,-87.66753311091936,27.955254130225654,-6.151927109781745,-29.76173204493695,,
1780127643,919824872,right_base_cmd,right_joint_1,right_joint_2,right_joint_3,right_joint_4,right_joint_5,right_joint_6,right_joint_7,-82.62407023042962,-73.75227462855788,73.05974840859133,-87.82471705637518,28.25327134072299,-6.2814440260241255,-30.066898988328447,,
1780127643,929469029,right_base_cmd,right_joint_1,right_joint_2,right_joint_3,right_joint_4,right_joint_5,right_joint_6,right_joint_7,-82.56398767216623,-73.50619890551026,72.86662647488438,-87.99056349624875,28.524502256924592,-6.412680435327381,-30.37748860538683,,
1780127643,940545246,right_base_cmd,right_joint_1,right_joint_2,right_joint_3,right_joint_4,right_joint_5,right_joint_6,right_joint_7,-82.43560354946933,-73.29866354277591,72.66501376912728,-88.089847963568,28.739675652172053,-6.584323658984708,-30.634315688015604,,
1780127643,949671862,right_base_cmd,right_joint_1,right_joint_2,right_joint_3,right_joint_4,right_joint_5,right_joint_6,right_joint_7,-82.31420342242322,-73.01223835115799,72.4585460445189,-88.29453088196091,28.969868667142663,-6.7456793516079685,-30.896886302959288,,
1780127643,959381226,right_base_cmd,right_joint_1,right_joint_2,right_joint_3,right_joint_4,right_joint_5,right_joint_6,right_joint_7,-82.08289683164472,-72.35068781602912,72.01509683372612,-88.65561185115241,29.42313246782092,-7.14686026760949,-31.479360904042565,,
1780127643,969437631,right_base_cmd,right_joint_1,right_joint_2,right_joint_3,right_joint_4,right_joint_5,right_joint_6,right_joint_7,-81.89904098172045,-71.91937979069941,71.65443297712827,-88.74066417568123,29.599524309103657,-7.767282110868329,-31.93882037627715,,
1780127643,979683301,right_base_cmd,right_joint_1,right_joint_2,right_joint_3,right_joint_4,right_joint_5,right_joint_6,right_joint_7,-81.68105831375235,-71.55825115324474,71.33664867890039,-88.74825884665343,29.708054458621717,-8.32222585474539,-32.362899004950364,,
1780127643,989649977,right_base_cmd,right_joint_1,right_joint_2,right_joint_3,right_joint_4,right_joint_5,right_joint_6,right_joint_7,-81.48577992821194,-71.25522620954742,71.01473672683713,-88.67391780536424,29.751061558153623,-8.885043943829992,-32.77549498515869,,
1780127643,999414362,right_base_cmd,right_joint_1,right_joint_2,right_joint_3,right_joint_4,right_joint_5,right_joint_6,right_joint_7,-81.38183354124712,-71.26722906145672,70.92285300024272,-88.43409021565391,29.56046863359623,-9.238552192949037,-32.90999551601898,,
1780127644,9552987,right_base_cmd,right_joint_1,right_joint_2,right_joint_3,right_joint_4,right_joint_5,right_joint_6,right_joint_7,-81.25865800026358,-71.48018100859356,70.98230331811257,-88.03489625784444,29.290971257467135,-9.248785457832405,-32.80960272306244,,
1780127644,19603169,right_base_cmd,right_joint_1,right_joint_2,right_joint_3,right_joint_4,right_joint_5,right_joint_6,right_joint_7,-81.20584758816662,-71.45554050934,70.83475646103986,-87.93535952427034,29.228619821851424,-9.226157769567628,-32.92100283944576,,
1780127644,29640244,right_base_cmd,right_joint_1,right_joint_2,right_joint_3,right_joint_4,right_joint_5,right_joint_6,right_joint_7,-81.17458106238266,-71.50366441018896,70.82682327173345,-87.88523751091454,29.15423765007219,-9.099942251559916,-32.884014753710304,,
1780127644,39543702,right_base_cmd,right_joint_1,right_joint_2,right_joint_3,right_joint_4,right_joint_5,right_joint_6,right_joint_7,-81.11041226124817,-71.45344384989126,70.744842059192,-87.86309062122059,29.194487256094618,-9.067490675030392,-32.910462279423385,,
1780127644,49781804,right_base_cmd,right_joint_1,right_joint_2,right_joint_3,right_joint_4,right_joint_5,right_joint_6,right_joint_7,-81.1485036907865,-71.30592128826835,70.6369874505414,-88.00164001723086,29.298249444667505,-9.093500104093316,-33.00984387639524,,
1780127644,59571321,right_base_cmd,right_joint_1,right_joint_2,right_joint_3,right_joint_4,right_joint_5,right_joint_6,right_joint_7,-81.30168468162995,-71.00545091250622,70.48069906050759,-88.2189685830747,29.50533503004951,-9.2359806275607,-33.256115522599785,,
1780127644,69582802,right_base_cmd,right_joint_1,right_joint_2,right_joint_3,right_joint_4,right_joint_5,right_joint_6,right_joint_7,-81.38614118490605,-70.8493057141592,70.41774813629755,-88.34944158947663,29.60408018830978,-9.272496410496835,-33.43926601455264,,
1780127644,79551208,right_base_cmd,right_joint_1,right_joint_2,right_joint_3,right_joint_4,right_joint_5,right_joint_6,right_joint_7,-81.45114082910024,-70.69976165471094,70.33059267552565,-88.4622809780894,29.68297356550275,-9.23901365522891,-33.62933178426216,,
1780127644,89830442,right_base_cmd,right_joint_1,right_joint_2,right_joint_3,right_joint_4,right_joint_5,right_joint_6,right_joint_7,-81.44267642341632,-70.58673655365932,70.22135851327565,-88.51631116175544,29.74025583970817,-9.181753774072028,-33.78300313814738,,
1780127644,99759360,right_base_cmd,right_joint_1,right_joint_2,right_joint_3,right_joint_4,right_joint_5,right_joint_6,right_joint_7,-81.41391986698218,-70.48354820225946,70.105618062444,-88.5533100950952,29.7887424450806,-9.11968646252307,-33.88680698410913,,
1780127644,109497259,right_base_cmd,right_joint_1,right_joint_2,right_joint_3,right_joint_4,right_joint_5,right_joint_6,right_joint_7,-81.2729091248689,-70.52535666225027,70.00797524528136,-88.43357606399469,29.7556937703757,-9.065008991532004,-33.79570315922139,,
1780127644,119436933,right_base_cmd,right_joint_1,right_joint_2,right_joint_3,right_joint_4,right_joint_5,right_joint_6,right_joint_7,-81.09494071384015,-70.61540982567568,69.80778184461579,-88.20146755226763,29.681780855884227,-9.042513500464104,-33.53010632921122,,
1780127644,130026385,right_base_cmd,right_joint_1,right_joint_2,right_joint_3,right_joint_4,right_joint_5,right_joint_6,right_joint_7,-81.08128508027713,-70.7415631336129,69.87060633427129,-88.08534572529165,29.562113367188005,-8.899790575747481,-33.061282112734446,,
1780127644,139531484,right_base_cmd,right_joint_1,right_joint_2,right_joint_3,right_joint_4,right_joint_5,right_joint_6,right_joint_7,-81.1966006105205,-70.8413284111124,69.96074432817235,-88.03716711043008,29.450938442889452,-8.772001644500214,-32.626721582260714,,
1780127644,149779186,right_base_cmd,right_joint_1,right_joint_2,right_joint_3,right_joint_4,right_joint_5,right_joint_6,right_joint_7,-81.36511353417987,-71.0186112608123,70.1669721912439,-88.00447242330803,29.305196660903533,-8.542115260593953,-32.15523665714126,,
1780127644,159652072,right_base_cmd,right_joint_1,right_joint_2,right_joint_3,right_joint_4,right_joint_5,right_joint_6,right_joint_7,-81.53504343529804,-71.20524771313656,70.38939639685472,-88.00146808598153,29.185866278604095,-8.252732838810736,-31.733986873195832,,
1780127644,169706403,right_base_cmd,right_joint_1,right_joint_2,right_joint_3,right_joint_4,right_joint_5,right_joint_6,right_joint_7,-81.99587976102762,-71.62187713392548,70.84699481813053,-88.02109255752556,28.909623004205258,-7.881271300345809,-31.20998541165001,,
1780127644,179516406,right_base_cmd,right_joint_1,right_joint_2,right_joint_3,right_joint_4,right_joint_5,right_joint_6,right_joint_7,-82.18239761060207,-71.80339036210133,71.0514416482998,-88.09664949634823,28.909560272894254,-7.4394810664672875,-30.971351004471458,,
1780127644,189693843,right_base_cmd,right_joint_1,right_joint_2,right_joint_3,right_joint_4,right_joint_5,right_joint_6,right_joint_7,-82.24636745870797,-71.95879690392259,71.18252465858976,-88.13115460506482,28.95792111213163,-7.036703000059212,-30.785016496944266,,
1780127644,199837771,right_base_cmd,right_joint_1,right_joint_2,right_joint_3,right_joint_4,right_joint_5,right_joint_6,right_joint_7,-82.19721436292744,-72.12681261335685,71.29463338972639,-88.10659840890851,29.002507437698142,-6.669884206738907,-30.556536524295225,,
1780127644,209938940,right_base_cmd,right_joint_1,right_joint_2,right_joint_3,right_joint_4,right_joint_5,right_joint_6,right_joint_7,-81.90917786766792,-72.2955543737623,71.19727425968316,-87.97448215808807,29.0823192185334,-6.433503972964381,-30.300198727815783,,
1780127644,219664406,right_base_cmd,right_joint_1,right_joint_2,right_joint_3,right_joint_4,right_joint_5,right_joint_6,right_joint_7,-81.89946691819725,-72.36383906393446,71.24108824454467,-87.98476647481284,29.147668168727847,-6.383276209416628,-29.967530066320435,,
1780127644,229834253,right_base_cmd,right_joint_1,right_joint_2,right_joint_3,right_joint_4,right_joint_5,right_joint_6,right_joint_7,-81.86233479419977,-72.41137971860663,71.30517969559853,-88.00293181142457,29.18850617594765,-6.382423268747509,-29.675089084842355,,
1780127644,239782481,right_base_cmd,right_joint_1,right_joint_2,right_joint_3,right_joint_4,right_joint_5,right_joint_6,right_joint_7,-81.95147788456964,-72.45403428155755,71.45294837511798,-88.07610584889996,29.181791296798707,-6.4367295828845315,-29.426172024887606,,
1780127644,249718853,right_base_cmd,right_joint_1,right_joint_2,right_joint_3,right_joint_4,right_joint_5,right_joint_6,right_joint_7,-82.14496839378953,-72.4297387329744,71.5706057772891,-88.19946783030004,29.17810222862758,-6.573640288457618,-29.349632972718624,,
1780127644,259377576,right_base_cmd,right_joint_1,right_joint_2,right_joint_3,right_joint_4,right_joint_5,right_joint_6,right_joint_7,-82.39057412664764,-72.38525897497182,71.73584900259615,-88.37299767583211,29.134691705413587,-6.702370152164853,-29.425786161267368,,
1780127644,269926920,right_base_cmd,right_joint_1,right_joint_2,right_joint_3,right_joint_4,right_joint_5,right_joint_6,right_joint_7,-82.40652794220475,-72.25538246588071,71.6595471004625,-88.41110799773777,29.17658274919839,-6.857387915973497,-29.710967386653763,,
1780127644,279848331,right_base_cmd,right_joint_1,right_joint_2,right_joint_3,right_joint_4,right_joint_5,right_joint_6,right_joint_7,-82.34902087423322,-72.17413355011861,71.58082441639274,-88.40817548189217,29.1774579578275,-6.969756173183207,-29.98362002858717,,
1780127644,290218549,right_base_cmd,right_joint_1,right_joint_2,right_joint_3,right_joint_4,right_joint_5,right_joint_6,right_joint_7,-82.2059049886665,-72.03513475533778,71.38480902901583,-88.35708638967346,29.222834595828573,-7.11643325734655,-30.284492842880027,,
1780127644,299572903,right_base_cmd,right_joint_1,right_joint_2,right_joint_3,right_joint_4,right_joint_5,right_joint_6,right_joint_7,-82.09279867509676,-71.96063528632108,71.30932940334216,-88.34376776406312,29.19380811990382,-7.187854695737535,-30.47264694977811,,
1780127644,309514349,right_base_cmd,right_joint_1,right_joint_2,right_joint_3,right_joint_4,right_joint_5,right_joint_6,right_joint_7,-81.86816213514268,-71.61608938338982,71.0260081159046,-88.48059455160895,29.333337535587503,-7.361677124070631,-30.92591565397278,,
1780127644,319687334,right_base_cmd,right_joint_1,right_joint_2,right_joint_3,right_joint_4,right_joint_5,right_joint_6,right_joint_7,-81.72352380833851,-71.2828315540968,70.76757707806595,-88.61542839881004,29.41781638438303,-7.673832780421826,-31.38514328668147,,
1780127644,329851756,right_base_cmd,right_joint_1,right_joint_2,right_joint_3,right_joint_4,right_joint_5,right_joint_6,right_joint_7,-81.58584410301486,-70.87263668544763,70.44951893047008,-88.79329978409642,29.546610448683083,-8.095591615528399,-31.95747758220945,,
1780127644,339826733,right_base_cmd,right_joint_1,right_joint_2,right_joint_3,right_joint_4,right_joint_5,right_joint_6,right_joint_7,-81.43940968826243,-70.44047972946733,70.12992199024094,-88.99080324792801,29.67694686873952,-8.561227148505672,-32.590669424295314,,
1780127644,349623743,right_base_cmd,right_joint_1,right_joint_2,right_joint_3,right_joint_4,right_joint_5,right_joint_6,right_joint_7,-81.32759352592697,-70.13985028502073,69.84907557688163,-89.05080743985913,29.73892806391737,-9.072257799926597,-33.118691063155055,,
1780127644,359397098,right_base_cmd,right_joint_1,right_joint_2,right_joint_3,right_joint_4,right_joint_5,right_joint_6,right_joint_7,-81.17155954260645,-70.06953960247877,69.6164832103967,-88.94421803732543,29.720338754277208,-9.49915824198444,-33.43209344974248,,
1780127644,370207540,right_base_cmd,right_joint_1,right_joint_2,right_joint_3,right_joint_4,right_joint_5,right_joint_6,right_joint_7,-81.05912013893598,-70.08935467562817,69.44576139246945,-88.77749875467471,29.682769717385412,-9.791417163919043,-33.524758597337566,,
1780127644,379492997,right_base_cmd,right_joint_1,right_joint_2,right_joint_3,right_joint_4,right_joint_5,right_joint_6,right_joint_7,-80.98106984134867,-70.1817881798752,69.38185257542202,-88.63232810670401,29.636610762648473,-9.901054638607256,-33.42352133821454,,
1780127644,389693189,right_base_cmd,right_joint_1,right_joint_2,right_joint_3,right_joint_4,right_joint_5,right_joint_6,right_joint_7,-80.9436761915899,-70.3545121657793,69.4112717821881,-88.4596430302786,29.569897834103614,-9.889358786831558,-33.13974753981138,,
1780127644,399679863,right_base_cmd,right_joint_1,right_joint_2,right_joint_3,right_joint_4,right_joint_5,right_joint_6,right_joint_7,-80.9785425149058,-70.47380076747125,69.45510286929581,-88.37598117557958,29.567310417173843,-9.824051239393889,-32.84357413975353,,
1780127644,410311092,right_base_cmd,right_joint_1,right_joint_2,right_joint_3,right_joint_4,right_joint_5,right_joint_6,right_joint_7,-81.15796612653273,-70.72908829197213,69.70946632265455,-88.29449348668932,29.48100690233744,-9.577492627598808,-32.35023641761701,,
1780127644,419519780,right_base_cmd,right_joint_1,right_joint_2,right_joint_3,right_joint_4,right_joint_5,right_joint_6,right_joint_7,-81.23756111075252,-70.70753908902107,69.83295042854891,-88.39512504263486,29.6154246662326,-9.285414416351664,-32.15849279204407,,
1780127644,429576105,right_base_cmd,right_joint_1,right_joint_2,right_joint_3,right_joint_4,right_joint_5,right_joint_6,right_joint_7,-81.34891118982168,-70.5889428789351,69.84454873839584,-88.55639344524276,29.785121890536658,-9.100479433349214,-32.150698726862586,,
1780127644,439693362,right_base_cmd,right_joint_1,right_joint_2,right_joint_3,right_joint_4,right_joint_5,right_joint_6,right_joint_7,-81.40877761545059,-70.4378700621897,69.76572261132972,-88.69868652305446,29.964640503510083,-8.98392232101019,-32.24688577925106,,
1780127644,449532430,right_base_cmd,right_joint_1,right_joint_2,right_joint_3,right_joint_4,right_joint_5,right_joint_6,right_joint_7,-81.39799427112129,-70.17553157835052,69.55371338935501,-88.84328281245463,30.2285251211936,-8.95086303545036,-32.47520740986461,,
1780127644,459393714,right_base_cmd,right_joint_1,right_joint_2,right_joint_3,right_joint_4,right_joint_5,right_joint_6,right_joint_7,-81.27760776006122,-70.05971934935748,69.28667447800976,-88.81464896027661,30.43959541508613,-8.963819867964041,-32.59619119851841,,
1780127644,470485556,right_base_cmd,right_joint_1,right_joint_2,right_joint_3,right_joint_4,right_joint_5,right_joint_6,right_joint_7,-81.20080246788709,-70.04301438731774,69.1873603086261,-88.78182077062054,30.55584648621371,-8.915387898161036,-32.54041990270612,,
1780127644,479565505,right_base_cmd,right_joint_1,right_joint_2,right_joint_3,right_joint_4,right_joint_5,right_joint_6,right_joint_7,-81.12220633963344,-70.10289982305456,69.101478820859,-88.69294527362156,30.605062281147497,-8.872261016939767,-32.399849961439045,,
1780127644,489514974,right_base_cmd,right_joint_1,right_joint_2,right_joint_3,right_joint_4,right_joint_5,right_joint_6,right_joint_7,-81.03902915505014,-70.19450076194381,69.0515990356798,-88.57803597512704,30.625158325082936,-8.842687085548725,-32.181970171143874,,
1780127644,499518076,right_base_cmd,right_joint_1,right_joint_2,right_joint_3,right_joint_4,right_joint_5,right_joint_6,right_joint_7,-80.96035898283301,-70.32817848765684,69.1148760969813,-88.49021190352632,30.599623329283617,-8.765474064516972,-31.87970237055397,,
1780127644,509374867,right_base_cmd,right_joint_1,right_joint_2,right_joint_3,right_joint_4,right_joint_5,right_joint_6,right_joint_7,-80.86035522194791,-70.377034412139,69.22034633485274,-88.56609802261507,30.589798696744225,-8.775215903116639,-31.66249612343377,,
1780127644,519536241,right_base_cmd,right_joint_1,right_joint_2,right_joint_3,right_joint_4,right_joint_5,right_joint_6,right_joint_7,-80.84426285211023,-70.39351739159703,69.32581215569942,-88.58990983975083,30.569339134932676,-8.946528364890632,-31.492005306766387,,
1780127644,529576761,right_base_cmd,right_joint_1,right_joint_2,right_joint_3,right_joint_4,right_joint_5,right_joint_6,right_joint_7,-80.83420882929877,-70.37317528980914,69.3783042469311,-88.62370238427287,30.544902441625055,-9.190820476425067,-31.459278264168987,,
1780127644,539500020,right_base_cmd,right_joint_1,right_joint_2,right_joint_3,right_joint_4,right_joint_5,right_joint_6,right_joint_7,-80.78752740188284,-70.30329068589965,69.36028874681327,-88.65409600378298,30.538265235227556,-9.460480289965282,-31.54803587585242,,
1780127644,549721911,right_base_cmd,right_joint_1,right_joint_2,right_joint_3,right_joint_4,right_joint_5,right_joint_6,right_joint_7,-80.73163728334615,-70.1096686265857,69.23430785479312,-88.70687777358508,30.60348496724211,-9.810680877782652,-31.796077618097982,,
1780127644,559538510,right_base_cmd,right_joint_1,right_joint_2,right_joint_3,right_joint_4,right_joint_5,right_joint_6,right_joint_7,-80.71853935977194,-69.90304366954793,69.113196546728,-88.78702576547916,30.63159892789716,-10.197751639029597,-32.17291109172989,,
1780127644,569901266,right_base_cmd,right_joint_1,right_joint_2,right_joint_3,right_joint_4,right_joint_5,right_joint_6,right_joint_7,-80.7043496626761,-69.9373318020878,69.10361996710051,-88.7071588029278,30.50889583548505,-10.471860825336073,-32.395406797117246,,
1780127644,579766988,right_base_cmd,right_joint_1,right_joint_2,right_joint_3,right_joint_4,right_joint_5,right_joint_6,right_joint_7,-80.70449637376188,-70.03010568547599,69.16048135162558,-88.6432581493652,30.37663941293519,-10.597429280572605,-32.54136093679644,,
1780127644,589695827,right_base_cmd,right_joint_1,right_joint_2,right_joint_3,right_joint_4,right_joint_5,right_joint_6,right_joint_7,-80.70674940089063,-70.20531877000322,69.25100834349851,-88.5303502560255,30.217242292401608,-10.617134474840547,-32.58073468531963,,
1780127644,599805630,right_base_cmd,right_joint_1,right_joint_2,right_joint_3,right_joint_4,right_joint_5,right_joint_6,right_joint_7,-80.68490890611147,-70.27806059194712,69.31475653149127,-88.53301301404072,30.159474924941748,-10.545675349358582,-32.63403708486449,,
1780127644,609424338,right_base_cmd,right_joint_1,right_joint_2,right_joint_3,right_joint_4,right_joint_5,right_joint_6,right_joint_7,-80.61525871049562,-70.28799370705396,69.23328538794075,-88.58982082711351,30.163019978464234,-10.541975618215012,-32.74877386032365,,
1780127644,619578066,right_base_cmd,right_joint_1,right_joint_2,right_joint_3,right_joint_4,right_joint_5,right_joint_6,right_joint_7,-80.56799546526346,-70.21421603543838,69.16497586902008,-88.66005630211409,30.237171195341347,-10.619024164129932,-32.82400727587789,,
1780127644,629652439,right_base_cmd,right_joint_1,right_joint_2,right_joint_3,right_joint_4,right_joint_5,right_joint_6,right_joint_7,-80.50130164727577,-70.12074663009862,69.05326442468836,-88.70296892034192,30.324559239461593,-10.760271384238813,-32.906850074753564,,
1780127644,639642347,right_base_cmd,right_joint_1,right_joint_2,right_joint_3,right_joint_4,right_joint_5,right_joint_6,right_joint_7,-80.47229706164782,-70.06442560770815,68.98963359505072,-88.70504201670185,30.37377776360333,-10.925282257827341,-32.94369411293981,,
1780127644,649580564,right_base_cmd,right_joint_1,right_joint_2,right_joint_3,right_joint_4,right_joint_5,right_joint_6,right_joint_7,-80.44856322415112,-70.00406961066382,68.94531836998536,-88.708718974999,30.415744904778393,-11.055758334095508,-32.98596581736798,,
1780127644,659544789,right_base_cmd,right_joint_1,right_joint_2,right_joint_3,right_joint_4,right_joint_5,right_joint_6,right_joint_7,-80.45541047627987,-70.02576624715563,69.01182058638474,-88.66374495553102,30.37804869476659,-11.100016217440718,-32.94269653788406,,
1780127644,669799348,right_base_cmd,right_joint_1,right_joint_2,right_joint_3,right_joint_4,right_joint_5,right_joint_6,right_joint_7,-80.45953547384559,-70.0635423970257,69.03870647634588,-88.60956073985473,30.31418446394494,-11.102521718715813,-32.912727910487675,,
1780127644,679596987,right_base_cmd,right_joint_1,right_joint_2,right_joint_3,right_joint_4,right_joint_5,right_joint_6,right_joint_7,-80.45876170577364,-70.08691285721763,69.03146233659433,-88.59939573336239,30.25714726313842,-11.052342897219255,-32.89300043924909,,
1780127644,689635403,right_base_cmd,right_joint_1,right_joint_2,right_joint_3,right_joint_4,right_joint_5,right_joint_6,right_joint_7,-80.43171018418755,-70.10644242753393,69.02208514867735,-88.55745749174976,30.20796671508222,-10.993587036787737,-32.83297516428594,,
1780127644,699476712,right_base_cmd,right_joint_1,right_joint_2,right_joint_3,right_joint_4,right_joint_5,right_joint_6,right_joint_7,-80.38572363100818,-70.09830675195259,68.98989400813238,-88.53154623383251,30.18718256772914,-10.940379127944986,-32.77524237708134,,
1780127644,709689748,right_base_cmd,right_joint_1,right_joint_2,right_joint_3,right_joint_4,right_joint_5,right_joint_6,right_joint_7,-80.28411748056848,-70.00037474095048,68.7927339934541,-88.51297640955467,30.286312857945546,-10.968901704159684,-32.78990105334192,,
1780127644,719847689,right_base_cmd,right_joint_1,right_joint_2,right_joint_3,right_joint_4,right_joint_5,right_joint_6,right_joint_7,-80.28635544614778,-69.96584095424062,68.78794017806464,-88.54999434845264,30.32253935343553,-10.937341255167944,-32.70334760260762,,
1780127644,729869479,right_base_cmd,right_joint_1,right_joint_2,right_joint_3,right_joint_4,right_joint_5,right_joint_6,right_joint_7,-80.28501543124727,-69.90305866926617,68.75781028171113,-88.60443715580608,30.403479703803583,-10.929779050835684,-32.67029030456622,,
1780127644,739835360,right_base_cmd,right_joint_1,right_joint_2,right_joint_3,right_joint_4,right_joint_5,right_joint_6,right_joint_7,-80.30239927016888,-69.8499014074152,68.69979156005022,-88.63819963908863,30.475676125080298,-10.979442445179181,-32.67665151771105,,
1780127644,749807099,right_base_cmd,right_joint_1,right_joint_2,right_joint_3,right_joint_4,right_joint_5,right_joint_6,right_joint_7,-80.2970625657438,-69.81535509028272,68.69269705501401,-88.67866463984332,30.548109343446384,-10.986380715196155,-32.66890977870669,,
1780127644,759615723,right_base_cmd,right_joint_1,right_joint_2,right_joint_3,right_joint_4,right_joint_5,right_joint_6,right_joint_7,-80.27387826302495,-69.78330328612931,68.673235112632,-88.70925960919432,30.62035144710981,-11.003272859034318,-32.6775372333815,,
1780127644,769818993,right_base_cmd,right_joint_1,right_joint_2,right_joint_3,right_joint_4,right_joint_5,right_joint_6,right_joint_7,-80.19573686479086,-69.79006147872612,68.61635559439716,-88.68310832004182,30.66535807931652,-11.027288955445208,-32.66380733084016,,
1780127644,779534761,right_base_cmd,right_joint_1,right_joint_2,right_joint_3,right_joint_4,right_joint_5,right_joint_6,right_joint_7,-80.17297645215754,-69.82012944295481,68.64214606747598,-88.6718310349229,30.680100452016887,-11.026414490004065,-32.57514723578102,,
1780127644,791892736,right_base_cmd,right_joint_1,right_joint_2,right_joint_3,right_joint_4,right_joint_5,right_joint_6,right_joint_7,-80.15569376294698,-69.86009600107788,68.65260441298042,-88.6278871767047,30.669621336351753,-11.037025979636205,-32.473382031602526,,
1780127644,799528898,right_base_cmd,right_joint_1,right_joint_2,right_joint_3,right_joint_4,right_joint_5,right_joint_6,right_joint_7,-80.17084849064761,-69.90343356105713,68.7108104711792,-88.6006501974207,30.63941253087276,-11.01408095853747,-32.352557315399864,,
1780127644,810009405,right_base_cmd,right_joint_1,right_joint_2,right_joint_3,right_joint_4,right_joint_5,right_joint_6,right_joint_7,-80.26918525386534,-70.02567157417361,68.86025620275191,-88.56706856683446,30.523786329155058,-10.957500179453397,-32.17290103645816,,
1780127644,819476842,right_base_cmd,right_joint_1,right_joint_2,right_joint_3,right_joint_4,right_joint_5,right_joint_6,right_joint_7,-80.35726105058373,-70.09682292535179,68.98186132363324,-88.59537685591376,30.450381843936924,-10.86472281130198,-32.067315740928976,,
1780127644,829708324,right_base_cmd,right_joint_1,right_joint_2,right_joint_3,right_joint_4,right_joint_5,right_joint_6,right_joint_7,-80.43483095136529,-70.13742204351435,69.07647995768187,-88.64198773199031,30.404164444777024,-10.778840366267609,-32.005739794235424,,
1780127644,840513085,right_base_cmd,right_joint_1,right_joint_2,right_joint_3,right_joint_4,right_joint_5,right_joint_6,right_joint_7,-80.4815317361712,-70.16725310573902,69.13488087453962,-88.68476345560903,30.370300477390032,-10.708486065944946,-31.972941796743342,,
1780127644,849560746,right_base_cmd,right_joint_1,right_joint_2,right_joint_3,right_joint_4,right_joint_5,right_joint_6,right_joint_7,-80.50770831946019,-70.15403490818433,69.14764488267409,-88.74710070904844,30.371765723738264,-10.671811723699356,-31.97618454341314,,
1780127644,859312993,right_base_cmd,right_joint_1,right_joint_2,right_joint_3,right_joint_4,right_joint_5,right_joint_6,right_joint_7,-80.5211843076514,-70.1467719867281,69.1560298572289,-88.78692886991412,30.372909646822762,-10.664867815090581,-31.966427288582295,,
1780127644,869628656,right_base_cmd,right_joint_1,right_joint_2,right_joint_3,right_joint_4,right_joint_5,right_joint_6,right_joint_7,-80.5099365051569,-70.16851537978643,69.16746026038825,-88.81647377964119,30.355723075292275,-10.663545218624385,-31.91410987803819,,
1780127644,879631148,right_base_cmd,right_joint_1,right_joint_2,right_joint_3,right_joint_4,right_joint_5,right_joint_6,right_joint_7,-80.56320280685779,-70.18623882590693,69.19356932894667,-88.83301981028701,30.33526291777335,-10.711407995596453,-31.837030414411302,,
1780127644,889668657,right_base_cmd,right_joint_1,right_joint_2,right_joint_3,right_joint_4,right_joint_5,right_joint_6,right_joint_7,-80.60962634772224,-70.26054063310416,69.28672712097378,-88.80614971150875,30.28691624021897,-10.701376311427843,-31.709730808953637,,
1780127644,899439058,right_base_cmd,right_joint_1,right_joint_2,right_joint_3,right_joint_4,right_joint_5,right_joint_6,right_joint_7,-80.67244190077085,-70.32434750987035,69.37796356648144,-88.80453039770192,30.24253691127771,-10.663535014202402,-31.609532918217567,,
1780127644,909430423,right_base_cmd,right_joint_1,right_joint_2,right_joint_3,right_joint_4,right_joint_5,right_joint_6,right_joint_7,-80.75325354462038,-70.44104283175757,69.53949003103165,-88.80491756809546,30.145325224100674,-10.5705233394442,-31.460034301599947,,
1780127644,919520825,right_base_cmd,right_joint_1,right_joint_2,right_joint_3,right_joint_4,right_joint_5,right_joint_6,right_joint_7,-80.78492801799982,-70.42252045890093,69.54504789181502,-88.85848278636276,30.152864349338955,-10.544755154424017,-31.459119082509588,,
1780127644,929775153,right_base_cmd,right_joint_1,right_joint_2,right_joint_3,right_joint_4,right_joint_5,right_joint_6,right_joint_7,-80.77543610476377,-70.39017576814258,69.54938135039876,-88.90495484487788,30.17086610709154,-10.538160440503752,-31.467080039291787,,
1780127644,939679159,right_base_cmd,right_joint_1,right_joint_2,right_joint_3,right_joint_4,right_joint_5,right_joint_6,right_joint_7,-80.7595446992963,-70.33062954084615,69.51353100004636,-88.95063585049333,30.202799353219604,-10.597057162349408,-31.516762450335378,,
1780127644,949756054,right_base_cmd,right_joint_1,right_joint_2,right_joint_3,right_joint_4,right_joint_5,right_joint_6,right_joint_7,-80.73830748411595,-70.2432248816295,69.45164927211417,-88.9926687154731,30.25126315213609,-10.706593172020796,-31.603314923019198,,
1780127644,961859343,right_base_cmd,right_joint_1,right_joint_2,right_joint_3,right_joint_4,right_joint_5,right_joint_6,right_joint_7,-80.77026220931234,-70.12655005589336,69.40766220352438,-89.06673592995652,30.32918853104448,-10.833656955566248,-31.725158870533804,,
1780127644,969545146,right_base_cmd,right_joint_1,right_joint_2,right_joint_3,right_joint_4,right_joint_5,right_joint_6,right_joint_7,-80.7864476416207,-70.14034840210867,69.42043354198321,-89.04396233653337,30.333137509064642,-10.896240412551258,-31.76530943565156,,
1780127644,979937650,right_base_cmd,right_joint_1,right_joint_2,right_joint_3,right_joint_4,right_joint_5,right_joint_6,right_joint_7,-80.80519490827393,-70.14931862759734,69.41228022790253,-89.04698570923615,30.35704775725563,-10.925191234865046,-31.809631393679595,,
1780127644,989786164,right_base_cmd,right_joint_1,right_joint_2,right_joint_3,right_joint_4,right_joint_5,right_joint_6,right_joint_7,-80.78198214209121,-70.18296810344891,69.40690935212555,-89.02788716497697,30.389301633971257,-10.905796885364445,-31.7998130896337,,
1780127644,999610111,right_base_cmd,right_joint_1,right_joint_2,right_joint_3,right_joint_4,right_joint_5,right_joint_6,right_joint_7,-80.7608941715279,-70.18565564960205,69.37370429506993,-89.04624889071142,30.449870798801015,-10.893220754259907,-31.786465875789318,,
1780127645,9523089,right_base_cmd,right_joint_1,right_joint_2,right_joint_3,right_joint_4,right_joint_5,right_joint_6,right_joint_7,-80.74058860486886,-70.1801004603483,69.34330056950992,-89.06091933027547,30.513230426737067,-10.893409085512637,-31.740609116220142,,
1780127645,19418568,right_base_cmd,right_joint_1,right_joint_2,right_joint_3,right_joint_4,right_joint_5,right_joint_6,right_joint_7,-80.75296324908854,-70.11674130911321,69.27936402817451,-89.11565291656588,30.630170505244763,-10.926902682867187,-31.705014578957574,,
1780127645,29802663,right_base_cmd,right_joint_1,right_joint_2,right_joint_3,right_joint_4,right_joint_5,right_joint_6,right_joint_7,-80.79774195756929,-70.06764807822607,69.27535854175144,-89.16085453902458,30.71981235736112,-10.943386881815165,-31.63446522791459,,
1780127645,39931212,right_base_cmd,right_joint_1,right_joint_2,right_joint_3,right_joint_4,right_joint_5,right_joint_6,right_joint_7,-80.86623278312206,-70.04427036380038,69.28699305471085,-89.19495240612885,30.781871735025305,-10.940431010046545,-31.571196885343298,,
1780127645,49702268,right_base_cmd,right_joint_1,right_joint_2,right_joint_3,right_joint_4,right_joint_5,right_joint_6,right_joint_7,-80.95197709344345,-70.05073350621133,69.33798685912845,-89.23419018803584,30.81027514834787,-10.885355160449699,-31.48093813956673,,
1780127645,59746237,right_base_cmd,right_joint_1,right_joint_2,right_joint_3,right_joint_4,right_joint_5,right_joint_6,right_joint_7,-81.06012914550254,-70.03530872685589,69.33981102989193,-89.30227063424856,30.85458301374095,-10.79018337540844,-31.360824694754356,,
1780127645,70986424,right_base_cmd,right_joint_1,right_joint_2,right_joint_3,right_joint_4,right_joint_5,right_joint_6,right_joint_7,-81.09601594309723,-70.0225584662685,69.34704808448575,-89.36279831007126,30.90000083132216,-10.654286785781942,-31.206689975466887,,
1780127645,79604364,right_base_cmd,right_joint_1,right_joint_2,right_joint_3,right_joint_4,right_joint_5,right_joint_6,right_joint_7,-81.16413947461044,-69.99152871879484,69.34647818887126,-89.4322860616111,30.940199536030633,-10.55949866325016,-31.035099630794505,,
1780127645,89632398,right_base_cmd,right_joint_1,right_joint_2,right_joint_3,right_joint_4,right_joint_5,right_joint_6,right_joint_7,-81.20083725358771,-69.95925229446927,69.34430603939799,-89.48854233874484,30.97484777608517,-10.46436668533476,-30.843549408521895,,
1780127645,99591352,right_base_cmd,right_joint_1,right_joint_2,right_joint_3,right_joint_4,right_joint_5,right_joint_6,right_joint_7,-81.24320682041017,-69.9339763713041,69.37116867611749,-89.54216389413115,30.990849132653892,-10.373226186425988,-30.633915269611478,,
1780127645,109396306,right_base_cmd,right_joint_1,right_joint_2,right_joint_3,right_joint_4,right_joint_5,right_joint_6,right_joint_7,-81.40577798666075,-69.86708627594693,69.39600721296611,-89.65987380278757,31.001663411729368,-10.29080503014449,-30.40249519609047,,
1780127645,119519406,right_base_cmd,right_joint_1,right_joint_2,right_joint_3,right_joint_4,right_joint_5,right_joint_6,right_joint_7,-81.49679897645441,-69.85011406983138,69.46032637437892,-89.72826723620365,30.99315648486575,-10.164431323942146,-30.176046388494186,,
1780127645,129478981,right_base_cmd,right_joint_1,right_joint_2,right_joint_3,right_joint_4,right_joint_5,right_joint_6,right_joint_7,-81.57576933499237,-69.83221978695435,69.52039938609354,-89.80222596044798,30.98730139198446,-10.049355355324217,-29.980044177346386,,
1780127645,139954812,right_base_cmd,right_joint_1,right_joint_2,right_joint_3,right_joint_4,right_joint_5,right_joint_6,right_joint_7,-81.63755402524654,-69.80199046341876,69.53746275278704,-89.88047518754594,30.989762150578628,-9.968869383605629,-29.82974118168319,,
1780127645,149949461,right_base_cmd,right_joint_1,right_joint_2,right_joint_3,right_joint_4,right_joint_5,right_joint_6,right_joint_7,-81.68364477826847,-69.75582092257527,69.55677129154489,-89.95841462927082,31.014732829187636,-9.912534863265812,-29.688091664448976,,
1780127645,159679222,right_base_cmd,right_joint_1,right_joint_2,right_joint_3,right_joint_4,right_joint_5,right_joint_6,right_joint_7,-81.74777354063943,-69.65008870436681,69.47867105670232,-90.07807133103263,31.076546539673217,-9.921907102662708,-29.596644897903403,,
1780127645,169515400,right_base_cmd,right_joint_1,right_joint_2,right_joint_3,right_joint_4,right_joint_5,right_joint_6,right_joint_7,-81.7584760367927,-69.60289859685612,69.46123426613624,-90.11253124627781,31.118318931495793,-9.905896115800026,-29.441696137194086,,
1780127645,179524904,right_base_cmd,right_joint_1,right_joint_2,right_joint_3,right_joint_4,right_joint_5,right_joint_6,right_joint_7,-81.76361675660391,-69.56301186042408,69.42479315106041,-90.12772836281722,31.167513389646075,-9.905651864854512,-29.313368644288815,,
1780127645,189985949,right_base_cmd,right_joint_1,right_joint_2,right_joint_3,right_joint_4,right_joint_5,right_joint_6,right_joint_7,-81.7532387064517,-69.53670150235446,69.40712746517627,-90.1414455012763,31.213058536123953,-9.884073769994579,-29.182518950034947,,
1780127645,199777944,right_base_cmd,right_joint_1,right_joint_2,right_joint_3,right_joint_4,right_joint_5,right_joint_6,right_joint_7,-81.74514716453311,-69.53184112010474,69.4238738700499,-90.16078811476866,31.239889971462816,-9.845145041220853,-29.036211095258537,,
1780127645,209446773,right_base_cmd,right_joint_1,right_joint_2,right_joint_3,right_joint_4,right_joint_5,right_joint_6,right_joint_7,-81.82486951847508,-69.51738098973142,69.4398651418675,-90.23238696825054,31.27371841621951,-9.839702725389706,-28.89209419777491,,
1780127645,219464883,right_base_cmd,right_joint_1,right_joint_2,right_joint_3,right_joint_4,right_joint_5,right_joint_6,right_joint_7,-81.92994037109369,-69.52272760035216,69.4622902835018,-90.27905495746343,31.293664309758327,-9.841624031599615,-28.752747892975904,,
1780127645,229621506,right_base_cmd,right_joint_1,right_joint_2,right_joint_3,right_joint_4,right_joint_5,right_joint_6,right_joint_7,-82.02849838530048,-69.57083502009205,69.5632175696131,-90.32362459778678,31.299866324200337,-9.753427109589147,-28.566699930853204,,
1780127645,239668693,right_base_cmd,right_joint_1,right_joint_2,right_joint_3,right_joint_4,right_joint_5,right_joint_6,right_joint_7,-82.10882582163836,-69.6205271614577,69.65833114854681,-90.36998552561029,31.318904705197355,-9.62360311776876,-28.39862245049052,,
1780127645,250915117,right_base_cmd,right_joint_1,right_joint_2,right_joint_3,right_joint_4,right_joint_5,right_joint_6,right_joint_7,-82.1616581914391,-69.64453543051293,69.70402280994458,-90.40437386743248,31.372570020884922,-9.498533294022415,-28.26225430490662,,
1780127645,259357617,right_base_cmd,right_joint_1,right_joint_2,right_joint_3,right_joint_4,right_joint_5,right_joint_6,right_joint_7,-82.17068976105193,-69.67451047384647,69.67705082156724,-90.43137053690943,31.44667729560095,-9.371889509547252,-28.113166329007825,,
1780127645,269502485,right_base_cmd,right_joint_1,right_joint_2,right_joint_3,right_joint_4,right_joint_5,right_joint_6,right_joint_7,-82.19619510640288,-69.71405300302492,69.72232865115322,-90.45932699127123,31.50733447355023,-9.239098524214107,-27.900502789025225,,
1780127645,280411624,right_base_cmd,right_joint_1,right_joint_2,right_joint_3,right_joint_4,right_joint_5,right_joint_6,right_joint_7,-82.27008049987907,-69.76376076162155,69.76322506562045,-90.49994604174437,31.535169696592533,-9.143228677312258,-27.691155115517134,,
1780127645,289617707,right_base_cmd,right_joint_1,right_joint_2,right_joint_3,right_joint_4,right_joint_5,right_joint_6,right_joint_7,-82.38060543911328,-69.8964534743837,69.90785095940637,-90.53002123258945,31.496055941679884,-8.992543922279246,-27.397141613087186,,
1780127645,299736452,right_base_cmd,right_joint_1,right_joint_2,right_joint_3,right_joint_4,right_joint_5,right_joint_6,right_joint_7,-82.55521158038172,-70.07725128695036,70.07572074128498,-90.5615342909232,31.428220887896856,-8.827341605373356,-27.064701674961455,,
1780127645,309622892,right_base_cmd,right_joint_1,right_joint_2,right_joint_3,right_joint_4,right_joint_5,right_joint_6,right_joint_7,-82.69038802958019,-70.2560636031479,70.25027047125221,-90.58352245873301,31.380347614187457,-8.612228180223603,-26.719955988733503,,
1780127645,319473168,right_base_cmd,right_joint_1,right_joint_2,right_joint_3,right_joint_4,right_joint_5,right_joint_6,right_joint_7,-82.93854991697421,-70.87191961093409,70.54873526035104,-90.40065974538182,31.035728613674593,-8.295802556518645,-25.958823601850227,,
1780127645,329585335,right_base_cmd,right_joint_1,right_joint_2,right_joint_3,right_joint_4,right_joint_5,right_joint_6,right_joint_7,-83.07298374767757,-71.2039745088277,70.79884577737701,-90.34844629559775,30.985741375196454,-7.853868700089031,-25.24359909331055,,
1780127645,339956114,right_base_cmd,right_joint_1,right_joint_2,right_joint_3,right_joint_4,right_joint_5,right_joint_6,right_joint_7,-83.18365369222394,-71.54262653179337,71.04625975815557,-90.26225884334595,30.927285387485,-7.382747317226283,-24.485054947526763,,
1780127645,350170265,right_base_cmd,right_joint_1,right_joint_2,right_joint_3,right_joint_4,right_joint_5,right_joint_6,right_joint_7,-83.26172907742526,-71.8697620212687,71.27687928479102,-90.14768656737375,30.881131425492555,-6.889968508783049,-23.712274434174745,,
1780127645,360678381,right_base_cmd,right_joint_1,right_joint_2,right_joint_3,right_joint_4,right_joint_5,right_joint_6,right_joint_7,-83.42994896780661,-72.22583032505214,71.4987476113055,-90.01810673529828,30.76973827805429,-6.3329198133873135,-22.87427321909179,,
1780127645,369866988,right_base_cmd,right_joint_1,right_joint_2,right_joint_3,right_joint_4,right_joint_5,right_joint_6,right_joint_7,-83.56963963764818,-72.3817527475082,71.77734859049181,-90.09600366990527,30.77476530581683,-5.72953879619012,-22.21119542321226,,
1780127645,379633866,right_base_cmd,right_joint_1,right_joint_2,right_joint_3,right_joint_4,right_joint_5,right_joint_6,right_joint_7,-83.74030576386363,-72.53230354914383,72.0178935051367,-90.21325570153608,30.720370809592595,-5.282007205896257,-21.684994383888423,,
1780127645,389695512,right_base_cmd,right_joint_1,right_joint_2,right_joint_3,right_joint_4,right_joint_5,right_joint_6,right_joint_7,-83.79107658102012,-72.43542477868034,72.08763370668052,-90.43908148793828,30.79870649085254,-5.06196695790765,-21.44526781650599,,
1780127645,399527013,right_base_cmd,right_joint_1,right_joint_2,right_joint_3,right_joint_4,right_joint_5,right_joint_6,right_joint_7,-83.84936757406754,-72.3321268381185,72.08124199695985,-90.59678271335225,30.811074468121348,-5.082862289514075,-21.28269628973989,,
1780127645,410665578,right_base_cmd,right_joint_1,right_joint_2,right_joint_3,right_joint_4,right_joint_5,right_joint_6,right_joint_7,-83.89942642959349,-72.02793143862392,71.93535607299097,-90.91490319366928,30.88638856476402,-5.350185903558888,-21.28916108964178,,
1780127645,419759909,right_base_cmd,right_joint_1,right_joint_2,right_joint_3,right_joint_4,right_joint_5,right_joint_6,right_joint_7,-84.01435340572911,-72.02705242063804,71.93269289618783,-90.91002128129465,30.735390028623186,-5.662607402067515,-21.07141255245996,,
1780127645,429854629,right_base_cmd,right_joint_1,right_joint_2,right_joint_3,right_joint_4,right_joint_5,right_joint_6,right_joint_7,-84.09579062040748,-71.9021475741488,71.87195601195546,-90.9759655812584,30.720031109934638,-5.873961993906839,-20.969887105688727,,
1780127645,439694915,right_base_cmd,right_joint_1,right_joint_2,right_joint_3,right_joint_4,right_joint_5,right_joint_6,right_joint_7,-84.10364151957245,-71.74390702988099,71.83886641539576,-91.14020012738281,30.75533009536045,-5.948712683170918,-20.914257282390807,,
1780127645,449582896,right_base_cmd,right_joint_1,right_joint_2,right_joint_3,right_joint_4,right_joint_5,right_joint_6,right_joint_7,-84.141546904916,-71.573898430792,71.72796169721508,-91.23397811420172,30.816786441714243,-6.106437234459513,-20.907187068327758,,
1780127645,461858079,right_base_cmd,right_joint_1,right_joint_2,right_joint_3,right_joint_4,right_joint_5,right_joint_6,right_joint_7,-84.18174413374103,-71.4466602295171,71.6672158657033,-91.34242251385929,30.8581715979241,-6.203916141934819,-20.893431592308175,,
1780127645,469533413,right_base_cmd,right_joint_1,right_joint_2,right_joint_3,right_joint_4,right_joint_5,right_joint_6,right_joint_7,-84.18018193775825,-71.10908876202497,71.474134971996,-91.61743878563404,31.1264142055617,-6.3893842330324375,-21.100759957970084,,
1780127645,479487705,right_base_cmd,right_joint_1,right_joint_2,right_joint_3,right_joint_4,right_joint_5,right_joint_6,right_joint_7,-84.15879198125478,-70.91058728141628,71.33262247794787,-91.7274398164649,31.301799906069306,-6.645981251426512,-21.245217566077386,,
1780127645,489702752,right_base_cmd,right_joint_1,right_joint_2,right_joint_3,right_joint_4,right_joint_5,right_joint_6,right_joint_7,-84.12789183173001,-70.75171310515869,71.21757607449243,-91.78391648689173,31.474914603427948,-6.8869258192198615,-21.389732394551984,,
1780127645,499688876,right_base_cmd,right_joint_1,right_joint_2,right_joint_3,right_joint_4,right_joint_5,right_joint_6,right_joint_7,-84.083026511405,-70.59332830563217,71.08191714744586,-91.81588462612497,31.655701363353245,-7.114500973312936,-21.571777561858553,,
1780127645,509542680,right_base_cmd,right_joint_1,right_joint_2,right_joint_3,right_joint_4,right_joint_5,right_joint_6,right_joint_7,-83.98588765666378,-70.4650412027001,70.86201222122324,-91.82191225775104,31.859592696499675,-7.28449441891717,-21.776319906349173,,
1780127645,519704696,right_base_cmd,right_joint_1,right_joint_2,right_joint_3,right_joint_4,right_joint_5,right_joint_6,right_joint_7,-83.84516754282541,-70.37629240424077,70.69907806834291,-91.79581463631952,32.014020507189656,-7.39872454038521,-21.860005516361596,,
1780127645,529450687,right_base_cmd,right_joint_1,right_joint_2,right_joint_3,right_joint_4,right_joint_5,right_joint_6,right_joint_7,-83.73127156010256,-70.30271431055856,70.55058056805237,-91.7674325868045,32.12867471954789,-7.5110519285860775,-21.8653015303574,,
1780127645,539755754,right_base_cmd,right_joint_1,right_joint_2,right_joint_3,right_joint_4,right_joint_5,right_joint_6,right_joint_7,-83.56902324290732,-70.21645861072143,70.41565675191399,-91.73487156924683,32.24870344839505,-7.591757423537153,-21.820588518923742,,
1780127645,549685000,right_base_cmd,right_joint_1,right_joint_2,right_joint_3,right_joint_4,right_joint_5,right_joint_6,right_joint_7,-83.51442473472113,-70.26361934608123,70.40942440916334,-91.64778368248933,32.222358557721094,-7.656786796586907,-21.608575698409837,,
1780127645,559479803,right_base_cmd,right_joint_1,right_joint_2,right_joint_3,right_joint_4,right_joint_5,right_joint_6,right_joint_7,-83.48250975737395,-70.30539686368867,70.41278320945108,-91.5707385050547,32.193323038276816,-7.6816690161296535,-21.38540565835008,,
1780127645,569698611,right_base_cmd,right_joint_1,right_joint_2,right_joint_3,right_joint_4,right_joint_5,right_joint_6,right_joint_7,-83.47700079639472,-70.41165585511358,70.5058055249568,-91.3775404389627,32.09037333406147,-7.614886084104107,-21.069152302445687,,
1780127645,579761290,right_base_cmd,right_joint_1,right_joint_2,right_joint_3,right_joint_4,right_joint_5,right_joint_6,right_joint_7,-83.4521235400587,-70.34916455434593,70.49870096102572,-91.38058529692388,32.10930794720073,-7.49340259547494,-20.97592902997134,,
1780127645,589888838,right_base_cmd,right_joint_1,right_joint_2,right_joint_3,right_joint_4,right_joint_5,right_joint_6,right_joint_7,-83.42221717477096,-70.2492763724377,70.45540250532835,-91.41396122983572,32.14959593769257,-7.411701238786513,-20.95625046491456,,
1780127645,599790043,right_base_cmd,right_joint_1,right_joint_2,right_joint_3,right_joint_4,right_joint_5,right_joint_6,right_joint_7,-83.37450175621998,-70.13302329400751,70.37017925238897,-91.45712390205797,32.204613420177424,-7.3771915526119685,-20.988603874710194,,
1780127645,609472931,right_base_cmd,right_joint_1,right_joint_2,right_joint_3,right_joint_4,right_joint_5,right_joint_6,right_joint_7,-83.19820058174108,-69.89213229721982,70.05528385967469,-91.52991203060766,32.403732856425364,-7.478569844741166,-21.13865708680494,,
1780127645,619566998,right_base_cmd,right_joint_1,right_joint_2,right_joint_3,right_joint_4,right_joint_5,right_joint_6,right_joint_7,-83.1898209667797,-69.87780409660066,69.95309230745286,-91.48802387595869,32.4184827162932,-7.61366335916528,-21.021642122122174,,
1780127645,629564798,right_base_cmd,right_joint_1,right_joint_2,right_joint_3,right_joint_4,right_joint_5,right_joint_6,right_joint_7,-83.1565814976876,-69.88331281352312,69.93146667954474,-91.47884948043561,32.464974338239955,-7.64180859952625,-20.849535393345164,,
1780127645,639935905,right_base_cmd,right_joint_1,right_joint_2,right_joint_3,right_joint_4,right_joint_5,right_joint_6,right_joint_7,-83.2020907487665,-69.91315027631533,69.9345067930224,-91.46930137241408,32.49296466396842,-7.667463947980131,-20.669494539258395,,
1780127645,649578151,right_base_cmd,right_joint_1,right_joint_2,right_joint_3,right_joint_4,right_joint_5,right_joint_6,right_joint_7,-83.29951964493657,-70.04643001279722,70.08387465716586,-91.43495330230833,32.46289115031672,-7.57176203437529,-20.398526432723102,,
1780127645,659486345,right_base_cmd,right_joint_1,right_joint_2,right_joint_3,right_joint_4,right_joint_5,right_joint_6,right_joint_7,-83.50700229648638,-70.20597902081569,70.32112021931587,-91.48526670806122,32.425043133661944,-7.344342270952545,-20.1227559201417,,
1780127645,670157659,right_base_cmd,right_joint_1,right_joint_2,right_joint_3,right_joint_4,right_joint_5,right_joint_6,right_joint_7,-83.66178637460885,-70.33720269840002,70.51555654555946,-91.51759332942454,32.42065018816899,-7.082448741201453,-19.929658467242078,,
1780127645,679769242,right_base_cmd,right_joint_1,right_joint_2,right_joint_3,right_joint_4,right_joint_5,right_joint_6,right_joint_7,-83.7249336993846,-70.4037357154232,70.6490240501603,-91.59187532369306,32.459466466992325,-6.795796183043642,-19.821749316345247,,
1780127645,689696820,right_base_cmd,right_joint_1,right_joint_2,right_joint_3,right_joint_4,right_joint_5,right_joint_6,right_joint_7,-83.8714788073244,-70.52807420560545,70.81538934159735,-91.64262987477015,32.423656996505514,-6.560295800044621,-19.68384365632717,,
1780127645,699686523,right_base_cmd,right_joint_1,right_joint_2,right_joint_3,right_joint_4,right_joint_5,right_joint_6,right_joint_7,-83.98935574570638,-70.68304638983786,70.95106458452423,-91.63036570948545,32.375886209806225,-6.349790326450197,-19.544895132364857,,
1780127645,709841684,right_base_cmd,right_joint_1,right_joint_2,right_joint_3,right_joint_4,right_joint_5,right_joint_6,right_joint_7,-84.25880254416168,-71.24992062391222,71.40063758945988,-91.56673763318476,32.026282890044484,-5.94523331030279,-19.058562561673355,,
1780127645,719530114,right_base_cmd,right_joint_1,right_joint_2,right_joint_3,right_joint_4,right_joint_5,right_joint_6,right_joint_7,-84.36553062547742,-71.57077768055093,71.59891549233353,-91.4766799968756,31.936600188375877,-5.617985748040091,-18.71532117200111,,
1780127645,729699219,right_base_cmd,right_joint_1,right_joint_2,right_joint_3,right_joint_4,right_joint_5,right_joint_6,right_joint_7,-84.41935373234597,-71.93736887281734,71.83990023526431,-91.366026651219,31.82025354056853,-5.204412936699207,-18.25769305823526,,
1780127645,739584779,right_base_cmd,right_joint_1,right_joint_2,right_joint_3,right_joint_4,right_joint_5,right_joint_6,right_joint_7,-84.51512384720778,-72.2372933427608,72.04139520155488,-91.27945236459654,31.737393786862896,-4.837138732867395,-17.81095964536628,,
1780127645,750279568,right_base_cmd,right_joint_1,right_joint_2,right_joint_3,right_joint_4,right_joint_5,right_joint_6,right_joint_7,-84.59202484804084,-72.56723334336614,72.31455930817631,-91.18533949631656,31.625493366191932,-4.404771509070308,-17.275946882097813,,
1780127645,759711216,right_base_cmd,right_joint_1,right_joint_2,right_joint_3,right_joint_4,right_joint_5,right_joint_6,right_joint_7,-84.67682298430745,-72.85936641012758,72.5654185153754,-91.1196252632135,31.525685096252545,-3.9792310570587617,-16.754796671709144,,
1780127645,769500532,right_base_cmd,right_joint_1,right_joint_2,right_joint_3,right_joint_4,right_joint_5,right_joint_6,right_joint_7,-84.787692161622,-72.8473857173998,72.68796541860169,-91.25837266848949,31.60993466235911,-3.6476544905614716,-16.44906231532009,,
1780127645,781938190,right_base_cmd,right_joint_1,right_joint_2,right_joint_3,right_joint_4,right_joint_5,right_joint_6,right_joint_7,-84.85069626229509,-72.72770729503561,72.71669954747486,-91.4161057361896,31.725309192302433,-3.462095987411253,-16.314127434236084,,
1780127645,790900769,right_base_cmd,right_joint_1,right_joint_2,right_joint_3,right_joint_4,right_joint_5,right_joint_6,right_joint_7,-84.87102013475086,-72.5694421059347,72.70372387918027,-91.56292810726696,31.831998830129095,-3.398706847188798,-16.288664306422234,,
1780127645,800083455,right_base_cmd,right_joint_1,right_joint_2,right_joint_3,right_joint_4,right_joint_5,right_joint_6,right_joint_7,-84.8979513003579,-72.46857187777955,72.67442303004358,-91.6338726711062,31.870427225317968,-3.4760703688435726,-16.26057863045527,,
1780127645,810115210,right_base_cmd,right_joint_1,right_joint_2,right_joint_3,right_joint_4,right_joint_5,right_joint_6,right_joint_7,-84.87450081030724,-72.24943083628797,72.59860088632254,-91.80540595468825,32.01962817281313,-3.612961573860325,-16.330331067740033,,
1780127645,819487757,right_base_cmd,right_joint_1,right_joint_2,right_joint_3,right_joint_4,right_joint_5,right_joint_6,right_joint_7,-84.84518940984944,-72.1246236437919,72.50243820486472,-91.87685986917849,32.096401405541286,-3.838915513653255,-16.37597427861398,,
1780127645,829497157,right_base_cmd,right_joint_1,right_joint_2,right_joint_3,right_joint_4,right_joint_5,right_joint_6,right_joint_7,-84.8005967305273,-71.93500379408358,72.37519595600489,-91.98037318000867,32.25359092856925,-4.077982710514384,-16.46265922601971,,
1780127645,839715389,right_base_cmd,right_joint_1,right_joint_2,right_joint_3,right_joint_4,right_joint_5,right_joint_6,right_joint_7,-84.72388942587773,-71.70470892791947,72.19094019597352,-92.07032178468582,32.445548054041836,-4.345299442356058,-16.59778065642071,,
1780127645,849413367,right_base_cmd,right_joint_1,right_joint_2,right_joint_3,right_joint_4,right_joint_5,right_joint_6,right_joint_7,-84.68166793681272,-71.51587855635297,72.0555244181626,-92.19173067010043,32.61881857362559,-4.578191150261539,-16.69098805804198,,
1780127645,859483580,right_base_cmd,right_joint_1,right_joint_2,right_joint_3,right_joint_4,right_joint_5,right_joint_6,right_joint_7,-84.61226716620618,-71.11828457503374,71.72361576195183,-92.4467158632482,33.01929771470074,-4.8509936316439095,-16.938611511839056,,
1780127645,869521574,right_base_cmd,right_joint_1,right_joint_2,right_joint_3,right_joint_4,right_joint_5,right_joint_6,right_joint_7,-84.55787171596583,-70.94031474029693,71.56330287597567,-92.5182700128308,33.25654854160322,-5.090405584193938,-16.9487926635763,,
1780127645,879535462,right_base_cmd,right_joint_1,right_joint_2,right_joint_3,right_joint_4,right_joint_5,right_joint_6,right_joint_7,-84.53947797686433,-70.79392786727563,71.40593000436584,-92.59035692768857,33.48695723489297,-5.305798035870161,-16.946965629829904,,
1780127645,889510658,right_base_cmd,right_joint_1,right_joint_2,right_joint_3,right_joint_4,right_joint_5,right_joint_6,right_joint_7,-84.49039370804556,-70.66864642722858,71.27713157030448,-92.64761496705763,33.751779280007696,-5.450444966929858,-16.911930687565658,,
1780127645,899629623,right_base_cmd,right_joint_1,right_joint_2,right_joint_3,right_joint_4,right_joint_5,right_joint_6,right_joint_7,-84.46036089081568,-70.5613437137555,71.16707674130916,-92.69525312390284,34.02452068577233,-5.572563500316555,-16.855973782057518,,
1780127645,910692512,right_base_cmd,right_joint_1,right_joint_2,right_joint_3,right_joint_4,right_joint_5,right_joint_6,right_joint_7,-84.51661060184355,-70.58634023931621,71.09684386232576,-92.7233638023505,34.28759558704698,-5.5702454794431375,-16.728661266983366,,
1780127645,919404510,right_base_cmd,right_joint_1,right_joint_2,right_joint_3,right_joint_4,right_joint_5,right_joint_6,right_joint_7,-84.56380570803154,-70.67056881574975,71.22232261427942,-92.72678092377,34.47155129160885,-5.363224447891177,-16.460363682572464,,
1780127645,929664215,right_base_cmd,right_joint_1,right_joint_2,right_joint_3,right_joint_4,right_joint_5,right_joint_6,right_joint_7,-84.61214569906318,-70.72756811953788,71.3006930397452,-92.74111297455308,34.62645235607371,-5.141601682944263,-16.244320642156893,,
1780127645,939753105,right_base_cmd,right_joint_1,right_joint_2,right_joint_3,right_joint_4,right_joint_5,right_joint_6,right_joint_7,-84.64812057840558,-70.7825675115238,71.4024406800194,-92.74826592174055,34.73986918334188,-4.887733000060784,-16.009951345508753,,
1780127645,949754181,right_base_cmd,right_joint_1,right_joint_2,right_joint_3,right_joint_4,right_joint_5,right_joint_6,right_joint_7,-84.68363855651577,-70.75989522342083,71.44435460602122,-92.80944706825058,34.86201207193349,-4.667972380067674,-15.852276343901352,,
1780127645,959351897,right_base_cmd,right_joint_1,right_joint_2,right_joint_3,right_joint_4,right_joint_5,right_joint_6,right_joint_7,-84.67406106126904,-70.42233895345284,71.26345372394874,-92.97730878273275,35.12244809514456,-4.613751636122849,-15.837517098834056,,
1780127645,970950474,right_base_cmd,right_joint_1,right_joint_2,right_joint_3,right_joint_4,right_joint_5,right_joint_6,right_joint_7,-84.65488048438456,-70.23762960724214,71.18428360009537,-93.06659236040544,35.20072159694698,-4.587116577370175,-15.720912466133953,,
1780127645,979959698,right_base_cmd,right_joint_1,right_joint_2,right_joint_3,right_joint_4,right_joint_5,right_joint_6,right_joint_7,-84.63288747158342,-70.11076987375613,71.1234954626249,-93.0978582596751,35.21181990299161,-4.6156687430846475,-15.556096792503766,,
1780127645,990324541,right_base_cmd,right_joint_1,right_joint_2,right_joint_3,right_joint_4,right_joint_5,right_joint_6,right_joint_7,-84.5848177950655,-69.90186987541814,70.99300584751686,-93.16735299573783,35.26831096559508,-4.7012121690313435,-15.446411122356054,,
1780127646,5640,right_base_cmd,right_joint_1,right_joint_2,right_joint_3,right_joint_4,right_joint_5,right_joint_6,right_joint_7,-84.52912212400437,-69.67393338150033,70.83872451181506,-93.24213378052038,35.33524413643235,-4.83318677617347,-15.349027264812051,,
1780127646,9321768,right_base_cmd,right_joint_1,right_joint_2,right_joint_3,right_joint_4,right_joint_5,right_joint_6,right_joint_7,-84.38224134740037,-69.16721922346922,70.43954419693526,-93.40751002228093,35.606282454181354,-5.115035007643478,-15.420168539681143,,
1780127646,19874680,right_base_cmd,right_joint_1,right_joint_2,right_joint_3,right_joint_4,right_joint_5,right_joint_6,right_joint_7,-84.31257147455923,-68.93015273387023,70.27938575630336,-93.44052769253854,35.66844412670068,-5.342727296738978,-15.299787131372355,,
1780127646,29625547,right_base_cmd,right_joint_1,right_joint_2,right_joint_3,right_joint_4,right_joint_5,right_joint_6,right_joint_7,-84.25254408101463,-68.77370477189301,70.1443081350512,-93.42270760663395,35.69532185238617,-5.544817732221638,-15.177026043664526,,
1780127646,39947483,right_base_cmd,right_joint_1,right_joint_2,right_joint_3,right_joint_4,right_joint_5,right_joint_6,right_joint_7,-84.20788163302635,-68.69146387062052,70.07943509777729,-93.39475918023005,35.68905129454933,-5.663162201048003,-15.019212521874252,,
1780127646,49768028,right_base_cmd,right_joint_1,right_joint_2,right_joint_3,right_joint_4,right_joint_5,right_joint_6,right_joint_7,-84.19072291281762,-68.70826493092149,70.07380897105148,-93.32137792109133,35.64547317038014,-5.707511820224731,-14.819232509034762,,
1780127646,59316701,right_base_cmd,right_joint_1,right_joint_2,right_joint_3,right_joint_4,right_joint_5,right_joint_6,right_joint_7,-84.21365576857957,-68.78846835097882,70.07457362145297,-93.22798065622898,35.594638492478936,-5.646893127842354,-14.583534821940432,,
1780127646,69734960,right_base_cmd,right_joint_1,right_joint_2,right_joint_3,right_joint_4,right_joint_5,right_joint_6,right_joint_7,-84.20439464437871,-68.78131562710213,70.09375916898423,-93.21883869608406,35.63347582885601,-5.519313140788817,-14.421453748011928,,
1780127646,79445158,right_base_cmd,right_joint_1,right_joint_2,right_joint_3,right_joint_4,right_joint_5,right_joint_6,right_joint_7,-84.16797301873268,-68.67249287823877,70.06779822788772,-93.29005499832489,35.73773225039483,-5.42746886359037,-14.387658114733895,,
1780127646,89672648,right_base_cmd,right_joint_1,right_joint_2,right_joint_3,right_joint_4,right_joint_5,right_joint_6,right_joint_7,-84.0541162836291,-68.3669899609363,69.83973317009222,-93.38910747252505,35.9901742805059,-5.537130671531024,-14.578430646411292,,
1780127646,99959998,right_base_cmd,right_joint_1,right_joint_2,right_joint_3,right_joint_4,right_joint_5,right_joint_6,right_joint_7,-83.96681119644253,-68.16081324569531,69.68143081202012,-93.43442106938569,36.13403277876981,-5.681504219762807,-14.727930501580673,,
1780127646,109430371,right_base_cmd,right_joint_1,right_joint_2,right_joint_3,right_joint_4,right_joint_5,right_joint_6,right_joint_7,-83.74101010425986,-67.67380646218795,69.26142626098348,-93.5332806063944,36.518463083756586,-6.022552642305122,-15.155526189570153,,
1780127646,119868813,right_base_cmd,right_joint_1,right_joint_2,right_joint_3,right_joint_4,right_joint_5,right_joint_6,right_joint_7,-83.7081814476222,-67.70559161519886,69.24550967187483,-93.44983685126654,36.46770459321604,-6.164858682642084,-15.16683997585541,,
1780127646,130495245,right_base_cmd,right_joint_1,right_joint_2,right_joint_3,right_joint_4,right_joint_5,right_joint_6,right_joint_7,-83.66402219173219,-67.76898636248303,69.23539665275163,-93.35108901345849,36.42939097304313,-6.197087224464035,-15.137622225724797,,
1780127646,139828777,right_base_cmd,right_joint_1,right_joint_2,right_joint_3,right_joint_4,right_joint_5,right_joint_6,right_joint_7,-83.64479730190723,-67.85772366570662,69.28634591970271,-93.29009510412665,36.3843149500195,-6.118149670733935,-15.047712693478516,,
1780127646,149691455,right_base_cmd,right_joint_1,right_joint_2,right_joint_3,right_joint_4,right_joint_5,right_joint_6,right_joint_7,-83.59269629549377,-67.88963225882857,69.27611591681577,-93.24966498904884,36.39993537800976,-6.034625323917162,-14.989098251663748,,
1780127646,159588493,right_base_cmd,right_joint_1,right_joint_2,right_joint_3,right_joint_4,right_joint_5,right_joint_6,right_joint_7,-83.35651393575668,-67.55121828764051,68.97105189616926,-93.3578934139331,36.7249145643826,-6.1499614658100015,-15.219479165720216,,
1780127646,169663122,right_base_cmd,right_joint_1,right_joint_2,right_joint_3,right_joint_4,right_joint_5,right_joint_6,right_joint_7,-83.18834337224652,-67.24570816182707,68.69811310348646,-93.42814326601116,36.972538818849245,-6.422821402362892,-15.416205400155164,,
1780127646,179687926,right_base_cmd,right_joint_1,right_joint_2,right_joint_3,right_joint_4,right_joint_5,right_joint_6,right_joint_7,-83.03639310397213,-66.99562192706942,68.46785222877739,-93.44417839518083,37.156102204602774,-6.74921872978944,-15.583047952919529,,
1780127646,189621927,right_base_cmd,right_joint_1,right_joint_2,right_joint_3,right_joint_4,right_joint_5,right_joint_6,right_joint_7,-82.89007929474795,-66.68036661661331,68.19868370068414,-93.48950713635095,37.377361749995515,-7.12389327193528,-15.832456058367839,,
1780127646,199560943,right_base_cmd,right_joint_1,right_joint_2,right_joint_3,right_joint_4,right_joint_5,right_joint_6,right_joint_7,-82.81768722852334,-66.51530229385976,68.0211443128699,-93.48082425405421,37.46800234150069,-7.432279023446135,-15.992502112232742,,
1780127646,209416053,right_base_cmd,right_joint_1,right_joint_2,right_joint_3,right_joint_4,right_joint_5,right_joint_6,right_joint_7,-82.66371387897098,-66.25215261253125,67.7842051724771,-93.47553401639557,37.65740356550796,-7.660719142751866,-16.204855631343108,,
1780127646,219538792,right_base_cmd,right_joint_1,right_joint_2,right_joint_3,right_joint_4,right_joint_5,right_joint_6,right_joint_7,-82.55087625080407,-66.03262075403929,67.53460393492915,-93.49402256865626,37.78941989492708,-7.876736131383545,-16.397976675463966,,
1780127646,230242783,right_base_cmd,right_joint_1,right_joint_2,right_joint_3,right_joint_4,right_joint_5,right_joint_6,right_joint_7,-82.39238402654459,-65.80220390230842,67.27423327440411,-93.50266797081657,37.93873782358142,-8.072527893809642,-16.56108609027315,,
1780127646,240078584,right_base_cmd,right_joint_1,right_joint_2,right_joint_3,right_joint_4,right_joint_5,right_joint_6,right_joint_7,-82.19825406996884,-65.5334616037323,66.97116693812339,-93.52786520263801,38.122008072426894,-8.30953494551374,-16.748239061436905,,
1780127646,249624335,right_base_cmd,right_joint_1,right_joint_2,right_joint_3,right_joint_4,right_joint_5,right_joint_6,right_joint_7,-81.99278764490529,-65.33269461174008,66.70295463322267,-93.47671134787295,38.260458075478,-8.553356017137894,-16.852197756166007,,
1780127646,259501816,right_base_cmd,right_joint_1,right_joint_2,right_joint_3,right_joint_4,right_joint_5,right_joint_6,right_joint_7,-81.78387430203097,-65.24610172000622,66.53076749852912,-93.3116968371772,38.35279007971414,-8.701198648617314,-16.824256256742743,,
1780127646,269512917,right_base_cmd,right_joint_1,right_joint_2,right_joint_3,right_joint_4,right_joint_5,right_joint_6,right_joint_7,-81.73601862100074,-65.270576602227,66.52974355418499,-93.20182808467082,38.34016241368377,-8.720361666282308,-16.71162704327567,,
1780127646,279586364,right_base_cmd,right_joint_1,right_joint_2,right_joint_3,right_joint_4,right_joint_5,right_joint_6,right_joint_7,-81.71326777727754,-65.30210841513481,66.56481309683616,-93.13713652774483,38.33515683791407,-8.647744040453226,-16.61054985140693,,
1780127646,290438906,right_base_cmd,right_joint_1,right_joint_2,right_joint_3,right_joint_4,right_joint_5,right_joint_6,right_joint_7,-81.6688072229276,-65.30814286060361,66.56657335301097,-93.07966441481018,38.362793489820916,-8.557742146073387,-16.556716639778486,,
1780127646,299861743,right_base_cmd,right_joint_1,right_joint_2,right_joint_3,right_joint_4,right_joint_5,right_joint_6,right_joint_7,-81.57745370954981,-65.27500705057578,66.55593792550596,-93.06091061995404,38.43192903457904,-8.45042394813526,-16.52993289804455,,
1780127646,309500201,right_base_cmd,right_joint_1,right_joint_2,right_joint_3,right_joint_4,right_joint_5,right_joint_6,right_joint_7,-81.35059530474794,-65.12953748187836,66.34331854685033,-93.01857855838536,38.62765693286414,-8.446039601033071,-16.590675471052194,,
1780127646,319522672,right_base_cmd,right_joint_1,right_joint_2,right_joint_3,right_joint_4,right_joint_5,right_joint_6,right_joint_7,-81.24955515683169,-65.1025136817537,66.2950672991499,-92.9915947447624,38.70475523404295,-8.425783609224588,-16.503169504333485,,
1780127646,329562457,right_base_cmd,right_joint_1,right_joint_2,right_joint_3,right_joint_4,right_joint_5,right_joint_6,right_joint_7,-81.17652166582334,-65.09419298419535,66.26721322380175,-92.95986186126403,38.768823144148456,-8.414365084504304,-16.386151256212102,,
1780127646,339592477,right_base_cmd,right_joint_1,right_joint_2,right_joint_3,right_joint_4,right_joint_5,right_joint_6,right_joint_7,-81.13579774262993,-65.14563780027011,66.31217376416274,-92.90929489354006,38.78515692704295,-8.372782403512637,-16.215834761069814,,
1780127646,349501780,right_base_cmd,right_joint_1,right_joint_2,right_joint_3,right_joint_4,right_joint_5,right_joint_6,right_joint_7,-81.11915508122209,-65.19835436181548,66.36653078643329,-92.87520742397619,38.80461468009091,-8.31371562437311,-16.04718534410803,,
1780127646,359436270,right_base_cmd,right_joint_1,right_joint_2,right_joint_3,right_joint_4,right_joint_5,right_joint_6,right_joint_7,-81.08157839527493,-65.26206694019864,66.4130515015809,-92.8258361885374,38.835140692106364,-8.23350408931605,-15.84974873173725,,
1780127646,369427200,right_base_cmd,right_joint_1,right_joint_2,right_joint_3,right_joint_4,right_joint_5,right_joint_6,right_joint_7,-81.06314837215345,-65.274748155549,66.44815272201046,-92.80992583912469,38.89072135768359,-8.173938427090825,-15.687565673282066,,
1780127646,379733060,right_base_cmd,right_joint_1,right_joint_2,right_joint_3,right_joint_4,right_joint_5,right_joint_6,right_joint_7,-81.00480931338919,-65.29314786772177,66.48636194897685,-92.7923547861641,38.944037372371355,-8.091001445842146,-15.53108802938813,,
1780127646,389949247,right_base_cmd,right_joint_1,right_joint_2,right_joint_3,right_joint_4,right_joint_5,right_joint_6,right_joint_7,-80.96298436962545,-65.29198349650717,66.48943216059669,-92.76003124101693,38.99783022911279,-8.066764298908247,-15.3906768356198,,
1780127646,399650398,right_base_cmd,right_joint_1,right_joint_2,right_joint_3,right_joint_4,right_joint_5,right_joint_6,right_joint_7,-80.92017032920418,-65.31413460678023,66.46229970742061,-92.70564203263906,39.02896938775987,-8.069448336786984,-15.248630990753057,,
1780127646,409560247,right_base_cmd,right_joint_1,right_joint_2,right_joint_3,right_joint_4,right_joint_5,right_joint_6,right_joint_7,-80.84159181040624,-65.40737477175715,66.51275775677001,-92.60807961668219,39.0304717906931,-7.982782689126559,-14.984894433718594,,
1780127646,419587818,right_base_cmd,right_joint_1,right_joint_2,right_joint_3,right_joint_4,right_joint_5,right_joint_6,right_joint_7,-80.8272797347345,-65.39917259331993,66.51455970795982,-92.6012506153191,39.073154822086764,-7.954366994457068,-14.795400453579717,,
1780127646,429492146,right_base_cmd,right_joint_1,right_joint_2,right_joint_3,right_joint_4,right_joint_5,right_joint_6,right_joint_7,-80.80719487866193,-65.39757355255735,66.5429874763079,-92.58105868285158,39.101042249147184,-7.924979506506922,-14.62404117157321,,
1780127646,439750616,right_base_cmd,right_joint_1,right_joint_2,right_joint_3,right_joint_4,right_joint_5,right_joint_6,right_joint_7,-80.76627995304389,-65.35215626967398,66.52128349381204,-92.58637798601241,39.15470860921093,-7.921422945158376,-14.52109645142356,,
1780127646,449990770,right_base_cmd,right_joint_1,right_joint_2,right_joint_3,right_joint_4,right_joint_5,right_joint_6,right_joint_7,-80.74018546454985,-65.28233343609215,66.49729586318787,-92.58577416458759,39.21485890894971,-7.957693199283874,-14.46003167846824,,
1780127646,459415425,right_base_cmd,right_joint_1,right_joint_2,right_joint_3,right_joint_4,right_joint_5,right_joint_6,right_joint_7,-80.71851390395463,-65.16467333866633,66.43998436656207,-92.57027613009127,39.3216680820569,-8.053187132255395,-14.46683445629283,,
1780127646,469968541,right_base_cmd,right_joint_1,right_joint_2,right_joint_3,right_joint_4,right_joint_5,right_joint_6,right_joint_7,-80.70816891717121,-65.12436081705137,66.43426510306475,-92.55758302764913,39.368512268029264,-8.089941528377487,-14.478932943718192,,
1780127646,479916726,right_base_cmd,right_joint_1,right_joint_2,right_joint_3,right_joint_4,right_joint_5,right_joint_6,right_joint_7,-80.6782303034851,-65.1094095563807,66.4290998383527,-92.55324864575256,39.396197843688554,-8.07795619382943,-14.504398190223938,,
1780127646,489620847,right_base_cmd,right_joint_1,right_joint_2,right_joint_3,right_joint_4,right_joint_5,right_joint_6,right_joint_7,-80.65200966430783,-65.13409975173637,66.45197611541252,-92.50610312789253,39.40604393071325,-8.061664230874776,-14.492725105321895,,
1780127646,499838827,right_base_cmd,right_joint_1,right_joint_2,right_joint_3,right_joint_4,right_joint_5,right_joint_6,right_joint_7,-80.63833715819001,-65.17842438686786,66.45350615033291,-92.4423029835328,39.39718372035085,-8.056424782720846,-14.477439835529836,,
1780127646,509568351,right_base_cmd,right_joint_1,right_joint_2,right_joint_3,right_joint_4,right_joint_5,right_joint_6,right_joint_7,-80.54901776319926,-65.32629162430261,66.53350111040268,-92.30238822350238,39.33712142390195,-7.947234365562615,-14.37254948976512,,
1780127646,519680012,right_base_cmd,right_joint_1,right_joint_2,right_joint_3,right_joint_4,right_joint_5,right_joint_6,right_joint_7,-80.48405775053928,-65.29892390787008,66.49358878022932,-92.29850844152794,39.38434901256838,-7.94339297175889,-14.4129706150526,,
1780127646,529552157,right_base_cmd,right_joint_1,right_joint_2,right_joint_3,right_joint_4,right_joint_5,right_joint_6,right_joint_7,-80.41342256552676,-65.27684418225176,66.46432891110433,-92.29454850858032,39.42190691939268,-7.968617838207642,-14.453168152619142,,
1780127646,539698365,right_base_cmd,right_joint_1,right_joint_2,right_joint_3,right_joint_4,right_joint_5,right_joint_6,right_joint_7,-80.35663598638732,-65.21414556093278,66.36460947684614,-92.27764842687408,39.489649340013415,-8.095984234800248,-14.527868109024624,,
1780127646,549568959,right_base_cmd,right_joint_1,right_joint_2,right_joint_3,right_joint_4,right_joint_5,right_joint_6,right_joint_7,-80.28552638984374,-65.15878879722216,66.3098095200227,-92.28036869975871,39.566899722830414,-8.19464020126815,-14.601114079421578,,
1780127646,559436145,right_base_cmd,right_joint_1,right_joint_2,right_joint_3,right_joint_4,right_joint_5,right_joint_6,right_joint_7,-80.18289744011233,-65.21644512651177,66.31645978803434,-92.19425917464822,39.607706337613564,-8.249792668245043,-14.61638605409469,,
1780127646,569683191,right_base_cmd,right_joint_1,right_joint_2,right_joint_3,right_joint_4,right_joint_5,right_joint_6,right_joint_7,-80.13600836708125,-65.31170158132035,66.35446650886766,-92.10774444807329,39.60856142029073,-8.28290852872373,-14.586931396036576,,
1780127646,580204798,right_base_cmd,right_joint_1,right_joint_2,right_joint_3,right_joint_4,right_joint_5,right_joint_6,right_joint_7,-80.0688774806126,-65.36808303951535,66.35499914035094,-92.05623559649833,39.642938399417034,-8.276219763792362,-14.580802833063458,,
1780127646,589806094,right_base_cmd,right_joint_1,right_joint_2,right_joint_3,right_joint_4,right_joint_5,right_joint_6,right_joint_7,-79.99038631698423,-65.47909676915812,66.37892820037885,-91.95581222700879,39.63632074062022,-8.24405179492765,-14.501399073238602,,
1780127646,599759966,right_base_cmd,right_joint_1,right_joint_2,right_joint_3,right_joint_4,right_joint_5,right_joint_6,right_joint_7,-79.88580649502975,-65.54179874981743,66.3590273896099,-91.85907490609067,39.66239044036061,-8.250478523751944,-14.43832282127012,,
1780127646,609462684,right_base_cmd,right_joint_1,right_joint_2,right_joint_3,right_joint_4,right_joint_5,right_joint_6,right_joint_7,-79.6800605947657,-65.57169266471398,66.27050554266057,-91.74243016313996,39.73947337526343,-8.278303105305547,-14.383802154499236,,
1780127646,619726844,right_base_cmd,right_joint_1,right_joint_2,right_joint_3,right_joint_4,right_joint_5,right_joint_6,right_joint_7,-79.62313196650783,-65.5938081926313,66.30894515307003,-91.70594543163163,39.781493118124814,-8.300816066855354,-14.262200174571504,,
1780127646,629555695,right_base_cmd,right_joint_1,right_joint_2,right_joint_3,right_joint_4,right_joint_5,right_joint_6,right_joint_7,-79.53997412234045,-65.59474053578357,66.28049978140601,-91.6405604824101,39.835494586858516,-8.362249659233264,-14.18444451065325,,
1780127646,640364785,right_base_cmd,right_joint_1,right_joint_2,right_joint_3,right_joint_4,right_joint_5,right_joint_6,right_joint_7,-79.44938964998929,-65.60145819905172,66.22335969643004,-91.56921111573753,39.882757039671134,-8.425956310547228,-14.127671317676473,,
1780127646,651550082,right_base_cmd,right_joint_1,right_joint_2,right_joint_3,right_joint_4,right_joint_5,right_joint_6,right_joint_7,-79.30846255001163,-65.6349082367504,66.17929881470755,-91.44176217921417,39.91205899416619,-8.453901995161111,-14.04195932006327,,
1780127646,659626736,right_base_cmd,right_joint_1,right_joint_2,right_joint_3,right_joint_4,right_joint_5,right_joint_6,right_joint_7,-79.0535312925542,-65.6406244259202,65.99255128278881,-91.24992816573742,39.96985526850855,-8.536009023309411,-14.018351219252523,,
1780127646,669570370,right_base_cmd,right_joint_1,right_joint_2,right_joint_3,right_joint_4,right_joint_5,right_joint_6,right_joint_7,-78.88859808113912,-65.6669747591106,65.92181378857649,-91.1037282917322,39.98180660285928,-8.578382745142498,-13.93472748369608,,
1780127646,679623271,right_base_cmd,right_joint_1,right_joint_2,right_joint_3,right_joint_4,right_joint_5,right_joint_6,right_joint_7,-78.69500221526815,-65.68493416660768,65.81769049965365,-90.93420758861681,40.00355446787208,-8.64554212193314,-13.891262549497085,,
1780127646,689715756,right_base_cmd,right_joint_1,right_joint_2,right_joint_3,right_joint_4,right_joint_5,right_joint_6,right_joint_7,-78.50543828771927,-65.664494555383,65.70267833650647,-90.78841037240512,40.05456801503718,-8.730307704951649,-13.891028239837468,,
1780127646,700681316,right_base_cmd,right_joint_1,right_joint_2,right_joint_3,right_joint_4,right_joint_5,right_joint_6,right_joint_7,-78.30226466243082,-65.57577651415302,65.49969920735933,-90.65374441476378,40.15706392663341,-8.885614368322358,-13.993397685569917,,
1780127646,709371867,right_base_cmd,right_joint_1,right_joint_2,right_joint_3,right_joint_4,right_joint_5,right_joint_6,right_joint_7,-77.87458747046784,-65.37756881359981,65.13113859964037,-90.418495761089,40.423056209176394,-9.14794628581432,-14.249400867891964,,
1780127646,719434711,right_base_cmd,right_joint_1,right_joint_2,right_joint_3,right_joint_4,right_joint_5,right_joint_6,right_joint_7,-77.61876081550432,-65.38014926835957,64.93631465519874,-90.17892157478265,40.48698098949458,-9.358107694465893,-14.372719081243318,,
1780127646,729671033,right_base_cmd,right_joint_1,right_joint_2,right_joint_3,right_joint_4,right_joint_5,right_joint_6,right_joint_7,-77.36552920317925,-65.40794289243509,64.79914070083814,-89.94860980886746,40.57225346084883,-9.487969638680617,-14.436261211188665,,
1780127646,739858850,right_base_cmd,right_joint_1,right_joint_2,right_joint_3,right_joint_4,right_joint_5,right_joint_6,right_joint_7,-77.11338055985331,-65.42608341076006,64.6188609055628,-89.71212957407558,40.692078245590636,-9.603986166553447,-14.501797015960065,,
1780127646,749744594,right_base_cmd,right_joint_1,right_joint_2,right_joint_3,right_joint_4,right_joint_5,right_joint_6,right_joint_7,-76.8263438447378,-65.53550253547361,64.49608798331585,-89.41382512377398,40.811826430718185,-9.615555428025509,-14.463806747480376,,
1780127646,759622914,right_base_cmd,right_joint_1,right_joint_2,right_joint_3,right_joint_4,right_joint_5,right_joint_6,right_joint_7,-76.58396544404215,-65.62614473775916,64.38639781869486,-89.17142510996929,40.966894211162895,-9.58408165023723,-14.416074671798256,,
1780127646,769644865,right_base_cmd,right_joint_1,right_joint_2,right_joint_3,right_joint_4,right_joint_5,right_joint_6,right_joint_7,-76.09421549991734,-65.96205881106671,64.2935827792983,-88.65552910797386,41.156709423048454,-9.388591489571859,-14.221383198037032,,
1780127646,779628919,right_base_cmd,right_joint_1,right_joint_2,right_joint_3,right_joint_4,right_joint_5,right_joint_6,right_joint_7,-75.85542129587552,-66.14388735217854,64.33509451253795,-88.44386798207348,41.37741777519304,-9.172942220402597,-14.04427545451911,,
1780127646,789955506,right_base_cmd,right_joint_1,right_joint_2,right_joint_3,right_joint_4,right_joint_5,right_joint_6,right_joint_7,-75.71311272374092,-66.36089331482749,64.4574291005944,-88.2985120072719,41.545292788805995,-8.955833766003927,-13.848622948739902,,
1780127646,799715064,right_base_cmd,right_joint_1,right_joint_2,right_joint_3,right_joint_4,right_joint_5,right_joint_6,right_joint_7,-75.52142997381796,-66.46820019346252,64.45329226474806,-88.12929535095368,41.825853035668416,-8.85003665848756,-13.73830786644426,,
1780127646,809749642,right_base_cmd,right_joint_1,right_joint_2,right_joint_3,right_joint_4,right_joint_5,right_joint_6,right_joint_7,-75.22859932936328,-66.60244682114622,64.4772250953113,-87.9142170922877,42.20765371617105,-8.697513786231177,-13.640387421988649,,
1780127646,819956131,right_base_cmd,right_joint_1,right_joint_2,right_joint_3,right_joint_4,right_joint_5,right_joint_6,right_joint_7,-75.08444774216431,-66.57508837610693,64.33447336113673,-87.7814870092064,42.58373930696061,-8.770473367346703,-13.65597767211672,,
1780127646,829879787,right_base_cmd,right_joint_1,right_joint_2,right_joint_3,right_joint_4,right_joint_5,right_joint_6,right_joint_7,-74.95602703203681,-66.60598420487396,64.336432444601,-87.66472829260859,42.83574228693581,-8.731529212508967,-13.618631023548758,,
1780127646,839849954,right_base_cmd,right_joint_1,right_joint_2,right_joint_3,right_joint_4,right_joint_5,right_joint_6,right_joint_7,-74.82422493275615,-66.65029196776221,64.30219664571908,-87.4792108918186,42.99602019277634,-8.745269382654207,-13.568863432067033,,
1780127646,849932832,right_base_cmd,right_joint_1,right_joint_2,right_joint_3,right_joint_4,right_joint_5,right_joint_6,right_joint_7,-74.71653540935515,-66.64904705579302,64.25917274897748,-87.3574224191345,43.08624371521657,-8.724649428713967,-13.558697963126363,,
1780127646,859355113,right_base_cmd,right_joint_1,right_joint_2,right_joint_3,right_joint_4,right_joint_5,right_joint_6,right_joint_7,-74.4733487288755,-66.74290568556081,64.25823203844314,-87.07524418988625,43.079079944966196,-8.61941537110311,-13.499039855198433,,
1780127646,870806667,right_base_cmd,right_joint_1,right_joint_2,right_joint_3,right_joint_4,right_joint_5,right_joint_6,right_joint_7,-74.40101769208033,-66.83903689825878,64.32797611347834,-86.9559194426782,42.977312660012245,-8.51104988031522,-13.473276640221357,,
1780127646,882129496,right_base_cmd,right_joint_1,right_joint_2,right_joint_3,right_joint_4,right_joint_5,right_joint_6,right_joint_7,-74.35920856503165,-66.98245760792936,64.44349589359214,-86.82682755912982,42.83077795446715,-8.408986134946524,-13.416310085935166,,
1780127646,889534062,right_base_cmd,right_joint_1,right_joint_2,right_joint_3,right_joint_4,right_joint_5,right_joint_6,right_joint_7,-74.36482032718712,-67.1364107633586,64.60510230368013,-86.73901016162996,42.66148148208205,-8.293379157159386,-13.34211163732023,,
1780127646,899602164,right_base_cmd,right_joint_1,right_joint_2,right_joint_3,right_joint_4,right_joint_5,right_joint_6,right_joint_7,-74.37265952013948,-67.19290250843024,64.62630064166191,-86.69014450812416,42.57276313149001,-8.270360657812937,-13.365782838176315,,
1780127646,909596088,right_base_cmd,right_joint_1,right_joint_2,right_joint_3,right_joint_4,right_joint_5,right_joint_6,right_joint_7,-74.53120746917685,-67.3905456502575,64.92820795939858,-86.77751420195956,42.325956166778525,-8.051574859473298,-13.192313874769766,,
1780127646,919512689,right_base_cmd,right_joint_1,right_joint_2,right_joint_3,right_joint_4,right_joint_5,right_joint_6,right_joint_7,-74.5203375792058,-67.40267760939726,64.86729477106937,-86.77485587803706,42.30763559643768,-8.065213673939631,-13.17743155444363,,
1780127646,929757763,right_base_cmd,right_joint_1,right_joint_2,right_joint_3,right_joint_4,right_joint_5,right_joint_6,right_joint_7,-74.56319056999334,-67.46953523592408,64.95237309440088,-86.82129508855583,42.23042009297748,-7.999281899905604,-13.049839582783719,,
1780127646,939899810,right_base_cmd,right_joint_1,right_joint_2,right_joint_3,right_joint_4,right_joint_5,right_joint_6,right_joint_7,-74.63758736848158,-67.5069973189468,64.98615766191344,-86.8973715389982,42.175377652335584,-7.997244932395965,-12.928715990292872,,
1780127646,950637792,right_base_cmd,right_joint_1,right_joint_2,right_joint_3,right_joint_4,right_joint_5,right_joint_6,right_joint_7,-74.69007967463844,-67.5443026742321,65.05280039883499,-86.95749321860104,42.127861497223506,-7.976796540515572,-12.75911415804724,,
1780127646,959470629,right_base_cmd,right_joint_1,right_joint_2,right_joint_3,right_joint_4,right_joint_5,right_joint_6,right_joint_7,-74.90187197780145,-67.57312397838855,65.23325059675378,-87.20322958227679,42.03020232491289,-7.895740744924176,-12.521865742945138,,
1780127646,969569467,right_base_cmd,right_joint_1,right_joint_2,right_joint_3,right_joint_4,right_joint_5,right_joint_6,right_joint_7,-74.98397541129137,-67.58391447232562,65.30825133894078,-87.27016756233014,42.00642086374742,-7.9013009899207916,-12.305254338878868,,
1780127646,979530436,right_base_cmd,right_joint_1,right_joint_2,right_joint_3,right_joint_4,right_joint_5,right_joint_6,right_joint_7,-75.08955529529189,-67.66410605548636,65.48464904295284,-87.35178872163222,41.92371427884339,-7.818456487978146,-12.036769315872803,,
1780127646,989783555,right_base_cmd,right_joint_1,right_joint_2,right_joint_3,right_joint_4,right_joint_5,right_joint_6,right_joint_7,-75.17876038388667,-67.71364815630052,65.58758697489853,-87.41030584821199,41.88594480202201,-7.794105822075316,-11.828401275273691,,
1780127646,999673192,right_base_cmd,right_joint_1,right_joint_2,right_joint_3,right_joint_4,right_joint_5,right_joint_6,right_joint_7,-75.26793195818047,-67.83008925131908,65.7255023310623,-87.46963053786568,41.80337749271601,-7.7241558784696664,-11.6344508905553,,
1780127647,9409765,right_base_cmd,right_joint_1,right_joint_2,right_joint_3,right_joint_4,right_joint_5,right_joint_6,right_joint_7,-75.4737271661019,-68.14196077052351,66.07077619078424,-87.49869396599355,41.549347542624304,-7.559678712518853,-11.296407306636482,,
1780127647,19399928,right_base_cmd,right_joint_1,right_joint_2,right_joint_3,right_joint_4,right_joint_5,right_joint_6,right_joint_7,-75.61192602657539,-68.3794689715689,66.38906546012689,-87.49716193996956,41.39167739983256,-7.360008126396501,-10.97968090802921,,
1780127647,29730293,right_base_cmd,right_joint_1,right_joint_2,right_joint_3,right_joint_4,right_joint_5,right_joint_6,right_joint_7,-75.74818419718682,-68.56908224869262,66.62341160289375,-87.50180950812019,41.26452787482677,-7.209433014741357,-10.737677808458969,,
1780127647,40497882,right_base_cmd,right_joint_1,right_joint_2,right_joint_3,right_joint_4,right_joint_5,right_joint_6,right_joint_7,-75.92772362368154,-68.75153547970753,66.86572748380937,-87.5766761961997,41.12511331574623,-7.031971671610727,-10.527106262187502,,
1780127647,49757658,right_base_cmd,right_joint_1,right_joint_2,right_joint_3,right_joint_4,right_joint_5,right_joint_6,right_joint_7,-76.09238736606582,-68.94570363076788,67.11735660531875,-87.6026759982441,40.974028062605186,-6.856447252791831,-10.294997109998704,,
1780127647,59680771,right_base_cmd,right_joint_1,right_joint_2,right_joint_3,right_joint_4,right_joint_5,right_joint_6,right_joint_7,-76.38268134318142,-69.23772477267825,67.43686103567669,-87.64953256164945,40.71413600198778,-6.669387011089718,-10.014070954521756,,
1780127647,69548786,right_base_cmd,right_joint_1,right_joint_2,right_joint_3,right_joint_4,right_joint_5,right_joint_6,right_joint_7,-76.56243485953351,-69.40463770532331,67.67149185395667,-87.72319675368693,40.59716561151495,-6.455150463624754,-9.815529061673786,,
1780127647,79797803,right_base_cmd,right_joint_1,right_joint_2,right_joint_3,right_joint_4,right_joint_5,right_joint_6,right_joint_7,-76.78153059743019,-69.52637120272387,67.84846685473613,-87.81744927540383,40.50101246025716,-6.318288949625121,-9.644874291631098,,
1780127647,90681261,right_base_cmd,right_joint_1,right_joint_2,right_joint_3,right_joint_4,right_joint_5,right_joint_6,right_joint_7,-76.97688087083,-69.6902684116002,68.08424976848013,-87.9124879614799,40.38402807841331,-6.114575090644614,-9.460900737940293,,
1780127647,99824269,right_base_cmd,right_joint_1,right_joint_2,right_joint_3,right_joint_4,right_joint_5,right_joint_6,right_joint_7,-77.17664773555921,-69.85476991785869,68.29603082226723,-87.98404970586104,40.26827231255916,-5.958124771946977,-9.293456274592941,,
1780127647,109687434,right_base_cmd,right_joint_1,right_joint_2,right_joint_3,right_joint_4,right_joint_5,right_joint_6,right_joint_7,-77.60955101900427,-70.2352665370711,68.80239399451798,-88.1552857944887,39.936359318664444,-5.656939246368317,-9.003295944033894,,
1780127647,120876685,right_base_cmd,right_joint_1,right_joint_2,right_joint_3,right_joint_4,right_joint_5,right_joint_6,right_joint_7,-77.77234335383244,-70.14509997881534,68.79138694412879,-88.37470368219381,40.112142702400746,-5.527963615925721,-9.10814390718663,,
1780127647,129623297,right_base_cmd,right_joint_1,right_joint_2,right_joint_3,right_joint_4,right_joint_5,right_joint_6,right_joint_7,-78.14008896845453,-70.6368505868735,69.40073629057699,-88.48050772674982,39.68565626159298,-5.124890274104466,-8.76372717322262,,
1780127647,139715228,right_base_cmd,right_joint_1,right_joint_2,right_joint_3,right_joint_4,right_joint_5,right_joint_6,right_joint_7,-78.36777542072232,-70.85451236527241,69.59638163394774,-88.50206427890596,39.536745860478135,-4.9984087024971515,-8.668450568660106,,
1780127647,149527455,right_base_cmd,right_joint_1,right_joint_2,right_joint_3,right_joint_4,right_joint_5,right_joint_6,right_joint_7,-78.59542758406647,-71.08352384935644,69.87464799224111,-88.58053697893418,39.362573529771026,-4.778356818188051,-8.544772384859485,,
1780127647,159475347,right_base_cmd,right_joint_1,right_joint_2,right_joint_3,right_joint_4,right_joint_5,right_joint_6,right_joint_7,-79.11878603399319,-71.52297017886436,70.38141994827973,-88.74109639210242,38.91897401840882,-4.529022381420923,-8.263052780389174,,
1780127647,169482965,right_base_cmd,right_joint_1,right_joint_2,right_joint_3,right_joint_4,right_joint_5,right_joint_6,right_joint_7,-79.38069263740275,-71.7425159714938,70.65887598678322,-88.86926492773195,38.72322244938752,-4.291757995954406,-8.141200015197413,,
1780127647,179899594,right_base_cmd,right_joint_1,right_joint_2,right_joint_3,right_joint_4,right_joint_5,right_joint_6,right_joint_7,-79.66514938342837,-71.84999592204385,70.8221046784627,-89.04992110161903,38.59328409269935,-4.163394828138614,-8.104386953818917,,
1780127647,189941169,right_base_cmd,right_joint_1,right_joint_2,right_joint_3,right_joint_4,right_joint_5,right_joint_6,right_joint_7,-79.94147933184846,-72.02025385666782,71.06416101150225,-89.21040123218974,38.383120177006134,-3.9889343720055237,-7.994249046564747,,
1780127647,199956270,right_base_cmd,right_joint_1,right_joint_2,right_joint_3,right_joint_4,right_joint_5,right_joint_6,right_joint_7,-80.18584800668063,-72.11369373017887,71.21627107041044,-89.37369585423075,38.22768363259988,-3.8776017207344395,-7.956992127976449,,
1780127647,209601891,right_base_cmd,right_joint_1,right_joint_2,right_joint_3,right_joint_4,right_joint_5,right_joint_6,right_joint_7,-80.64503209003456,-72.12707096708421,71.36226712459504,-89.70027769724193,38.03451770568037,-3.849986900480239,-7.948638914098879,,
1780127647,220977215,right_base_cmd,right_joint_1,right_joint_2,right_joint_3,right_joint_4,right_joint_5,right_joint_6,right_joint_7,-80.9543699940966,-72.4434547126627,71.75610595426812,-89.85421094051175,37.59818254159873,-3.598174280700384,-7.751287339639262,,
1780127647,229764475,right_base_cmd,right_joint_1,right_joint_2,right_joint_3,right_joint_4,right_joint_5,right_joint_6,right_joint_7,-81.22247549802105,-72.54305949784585,71.92233915335325,-90.01744642840676,37.36741704915997,-3.4838251790670185,-7.696123463059521,,
1780127647,239662816,right_base_cmd,right_joint_1,right_joint_2,right_joint_3,right_joint_4,right_joint_5,right_joint_6,right_joint_7,-81.50261437787779,-72.63530257624514,72.06761857666524,-90.17038580972793,37.14577159871246,-3.3896614919309442,-7.645622911676881,,
1780127647,249595254,right_base_cmd,right_joint_1,right_joint_2,right_joint_3,right_joint_4,right_joint_5,right_joint_6,right_joint_7,-81.7825454972751,-72.76139551341181,72.25108701289221,-90.32598380175098,36.907531764996605,-3.232222436272984,-7.559052328023952,,
1780127647,259599919,right_base_cmd,right_joint_1,right_joint_2,right_joint_3,right_joint_4,right_joint_5,right_joint_6,right_joint_7,-82.36020424890668,-73.0039990635055,72.61379681419945,-90.67588729146742,36.49312029096083,-2.9709994571405716,-7.371149870081425,,
1780127647,270654493,right_base_cmd,right_joint_1,right_joint_2,right_joint_3,right_joint_4,right_joint_5,right_joint_6,right_joint_7,-82.662024665769,-73.1181776963381,72.81033750081397,-90.88552819310776,36.29955502831851,-2.7078398423365044,-7.281774179135894,,
1780127647,279739240,right_base_cmd,right_joint_1,right_joint_2,right_joint_3,right_joint_4,right_joint_5,right_joint_6,right_joint_7,-82.99527509341439,-73.21690418205834,73.00691818495491,-91.11632109002927,36.133285030328324,-2.4572889048703175,-7.195341446459523,,
1780127647,289965775,right_base_cmd,right_joint_1,right_joint_2,right_joint_3,right_joint_4,right_joint_5,right_joint_6,right_joint_7,-83.26160652875976,-73.26858870388476,73.1508536270675,-91.33014271101736,36.04310994482054,-2.2198514601531585,-7.154070680956764,,
1780127647,299775342,right_base_cmd,right_joint_1,right_joint_2,right_joint_3,right_joint_4,right_joint_5,right_joint_6,right_joint_7,-83.5688468783155,-73.28197393990469,73.27673731697033,-91.6040889552004,35.99016658307053,-2.000492830354908,-7.1574409898833125,,
1780127647,309335126,right_base_cmd,right_joint_1,right_joint_2,right_joint_3,right_joint_4,right_joint_5,right_joint_6,right_joint_7,-84.15574725292012,-73.25718702100313,73.45992217712572,-92.11718442581072,35.96793193690874,-1.7647241530748303,-7.198204597710188,,
1780127647,320537800,right_base_cmd,right_joint_1,right_joint_2,right_joint_3,right_joint_4,right_joint_5,right_joint_6,right_joint_7,-84.47981741990876,-73.22331423433896,73.50922145143343,-92.41825372236146,36.04298871179165,-1.570108872003054,-7.3234429292472925,,
1780127647,329650917,right_base_cmd,right_joint_1,right_joint_2,right_joint_3,right_joint_4,right_joint_5,right_joint_6,right_joint_7,-84.75181011065783,-73.2303773989873,73.60343437905695,-92.69140730480463,36.10856543747232,-1.3285822318383609,-7.429103830202521,,
1780127647,339608561,right_base_cmd,right_joint_1,right_joint_2,right_joint_3,right_joint_4,right_joint_5,right_joint_6,right_joint_7,-84.99555153438112,-73.22576247265563,73.64114504569287,-92.91132656997964,36.18764691224547,-1.1497450185942668,-7.5681918927741805,,
1780127647,349863805,right_base_cmd,right_joint_1,right_joint_2,right_joint_3,right_joint_4,right_joint_5,right_joint_6,right_joint_7,-85.24507175132962,-73.21968014919874,73.70013893858973,-93.1596557332664,36.280431188930805,-0.9261674584779982,-7.721941332483382,,
1780127647,359461429,right_base_cmd,right_joint_1,right_joint_2,right_joint_3,right_joint_4,right_joint_5,right_joint_6,right_joint_7,-85.75127850281407,-73.17498073130328,73.74409242805032,-93.59315708320732,36.3903962151152,-0.6923166376411629,-7.966633098726064,,
1780127647,369671579,right_base_cmd,right_joint_1,right_joint_2,right_joint_3,right_joint_4,right_joint_5,right_joint_6,right_joint_7,-86.00160995158782,-73.18028595200629,73.8180649277646,-93.84827929405152,36.50412753235267,-0.34794439807671296,-8.169295494501753,,
1780127647,379586678,right_base_cmd,right_joint_1,right_joint_2,right_joint_3,right_joint_4,right_joint_5,right_joint_6,right_joint_7,-86.30458213835001,-73.18127788221206,73.8927181113817,-94.13100430043143,36.585543581694,-0.04079245694395439,-8.368679520965273,,
1780127647,389634824,right_base_cmd,right_joint_1,right_joint_2,right_joint_3,right_joint_4,right_joint_5,right_joint_6,right_joint_7,-86.55752256541396,-73.1749649324308,73.96005739177704,-94.37623431843248,36.671863590392405,0.27751416056873524,-8.566200703125801,,
1780127647,399655711,right_base_cmd,right_joint_1,right_joint_2,right_joint_3,right_joint_4,right_joint_5,right_joint_6,right_joint_7,-86.79632981760531,-73.1412730762,73.99658878638016,-94.6196723377815,36.7838316995321,0.5717305116139144,-8.785269042046664,,
1780127647,409568995,right_base_cmd,right_joint_1,right_joint_2,right_joint_3,right_joint_4,right_joint_5,right_joint_6,right_joint_7,-87.29507724194448,-73.03853971138336,74.0474988472786,-95.07135180185323,36.956539034723136,0.8713396672269553,-9.04763020739314,,
1780127647,419437076,right_base_cmd,right_joint_1,right_joint_2,right_joint_3,right_joint_4,right_joint_5,right_joint_6,right_joint_7,-87.58524617061923,-73.05026068912441,74.16507943271384,-95.38310846710785,37.094873123278575,1.295651673230516,-9.217670846692627,,
1780127647,429967131,right_base_cmd,right_joint_1,right_joint_2,right_joint_3,right_joint_4,right_joint_5,right_joint_6,right_joint_7,-87.81934765618226,-73.04774556501879,74.2413961172625,-95.63708714689052,37.24822365578589,1.653053372380505,-9.354519863499732,,
1780127647,439940926,right_base_cmd,right_joint_1,right_joint_2,right_joint_3,right_joint_4,right_joint_5,right_joint_6,right_joint_7,-88.11835646798303,-73.05205545566709,74.33889603777979,-95.91078137886275,37.36920115051376,1.9763706812117974,-9.452751484791364,,
1780127647,449663163,right_base_cmd,right_joint_1,right_joint_2,right_joint_3,right_joint_4,right_joint_5,right_joint_6,right_joint_7,-88.4013277855004,-73.09849230268033,74.46670333237515,-96.15702863512384,37.45372810803164,2.320212748719719,-9.488799479906291,,
1780127647,459398044,right_base_cmd,right_joint_1,right_joint_2,right_joint_3,right_joint_4,right_joint_5,right_joint_6,right_joint_7,-88.95584740213403,-73.13799524794946,74.66328749587157,-96.59724334033628,37.52276083311463,2.720272720988312,-9.480150513086599,,
1780127647,471437622,right_base_cmd,right_joint_1,right_joint_2,right_joint_3,right_joint_4,right_joint_5,right_joint_6,right_joint_7,-89.23072185235586,-73.14624904746803,74.7732675171234,-96.85496668085138,37.66576871452688,3.121172066377092,-9.502432722915287,,
1780127647,479591938,right_base_cmd,right_joint_1,right_joint_2,right_joint_3,right_joint_4,right_joint_5,right_joint_6,right_joint_7,-89.51710192637782,-73.10812618055503,74.83136826130786,-97.09064914143552,37.829634631672064,3.424576030146291,-9.536212134417454,,
1780127647,489588981,right_base_cmd,right_joint_1,right_joint_2,right_joint_3,right_joint_4,right_joint_5,right_joint_6,right_joint_7,-89.78446467510187,-73.08626002534795,74.91491541074996,-97.33617341314222,37.97571498614789,3.7387762920901153,-9.551952765556123,,
1780127647,499466979,right_base_cmd,right_joint_1,right_joint_2,right_joint_3,right_joint_4,right_joint_5,right_joint_6,right_joint_7,-90.06786116482752,-73.04967044839948,74.9699056312451,-97.58118018142365,38.11762025127254,3.9872303613396483,-9.583507318742093,,
1780127647,509341815,right_base_cmd,right_joint_1,right_joint_2,right_joint_3,right_joint_4,right_joint_5,right_joint_6,right_joint_7,-90.34600662572225,-73.06907452286926,75.09012437661605,-97.8166020767763,38.208265023119765,4.264871244086699,-9.560301250325622,,
1780127647,519370449,right_base_cmd,right_joint_1,right_joint_2,right_joint_3,right_joint_4,right_joint_5,right_joint_6,right_joint_7,-90.91172203815066,-73.13769001483463,75.29385799085864,-98.21193428324632,38.22791516063191,4.535726604983616,-9.462001081483336,,
1780127647,529629529,right_base_cmd,right_joint_1,right_joint_2,right_joint_3,right_joint_4,right_joint_5,right_joint_6,right_joint_7,-91.16455367856955,-73.19012439711823,75.4350415808685,-98.42609589849373,38.31734115981865,4.853237268009487,-9.413839646187128,,
1780127647,539776475,right_base_cmd,right_joint_1,right_joint_2,right_joint_3,right_joint_4,right_joint_5,right_joint_6,right_joint_7,-91.3904162698137,-73.23699492447356,75.55213395611824,-98.60801892198965,38.39689683807316,5.1285163853334055,-9.371983287952688,,
1780127647,549708972,right_base_cmd,right_joint_1,right_joint_2,right_joint_3,right_joint_4,right_joint_5,right_joint_6,right_joint_7,-91.61500336343667,-73.27997138568891,75.66634390403667,-98.78813334373787,38.47055009261575,5.374260458913405,-9.336235276166079,,
1780127647,559981624,right_base_cmd,right_joint_1,right_joint_2,right_joint_3,right_joint_4,right_joint_5,right_joint_6,right_joint_7,-91.88467017260277,-73.31996137482817,75.79958646537418,-98.98737307686612,38.532501826471986,5.598581727447545,-9.276320129688159,,
1780127647,569555568,right_base_cmd,right_joint_1,right_joint_2,right_joint_3,right_joint_4,right_joint_5,right_joint_6,right_joint_7,-92.26911592234066,-73.35251170508322,75.92929401017855,-99.25227686960547,38.62519830495435,5.802254926740666,-9.24430348393885,,
1780127647,579808749,right_base_cmd,right_joint_1,right_joint_2,right_joint_3,right_joint_4,right_joint_5,right_joint_6,right_joint_7,-92.54053201311623,-73.3655145085428,75.96557989325711,-99.4297170465576,38.75191346846768,5.9493774852814525,-9.28238662832679,,
1780127647,589631533,right_base_cmd,right_joint_1,right_joint_2,right_joint_3,right_joint_4,right_joint_5,right_joint_6,right_joint_7,-92.72066077344115,-73.42739563534242,76.06828711834342,-99.54971425316093,38.8397617855683,6.167816792036156,-9.280752977538398,,
1780127647,602762935,right_base_cmd,right_joint_1,right_joint_2,right_joint_3,right_joint_4,right_joint_5,right_joint_6,right_joint_7,-92.92981199111605,-73.47220632605213,76.14924743939983,-99.69527790161563,38.91732582191824,6.351325747876679,-9.305297622095296,,
1780127647,610866577,right_base_cmd,right_joint_1,right_joint_2,right_joint_3,right_joint_4,right_joint_5,right_joint_6,right_joint_7,-93.08249033238044,-73.54638133845113,76.24260707255368,-99.78418666583498,38.94795655434021,6.5503572618478145,-9.305298453640106,,
1780127647,619695921,right_base_cmd,right_joint_1,right_joint_2,right_joint_3,right_joint_4,right_joint_5,right_joint_6,right_joint_7,-93.41523679407501,-73.622194399376,76.3748795336119,-99.9020693061852,38.865741402303144,6.647316714538597,-9.211014434600841,,
1780127647,629848320,right_base_cmd,right_joint_1,right_joint_2,right_joint_3,right_joint_4,right_joint_5,right_joint_6,right_joint_7,-93.5448007558281,-73.69166393770867,76.47016028472476,-99.93409967428103,38.76932109185353,6.785158581955336,-9.147622573046888,,
1780127647,639620772,right_base_cmd,right_joint_1,right_joint_2,right_joint_3,right_joint_4,right_joint_5,right_joint_6,right_joint_7,-93.70011850557873,-73.75155067433032,76.55608546945237,-99.95576750617455,38.595619265278316,6.859035071689512,-9.052645426727864,,
1780127647,649707348,right_base_cmd,right_joint_1,right_joint_2,right_joint_3,right_joint_4,right_joint_5,right_joint_6,right_joint_7,-93.79796373814,-73.79923742432125,76.63079181256361,-99.93663561782621,38.36569446406466,6.91164849375253,-8.94199708255583,,
1780127647,659427093,right_base_cmd,right_joint_1,right_joint_2,right_joint_3,right_joint_4,right_joint_5,right_joint_6,right_joint_7,-93.96890246915368,-73.89645785383057,76.78462436886596,-99.83587378844182,37.86822976196194,6.882872843640378,-8.671388636552209,,
1780127647,669600747,right_base_cmd,right_joint_1,right_joint_2,right_joint_3,right_joint_4,right_joint_5,right_joint_6,right_joint_7,-94.0329511118185,-73.9368840952667,76.8485249233656,-99.77250288167296,37.44147668070431,6.873500000865825,-8.53617480818373,,
1780127647,679584635,right_base_cmd,right_joint_1,right_joint_2,right_joint_3,right_joint_4,right_joint_5,right_joint_6,right_joint_7,-94.0805846273997,-73.97819893247579,76.9050122766067,-99.70850604361569,37.043325390459614,6.846384214657242,-8.416923473435602,,
1780127647,690332283,right_base_cmd,right_joint_1,right_joint_2,right_joint_3,right_joint_4,right_joint_5,right_joint_6,right_joint_7,-94.12342238196933,-74.0034248800239,76.95120007135594,-99.63960678293553,36.66110527213195,6.7733600517685275,-8.299825695359473,,
1780127647,699793549,right_base_cmd,right_joint_1,right_joint_2,right_joint_3,right_joint_4,right_joint_5,right_joint_6,right_joint_7,-94.26037459809393,-73.96667738849932,76.91310779891674,-99.64304497849606,36.32694616110322,6.575905674200506,-8.24611675873173,,
1780127647,709426980,right_base_cmd,right_joint_1,right_joint_2,right_joint_3,right_joint_4,right_joint_5,right_joint_6,right_joint_7,-94.352972819862,-74.01753191815017,76.97689887681051,-99.60399795941125,35.93030497715725,6.3818650872751235,-8.06178046654533,,
1780127647,719656973,right_base_cmd,right_joint_1,right_joint_2,right_joint_3,right_joint_4,right_joint_5,right_joint_6,right_joint_7,-94.37870191025192,-74.05026010021898,77.02751967498361,-99.58128750938364,35.66914678750075,6.230646209637207,-7.922754625115502,,
1780127647,729732427,right_base_cmd,right_joint_1,right_joint_2,right_joint_3,right_joint_4,right_joint_5,right_joint_6,right_joint_7,-94.40332288913427,-74.0814565035745,77.05762132378939,-99.55847616652404,35.488308924304164,6.051825893491873,-7.786818259745942,,
1780127647,739671357,right_base_cmd,right_joint_1,right_joint_2,right_joint_3,right_joint_4,right_joint_5,right_joint_6,right_joint_7,-94.41299666937553,-74.10028503738455,77.08031156948343,-99.54448628956472,35.363804854480435,5.877463199079507,-7.664057087589825,,
1780127647,749654711,right_base_cmd,right_joint_1,right_joint_2,right_joint_3,right_joint_4,right_joint_5,right_joint_6,right_joint_7,-94.40528727527803,-74.11720951234055,77.0867662713932,-99.54140893946466,35.334911256540096,5.682664556760365,-7.539671496242661,,
1780127647,759496802,right_base_cmd,right_joint_1,right_joint_2,right_joint_3,right_joint_4,right_joint_5,right_joint_6,right_joint_7,-94.3904365583384,-74.07800792310759,77.03692075619423,-99.60465549900768,35.476563562965936,5.347824886648091,-7.383551285382467,,
1780127647,769876556,right_base_cmd,right_joint_1,right_joint_2,right_joint_3,right_joint_4,right_joint_5,right_joint_6,right_joint_7,-94.34961215286089,-74.04882953016876,77.00126273431053,-99.58884931426037,35.669031090257846,4.95370933237195,-7.150393815071439,,
1780127647,779588404,right_base_cmd,right_joint_1,right_joint_2,right_joint_3,right_joint_4,right_joint_5,right_joint_6,right_joint_7,-94.33244718702471,-74.01139607134873,76.95081440246221,-99.57819854806196,35.89225576129459,4.516285620935442,-6.913186438824212,,
1780127647,790928332,right_base_cmd,right_joint_1,right_joint_2,right_joint_3,right_joint_4,right_joint_5,right_joint_6,right_joint_7,-94.27155726276939,-73.9940862506502,76.92182353669713,-99.56138933512166,36.158489601928835,4.0948341063808655,-6.65599634410286,,
1780127647,800152640,right_base_cmd,right_joint_1,right_joint_2,right_joint_3,right_joint_4,right_joint_5,right_joint_6,right_joint_7,-94.2771185988054,-73.96224463506623,76.87406517153286,-99.55760210201977,36.42501494857041,3.6162548540184574,-6.402181023711719,,
1780127647,809826353,right_base_cmd,right_joint_1,right_joint_2,right_joint_3,right_joint_4,right_joint_5,right_joint_6,right_joint_7,-94.16978721461331,-73.98122720513403,76.87217967373468,-99.5259536277725,36.71367103022234,3.0967557897840905,-6.052418835877418,,
1780127647,819990327,right_base_cmd,right_joint_1,right_joint_2,right_joint_3,right_joint_4,right_joint_5,right_joint_6,right_joint_7,-94.1130657884585,-73.98458601251458,76.8666107695129,-99.38525128741436,36.92917531999021,2.4920581163821183,-5.689940639189686,,
1780127647,829870917,right_base_cmd,right_joint_1,right_joint_2,right_joint_3,right_joint_4,right_joint_5,right_joint_6,right_joint_7,-94.0304783868722,-73.97288065516524,76.84014348843763,-99.24144415121954,37.09917864555379,1.9323456222154576,-5.398234688582718,,
1780127647,840836650,right_base_cmd,right_joint_1,right_joint_2,right_joint_3,right_joint_4,right_joint_5,right_joint_6,right_joint_7,-93.9667020564195,-73.94220854686655,76.78241422869914,-99.11733200864326,37.2429415061155,1.3828880050245473,-5.165063865223388,,
1780127647,849664885,right_base_cmd,right_joint_1,right_joint_2,right_joint_3,right_joint_4,right_joint_5,right_joint_6,right_joint_7,-93.87980745241802,-73.92869123783505,76.75494418604731,-98.94563120765652,37.290360570782724,0.8856476714976864,-4.928216330116712,,
1780127647,859480339,right_base_cmd,right_joint_1,right_joint_2,right_joint_3,right_joint_4,right_joint_5,right_joint_6,right_joint_7,-93.70221649683768,-73.94959276752259,76.76093282455614,-98.72464486587695,37.23412992415686,0.3691898850356736,-4.652439838687499,,
1780127647,869460717,right_base_cmd,right_joint_1,right_joint_2,right_joint_3,right_joint_4,right_joint_5,right_joint_6,right_joint_7,-93.62195545602756,-73.9642132050811,76.74702144325974,-98.5456360428608,37.13132760474426,-0.1306461715110956,-4.4224173040525585,,
1780127647,879794532,right_base_cmd,right_joint_1,right_joint_2,right_joint_3,right_joint_4,right_joint_5,right_joint_6,right_joint_7,-93.55609636392055,-73.9570317079668,76.70956318153614,-98.42213887758119,37.02736879454099,-0.5949700820377686,-4.260462061076467,,
1780127647,891206039,right_base_cmd,right_joint_1,right_joint_2,right_joint_3,right_joint_4,right_joint_5,right_joint_6,right_joint_7,-93.44533336483332,-73.97345683379508,76.68740542298528,-98.24704916885908,36.90477291743477,-1.0372462644096956,-4.091196800340029,,
1780127647,900315225,right_base_cmd,right_joint_1,right_joint_2,right_joint_3,right_joint_4,right_joint_5,right_joint_6,right_joint_7,-93.35747790230144,-73.96607116083892,76.63377813805502,-98.11754932686178,36.812372929336306,-1.5184626366313907,-3.9798626051672983,,
1780127647,909436309,right_base_cmd,right_joint_1,right_joint_2,right_joint_3,right_joint_4,right_joint_5,right_joint_6,right_joint_7,-93.11464178746465,-73.99880004021425,76.59439934579305,-97.88626945833228,36.738839540448595,-2.0794513045450387,-3.8606805462990366,,
1780127647,921705305,right_base_cmd,right_joint_1,right_joint_2,right_joint_3,right_joint_4,right_joint_5,right_joint_6,right_joint_7,-93.03866795797146,-73.99702058303531,76.51497568251872,-97.73831645237699,36.67191263128578,-2.6939560583453996,-3.7828793432752974,,
1780127647,929585500,right_base_cmd,right_joint_1,right_joint_2,right_joint_3,right_joint_4,right_joint_5,right_joint_6,right_joint_7,-92.9153762678076,-74.01979797975322,76.46835778072588,-97.55473680968386,36.601568549408825,-3.2316776390634274,-3.6931675845631986,,
1780127647,939617502,right_base_cmd,right_joint_1,right_joint_2,right_joint_3,right_joint_4,right_joint_5,right_joint_6,right_joint_7,-92.81876589559604,-74.01854033568101,76.38474390188694,-97.38355409719112,36.535403410738894,-3.787873602438985,-3.644001252577496,,
1780127647,949404426,right_base_cmd,right_joint_1,right_joint_2,right_joint_3,right_joint_4,right_joint_5,right_joint_6,right_joint_7,-92.66579113217321,-74.07036698988271,76.35124978597898,-97.17399570946482,36.43418392306293,-4.3044162773776335,-3.5714349527717246,,
1780127647,959426853,right_base_cmd,right_joint_1,right_joint_2,right_joint_3,right_joint_4,right_joint_5,right_joint_6,right_joint_7,-92.38204154845934,-74.15694092502373,76.29014611246404,-96.87881046146875,36.30266586689575,-4.964899674583414,-3.559932186469908,,
1780127647,969495825,right_base_cmd,right_joint_1,right_joint_2,right_joint_3,right_joint_4,right_joint_5,right_joint_6,right_joint_7,-92.23398894162156,-74.20090465147793,76.21859387023082,-96.64568793063235,36.17790274063739,-5.6175113851185685,-3.5534875333140263,,
1780127647,979463716,right_base_cmd,right_joint_1,right_joint_2,right_joint_3,right_joint_4,right_joint_5,right_joint_6,right_joint_7,-92.12653636167724,-74.24760250361142,76.159735702436,-96.45200206961216,36.04389864022235,-6.197354018973037,-3.5354829833264176,,
1780127647,989591507,right_base_cmd,right_joint_1,right_joint_2,right_joint_3,right_joint_4,right_joint_5,right_joint_6,right_joint_7,-91.9933442827622,-74.29155798861889,76.10749981200982,-96.2563811121321,35.91841556504457,-6.726547154268637,-3.48919792204795,,
1780127647,999454025,right_base_cmd,right_joint_1,right_joint_2,right_joint_3,right_joint_4,right_joint_5,right_joint_6,right_joint_7,-91.90992457675631,-74.29366279230722,76.00797556066439,-96.13332671923543,35.83719705349583,-7.281311421310129,-3.4610350372241925,,
1780127648,9718081,right_base_cmd,right_joint_1,right_joint_2,right_joint_3,right_joint_4,right_joint_5,right_joint_6,right_joint_7,-91.79673207305623,-74.29785896001438,75.93721241948586,-96.00404897860405,35.80253062730779,-7.805454812979967,-3.357659519984921,,
1780127648,19704688,right_base_cmd,right_joint_1,right_joint_2,right_joint_3,right_joint_4,right_joint_5,right_joint_6,right_joint_7,-91.59950919160823,-74.35720750510866,75.93432852165458,-95.831264239016,35.73172211424824,-8.36629479210091,-3.0976878813724653,,
1780127648,29410064,right_base_cmd,right_joint_1,right_joint_2,right_joint_3,right_joint_4,right_joint_5,right_joint_6,right_joint_7,-91.51556252752184,-74.39768216483965,75.91606713204894,-95.64821497258642,35.64994720741541,-8.964117452178861,-2.8019451895291496,,
1780127648,39615720,right_base_cmd,right_joint_1,right_joint_2,right_joint_3,right_joint_4,right_joint_5,right_joint_6,right_joint_7,-91.45838428394799,-74.45802726287043,75.9302104290908,-95.49639260822461,35.541324323970144,-9.457599050735432,-2.5103859106482247,,
1780127648,49419022,right_base_cmd,right_joint_1,right_joint_2,right_joint_3,right_joint_4,right_joint_5,right_joint_6,right_joint_7,-91.38278414288649,-74.49308982595996,75.92483705945673,-95.33117072233865,35.44005380607345,-9.896274114687905,-2.243204965785722,,
1780127648,59417588,right_base_cmd,right_joint_1,right_joint_2,right_joint_3,right_joint_4,right_joint_5,right_joint_6,right_joint_7,-91.23605081434235,-74.5322795679535,75.93194107361225,-95.14102770355625,35.262154261777795,-10.333528733357973,-1.9340485765190039,,
1780127648,69386567,right_base_cmd,right_joint_1,right_joint_2,right_joint_3,right_joint_4,right_joint_5,right_joint_6,right_joint_7,-91.15071811373107,-74.54474097934867,75.91583847750135,-94.95462659331282,35.0859130157223,-10.775476043735004,-1.6579057362251461,,
1780127648,79689881,right_base_cmd,right_joint_1,right_joint_2,right_joint_3,right_joint_4,right_joint_5,right_joint_6,right_joint_7,-91.07871114374771,-74.5491293379957,75.89439912755304,-94.80439644182685,34.918814616173535,-11.180312099122766,-1.4231175890380001,,
1780127648,92050559,right_base_cmd,right_joint_1,right_joint_2,right_joint_3,right_joint_4,right_joint_5,right_joint_6,right_joint_7,-90.99222380257439,-74.55189644895604,75.87949635292969,-94.65099527857775,34.755417799457945,-11.541997658052189,-1.2052593567318155,,
1780127648,100388413,right_base_cmd,right_joint_1,right_joint_2,right_joint_3,right_joint_4,right_joint_5,right_joint_6,right_joint_7,-90.95439420129091,-74.56280270949397,75.85710576625613,-94.54608323263416,34.5920839370543,-11.88508437963332,-1.0192409267754243,,
1780127648,109491437,right_base_cmd,right_joint_1,right_joint_2,right_joint_3,right_joint_4,right_joint_5,right_joint_6,right_joint_7,-90.8935889767325,-74.60160638404109,75.88004900265767,-94.42795877371192,34.432210280891155,-12.150382299448317,-0.8067231415888756,,
1780127648,119556733,right_base_cmd,right_joint_1,right_joint_2,right_joint_3,right_joint_4,right_joint_5,right_joint_6,right_joint_7,-90.84282567702778,-74.66338377561642,75.90888538207221,-94.31735958005778,34.21680320290821,-12.398823019015985,-0.5350844649348829,,
1780127648,129461620,right_base_cmd,right_joint_1,right_joint_2,right_joint_3,right_joint_4,right_joint_5,right_joint_6,right_joint_7,-90.79047930720648,-74.67636097305491,75.91259293477586,-94.21608184673029,34.083257831822806,-12.617335154101788,-0.28313446396698794,,
1780127648,139727784,right_base_cmd,right_joint_1,right_joint_2,right_joint_3,right_joint_4,right_joint_5,right_joint_6,right_joint_7,-90.72558659397166,-74.67221178078337,75.89105376979117,-94.13876134955855,33.992297691298546,-12.81252846167552,-0.07006723405409332,,
1780127648,149772082,right_base_cmd,right_joint_1,right_joint_2,right_joint_3,right_joint_4,right_joint_5,right_joint_6,right_joint_7,-90.64493426220346,-74.65259207416865,75.85745707191145,-94.07408256956764,33.98088899019481,-12.989912956937467,0.11103856900500375,,
1780127648,159726458,right_base_cmd,right_joint_1,right_joint_2,right_joint_3,right_joint_4,right_joint_5,right_joint_6,right_joint_7,-90.54447970850194,-74.60388350009818,75.78229627738907,-94.08463915787605,34.05592769423495,-13.155046028515464,0.22177480661331117,,
1780127648,169889140,right_base_cmd,right_joint_1,right_joint_2,right_joint_3,right_joint_4,right_joint_5,right_joint_6,right_joint_7,-90.47813366168495,-74.62199458298956,75.78828749606075,-94.03041507973872,34.11484785880012,-13.292709518875817,0.3943081359976617,,
1780127648,180204744,right_base_cmd,right_joint_1,right_joint_2,right_joint_3,right_joint_4,right_joint_5,right_joint_6,right_joint_7,-90.49135464829439,-74.66347276705831,75.79360100588949,-94.00355230536555,34.1337384376873,-13.406686600007667,0.529332532044279,,
1780127648,190027169,right_base_cmd,right_joint_1,right_joint_2,right_joint_3,right_joint_4,right_joint_5,right_joint_6,right_joint_7,-90.45704170146607,-74.7047115298176,75.83360751577166,-93.96568994536769,34.160605312883746,-13.419189850407115,0.635374793008836,,
1780127648,199823935,right_base_cmd,right_joint_1,right_joint_2,right_joint_3,right_joint_4,right_joint_5,right_joint_6,right_joint_7,-90.45965783619081,-74.7222351009611,75.83607742144628,-93.95720024875176,34.169843872838356,-13.445602659192211,0.679200089971502,,
1780127648,209550319,right_base_cmd,right_joint_1,right_joint_2,right_joint_3,right_joint_4,right_joint_5,right_joint_6,right_joint_7,-90.39701392546871,-74.73404481678195,75.8447331864991,-93.91519815359159,34.17848275654828,-13.41854246573427,0.6896360296560005,,
1780127648,219695567,right_base_cmd,right_joint_1,right_joint_2,right_joint_3,right_joint_4,right_joint_5,right_joint_6,right_joint_7,-90.34418567299431,-74.71373020118047,75.82542508462464,-93.87678980633349,34.190416233708646,-13.401226530869103,0.6685564154987986,,
1780127648,229897569,right_base_cmd,right_joint_1,right_joint_2,right_joint_3,right_joint_4,right_joint_5,right_joint_6,right_joint_7,-90.29873357750265,-74.71310847856678,75.82552750841242,-93.84199685498147,34.17201806679944,-13.352613167174233,0.6611856302118753,,
1780127648,241451756,right_base_cmd,right_joint_1,right_joint_2,right_joint_3,right_joint_4,right_joint_5,right_joint_6,right_joint_7,-90.29172714634163,-74.71071718467785,75.80689817823023,-93.84952623666284,34.137238169875644,-13.30496461234275,0.6311520189586162,,
1780127648,249637537,right_base_cmd,right_joint_1,right_joint_2,right_joint_3,right_joint_4,right_joint_5,right_joint_6,right_joint_7,-90.26765725677743,-74.73195201604177,75.83406792021569,-93.83902022886026,34.101582278054906,-13.204680868362054,0.6606263906684688,,
1780127648,260311209,right_base_cmd,right_joint_1,right_joint_2,right_joint_3,right_joint_4,right_joint_5,right_joint_6,right_joint_7,-90.26664886374832,-74.77784303827782,75.87425149418695,-93.86039120821034,34.07312877510387,-13.044790422427802,0.708959670053261,,
1780127648,269466257,right_base_cmd,right_joint_1,right_joint_2,right_joint_3,right_joint_4,right_joint_5,right_joint_6,right_joint_7,-90.26749129851416,-74.80243082438382,75.92379075746251,-93.89154037570269,34.090530756535685,-12.87114430344996,0.7639441174620032,,
1780127648,279507184,right_base_cmd,right_joint_1,right_joint_2,right_joint_3,right_joint_4,right_joint_5,right_joint_6,right_joint_7,-90.31641396952048,-74.79000288021349,75.92565473764901,-93.9511392858687,34.13290550804484,-12.742814048317875,0.7645347650870775,,
1780127648,289554117,right_base_cmd,right_joint_1,right_joint_2,right_joint_3,right_joint_4,right_joint_5,right_joint_6,right_joint_7,-90.3182678322585,-74.78649730671977,75.95348254550422,-94.00192831408636,34.19645951308544,-12.54023724256728,0.7614627207184839,,
1780127648,299425015,right_base_cmd,right_joint_1,right_joint_2,right_joint_3,right_joint_4,right_joint_5,right_joint_6,right_joint_7,-90.3395925812907,-74.7593246933866,75.93908406689454,-94.0679793073373,34.26407428420694,-12.34813068509225,0.688290855145155,,
1780127648,309746488,right_base_cmd,right_joint_1,right_joint_2,right_joint_3,right_joint_4,right_joint_5,right_joint_6,right_joint_7,-90.32815271001331,-74.71451136358054,75.93618292533952,-94.1320960245006,34.34909257771338,-12.099890962228237,0.5815244656211433,,
1780127648,319773855,right_base_cmd,right_joint_1,right_joint_2,right_joint_3,right_joint_4,right_joint_5,right_joint_6,right_joint_7,-90.35252781332903,-74.59934560673993,75.85743460388844,-94.23777039996288,34.481075274875735,-11.803586913415806,0.31810856241098406,,
1780127648,329607953,right_base_cmd,right_joint_1,right_joint_2,right_joint_3,right_joint_4,right_joint_5,right_joint_6,right_joint_7,-90.36100380128275,-74.577348034943,75.88286168435454,-94.35014874193827,34.55292357815202,-11.424669157945964,0.11789797126344581,,
1780127648,340079367,right_base_cmd,right_joint_1,right_joint_2,right_joint_3,right_joint_4,right_joint_5,right_joint_6,right_joint_7,-90.40229190915008,-74.57215769579041,75.90076984414426,-94.48027682162468,34.60574466889082,-11.07425108217631,-0.09569949937129252,,
1780127648,349660629,right_base_cmd,right_joint_1,right_joint_2,right_joint_3,right_joint_4,right_joint_5,right_joint_6,right_joint_7,-90.42843572190608,-74.58167085167538,75.9532112634653,-94.59939245544776,34.65880609452935,-10.662175631180325,-0.29990837640561097,,
1780127648,359443532,right_base_cmd,right_joint_1,right_joint_2,right_joint_3,right_joint_4,right_joint_5,right_joint_6,right_joint_7,-90.52800313007523,-74.5409486747421,75.95637690631926,-94.80350988638942,34.71572156489387,-10.114165042012182,-0.6203845738092042,,
1780127648,369618302,right_base_cmd,right_joint_1,right_joint_2,right_joint_3,right_joint_4,right_joint_5,right_joint_6,right_joint_7,-90.57230146576742,-74.50355071857577,75.9844190143697,-94.98957611802213,34.78170883640294,-9.525136042740762,-0.9079744733433159,,
1780127648,379471638,right_base_cmd,right_joint_1,right_joint_2,right_joint_3,right_joint_4,right_joint_5,right_joint_6,right_joint_7,-90.62623874173474,-74.44624961841079,75.99611170944937,-95.20238535198708,34.86239306730627,-8.94442061168592,-1.2215098396324748,,
1780127648,389604542,right_base_cmd,right_joint_1,right_joint_2,right_joint_3,right_joint_4,right_joint_5,right_joint_6,right_joint_7,-90.66085374458831,-74.4086364552506,76.03087081783806,-95.3956748861374,34.92921469244388,-8.315319853457815,-1.547104411272258,,
1780127648,399597585,right_base_cmd,right_joint_1,right_joint_2,right_joint_3,right_joint_4,right_joint_5,right_joint_6,right_joint_7,-90.724558536589,-74.36169438912704,76.04074224036222,-95.58097361348037,34.9627952794996,-7.6783892438922905,-1.9238122027683886,,
1780127648,409358709,right_base_cmd,right_joint_1,right_joint_2,right_joint_3,right_joint_4,right_joint_5,right_joint_6,right_joint_7,-90.7736691420541,-74.23521983042055,76.03621736055268,-95.8169299119141,35.039491806946074,-6.782263712124454,-2.4494866416897736,,
1780127648,419471958,right_base_cmd,right_joint_1,right_joint_2,right_joint_3,right_joint_4,right_joint_5,right_joint_6,right_joint_7,-90.86317531529849,-74.11877769506306,75.97263809593849,-96.11928804298039,35.11865912442104,-5.989482675429819,-2.974270203720849,,
1780127648,429822077,right_base_cmd,right_joint_1,right_joint_2,right_joint_3,right_joint_4,right_joint_5,right_joint_6,right_joint_7,-90.92181791939495,-74.03414261730133,75.9737674923056,-96.3982876478217,35.24548770490057,-5.158755771508645,-3.404493526291006,,
1780127648,439755776,right_base_cmd,right_joint_1,right_joint_2,right_joint_3,right_joint_4,right_joint_5,right_joint_6,right_joint_7,-91.05724388805598,-73.94713304142529,75.96718152583392,-96.70678261952322,35.39876746878079,-4.350470261688706,-3.8226563980395696,,
1780127648,449673337,right_base_cmd,right_joint_1,right_joint_2,right_joint_3,right_joint_4,right_joint_5,right_joint_6,right_joint_7,-91.17694924874164,-73.91199225075782,76.04971719747644,-97.01170024813861,35.552174449438866,-3.4044486423311966,-4.191484098926381,,
1780127648,461577373,right_base_cmd,right_joint_1,right_joint_2,right_joint_3,right_joint_4,right_joint_5,right_joint_6,right_joint_7,-91.54046038632279,-73.83366553087662,76.19353567132922,-97.54273207751693,35.75374774627139,-1.9831115533869976,-4.76989494974886,,
1780127648,469531911,right_base_cmd,right_joint_1,right_joint_2,right_joint_3,right_joint_4,right_joint_5,right_joint_6,right_joint_7,-91.75829881316426,-73.8170628269831,76.36537538852352,-97.99879984437224,35.93191037493975,-0.4503483018772201,-5.335524176520167,,
1780127648,479699544,right_base_cmd,right_joint_1,right_joint_2,right_joint_3,right_joint_4,right_joint_5,right_joint_6,right_joint_7,-92.00441913530753,-73.752187425103,76.44149218435919,-98.4454447040119,36.10629628721327,0.9161418111684796,-5.894225631266366,,
1780127648,489548969,right_base_cmd,right_joint_1,right_joint_2,right_joint_3,right_joint_4,right_joint_5,right_joint_6,right_joint_7,-92.16509179581513,-73.6873159701533,76.53813395954913,-98.82332485060978,36.30936419617197,2.202823753867058,-6.3479032391833385,,
1780127648,499468330,right_base_cmd,right_joint_1,right_joint_2,right_joint_3,right_joint_4,right_joint_5,right_joint_6,right_joint_7,-92.27101155034396,-73.5863493923434,76.54491870308632,-99.16739825184023,36.605709438509024,3.260095649542798,-6.746386029796852,,
1780127648,509438752,right_base_cmd,right_joint_1,right_joint_2,right_joint_3,right_joint_4,right_joint_5,right_joint_6,right_joint_7,-92.3922182043489,-73.33689515874035,76.4076682499946,-99.70640720826391,37.379779569123826,4.19724602191048,-7.194987695895591,,
1780127648,519422889,right_base_cmd,right_joint_1,right_joint_2,right_joint_3,right_joint_4,right_joint_5,right_joint_6,right_joint_7,-92.41509373104387,-73.29341899744823,76.4411925322855,-100.00644371453139,38.04974498139242,4.947365453581035,-7.326274313051343,,
1780127648,529962022,right_base_cmd,right_joint_1,right_joint_2,right_joint_3,right_joint_4,right_joint_5,right_joint_6,right_joint_7,-92.4363725873906,-73.26533984566778,76.47443101332667,-100.2420039047026,38.722639296630774,5.500409513731377,-7.386603200304663,,
1780127648,539579333,right_base_cmd,right_joint_1,right_joint_2,right_joint_3,right_joint_4,right_joint_5,right_joint_6,right_joint_7,-92.52831558135634,-73.24140281323561,76.49502457496399,-100.44906409076783,39.326345038829544,5.928957303485397,-7.4208237586828005,,
1780127648,549542373,right_base_cmd,right_joint_1,right_joint_2,right_joint_3,right_joint_4,right_joint_5,right_joint_6,right_joint_7,-92.59895975119221,-73.33742432497083,76.62313938682732,-100.60009377950372,39.77840258520368,6.427060672576211,-7.3612389966901475,,
1780127648,559531128,right_base_cmd,right_joint_1,right_joint_2,right_joint_3,right_joint_4,right_joint_5,right_joint_6,right_joint_7,-92.81041422234031,-73.52012262249646,76.7859149046657,-100.79616746815351,40.12536317708188,7.0411423510064495,-7.222124344829481,,
1780127648,569530058,right_base_cmd,right_joint_1,right_joint_2,right_joint_3,right_joint_4,right_joint_5,right_joint_6,right_joint_7,-92.88985206461555,-73.64841666450634,76.95559749617442,-100.89513267259464,40.42618560262534,7.637891725964444,-7.068394038345517,,
1780127648,579481872,right_base_cmd,right_joint_1,right_joint_2,right_joint_3,right_joint_4,right_joint_5,right_joint_6,right_joint_7,-92.94644996487253,-73.69759056758558,77.02435896875508,-100.95296025680001,40.6760281769148,8.083133631241658,-6.933076218441343,,
1780127648,589703553,right_base_cmd,right_joint_1,right_joint_2,right_joint_3,right_joint_4,right_joint_5,right_joint_6,right_joint_7,-92.96340235069206,-73.71555383407362,77.07195301450233,-100.96039419818858,40.833118355958476,8.417916144665305,-6.782340467596512,,
1780127648,599696650,right_base_cmd,right_joint_1,right_joint_2,right_joint_3,right_joint_4,right_joint_5,right_joint_6,right_joint_7,-92.99755624485564,-73.66978120867567,77.0036200221509,-100.9457065744839,40.973703419658335,8.544772559356552,-6.691551919308225,,
1780127648,609993878,right_base_cmd,right_joint_1,right_joint_2,right_joint_3,right_joint_4,right_joint_5,right_joint_6,right_joint_7,-92.94845128193552,-73.62385353621973,76.91621617704581,-100.87582618541138,41.01763642454753,8.548707684088818,-6.60965011784522,,
1780127648,619485603,right_base_cmd,right_joint_1,right_joint_2,right_joint_3,right_joint_4,right_joint_5,right_joint_6,right_joint_7,-92.98360536806732,-73.67676469137514,76.90809727408973,-100.8330470209187,40.89718207499695,8.509160535226393,-6.47768958509711,,
1780127648,629952681,right_base_cmd,right_joint_1,right_joint_2,right_joint_3,right_joint_4,right_joint_5,right_joint_6,right_joint_7,-92.95324088698962,-73.73953040726185,76.91258109095358,-100.75820473945784,40.70380933803821,8.46322185024679,-6.358167810513308,,
1780127648,639866092,right_base_cmd,right_joint_1,right_joint_2,right_joint_3,right_joint_4,right_joint_5,right_joint_6,right_joint_7,-92.98165338223052,-73.76097598934065,76.84514466858408,-100.70474858996819,40.4837094426953,8.315876963354192,-6.268324846806436,,
1780127648,649907271,right_base_cmd,right_joint_1,right_joint_2,right_joint_3,right_joint_4,right_joint_5,right_joint_6,right_joint_7,-92.98356195420476,-73.85824474682575,76.88301388366497,-100.6216815921281,40.132449657901105,8.252390803588646,-6.0832805517615185,,
1780127648,659438121,right_base_cmd,right_joint_1,right_joint_2,right_joint_3,right_joint_4,right_joint_5,right_joint_6,right_joint_7,-93.06995796178629,-73.86226467956642,76.8106374973651,-100.5380981714339,39.68501333778252,8.00286168967012,-5.906962169913882,,
1780127648,669617495,right_base_cmd,right_joint_1,right_joint_2,right_joint_3,right_joint_4,right_joint_5,right_joint_6,right_joint_7,-93.14500231270117,-74.04027694155316,76.95019248644391,-100.48231794696189,39.1334074899664,7.96162172233597,-5.6079866103450655,,
1780127648,679472476,right_base_cmd,right_joint_1,right_joint_2,right_joint_3,right_joint_4,right_joint_5,right_joint_6,right_joint_7,-93.21921174512337,-74.07238978503803,76.98129282232233,-100.46781989817664,38.768860383789814,7.82903639547704,-5.445178478388769,,
1780127648,689859973,right_base_cmd,right_joint_1,right_joint_2,right_joint_3,right_joint_4,right_joint_5,right_joint_6,right_joint_7,-93.28105676887574,-74.07865471463539,77.00451898986037,-100.4534142585526,38.47455030709838,7.687725683717936,-5.332121030309352,,
1780127648,700213187,right_base_cmd,right_joint_1,right_joint_2,right_joint_3,right_joint_4,right_joint_5,right_joint_6,right_joint_7,-93.38167664285717,-73.99868908111854,76.93095825683966,-100.52478119938088,38.27494568399473,7.4773909438729405,-5.3573218694579765,,
1780127648,709337311,right_base_cmd,right_joint_1,right_joint_2,right_joint_3,right_joint_4,right_joint_5,right_joint_6,right_joint_7,-93.4482774642635,-73.86167102650462,76.80690932604935,-100.58074878597223,38.08850883532941,7.1568506705385815,-5.407812102563824,,
1780127648,719526531,right_base_cmd,right_joint_1,right_joint_2,right_joint_3,right_joint_4,right_joint_5,right_joint_6,right_joint_7,-93.42381196658178,-73.79985870331838,76.728808000501,-100.57779039193595,37.91014441110778,6.913249097092496,-5.3803174203422515,,
1780127648,729481730,right_base_cmd,right_joint_1,right_joint_2,right_joint_3,right_joint_4,right_joint_5,right_joint_6,right_joint_7,-93.37049782611294,-73.74336509334292,76.64037396354453,-100.55830432733633,37.7533994471344,6.671806813402448,-5.3047144869307346,,
1780127648,739735687,right_base_cmd,right_joint_1,right_joint_2,right_joint_3,right_joint_4,right_joint_5,right_joint_6,right_joint_7,-93.32734450764971,-73.67539442954866,76.5372573866575,-100.53055108009177,37.615139076196414,6.405922215517997,-5.180823048209973,,
1780127648,749930344,right_base_cmd,right_joint_1,right_joint_2,right_joint_3,right_joint_4,right_joint_5,right_joint_6,right_joint_7,-93.24695251068741,-73.63359053953072,76.45756543768542,-100.48815678002047,37.47011733956154,6.189781275473713,-4.978228828441118,,
1780127648,759698406,right_base_cmd,right_joint_1,right_joint_2,right_joint_3,right_joint_4,right_joint_5,right_joint_6,right_joint_7,-93.09764365329207,-73.48642955978268,76.21324167269287,-100.46013110671534,37.37389584456358,5.836555487543713,-4.754625059841558,,
1780127648,769585748,right_base_cmd,right_joint_1,right_joint_2,right_joint_3,right_joint_4,right_joint_5,right_joint_6,right_joint_7,-93.00277653230572,-73.42404767799776,76.13956438786235,-100.39045102878028,37.23796191827583,5.5288996728667215,-4.380717123878426,,
1780127648,779547370,right_base_cmd,right_joint_1,right_joint_2,right_joint_3,right_joint_4,right_joint_5,right_joint_6,right_joint_7,-92.93732827193284,-73.32656695422743,76.03592068432701,-100.34210432307937,37.157251915962064,5.182957420300916,-4.074115046808018,,
1780127648,789574123,right_base_cmd,right_joint_1,right_joint_2,right_joint_3,right_joint_4,right_joint_5,right_joint_6,right_joint_7,-92.862576781679,-73.24177903654619,75.93646487408515,-100.29595791089811,37.09666653799454,4.856790501671533,-3.8094164106347677,,
1780127648,799946732,right_base_cmd,right_joint_1,right_joint_2,right_joint_3,right_joint_4,right_joint_5,right_joint_6,right_joint_7,-92.79014578267137,-73.08369008914765,75.72221843645556,-100.26657553334503,37.108172893852355,4.441300459717986,-3.671784600137997,,
1780127648,810686005,right_base_cmd,right_joint_1,right_joint_2,right_joint_3,right_joint_4,right_joint_5,right_joint_6,right_joint_7,-92.73180244647867,-73.03459884300828,75.62969291440746,-100.21731131365699,37.063070869985125,4.101357207880774,-3.4665891279365866,,
1780127648,821361017,right_base_cmd,right_joint_1,right_joint_2,right_joint_3,right_joint_4,right_joint_5,right_joint_6,right_joint_7,-92.62865797935282,-73.11261915838675,75.51384039421518,-100.16050147534192,36.97260614609914,3.7229792970040947,-3.253237658268816,,
1780127648,829927675,right_base_cmd,right_joint_1,right_joint_2,right_joint_3,right_joint_4,right_joint_5,right_joint_6,right_joint_7,-92.61607208296638,-73.21633640024682,75.53433876520305,-100.05903325212519,36.88604476366683,3.390067238068987,-2.9476287145754014,,
1780127648,839572091,right_base_cmd,right_joint_1,right_joint_2,right_joint_3,right_joint_4,right_joint_5,right_joint_6,right_joint_7,-92.61272346233497,-73.34047691966471,75.57024990286558,-100.00016733748073,36.81181176219164,3.16145985677543,-2.707266426000402,,
1780127648,849666824,right_base_cmd,right_joint_1,right_joint_2,right_joint_3,right_joint_4,right_joint_5,right_joint_6,right_joint_7,-92.67216371602078,-73.55721340544251,75.68713715471276,-99.9316522376745,36.67310128584202,3.0276426222864714,-2.4362491523053933,,
1780127648,859750041,right_base_cmd,right_joint_1,right_joint_2,right_joint_3,right_joint_4,right_joint_5,right_joint_6,right_joint_7,-92.83686799868357,-73.93251537693489,75.9608226226616,-99.91684862353425,36.418234792356515,3.094414166663803,-2.094142597191663,,
1780127648,869653216,right_base_cmd,right_joint_1,right_joint_2,right_joint_3,right_joint_4,right_joint_5,right_joint_6,right_joint_7,-92.95456830483667,-74.11078460090995,76.10119486721393,-99.92961857152046,36.33569843995767,3.146387979730555,-1.9148384307714679,,
1780127648,879793539,right_base_cmd,right_joint_1,right_joint_2,right_joint_3,right_joint_4,right_joint_5,right_joint_6,right_joint_7,-93.0516375179989,-74.17865993095229,76.14936873767803,-99.98131981098994,36.33482589334747,3.17952962709132,-1.8538564577343237,,
1780127648,889983744,right_base_cmd,right_joint_1,right_joint_2,right_joint_3,right_joint_4,right_joint_5,right_joint_6,right_joint_7,-93.17629779346274,-74.27098502715178,76.24246386399241,-100.03863041212391,36.2918461597549,3.2493992196272714,-1.7703686052454515,,
1780127648,899778578,right_base_cmd,right_joint_1,right_joint_2,right_joint_3,right_joint_4,right_joint_5,right_joint_6,right_joint_7,-93.28106538812725,-74.32520990559978,76.31248450291301,-100.11957492018475,36.278831612023424,3.3398191173237777,-1.7376393784864632,,
1780127648,909454443,right_base_cmd,right_joint_1,right_joint_2,right_joint_3,right_joint_4,right_joint_5,right_joint_6,right_joint_7,-93.54570371541351,-74.41543970632416,76.4696815061042,-100.2924843568543,36.18952553145553,3.401715256616633,-1.6996394004047062,,
1780127648,919464234,right_base_cmd,right_joint_1,right_joint_2,right_joint_3,right_joint_4,right_joint_5,right_joint_6,right_joint_7,-93.67128618939657,-74.38345637402178,76.47311835320451,-100.37525676051088,36.21801680182719,3.3476074017991735,-1.7894023236645609,,
1780127648,929568178,right_base_cmd,right_joint_1,right_joint_2,right_joint_3,right_joint_4,right_joint_5,right_joint_6,right_joint_7,-93.78533205206779,-74.39544881236237,76.49996456535271,-100.44776655542343,36.203941445511106,3.2952299887212533,-1.8584593910451446,,
1780127648,939400381,right_base_cmd,right_joint_1,right_joint_2,right_joint_3,right_joint_4,right_joint_5,right_joint_6,right_joint_7,-93.87968592690638,-74.3686553747038,76.46750824550949,-100.48637626274991,36.222516847766116,3.1643409129565683,-1.9425693762172642,,
1780127648,949349074,right_base_cmd,right_joint_1,right_joint_2,right_joint_3,right_joint_4,right_joint_5,right_joint_6,right_joint_7,-93.93403613038853,-74.37078566567523,76.43674622088824,-100.4852666443169,36.20847859222485,3.03314851559157,-1.993503455876592,,
1780127648,959266835,right_base_cmd,right_joint_1,right_joint_2,right_joint_3,right_joint_4,right_joint_5,right_joint_6,right_joint_7,-94.00831042195446,-74.48953565379192,76.38400821992784,-100.36459207435304,36.046902472650714,2.886619299114166,-1.9301419685729826,,
1780127648,969400180,right_base_cmd,right_joint_1,right_joint_2,right_joint_3,right_joint_4,right_joint_5,right_joint_6,right_joint_7,-94.03169775520254,-74.57313298538033,76.39227914537005,-100.29377045086098,35.92577557927913,2.9065653124985786,-1.8408350718168123,,
1780127648,979484494,right_base_cmd,right_joint_1,right_joint_2,right_joint_3,right_joint_4,right_joint_5,right_joint_6,right_joint_7,-94.06392606235644,-74.67666558746329,76.43723436016441,-100.21556725195133,35.76224643094818,2.9791447097142694,-1.6832794728068308,,
1780127648,990869496,right_base_cmd,right_joint_1,right_joint_2,right_joint_3,right_joint_4,right_joint_5,right_joint_6,right_joint_7,-94.0892712679296,-74.75602805013683,76.46851425865921,-100.14876763479226,35.59765982307519,3.0772730937529857,-1.5157931807089113,,
1780127648,999575673,right_base_cmd,right_joint_1,right_joint_2,right_joint_3,right_joint_4,right_joint_5,right_joint_6,right_joint_7,-94.10342031284429,-74.77069861079993,76.4828997650823,-100.11953762591976,35.484306914363145,3.1737282328908876,-1.3636193459418706,,
1780127649,9409272,right_base_cmd,right_joint_1,right_joint_2,right_joint_3,right_joint_4,right_joint_5,right_joint_6,right_joint_7,-94.08234639091776,-74.72136140557764,76.40565261030989,-100.04690864817634,35.36791999658979,3.1772890331651595,-1.1786732141009821,,
1780127649,19483747,right_base_cmd,right_joint_1,right_joint_2,right_joint_3,right_joint_4,right_joint_5,right_joint_6,right_joint_7,-94.05432819658941,-74.65134254540426,76.36615198610494,-100.03824896524254,35.296564060422526,3.1778305501241633,-1.0094987969932419,,
1780127649,29785826,right_base_cmd,right_joint_1,right_joint_2,right_joint_3,right_joint_4,right_joint_5,right_joint_6,right_joint_7,-94.01896812016653,-74.55127938113203,76.2989585172854,-100.02767011025391,35.25978372669445,3.0945369444396036,-0.8709670836515357,,
1780127649,39910516,right_base_cmd,right_joint_1,right_joint_2,right_joint_3,right_joint_4,right_joint_5,right_joint_6,right_joint_7,-93.9856661144635,-74.43386204841029,76.18149342668775,-100.00078529431757,35.25665119105841,2.920520628584434,-0.7843490754584224,,
1780127649,49844235,right_base_cmd,right_joint_1,right_joint_2,right_joint_3,right_joint_4,right_joint_5,right_joint_6,right_joint_7,-93.92617721838022,-74.3020557047491,76.06863218305844,-100.00101509682004,35.29775044082945,2.735535264042319,-0.7283000865622427,,
1780127649,59413126,right_base_cmd,right_joint_1,right_joint_2,right_joint_3,right_joint_4,right_joint_5,right_joint_6,right_joint_7,-93.82662859247367,-73.99446986776856,75.73941629677304,-100.00399194662448,35.47023799176421,2.3608967894780974,-0.813826212605889,,
1780127649,69726869,right_base_cmd,right_joint_1,right_joint_2,right_joint_3,right_joint_4,right_joint_5,right_joint_6,right_joint_7,-93.74063144910176,-73.89172575789844,75.62729471299897,-99.94665513652662,35.4870192799178,2.142751787958339,-0.7012841767470519,,
1780127649,79587852,right_base_cmd,right_joint_1,right_joint_2,right_joint_3,right_joint_4,right_joint_5,right_joint_6,right_joint_7,-93.66645045240173,-73.7705076314315,75.49075145718038,-99.89864531284469,35.52125277489128,1.9150341051946,-0.6110291974396915,,
1780127649,89493739,right_base_cmd,right_joint_1,right_joint_2,right_joint_3,right_joint_4,right_joint_5,right_joint_6,right_joint_7,-93.59174789211605,-73.69230301753744,75.37665593570003,-99.82133697795844,35.51588530131315,1.7255242470200258,-0.46818829177927057,,
1780127649,101110223,right_base_cmd,right_joint_1,right_joint_2,right_joint_3,right_joint_4,right_joint_5,right_joint_6,right_joint_7,-93.52422725785786,-73.59763176766576,75.26074205204739,-99.76963724978175,35.51048230026399,1.5520171547969497,-0.3286837993658338,,
1780127649,110045455,right_base_cmd,right_joint_1,right_joint_2,right_joint_3,right_joint_4,right_joint_5,right_joint_6,right_joint_7,-93.41759717537352,-73.56017066367686,75.1564424698644,-99.64180501711668,35.37051737076055,1.360902731157303,0.027817711230611053,,
1780127649,119703992,right_base_cmd,right_joint_1,right_joint_2,right_joint_3,right_joint_4,right_joint_5,right_joint_6,right_joint_7,-93.37040465676611,-73.4310399040482,75.04078783717452,-99.5525588845152,35.26713372782356,1.1115613201895442,0.3783376188533083,,
1780127649,129651844,right_base_cmd,right_joint_1,right_joint_2,right_joint_3,right_joint_4,right_joint_5,right_joint_6,right_joint_7,-93.31204854049903,-73.36134060558523,74.98975596864145,-99.4534394186211,35.09867574690608,0.9187396526922456,0.7921127062991644,,
1780127649,140134986,right_base_cmd,right_joint_1,right_joint_2,right_joint_3,right_joint_4,right_joint_5,right_joint_6,right_joint_7,-93.29504220322943,-73.22002857933178,74.87922239032261,-99.38274340983743,34.95151390603766,0.6589677032785133,1.165147107110542,,
1780127649,149719006,right_base_cmd,right_joint_1,right_joint_2,right_joint_3,right_joint_4,right_joint_5,right_joint_6,right_joint_7,-93.2538762929685,-73.05218812129455,74.77844995774146,-99.320771425677,34.791207024347074,0.42747646070774437,1.5303653113096942,,
1780127649,159422415,right_base_cmd,right_joint_1,right_joint_2,right_joint_3,right_joint_4,right_joint_5,right_joint_6,right_joint_7,-93.19359661790381,-72.63040559408934,74.43563108979967,-99.29443639014745,34.67840277778325,-0.01225826309279654,1.7784041144253564,,
1780127649,169628672,right_base_cmd,right_joint_1,right_joint_2,right_joint_3,right_joint_4,right_joint_5,right_joint_6,right_joint_7,-93.16596880553394,-72.39512719584555,74.28259314697291,-99.2490066151072,34.45061860386758,-0.3305420129765295,2.1362327989677823,,
1780127649,179742853,right_base_cmd,right_joint_1,right_joint_2,right_joint_3,right_joint_4,right_joint_5,right_joint_6,right_joint_7,-93.15164270246342,-72.16815174615097,74.13401624950168,-99.21945879963336,34.24795132116131,-0.62408237367179,2.461176734668456,,
1780127649,189731439,right_base_cmd,right_joint_1,right_joint_2,right_joint_3,right_joint_4,right_joint_5,right_joint_6,right_joint_7,-93.16331468414413,-71.92141712458813,73.97028174566768,-99.22964262459699,34.085558118547766,-0.9027510420466385,2.767395881613126,,
1780127649,199673561,right_base_cmd,right_joint_1,right_joint_2,right_joint_3,right_joint_4,right_joint_5,right_joint_6,right_joint_7,-93.22206897869947,-71.6782562290061,73.78908697095383,-99.25387490581376,33.92382738748708,-1.1974736017510779,3.124890799032741,,
1780127649,209716213,right_base_cmd,right_joint_1,right_joint_2,right_joint_3,right_joint_4,right_joint_5,right_joint_6,right_joint_7,-93.50036601454181,-71.31543643505184,73.54810827339364,-99.42951174361146,33.73472510643771,-1.5376940624433857,3.741481143394978,,
1780127649,219363318,right_base_cmd,right_joint_1,right_joint_2,right_joint_3,right_joint_4,right_joint_5,right_joint_6,right_joint_7,-93.73529290573626,-71.26742612456691,73.66001907018656,-99.49319058129261,33.385572663334784,-1.563985104167834,4.716418999547486,,
1780127649,229461735,right_base_cmd,right_joint_1,right_joint_2,right_joint_3,right_joint_4,right_joint_5,right_joint_6,right_joint_7,-94.00372346549645,-71.22929143996716,73.79898355940529,-99.58153559798008,33.06742635746397,-1.508959235088689,5.7411081723700335,,
1780127649,239527375,right_base_cmd,right_joint_1,right_joint_2,right_joint_3,right_joint_4,right_joint_5,right_joint_6,right_joint_7,-94.28263768956984,-71.19050521438852,73.95239269114674,-99.68989700881777,32.783555371655865,-1.3932613474535103,6.768533863340664,,
1780127649,249371934,right_base_cmd,right_joint_1,right_joint_2,right_joint_3,right_joint_4,right_joint_5,right_joint_6,right_joint_7,-94.57290445285238,-71.14429741629694,74.09209135568446,-99.81559816478172,32.53799561830451,-1.2208016871065794,7.7930845139463685,,
1780127649,260529564,right_base_cmd,right_joint_1,right_joint_2,right_joint_3,right_joint_4,right_joint_5,right_joint_6,right_joint_7,-95.1176641209149,-70.88484542123696,74.04852423496916,-100.15778071812498,32.374084752726986,-1.118346564664641,8.93498469321763,,
1780127649,269536306,right_base_cmd,right_joint_1,right_joint_2,right_joint_3,right_joint_4,right_joint_5,right_joint_6,right_joint_7,-95.37546826670209,-70.8910382837732,74.27636495125424,-100.26516813875357,32.15216169965535,-0.7311712365494643,10.246274058235414,,
1780127649,279782836,right_base_cmd,right_joint_1,right_joint_2,right_joint_3,right_joint_4,right_joint_5,right_joint_6,right_joint_7,-95.67590112645357,-70.9191753261559,74.48786028655323,-100.40080690359305,31.93977159056365,-0.3586513719825959,11.485636801745429,,
1780127649,289868843,right_base_cmd,right_joint_1,right_joint_2,right_joint_3,right_joint_4,right_joint_5,right_joint_6,right_joint_7,-95.96146922608008,-70.93482905875494,74.68353846077136,-100.53678406725102,31.77280977298622,0.026361098977652375,12.684346795537053,,
1780127649,299400794,right_base_cmd,right_joint_1,right_joint_2,right_joint_3,right_joint_4,right_joint_5,right_joint_6,right_joint_7,-96.18913163692147,-70.97526033228878,74.91992420703147,-100.6671972358795,31.607807601857445,0.49541122929822023,13.888335645156744,,
1780127649,309433005,right_base_cmd,right_joint_1,right_joint_2,right_joint_3,right_joint_4,right_joint_5,right_joint_6,right_joint_7,-96.7376459024517,-70.82624481219155,74.99674067792338,-101.00048135719727,31.43552119322422,0.8573424473391427,15.301286411742794,,
1780127649,319652857,right_base_cmd,right_joint_1,right_joint_2,right_joint_3,right_joint_4,right_joint_5,right_joint_6,right_joint_7,-97.02059219502812,-70.79775869772881,75.2389980115839,-101.11312237591098,31.2286903642881,1.3390073886392955,16.796014160092838,,
1780127649,329773880,right_base_cmd,right_joint_1,right_joint_2,right_joint_3,right_joint_4,right_joint_5,right_joint_6,right_joint_7,-97.29152751796428,-70.7680055346208,75.46797500257887,-101.23368204592181,31.013665841812923,1.7877822444371034,18.200384025048024,,
1780127649,339448840,right_base_cmd,right_joint_1,right_joint_2,right_joint_3,right_joint_4,right_joint_5,right_joint_6,right_joint_7,-97.56042782203886,-70.75747125766311,75.70692679434345,-101.38881347936889,30.787187096688427,2.2600906698168686,19.54880054268061,,
1780127649,349829689,right_base_cmd,right_joint_1,right_joint_2,right_joint_3,right_joint_4,right_joint_5,right_joint_6,right_joint_7,-97.8775179479247,-70.72375158521943,75.92319125471315,-101.56833685760758,30.590235944617547,2.692656989829864,20.844355345879066,,
1780127649,359442644,right_base_cmd,right_joint_1,right_joint_2,right_joint_3,right_joint_4,right_joint_5,right_joint_6,right_joint_7,-98.5749115867865,-70.58455521289046,76.09453733922274,-102.05155889120722,30.39465037043547,3.1649473366302985,22.355885698133463,,
1780127649,369548973,right_base_cmd,right_joint_1,right_joint_2,right_joint_3,right_joint_4,right_joint_5,right_joint_6,right_joint_7,-98.90492201838359,-70.68171868366211,76.45227386919069,-102.21240729843318,30.13760508695023,3.831911245399688,23.982825020190703,,
1780127649,379453184,right_base_cmd,right_joint_1,right_joint_2,right_joint_3,right_joint_4,right_joint_5,right_joint_6,right_joint_7,-99.16725334351614,-70.90143978697263,76.86433148491759,-102.34761066036636,29.81730461704032,4.57165220284066,25.51974137929595,,
1780127649,389472036,right_base_cmd,right_joint_1,right_joint_2,right_joint_3,right_joint_4,right_joint_5,right_joint_6,right_joint_7,-99.49561538068278,-71.06429588666067,77.21320340137075,-102.50161164606943,29.535442934461997,5.218776570680355,26.939132920125346,,
1780127649,399476240,right_base_cmd,right_joint_1,right_joint_2,right_joint_3,right_joint_4,right_joint_5,right_joint_6,right_joint_7,-99.79851530435653,-71.20464397560734,77.50049738249973,-102.64723956400566,29.260167644868915,5.829885868802769,28.251274171359782,,
1780127649,409509761,right_base_cmd,right_joint_1,right_joint_2,right_joint_3,right_joint_4,right_joint_5,right_joint_6,right_joint_7,-100.43513801819776,-71.3709937684733,77.8462593435004,-102.9826089564,28.842191143141093,6.500714899981297,29.860526009195652,,
1780127649,419663474,right_base_cmd,right_joint_1,right_joint_2,right_joint_3,right_joint_4,right_joint_5,right_joint_6,right_joint_7,-100.6690447846062,-71.5761361730277,78.22122590063205,-103.06057016748976,28.474979534309938,7.262773961132503,31.386529522708585,,
1780127649,429752453,right_base_cmd,right_joint_1,right_joint_2,right_joint_3,right_joint_4,right_joint_5,right_joint_6,right_joint_7,-100.93584758718234,-71.75443699446954,78.55814969711238,-103.17137517569309,28.104579481825937,7.953117311149136,32.8034225029525,,
1780127649,439529064,right_base_cmd,right_joint_1,right_joint_2,right_joint_3,right_joint_4,right_joint_5,right_joint_6,right_joint_7,-101.13353094695432,-71.93542449612211,78.88780594068007,-103.26231044297897,27.735517327794554,8.621920351352465,34.087782138707084,,
1780127649,450030935,right_base_cmd,right_joint_1,right_joint_2,right_joint_3,right_joint_4,right_joint_5,right_joint_6,right_joint_7,-101.33892215142598,-72.1030871892195,79.17051389208095,-103.3455109358243,27.35473925838548,9.20718936813558,35.27261670165335,,
1780127649,459436161,right_base_cmd,right_joint_1,right_joint_2,right_joint_3,right_joint_4,right_joint_5,right_joint_6,right_joint_7,-101.7925765228591,-72.25371657255421,79.42249311593397,-103.56195115649287,26.84433323564818,9.732680125672637,36.605385181075334,,
1780127649,470867748,right_base_cmd,right_joint_1,right_joint_2,right_joint_3,right_joint_4,right_joint_5,right_joint_6,right_joint_7,-101.87172737431288,-72.39025619493039,79.65735148159504,-103.57828286433984,26.442856398177668,10.318587111451514,37.7887160231255,,
1780127649,479678550,right_base_cmd,right_joint_1,right_joint_2,right_joint_3,right_joint_4,right_joint_5,right_joint_6,right_joint_7,-101.95353144150127,-72.48264486190853,79.83443989617555,-103.59439587437346,26.075186351958536,10.781672671704492,38.81015253632164,,
1780127649,490200700,right_base_cmd,right_joint_1,right_joint_2,right_joint_3,right_joint_4,right_joint_5,right_joint_6,right_joint_7,-102.03215133699419,-72.54632718701204,79.97346620597094,-103.60726547883458,25.721343339914114,11.159844590638336,39.72510467095536,,
1780127649,499650228,right_base_cmd,right_joint_1,right_joint_2,right_joint_3,right_joint_4,right_joint_5,right_joint_6,right_joint_7,-102.1096130432721,-72.61710181087462,80.08308562995606,-103.61441483400769,25.35219733029291,11.49009986645752,40.55464802570985,,
1780127649,509371909,right_base_cmd,right_joint_1,right_joint_2,right_joint_3,right_joint_4,right_joint_5,right_joint_6,right_joint_7,-102.32845932904613,-72.69231800200693,80.22123821847882,-103.70207348738849,24.856861660215742,11.825544261578052,41.545722563935996,,
1780127649,519789820,right_base_cmd,right_joint_1,right_joint_2,right_joint_3,right_joint_4,right_joint_5,right_joint_6,right_joint_7,-102.34600936321007,-72.8139940521665,80.40055013764592,-103.68442739505771,24.40906675665522,12.233562747667868,42.456137575692864,,
1780127649,529863112,right_base_cmd,right_joint_1,right_joint_2,right_joint_3,right_joint_4,right_joint_5,right_joint_6,right_joint_7,-102.40095953565603,-72.8824399603591,80.49021081003823,-103.68737154560763,24.039018722492784,12.540074813156828,43.18715521288037,,
1780127649,539843994,right_base_cmd,right_joint_1,right_joint_2,right_joint_3,right_joint_4,right_joint_5,right_joint_6,right_joint_7,-102.43197959909222,-72.97227304277705,80.61852477648992,-103.68798732253136,23.690018164995962,12.84718677380301,43.88008905176734,,
1780127649,549813131,right_base_cmd,right_joint_1,right_joint_2,right_joint_3,right_joint_4,right_joint_5,right_joint_6,right_joint_7,-102.46227911575843,-73.07696721310829,80.75294572859266,-103.68493729016753,23.358025790666687,13.118322446720079,44.522079989776714,,
1780127649,559635296,right_base_cmd,right_joint_1,right_joint_2,right_joint_3,right_joint_4,right_joint_5,right_joint_6,right_joint_7,-102.56599620523147,-73.25885620831635,80.92294542135485,-103.68236590641307,22.910740566935004,13.323685293629758,45.27198899755636,,
1780127649,569763430,right_base_cmd,right_joint_1,right_joint_2,right_joint_3,right_joint_4,right_joint_5,right_joint_6,right_joint_7,-102.54436739737159,-73.40773083855971,81.07047892600727,-103.63916745879187,22.573135854069875,13.54252476562835,45.89287189645346,,
1780127649,579984879,right_base_cmd,right_joint_1,right_joint_2,right_joint_3,right_joint_4,right_joint_5,right_joint_6,right_joint_7,-102.52369405507122,-73.51990223586405,81.16160370504858,-103.58064382669802,22.313285189746267,13.670665688273068,46.37433515124381,,
1780127649,589854622,right_base_cmd,right_joint_1,right_joint_2,right_joint_3,right_joint_4,right_joint_5,right_joint_6,right_joint_7,-102.48057170821798,-73.6324844338334,81.26002778919568,-103.51866486492726,22.09467771677194,13.782220028928755,46.77617505198826,,
1780127649,599757328,right_base_cmd,right_joint_1,right_joint_2,right_joint_3,right_joint_4,right_joint_5,right_joint_6,right_joint_7,-102.45182832257464,-73.70035857710822,81.30563176889822,-103.46384845605981,21.94952741772292,13.830280905465152,47.05079795297631,,
1780127649,609711417,right_base_cmd,right_joint_1,right_joint_2,right_joint_3,right_joint_4,right_joint_5,right_joint_6,right_joint_7,-102.3449761614464,-73.83572152987155,81.36657119733937,-103.33876546278715,21.790197664006058,13.873143231817217,47.22998691217758,,
1780127649,619936880,right_base_cmd,right_joint_1,right_joint_2,right_joint_3,right_joint_4,right_joint_5,right_joint_6,right_joint_7,-102.26612404217363,-73.91794768250158,81.40765554473174,-103.25566984985313,21.71543135860574,13.88909091881613,47.26993217935295,,
1780127649,629806533,right_base_cmd,right_joint_1,right_joint_2,right_joint_3,right_joint_4,right_joint_5,right_joint_6,right_joint_7,-102.18605096767422,-73.9617097665895,81.41623673654286,-103.17832298918434,21.70523104793253,13.874273638922325,47.18731924914049,,
1780127649,640039774,right_base_cmd,right_joint_1,right_joint_2,right_joint_3,right_joint_4,right_joint_5,right_joint_6,right_joint_7,-102.13309853874878,-73.97889699071432,81.38193305678092,-103.12514679455695,21.75059902343665,13.826094561446332,46.96378990206129,,
1780127649,650017062,right_base_cmd,right_joint_1,right_joint_2,right_joint_3,right_joint_4,right_joint_5,right_joint_6,right_joint_7,-102.04693979472714,-73.98343500524938,81.34993785405518,-103.06249174876412,21.835986722126705,13.786263238051625,46.65721207230807,,
1780127649,659518833,right_base_cmd,right_joint_1,right_joint_2,right_joint_3,right_joint_4,right_joint_5,right_joint_6,right_joint_7,-101.80496654763098,-73.94641154698162,81.19244246922946,-102.88323483589024,22.089829123068654,13.673358827094553,45.9367061054172,,
1780127649,669657839,right_base_cmd,right_joint_1,right_joint_2,right_joint_3,right_joint_4,right_joint_5,right_joint_6,right_joint_7,-101.72681910089867,-73.87127966531683,81.06718098174227,-102.8589773774827,22.379065351121113,13.531947366043035,45.19415784975358,,
1780127649,679860057,right_base_cmd,right_joint_1,right_joint_2,right_joint_3,right_joint_4,right_joint_5,right_joint_6,right_joint_7,-101.6355720133985,-73.82908073599039,80.95290892128824,-102.81459496249529,22.667198504631102,13.3852823386136,44.44464989965347,,
1780127649,690010085,right_base_cmd,right_joint_1,right_joint_2,right_joint_3,right_joint_4,right_joint_5,right_joint_6,right_joint_7,-101.52179839780811,-73.74863167191354,80.81377510143219,-102.76060526502125,23.02096330825728,13.22284041319785,43.62067533634256,,
1780127649,699458089,right_base_cmd,right_joint_1,right_joint_2,right_joint_3,right_joint_4,right_joint_5,right_joint_6,right_joint_7,-101.4351941958594,-73.67527426409738,80.68630003028753,-102.72450012044051,23.3841573366731,13.057622771892689,42.77117450959945,,
1780127649,709374046,right_base_cmd,right_joint_1,right_joint_2,right_joint_3,right_joint_4,right_joint_5,right_joint_6,right_joint_7,-101.14262464941012,-73.61546678930627,80.55081281391685,-102.532555810874,23.92223943822043,12.884740893990404,41.573776661716906,,
1780127649,719515462,right_base_cmd,right_joint_1,right_joint_2,right_joint_3,right_joint_4,right_joint_5,right_joint_6,right_joint_7,-101.07813811818446,-73.53095470331512,80.40087908460859,-102.5282802550034,24.424333451026513,12.673980679173276,40.373777749779364,,
1780127649,729537462,right_base_cmd,right_joint_1,right_joint_2,right_joint_3,right_joint_4,right_joint_5,right_joint_6,right_joint_7,-100.99263792842325,-73.4622559811116,80.26780871694845,-102.50831235784439,24.9033092598859,12.492397203664844,39.22039533682185,,
1780127649,739699226,right_base_cmd,right_joint_1,right_joint_2,right_joint_3,right_joint_4,right_joint_5,right_joint_6,right_joint_7,-100.91672651802773,-73.42857596621185,80.19757605312734,-102.49991317876733,25.338041632082223,12.370006087294492,38.16805073058548,,
1780127649,749480869,right_base_cmd,right_joint_1,right_joint_2,right_joint_3,right_joint_4,right_joint_5,right_joint_6,right_joint_7,-100.81816628236922,-73.35788877635169,80.08663508494837,-102.47651256438725,25.803113560378875,12.237876104072775,37.09681211926083,,
1780127649,759577959,right_base_cmd,right_joint_1,right_joint_2,right_joint_3,right_joint_4,right_joint_5,right_joint_6,right_joint_7,-100.46438286248136,-73.28806883145559,80.05513427369007,-102.31165783426776,26.446425258654045,12.194978615365535,35.77962110335703,,
1780127649,769773407,right_base_cmd,right_joint_1,right_joint_2,right_joint_3,right_joint_4,right_joint_5,right_joint_6,right_joint_7,-100.34734408699043,-73.14642389012091,79.87343392143154,-102.30756125107162,27.06282539912914,11.972175318392893,34.38816017720892,,
1780127649,779850366,right_base_cmd,right_joint_1,right_joint_2,right_joint_3,right_joint_4,right_joint_5,right_joint_6,right_joint_7,-100.20266445000524,-72.97716145906999,79.68432258703203,-102.28194235149148,27.675739852254566,11.699473795965226,33.03299948344356,,
1780127649,789590170,right_base_cmd,right_joint_1,right_joint_2,right_joint_3,right_joint_4,right_joint_5,right_joint_6,right_joint_7,-99.99880381861848,-72.804563118268,79.47604172021184,-102.18689292561483,28.24978855016505,11.367070665455863,31.66050521613913,,
1780127649,799474223,right_base_cmd,right_joint_1,right_joint_2,right_joint_3,right_joint_4,right_joint_5,right_joint_6,right_joint_7,-99.84240294231236,-72.65759006617272,79.29583974946391,-102.09738303810464,28.74036867780032,10.988103350886838,30.3187225195433,,
1780127649,809729920,right_base_cmd,right_joint_1,right_joint_2,right_joint_3,right_joint_4,right_joint_5,right_joint_6,right_joint_7,-99.26974383733258,-72.4584268326005,79.1669009685784,-101.68340517631874,29.38449529030376,10.54611209806172,28.65113792832311,,
1780127649,820511704,right_base_cmd,right_joint_1,right_joint_2,right_joint_3,right_joint_4,right_joint_5,right_joint_6,right_joint_7,-99.11487798064192,-72.23405915164376,78.89413722175905,-101.60468640801948,29.876742607933267,9.973710287070226,26.955481258930703,,
1780127649,830312769,right_base_cmd,right_joint_1,right_joint_2,right_joint_3,right_joint_4,right_joint_5,right_joint_6,right_joint_7,-98.91627860471581,-72.02160650137269,78.64788730768785,-101.49380902412442,30.310630729703718,9.456646096958032,25.40374776627924,,
1780127649,839996366,right_base_cmd,right_joint_1,right_joint_2,right_joint_3,right_joint_4,right_joint_5,right_joint_6,right_joint_7,-98.78719299296816,-71.80501981766498,78.42025696503984,-101.41149796993132,30.694621603648756,8.942140395549764,23.954371350839196,,
1780127649,849572213,right_base_cmd,right_joint_1,right_joint_2,right_joint_3,right_joint_4,right_joint_5,right_joint_6,right_joint_7,-98.58201484518244,-71.64326337767149,78.28920094442364,-101.26464889148833,31.029157854030558,8.537200934627613,22.62464063211921,,
1780127649,860163446,right_base_cmd,right_joint_1,right_joint_2,right_joint_3,right_joint_4,right_joint_5,right_joint_6,right_joint_7,-98.25681954160038,-71.55557085682115,78.37209884536199,-100.9627985355166,31.36595805752208,8.19842281617958,21.237208728910034,,
1780127649,869671394,right_base_cmd,right_joint_1,right_joint_2,right_joint_3,right_joint_4,right_joint_5,right_joint_6,right_joint_7,-98.13824833927626,-71.43243018215954,78.23959423648697,-100.88563584482843,31.649829120600515,7.794578085585449,19.756043874261977,,
1780127649,879447884,right_base_cmd,right_joint_1,right_joint_2,right_joint_3,right_joint_4,right_joint_5,right_joint_6,right_joint_7,-97.98695401783922,-71.2933720965191,78.11044464817647,-100.79629809700658,31.931671203339278,7.436400453544827,18.36476789012572,,
1780127649,889460298,right_base_cmd,right_joint_1,right_joint_2,right_joint_3,right_joint_4,right_joint_5,right_joint_6,right_joint_7,-97.80068106669816,-71.17269036100102,78.0161997523791,-100.6735572794238,32.188480359461124,7.124023769920605,17.070114112853375,,
1780127649,899535294,right_base_cmd,right_joint_1,right_joint_2,right_joint_3,right_joint_4,right_joint_5,right_joint_6,right_joint_7,-97.63222648652092,-71.01305595531893,77.89711440943293,-100.55186492493807,32.46553587371895,6.782427044982519,15.772467715921138,,
1780127649,909602015,right_base_cmd,right_joint_1,right_joint_2,right_joint_3,right_joint_4,right_joint_5,right_joint_6,right_joint_7,-97.17124626655877,-70.82295384192504,77.9558904261194,-100.12799923513468,32.86972999616128,6.452759326711892,14.338605438594513,,
1780127649,919645562,right_base_cmd,right_joint_1,right_joint_2,right_joint_3,right_joint_4,right_joint_5,right_joint_6,right_joint_7,-97.0083394054644,-70.6385481535216,77.77586013788138,-100.05253409498069,33.17572508393843,6.054793131385345,12.73273154808605,,
1780127649,929384826,right_base_cmd,right_joint_1,right_joint_2,right_joint_3,right_joint_4,right_joint_5,right_joint_6,right_joint_7,-96.82026442626866,-70.52060256096969,77.67480575257818,-99.94201597959484,33.42618279989014,5.728576888629057,11.303596289887238,,
1780127649,939561764,right_base_cmd,right_joint_1,right_joint_2,right_joint_3,right_joint_4,right_joint_5,right_joint_6,right_joint_7,-96.64577282332485,-70.47957657291677,77.65021003838169,-99.81000456135634,33.603739356972056,5.449022101964324,10.017004239872776,,
1780127649,949671293,right_base_cmd,right_joint_1,right_joint_2,right_joint_3,right_joint_4,right_joint_5,right_joint_6,right_joint_7,-96.42621050255596,-70.41003696710659,77.60070423635145,-99.65070460911666,33.80730671126307,5.16317240153041,8.75185416091476,,
1780127649,959547115,right_base_cmd,right_joint_1,right_joint_2,right_joint_3,right_joint_4,right_joint_5,right_joint_6,right_joint_7,-96.21781100197458,-70.34207844780009,77.55630043656012,-99.46502158111822,33.98504013503194,4.846390487115123,7.524616146355228,,
1780127649,969655415,right_base_cmd,right_joint_1,right_joint_2,right_joint_3,right_joint_4,right_joint_5,right_joint_6,right_joint_7,-95.79571526894287,-70.30180086282122,77.77885393782307,-98.98050385087863,34.17460220280472,4.543798276389346,6.216770284675235,,
1780127649,979750460,right_base_cmd,right_joint_1,right_joint_2,right_joint_3,right_joint_4,right_joint_5,right_joint_6,right_joint_7,-95.59016262016982,-70.17474512875943,77.65512902240667,-98.83060365345723,34.3415250737219,4.138177256499553,4.637426701982847,,
1780127649,990451771,right_base_cmd,right_joint_1,right_joint_2,right_joint_3,right_joint_4,right_joint_5,right_joint_6,right_joint_7,-95.36276561188234,-70.0750439304879,77.56779293996377,-98.64891576144102,34.46287864844297,3.774107055308214,3.204964695247199,,
1780127650,12471,right_base_cmd,right_joint_1,right_joint_2,right_joint_3,right_joint_4,right_joint_5,right_joint_6,right_joint_7,-95.20141647334046,-69.98766123279559,77.52483162511149,-98.53719845223613,34.560776845194795,3.4749511356065526,1.8573244354199545,,
1780127650,9457658,right_base_cmd,right_joint_1,right_joint_2,right_joint_3,right_joint_4,right_joint_5,right_joint_6,right_joint_7,-94.71595610241624,-69.90519104351496,77.72266902766071,-98.01144729749616,34.71985585996529,3.1628379296965434,0.43606074811536644,,
1780127650,19571055,right_base_cmd,right_joint_1,right_joint_2,right_joint_3,right_joint_4,right_joint_5,right_joint_6,right_joint_7,-94.42286372110809,-69.81129553396222,77.57156508023925,-97.81873661847744,34.823658140264484,2.772767523646799,-1.2789658560655113,,
1780127650,29711368,right_base_cmd,right_joint_1,right_joint_2,right_joint_3,right_joint_4,right_joint_5,right_joint_6,right_joint_7,-94.13007204855862,-69.74601311486408,77.46330688307424,-97.60939152556956,34.90792021200153,2.4162733479534566,-2.8557534313539605,,
1780127650,39486758,right_base_cmd,right_joint_1,right_joint_2,right_joint_3,right_joint_4,right_joint_5,right_joint_6,right_joint_7,-93.80265501580939,-69.7612099917388,77.47103200776777,-97.32267810344548,34.95155779512035,2.0970270419080137,-4.394572624011587,,
1780127650,49579672,right_base_cmd,right_joint_1,right_joint_2,right_joint_3,right_joint_4,right_joint_5,right_joint_6,right_joint_7,-93.54860718455373,-69.75034855853956,77.34064183520442,-97.16274847942562,35.00300682086416,1.7567799144266658,-5.927426870101172,,
1780127650,59560581,right_base_cmd,right_joint_1,right_joint_2,right_joint_3,right_joint_4,right_joint_5,right_joint_6,right_joint_7,-93.02988146029637,-69.95417538292243,77.76175457546438,-96.58419376193343,34.97856776004048,1.5325396406545408,-7.370644802361042,,
1780127650,69508011,right_base_cmd,right_joint_1,right_joint_2,right_joint_3,right_joint_4,right_joint_5,right_joint_6,right_joint_7,-92.73333662022114,-69.92995650216581,77.61532494364431,-96.36996740104503,35.05024988818431,1.0634046468361547,-9.21932724305266,,
1780127650,79405136,right_base_cmd,right_joint_1,right_joint_2,right_joint_3,right_joint_4,right_joint_5,right_joint_6,right_joint_7,-92.46481057427818,-69.90520923521605,77.4987037467325,-96.17856131259732,35.11041381056512,0.6284103109958394,-10.928607249610835,,
1780127650,89547587,right_base_cmd,right_joint_1,right_joint_2,right_joint_3,right_joint_4,right_joint_5,right_joint_6,right_joint_7,-92.155294157763,-69.89260257462833,77.42028007422991,-95.93196731514395,35.16182836036373,0.22869870729602582,-12.507468739023082,,
1780127650,100995251,right_base_cmd,right_joint_1,right_joint_2,right_joint_3,right_joint_4,right_joint_5,right_joint_6,right_joint_7,-91.91644334890188,-69.8547608537731,77.31781669397216,-95.72627618737182,35.204762998450946,-0.1917650852067183,-14.050359846549,,
1780127650,109375766,right_base_cmd,right_joint_1,right_joint_2,right_joint_3,right_joint_4,right_joint_5,right_joint_6,right_joint_7,-91.41066367821006,-69.99155237022451,77.61705521844075,-95.16449518683716,35.14432795353193,-0.4946386082241858,-15.633309460607748,,
1780127650,119826444,right_base_cmd,right_joint_1,right_joint_2,right_joint_3,right_joint_4,right_joint_5,right_joint_6,right_joint_7,-91.0480257499498,-70.02159016914017,77.44682828128205,-94.87109623785962,35.10155949096392,-0.9469995402363267,-17.5666639933079,,
1780127650,129847103,right_base_cmd,right_joint_1,right_joint_2,right_joint_3,right_joint_4,right_joint_5,right_joint_6,right_joint_7,-90.65068420446394,-70.06681746147741,77.34926944433332,-94.54168720721414,35.05381719825047,-1.3257436161171583,-19.35361323138649,,
1780127650,139526292,right_base_cmd,right_joint_1,right_joint_2,right_joint_3,right_joint_4,right_joint_5,right_joint_6,right_joint_7,-90.36407057215845,-70.07201331601301,77.19620384418019,-94.34605674461876,35.02840923173065,-1.7210749330126234,-21.063130202369294,,
1780127650,149837978,right_base_cmd,right_joint_1,right_joint_2,right_joint_3,right_joint_4,right_joint_5,right_joint_6,right_joint_7,-90.01065918655357,-70.14162001812879,77.16307603068324,-94.04507650517412,34.96616279612934,-2.0627070433526384,-22.600862972372013,,
1780127650,159430723,right_base_cmd,right_joint_1,right_joint_2,right_joint_3,right_joint_4,right_joint_5,right_joint_6,right_joint_7,-89.57824416182862,-70.32729931241234,77.40457433736688,-93.54978347408668,34.79562265673965,-2.426889817150645,-24.119672965385078,,
1780127650,169636031,right_base_cmd,right_joint_1,right_joint_2,right_joint_3,right_joint_4,right_joint_5,right_joint_6,right_joint_7,-89.22766322525936,-70.35154203299233,77.23035107682418,-93.25624918019851,34.70337001457929,-2.9148045953930293,-25.841009860998,,
1780127650,179503774,right_base_cmd,right_joint_1,right_joint_2,right_joint_3,right_joint_4,right_joint_5,right_joint_6,right_joint_7,-88.92501809299299,-70.37127278985396,77.06658808752931,-93.00337337925181,34.59198890292603,-3.3536962228733884,-27.365280065811717,,
1780127650,189633284,right_base_cmd,right_joint_1,right_joint_2,right_joint_3,right_joint_4,right_joint_5,right_joint_6,right_joint_7,-88.6010961921792,-70.42165450117206,76.9677609985358,-92.70335254800388,34.45356329876236,-3.7170877062613314,-28.670538569416024,,
1780127650,199480760,right_base_cmd,right_joint_1,right_joint_2,right_joint_3,right_joint_4,right_joint_5,right_joint_6,right_joint_7,-88.31288505644389,-70.49142467822385,76.91348485001387,-92.40654331115856,34.29071924954755,-4.043117281130485,-29.843267133593045,,
1780127650,209499464,right_base_cmd,right_joint_1,right_joint_2,right_joint_3,right_joint_4,right_joint_5,right_joint_6,right_joint_7,-87.96320387462472,-70.64405208777153,77.06721678134127,-91.98683244870661,34.02900726666243,-4.241635101707793,-30.92070978996766,,
1780127650,219647832,right_base_cmd,right_joint_1,right_joint_2,right_joint_3,right_joint_4,right_joint_5,right_joint_6,right_joint_7,-87.79703646604176,-70.71819774288106,76.96654114208027,-91.8360261948675,33.79367219325471,-4.473325340640024,-32.08200442683939,,
1780127650,229672910,right_base_cmd,right_joint_1,right_joint_2,right_joint_3,right_joint_4,right_joint_5,right_joint_6,right_joint_7,-87.58163378489198,-70.80881803937002,76.96114115106744,-91.60909135901387,33.57398695413494,-4.618147720122856,-33.02521991708069,,
1780127650,239725766,right_base_cmd,right_joint_1,right_joint_2,right_joint_3,right_joint_4,right_joint_5,right_joint_6,right_joint_7,-87.45227807041474,-70.81170454209793,76.82117421833803,-91.50732521887319,33.43570413908307,-4.803368370097864,-33.94981953627372,,
1780127650,249503046,right_base_cmd,right_joint_1,right_joint_2,right_joint_3,right_joint_4,right_joint_5,right_joint_6,right_joint_7,-87.30630515454229,-70.85633959880899,76.77811494799127,-91.37538616889016,33.29933299683992,-4.914192410965931,-34.651190125814324,,
1780127650,259796143,right_base_cmd,right_joint_1,right_joint_2,right_joint_3,right_joint_4,right_joint_5,right_joint_6,right_joint_7,-87.17553326103379,-70.87736681533916,76.699232971741,-91.24897003874902,33.20238548496607,-5.048503212447535,-35.28333585634353,,
1780127650,269594060,right_base_cmd,right_joint_1,right_joint_2,right_joint_3,right_joint_4,right_joint_5,right_joint_6,right_joint_7,-87.0678884096877,-70.92665247111002,76.65065307635777,-91.17580325715905,33.139347468909165,-5.132906092405442,-35.723217683095484,,
1780127650,279535256,right_base_cmd,right_joint_1,right_joint_2,right_joint_3,right_joint_4,right_joint_5,right_joint_6,right_joint_7,-87.02151693386153,-70.93879769337168,76.56650193441905,-91.14422430152167,33.11806792532795,-5.223281249263259,-36.02327435914715,,
1780127650,290236191,right_base_cmd,right_joint_1,right_joint_2,right_joint_3,right_joint_4,right_joint_5,right_joint_6,right_joint_7,-87.02399442755765,-70.95372584133624,76.5094155542989,-91.16154694061369,33.106829767672224,-5.259891580292837,-36.123350192664205,,
1780127650,300686996,right_base_cmd,right_joint_1,right_joint_2,right_joint_3,right_joint_4,right_joint_5,right_joint_6,right_joint_7,-87.1219857786268,-70.90673157411199,76.38013070829882,-91.26791840124623,33.12400996987887,-5.316033062378885,-36.11557838815254,,
1780127650,309584281,right_base_cmd,right_joint_1,right_joint_2,right_joint_3,right_joint_4,right_joint_5,right_joint_6,right_joint_7,-87.36723824096745,-70.86989672616632,76.26371828375974,-91.50746991296013,33.10537271931642,-5.307512995333461,-35.77468837609537,,
1780127650,321711438,right_base_cmd,right_joint_1,right_joint_2,right_joint_3,right_joint_4,right_joint_5,right_joint_6,right_joint_7,-87.57173308454614,-70.80622740505528,76.24383815149056,-91.6965706997524,33.13240662390817,-5.222562047745605,-35.237347324514545,,
1780127650,329772747,right_base_cmd,right_joint_1,right_joint_2,right_joint_3,right_joint_4,right_joint_5,right_joint_6,right_joint_7,-87.73557013463031,-70.73552593800089,76.1866609527676,-91.82838250579239,33.17087191727009,-5.131602612567569,-34.68502042179723,,
1780127650,339618669,right_base_cmd,right_joint_1,right_joint_2,right_joint_3,right_joint_4,right_joint_5,right_joint_6,right_joint_7,-87.91080832564299,-70.65490963124996,76.11402879946465,-91.98390177104831,33.20890678627481,-5.017317394206195,-34.13187071616359,,
1780127650,349954290,right_base_cmd,right_joint_1,right_joint_2,right_joint_3,right_joint_4,right_joint_5,right_joint_6,right_joint_7,-88.0278208005461,-70.5724186832817,76.039195998402,-92.08693486908494,33.26271868653939,-4.874667609247517,-33.57808833919508,,
1780127650,359892883,right_base_cmd,right_joint_1,right_joint_2,right_joint_3,right_joint_4,right_joint_5,right_joint_6,right_joint_7,-88.10929734148178,-70.42822588935333,75.72020878088804,-92.17255707115898,33.37497614468603,-4.7838260577914795,-33.07771799452077,,
1780127650,369762305,right_base_cmd,right_joint_1,right_joint_2,right_joint_3,right_joint_4,right_joint_5,right_joint_6,right_joint_7,-88.16247114304136,-70.40686319962659,75.69812851020853,-92.22110800274898,33.405242944455125,-4.5504368445752945,-32.42123723197348,,
1780127650,379889545,right_base_cmd,right_joint_1,right_joint_2,right_joint_3,right_joint_4,right_joint_5,right_joint_6,right_joint_7,-88.26199556841502,-70.34045596326207,75.60354104955783,-92.32274337107238,33.45858548294294,-4.4022205856267576,-31.910493979394246,,
1780127650,389913139,right_base_cmd,right_joint_1,right_joint_2,right_joint_3,right_joint_4,right_joint_5,right_joint_6,right_joint_7,-88.3289849840638,-70.30847997690462,75.53643643426003,-92.40055369547214,33.48599778492476,-4.250264369324434,-31.39248560654046,,
1780127650,400002416,right_base_cmd,right_joint_1,right_joint_2,right_joint_3,right_joint_4,right_joint_5,right_joint_6,right_joint_7,-88.3809618319091,-70.32775510213715,75.49289517459843,-92.4426833804326,33.46521893833611,-4.101776641343228,-30.811392228750563,,
1780127650,409638912,right_base_cmd,right_joint_1,right_joint_2,right_joint_3,right_joint_4,right_joint_5,right_joint_6,right_joint_7,-88.52446433187131,-70.42769116119509,75.35149709366218,-92.64020462039072,33.27610015947167,-3.920443907452345,-30.015032159179967,,
1780127650,419696605,right_base_cmd,right_joint_1,right_joint_2,right_joint_3,right_joint_4,right_joint_5,right_joint_6,right_joint_7,-88.69527588062388,-70.4935948577885,75.46711065885572,-92.7710315121541,33.122212567716446,-3.716127979822538,-29.00347950690987,,
1780127650,429636322,right_base_cmd,right_joint_1,right_joint_2,right_joint_3,right_joint_4,right_joint_5,right_joint_6,right_joint_7,-88.86528321421761,-70.59075050042419,75.59233888183118,-92.89820207096774,32.9241092835596,-3.5189790561075753,-28.00467618335422,,
1780127650,439679265,right_base_cmd,right_joint_1,right_joint_2,right_joint_3,right_joint_4,right_joint_5,right_joint_6,right_joint_7,-89.00693024683065,-70.64347106211177,75.63608518572423,-92.97789319310859,32.74880432649937,-3.3839505064732336,-27.089139016135917,,
1780127650,449697984,right_base_cmd,right_joint_1,right_joint_2,right_joint_3,right_joint_4,right_joint_5,right_joint_6,right_joint_7,-89.15644219864274,-70.70358372576392,75.71914266570835,-93.09013717230091,32.55121051024386,-3.209557158007037,-26.178747675465516,,
1780127650,459601706,right_base_cmd,right_joint_1,right_joint_2,right_joint_3,right_joint_4,right_joint_5,right_joint_6,right_joint_7,-89.27028434013422,-70.67960746897576,75.50803332973888,-93.24740746123418,32.33986374132937,-3.111336006392257,-25.330261218128967,,
1780127650,471291852,right_base_cmd,right_joint_1,right_joint_2,right_joint_3,right_joint_4,right_joint_5,right_joint_6,right_joint_7,-89.3420540112904,-70.68804495583846,75.5564497976238,-93.27720707679124,32.12884138358774,-2.961557555333563,-24.329778995684265,,
1780127650,480364816,right_base_cmd,right_joint_1,right_joint_2,right_joint_3,right_joint_4,right_joint_5,right_joint_6,right_joint_7,-89.41936110404126,-70.70466051324247,75.59630401668036,-93.32215696254094,31.897104484635435,-2.834215284816757,-23.429529986624644,,
1780127650,489605768,right_base_cmd,right_joint_1,right_joint_2,right_joint_3,right_joint_4,right_joint_5,right_joint_6,right_joint_7,-89.47657009170925,-70.74053917007355,75.64034688424786,-93.34684998407177,31.636877810035998,-2.7292427800712105,-22.558945756841652,,
1780127650,500629169,right_base_cmd,right_joint_1,right_joint_2,right_joint_3,right_joint_4,right_joint_5,right_joint_6,right_joint_7,-89.553611522132,-70.79730802984552,75.67056377147767,-93.3740375743355,31.34001525710633,-2.670099884681285,-21.703627266812376,,
1780127650,509403846,right_base_cmd,right_joint_1,right_joint_2,right_joint_3,right_joint_4,right_joint_5,right_joint_6,right_joint_7,-89.60904720081916,-70.90355316487133,75.62347199820024,-93.49437461707221,30.912438563992197,-2.572422057174485,-20.658706026975395,,
1780127650,519535915,right_base_cmd,right_joint_1,right_joint_2,right_joint_3,right_joint_4,right_joint_5,right_joint_6,right_joint_7,-89.69030340619085,-70.94028454685083,75.72042949199377,-93.55309487629673,30.590798113438524,-2.5375445190810453,-19.52275585005863,,
1780127650,529469549,right_base_cmd,right_joint_1,right_joint_2,right_joint_3,right_joint_4,right_joint_5,right_joint_6,right_joint_7,-89.7498734194696,-70.94389601198897,75.79947380991521,-93.59111060970612,30.32654598231167,-2.5452618343621154,-18.509097070758642,,
1780127650,540087908,right_base_cmd,right_joint_1,right_joint_2,right_joint_3,right_joint_4,right_joint_5,right_joint_6,right_joint_7,-89.72507004452765,-70.85166640044402,75.7009951411072,-93.6073163695283,30.14420986801221,-2.6160429127210634,-17.763708688598584,,
1780127650,549785486,right_base_cmd,right_joint_1,right_joint_2,right_joint_3,right_joint_4,right_joint_5,right_joint_6,right_joint_7,-89.67524458120121,-70.79333120531807,75.66223049339996,-93.58202389725393,29.94967061076582,-2.6758274573451146,-17.071605687966454,,
1780127650,559598080,right_base_cmd,right_joint_1,right_joint_2,right_joint_3,right_joint_4,right_joint_5,right_joint_6,right_joint_7,-89.45821331006076,-70.51857351482887,75.26816186950063,-93.6307647884549,29.900266829114145,-2.837901034545773,-16.70578206813373,,
1780127650,569547799,right_base_cmd,right_joint_1,right_joint_2,right_joint_3,right_joint_4,right_joint_5,right_joint_6,right_joint_7,-89.35710475440757,-70.41038370672437,75.16467059067051,-93.5895757007121,29.732857560165343,-3.01957330973476,-16.16005704944918,,
1780127650,579899398,right_base_cmd,right_joint_1,right_joint_2,right_joint_3,right_joint_4,right_joint_5,right_joint_6,right_joint_7,-89.26352240624871,-70.21476905472481,74.91751071277409,-93.59071288199927,29.652192938102615,-3.3050167306779983,-15.821718126213298,,
1780127650,589486161,right_base_cmd,right_joint_1,right_joint_2,right_joint_3,right_joint_4,right_joint_5,right_joint_6,right_joint_7,-89.09904705234996,-70.04363431608733,74.70977207837379,-93.58185033476833,29.5928107208438,-3.5471055887735403,-15.494186592176973,,
1780127650,599700421,right_base_cmd,right_joint_1,right_joint_2,right_joint_3,right_joint_4,right_joint_5,right_joint_6,right_joint_7,-89.0052595741819,-69.9296445094811,74.55728220312133,-93.57568237547083,29.498630896863546,-3.8036367414537082,-15.161019277545236,,
1780127650,610175156,right_base_cmd,right_joint_1,right_joint_2,right_joint_3,right_joint_4,right_joint_5,right_joint_6,right_joint_7,-88.82228236999063,-69.87916328260407,74.41021609352649,-93.6805242570917,29.361674539171958,-3.9585779409370545,-14.797692251806623,,
1780127650,619322100,right_base_cmd,right_joint_1,right_joint_2,right_joint_3,right_joint_4,right_joint_5,right_joint_6,right_joint_7,-88.69835228584807,-69.73391625903106,74.24739144884686,-93.70185831194125,29.36826697351117,-4.272994331341685,-14.43498342741772,,
1780127650,630236013,right_base_cmd,right_joint_1,right_joint_2,right_joint_3,right_joint_4,right_joint_5,right_joint_6,right_joint_7,-88.63262485333135,-69.72272372861694,74.24208028010761,-93.68283856933927,29.29349478474191,-4.52440461151064,-14.020099140746382,,
1780127650,639920558,right_base_cmd,right_joint_1,right_joint_2,right_joint_3,right_joint_4,right_joint_5,right_joint_6,right_joint_7,-88.553543350576,-69.60174712545309,74.09171016835123,-93.72943861895341,29.341646896563276,-4.80374857966455,-13.800041043592742,,
1780127650,649618770,right_base_cmd,right_joint_1,right_joint_2,right_joint_3,right_joint_4,right_joint_5,right_joint_6,right_joint_7,-88.46783044927295,-69.53492001009944,74.0055333256685,-93.7514577856747,29.374491490193094,-5.047342633848409,-13.561118573250113,,
1780127650,659485139,right_base_cmd,right_joint_1,right_joint_2,right_joint_3,right_joint_4,right_joint_5,right_joint_6,right_joint_7,-88.28226869747917,-69.33635328978154,73.73859722534056,-93.88555367720171,29.520458122278086,-5.298231511201941,-13.51739133119652,,
1780127650,669556468,right_base_cmd,right_joint_1,right_joint_2,right_joint_3,right_joint_4,right_joint_5,right_joint_6,right_joint_7,-88.16867914223664,-69.2549823490108,73.63352761839892,-93.8908399567887,29.555785640687674,-5.580697306502877,-13.341893820804628,,
1780127650,679606554,right_base_cmd,right_joint_1,right_joint_2,right_joint_3,right_joint_4,right_joint_5,right_joint_6,right_joint_7,-88.06453280136779,-69.16031678840609,73.49458140809409,-93.88311288165791,29.589710192838623,-5.873801333792237,-13.22944357767473,,
1780127650,690099557,right_base_cmd,right_joint_1,right_joint_2,right_joint_3,right_joint_4,right_joint_5,right_joint_6,right_joint_7,-87.96226102276782,-69.04195715470173,73.31603692122113,-93.88826820813848,29.62576860992712,-6.168266725099436,-13.179808309386956,,
1780127650,702846994,right_base_cmd,right_joint_1,right_joint_2,right_joint_3,right_joint_4,right_joint_5,right_joint_6,right_joint_7,-87.88200554123713,-68.97165043970513,73.1815978223307,-93.88194318903807,29.614574447337787,-6.442283589021933,-13.089929156881183,,
1780127650,709483073,right_base_cmd,right_joint_1,right_joint_2,right_joint_3,right_joint_4,right_joint_5,right_joint_6,right_joint_7,-87.81136370485947,-68.93777674750028,72.96136540744865,-93.94463361929333,29.529127718287015,-6.727066201399786,-13.024526101640575,,
1780127650,719502685,right_base_cmd,right_joint_1,right_joint_2,right_joint_3,right_joint_4,right_joint_5,right_joint_6,right_joint_7,-87.83460596160106,-69.05516142142308,73.02361313380791,-93.9208449210691,29.344706044349238,-6.92516163133768,-12.697820602915911,,
1780127650,729845224,right_base_cmd,right_joint_1,right_joint_2,right_joint_3,right_joint_4,right_joint_5,right_joint_6,right_joint_7,-87.86818586840852,-69.13068251298326,73.04388075651346,-93.93064891456915,29.19508034256731,-7.097321672275363,-12.441788317386127,,
1780127650,739982839,right_base_cmd,right_joint_1,right_joint_2,right_joint_3,right_joint_4,right_joint_5,right_joint_6,right_joint_7,-87.88817191424519,-69.27873025907952,73.15690162171367,-93.93321042014306,29.002866247734943,-7.151150050706001,-12.136770035664782,,
1780127650,750109061,right_base_cmd,right_joint_1,right_joint_2,right_joint_3,right_joint_4,right_joint_5,right_joint_6,right_joint_7,-87.91771269661436,-69.35082116818258,73.17657419473423,-93.95343280413921,28.874121513515632,-7.232708480171475,-11.927745194112745,,
1780127650,759403324,right_base_cmd,right_joint_1,right_joint_2,right_joint_3,right_joint_4,right_joint_5,right_joint_6,right_joint_7,-87.87368058435223,-69.16341908730972,72.8910342960817,-94.08430681707843,28.956264729241212,-7.406371191456337,-11.956265114903672,,
1780127650,769724895,right_base_cmd,right_joint_1,right_joint_2,right_joint_3,right_joint_4,right_joint_5,right_joint_6,right_joint_7,-87.85874369767677,-69.00853821411336,72.70806459762449,-94.13469007728703,29.02706929967323,-7.599647488828843,-11.88310533259478,,
1780127650,779498461,right_base_cmd,right_joint_1,right_joint_2,right_joint_3,right_joint_4,right_joint_5,right_joint_6,right_joint_7,-87.84238131529057,-68.86040979110562,72.55326822925869,-94.20848463140898,29.104794776857005,-7.772315496621438,-11.817205031605866,,
1780127650,789513054,right_base_cmd,right_joint_1,right_joint_2,right_joint_3,right_joint_4,right_joint_5,right_joint_6,right_joint_7,-87.87768975546456,-68.7705994318314,72.47744210305135,-94.3032813741486,29.131965176827947,-7.924477063664533,-11.718767507407634,,
1780127650,799949605,right_base_cmd,right_joint_1,right_joint_2,right_joint_3,right_joint_4,right_joint_5,right_joint_6,right_joint_7,-87.98707326050814,-68.78114020211048,72.51921659939936,-94.39327115610548,29.068959994314724,-8.06309610359613,-11.557361252247247,,
1780127650,810019104,right_base_cmd,right_joint_1,right_joint_2,right_joint_3,right_joint_4,right_joint_5,right_joint_6,right_joint_7,-88.1309380566797,-68.8314418741107,72.62837351119086,-94.50032584424208,28.98258700121167,-8.154666402911111,-11.392796158377806,,
1780127650,819506876,right_base_cmd,right_joint_1,right_joint_2,right_joint_3,right_joint_4,right_joint_5,right_joint_6,right_joint_7,-88.46781973726294,-68.95049800205938,72.85277297167372,-94.71579288424597,28.837444865202002,-8.185494604164028,-11.22675418248879,,
1780127650,829895983,right_base_cmd,right_joint_1,right_joint_2,right_joint_3,right_joint_4,right_joint_5,right_joint_6,right_joint_7,-88.63446873998052,-68.93391262332024,72.84551350892329,-94.83581486934345,28.84421958983407,-8.252970554159724,-11.250046359936292,,
1780127650,840166146,right_base_cmd,right_joint_1,right_joint_2,right_joint_3,right_joint_4,right_joint_5,right_joint_6,right_joint_7,-88.7578797500287,-68.91201146192601,72.83901461516237,-94.89361132599949,28.903413899180038,-8.262091966448786,-11.25009988082833,,
1780127650,849486711,right_base_cmd,right_joint_1,right_joint_2,right_joint_3,right_joint_4,right_joint_5,right_joint_6,right_joint_7,-88.8730010670495,-68.87918331071695,72.82508298175165,-94.99365408376612,28.986931960167027,-8.212159517238824,-11.268099236691981,,
1780127650,859374152,right_base_cmd,right_joint_1,right_joint_2,right_joint_3,right_joint_4,right_joint_5,right_joint_6,right_joint_7,-89.07068198228595,-68.96063150069075,72.92077760664156,-95.07733019890163,29.023556993186418,-8.078758061272644,-11.134309305000059,,
1780127650,869505588,right_base_cmd,right_joint_1,right_joint_2,right_joint_3,right_joint_4,right_joint_5,right_joint_6,right_joint_7,-89.21219597499399,-69.01777057439405,73.01301717928774,-95.16519860939799,29.065572231348966,-7.903816627891096,-11.015090142387422,,
1780127650,879649188,right_base_cmd,right_joint_1,right_joint_2,right_joint_3,right_joint_4,right_joint_5,right_joint_6,right_joint_7,-89.31994883635016,-69.09175318978045,73.11567949880006,-95.22841167724756,29.072689373433803,-7.7216993858261205,-10.878495813453483,,
1780127650,889968737,right_base_cmd,right_joint_1,right_joint_2,right_joint_3,right_joint_4,right_joint_5,right_joint_6,right_joint_7,-89.43558525728454,-69.1282453544858,73.1850146547101,-95.29116191384578,29.073407335305518,-7.584486322641901,-10.77303308007096,,
1780127650,899597838,right_base_cmd,right_joint_1,right_joint_2,right_joint_3,right_joint_4,right_joint_5,right_joint_6,right_joint_7,-89.53064992719092,-69.1350279575695,73.21172227915244,-95.35280832793747,29.076716520999554,-7.475403896726839,-10.704071330250954,,
1780127650,909347934,right_base_cmd,right_joint_1,right_joint_2,right_joint_3,right_joint_4,right_joint_5,right_joint_6,right_joint_7,-89.63308593868518,-69.07137623767564,73.15931245106535,-95.40749068019973,29.09408131188073,-7.437081798969977,-10.68291881982374,,
1780127650,919446294,right_base_cmd,right_joint_1,right_joint_2,right_joint_3,right_joint_4,right_joint_5,right_joint_6,right_joint_7,-89.63431776599023,-69.02160644873716,73.10963498390728,-95.43032345608704,29.113582975279456,-7.360033477627432,-10.670592559867956,,
1780127650,929778858,right_base_cmd,right_joint_1,right_joint_2,right_joint_3,right_joint_4,right_joint_5,right_joint_6,right_joint_7,-89.65033366785278,-68.97711423626465,73.06934166503842,-95.452289514758,29.12290014615681,-7.306953748123469,-10.65797884941476,,
1780127650,940332011,right_base_cmd,right_joint_1,right_joint_2,right_joint_3,right_joint_4,right_joint_5,right_joint_6,right_joint_7,-89.64309972419605,-68.95822666852378,73.02050991753285,-95.45461964066978,29.114901364082158,-7.250985745394807,-10.634835971313933,,
1780127650,949826477,right_base_cmd,right_joint_1,right_joint_2,right_joint_3,right_joint_4,right_joint_5,right_joint_6,right_joint_7,-89.65979582751001,-68.94884426535846,72.98679494927532,-95.47566646661762,29.11301063784643,-7.1962855882090295,-10.603060294078219,,
1780127650,959759895,right_base_cmd,right_joint_1,right_joint_2,right_joint_3,right_joint_4,right_joint_5,right_joint_6,right_joint_7,-89.70647006422061,-69.0028228946314,72.97707200970396,-95.50433061036917,29.08410919180514,-7.089902707787182,-10.505155346330028,,
1780127650,969434479,right_base_cmd,right_joint_1,right_joint_2,right_joint_3,right_joint_4,right_joint_5,right_joint_6,right_joint_7,-89.74989457524717,-69.02914791517027,72.98594799332275,-95.55058254805387,29.099667030182246,-6.973095267793035,-10.402907346579028,,
1780127650,979626824,right_base_cmd,right_joint_1,right_joint_2,right_joint_3,right_joint_4,right_joint_5,right_joint_6,right_joint_7,-89.78169644979701,-69.07354766423084,73.01422418444608,-95.58840033596586,29.11810038104565,-6.844600827858805,-10.284056194162602,,
1780127650,989777994,right_base_cmd,right_joint_1,right_joint_2,right_joint_3,right_joint_4,right_joint_5,right_joint_6,right_joint_7,-89.8077625943832,-69.09865632208182,72.98410057059326,-95.62550460652848,29.158780834284272,-6.745244074249051,-10.200884231182968,,
1780127650,999890709,right_base_cmd,right_joint_1,right_joint_2,right_joint_3,right_joint_4,right_joint_5,right_joint_6,right_joint_7,-89.83660442988233,-69.12654680744761,72.9987845938447,-95.62946762339472,29.18554311722133,-6.661054591588815,-10.082314529461783,,
1780127651,9381634,right_base_cmd,right_joint_1,right_joint_2,right_joint_3,right_joint_4,right_joint_5,right_joint_6,right_joint_7,-89.88501590009159,-69.18049626197582,72.94204207531638,-95.64212419425611,29.1783223918587,-6.584453543233671,-9.993005858247685,,
1780127651,19602280,right_base_cmd,right_joint_1,right_joint_2,right_joint_3,right_joint_4,right_joint_5,right_joint_6,right_joint_7,-89.90333460910401,-69.22419927072072,72.97557763541417,-95.66059351604589,29.1853367131545,-6.449248341726324,-9.851621022805332,,
1780127651,31875990,right_base_cmd,right_joint_1,right_joint_2,right_joint_3,right_joint_4,right_joint_5,right_joint_6,right_joint_7,-89.93375731403776,-69.2626636463195,73.03334043056961,-95.69147380464302,29.176265005798456,-6.3288414586333985,-9.71737018180734,,
1780127651,42560564,right_base_cmd,right_joint_1,right_joint_2,right_joint_3,right_joint_4,right_joint_5,right_joint_6,right_joint_7,-89.96104449737467,-69.25637960635778,73.04111242513997,-95.73607175102065,29.183679790253933,-6.2560167033146215,-9.643744493928082,,
1780127651,49694603,right_base_cmd,right_joint_1,right_joint_2,right_joint_3,right_joint_4,right_joint_5,right_joint_6,right_joint_7,-89.98792460503634,-69.25040611095359,73.04472130326079,-95.77680229858693,29.173131341027982,-6.2133555990965235,-9.578457394873979,,
1780127651,60066807,right_base_cmd,right_joint_1,right_joint_2,right_joint_3,right_joint_4,right_joint_5,right_joint_6,right_joint_7,-90.02365218301705,-69.24188673422675,73.0709795849863,-95.84955778180735,29.15437242980076,-6.172841448995705,-9.531885084481544,,
1780127651,69579914,right_base_cmd,right_joint_1,right_joint_2,right_joint_3,right_joint_4,right_joint_5,right_joint_6,right_joint_7,-90.14172401958106,-69.16403292945309,73.04210862629756,-96.0243497572783,29.14843548549689,-6.214449154953108,-9.56560658899879,,
1780127651,79737173,right_base_cmd,right_joint_1,right_joint_2,right_joint_3,right_joint_4,right_joint_5,right_joint_6,right_joint_7,-90.20247989591505,-69.11059777522401,73.03572204911805,-96.112568285063,29.1430620549215,-6.275101303841318,-9.570470506580719,,
1780127651,89779786,right_base_cmd,right_joint_1,right_joint_2,right_joint_3,right_joint_4,right_joint_5,right_joint_6,right_joint_7,-90.2700944090794,-69.03743034514135,72.9813988830621,-96.19538497403711,29.14747531679913,-6.380902711620358,-9.631552542844716,,
1780127651,99835497,right_base_cmd,right_joint_1,right_joint_2,right_joint_3,right_joint_4,right_joint_5,right_joint_6,right_joint_7,-90.32939778778129,-68.96024341630324,72.94077038969024,-96.2908385475945,29.17320463271821,-6.456628210400588,-9.69548741678598,,
1780127651,109491966,right_base_cmd,right_joint_1,right_joint_2,right_joint_3,right_joint_4,right_joint_5,right_joint_6,right_joint_7,-90.47940119152972,-68.86042986473338,72.89942024402572,-96.4539404473601,29.20922700899817,-6.570636962932149,-9.786303939721407,,
1780127651,119594729,right_base_cmd,right_joint_1,right_joint_2,right_joint_3,right_joint_4,right_joint_5,right_joint_6,right_joint_7,-90.54180134063003,-68.82823347887013,72.88638219269549,-96.51409288771647,29.22667839531445,-6.625099966954785,-9.810504445479253,,
1780127651,129534271,right_base_cmd,right_joint_1,right_joint_2,right_joint_3,right_joint_4,right_joint_5,right_joint_6,right_joint_7,-90.617610863826,-68.80487385886285,72.89357308273978,-96.58951870966622,29.240812155732527,-6.641454101934066,-9.81572354816133,,
1780127651,139917130,right_base_cmd,right_joint_1,right_joint_2,right_joint_3,right_joint_4,right_joint_5,right_joint_6,right_joint_7,-90.70562425941344,-68.80325264667432,72.89703593988432,-96.63035709788609,29.239986022238924,-6.667049296001203,-9.798961819953846,,
1780127651,149858760,right_base_cmd,right_joint_1,right_joint_2,right_joint_3,right_joint_4,right_joint_5,right_joint_6,right_joint_7,-90.78077850194009,-68.7943727517145,72.9267937807247,-96.7093863322341,29.258428256136966,-6.63071358732423,-9.77965854435935,,
1780127651,159698837,right_base_cmd,right_joint_1,right_joint_2,right_joint_3,right_joint_4,right_joint_5,right_joint_6,right_joint_7,-90.8845868148538,-68.81820293532174,73.01201652255739,-96.82160900619756,29.2671259652183,-6.523632358427953,-9.727582352828463,,
1780127651,169793415,right_base_cmd,right_joint_1,right_joint_2,right_joint_3,right_joint_4,right_joint_5,right_joint_6,right_joint_7,-90.93126654276566,-68.80007906965524,73.0216621963614,-96.89693846595686,29.302396479677128,-6.45592373813718,-9.734334120299664,,
1780127651,179928333,right_base_cmd,right_joint_1,right_joint_2,right_joint_3,right_joint_4,right_joint_5,right_joint_6,right_joint_7,-90.94869659592544,-68.77598447746983,73.02122638854021,-96.94706247579332,29.340582056501518,-6.399625781543868,-9.74065031329674,,
1780127651,190065056,right_base_cmd,right_joint_1,right_joint_2,right_joint_3,right_joint_4,right_joint_5,right_joint_6,right_joint_7,-90.94673954461021,-68.75167260636626,73.02091358998908,-96.98594711914377,29.374528867823386,-6.3529032620770565,-9.74415758185809,,
1780127651,199739717,right_base_cmd,right_joint_1,right_joint_2,right_joint_3,right_joint_4,right_joint_5,right_joint_6,right_joint_7,-90.90852537195033,-68.7324245407524,73.05450111072682,-97.03643270538028,29.39976016031781,-6.264406334335426,-9.738359058566644,,
1780127651,209371429,right_base_cmd,right_joint_1,right_joint_2,right_joint_3,right_joint_4,right_joint_5,right_joint_6,right_joint_7,-90.89551068781773,-68.63956374716021,73.04481892973817,-97.1083267217793,29.460024482211935,-6.283942926764432,-9.807779137389971,,
1780127651,219684644,right_base_cmd,right_joint_1,right_joint_2,right_joint_3,right_joint_4,right_joint_5,right_joint_6,right_joint_7,-90.89514335511703,-68.59842282220076,73.03595644718544,-97.14559026888311,29.47010396630506,-6.33646636683914,-9.875471283535731,,
1780127651,229929981,right_base_cmd,right_joint_1,right_joint_2,right_joint_3,right_joint_4,right_joint_5,right_joint_6,right_joint_7,-90.9108460365438,-68.58898854580947,73.0611717744562,-97.17756718764487,29.45755013123707,-6.379923917091666,-9.909294616072046,,
1780127651,239702083,right_base_cmd,right_joint_1,right_joint_2,right_joint_3,right_joint_4,right_joint_5,right_joint_6,right_joint_7,-90.9070041231706,-68.57994455834599,73.06604928492911,-97.19785229059643,29.453469207404197,-6.4235064249220315,-9.957994742211909,,
1780127651,250308499,right_base_cmd,right_joint_1,right_joint_2,right_joint_3,right_joint_4,right_joint_5,right_joint_6,right_joint_7,-90.90441592913263,-68.54125128190226,73.02103088380554,-97.22113271906893,29.472279985970005,-6.491953361847997,-10.042925383667708,,
1780127651,259333733,right_base_cmd,right_joint_1,right_joint_2,right_joint_3,right_joint_4,right_joint_5,right_joint_6,right_joint_7,-90.8919202071414,-68.50200222868126,72.97858154447576,-97.25725319501363,29.51040544470746,-6.53086869503192,-10.135378713582,,
1780127651,269532934,right_base_cmd,right_joint_1,right_joint_2,right_joint_3,right_joint_4,right_joint_5,right_joint_6,right_joint_7,-90.95404907006164,-68.45966714581256,72.96764360078814,-97.31918608320099,29.54409173142946,-6.596665987259421,-10.196389905127845,,
1780127651,279854304,right_base_cmd,right_joint_1,right_joint_2,right_joint_3,right_joint_4,right_joint_5,right_joint_6,right_joint_7,-90.96344202206322,-68.45900083903975,72.98875048173417,-97.35289589915602,29.561061721183222,-6.607319836966262,-10.23553599925232,,
1780127651,289860201,right_base_cmd,right_joint_1,right_joint_2,right_joint_3,right_joint_4,right_joint_5,right_joint_6,right_joint_7,-90.97058069695291,-68.42815310763332,72.97498477133084,-97.40248138266635,29.594771123411675,-6.642383797766904,-10.314191340783921,,
1780127651,299836444,right_base_cmd,right_joint_1,right_joint_2,right_joint_3,right_joint_4,right_joint_5,right_joint_6,right_joint_7,-90.96754596014605,-68.36078822904831,72.92944210323847,-97.45447456855722,29.659164296775174,-6.720314851444066,-10.410685192188694,,
1780127651,309752394,right_base_cmd,right_joint_1,right_joint_2,right_joint_3,right_joint_4,right_joint_5,right_joint_6,right_joint_7,-90.78724876609877,-68.2680869437324,72.82207926452614,-97.48553163812899,29.77609280486317,-6.768778753389874,-10.537859565008844,,
1780127651,319824940,right_base_cmd,right_joint_1,right_joint_2,right_joint_3,right_joint_4,right_joint_5,right_joint_6,right_joint_7,-90.68903338192959,-68.20044720091012,72.71905677029454,-97.47310317233429,29.84381570136722,-6.918544487641832,-10.588573304832906,,
1780127651,329649641,right_base_cmd,right_joint_1,right_joint_2,right_joint_3,right_joint_4,right_joint_5,right_joint_6,right_joint_7,-90.62282642810683,-68.15039378326709,72.64160174290467,-97.45888898192932,29.893196797633237,-7.066520210677702,-10.599041908730626,,
1780127651,339604998,right_base_cmd,right_joint_1,right_joint_2,right_joint_3,right_joint_4,right_joint_5,right_joint_6,right_joint_7,-90.56375545522164,-68.12377449897498,72.59069014071676,-97.46005636569187,29.929227707375304,-7.172676310513502,-10.58051624718486,,
1780127651,349477050,right_base_cmd,right_joint_1,right_joint_2,right_joint_3,right_joint_4,right_joint_5,right_joint_6,right_joint_7,-90.52060065514425,-68.1138494285341,72.58082833972136,-97.45219508514317,29.946745496958755,-7.263454775850157,-10.530888728755045,,
1780127651,359347672,right_base_cmd,right_joint_1,right_joint_2,right_joint_3,right_joint_4,right_joint_5,right_joint_6,right_joint_7,-90.51081977826513,-68.10867774745459,72.59363480161304,-97.49125047022882,29.940956755168514,-7.3514718824787835,-10.493312967339833,,
1780127651,369470203,right_base_cmd,right_joint_1,right_joint_2,right_joint_3,right_joint_4,right_joint_5,right_joint_6,right_joint_7,-90.49087984047569,-68.10767314634212,72.58923640372583,-97.47775907361917,29.91646305833271,-7.463415009724194,-10.464931642025604,,
1780127651,379934871,right_base_cmd,right_joint_1,right_joint_2,right_joint_3,right_joint_4,right_joint_5,right_joint_6,right_joint_7,-90.49820120985586,-68.11407014477489,72.61404952618861,-97.48122214637199,29.87229100400046,-7.549722150356779,-10.434200625958297,,
1780127651,389705363,right_base_cmd,right_joint_1,right_joint_2,right_joint_3,right_joint_4,right_joint_5,right_joint_6,right_joint_7,-90.49664468331261,-68.10703872040365,72.61174159771471,-97.48222014095212,29.82512523676249,-7.638115297241306,-10.433730825931676,,
1780127651,399819594,right_base_cmd,right_joint_1,right_joint_2,right_joint_3,right_joint_4,right_joint_5,right_joint_6,right_joint_7,-90.50586127058082,-68.07067384433692,72.59784287606035,-97.47137717316993,29.794905147918683,-7.74844676022763,-10.442886009072552,,
1780127651,409484084,right_base_cmd,right_joint_1,right_joint_2,right_joint_3,right_joint_4,right_joint_5,right_joint_6,right_joint_7,-90.46761388896559,-67.96196764500628,72.55437591503008,-97.53699255394612,29.80748468119205,-7.803833498603858,-10.546423408407819,,
1780127651,419750622,right_base_cmd,right_joint_1,right_joint_2,right_joint_3,right_joint_4,right_joint_5,right_joint_6,right_joint_7,-90.45432824908673,-67.88735801957729,72.50349957970289,-97.55764221153318,29.79882217432268,-7.912235426033298,-10.638559359575211,,
1780127651,429811647,right_base_cmd,right_joint_1,right_joint_2,right_joint_3,right_joint_4,right_joint_5,right_joint_6,right_joint_7,-90.43265476304728,-67.83591824577691,72.49106844323174,-97.5824094525424,29.794109611173525,-7.987549364594138,-10.712724513436697,,
1780127651,439986247,right_base_cmd,right_joint_1,right_joint_2,right_joint_3,right_joint_4,right_joint_5,right_joint_6,right_joint_7,-90.44010436834284,-67.79492498647802,72.47525662346945,-97.61570495980045,29.786815554588003,-8.085502278077279,-10.794249358975051,,
1780127651,449566583,right_base_cmd,right_joint_1,right_joint_2,right_joint_3,right_joint_4,right_joint_5,right_joint_6,right_joint_7,-90.45135969318338,-67.77750060455766,72.47656421231224,-97.64763107072902,29.78004548947777,-8.177203373272668,-10.861476968457353,,
1780127651,459450092,right_base_cmd,right_joint_1,right_joint_2,right_joint_3,right_joint_4,right_joint_5,right_joint_6,right_joint_7,-90.47254547952119,-67.87690721470854,72.57411660843152,-97.65390407538304,29.72672137767549,-8.205424374585668,-10.841521139186753,,
1780127651,469493494,right_base_cmd,right_joint_1,right_joint_2,right_joint_3,right_joint_4,right_joint_5,right_joint_6,right_joint_7,-90.4789545184677,-67.93130674446117,72.59476215498992,-97.63252640630266,29.71720864898211,-8.263203733563891,-10.863001507053426,,
1780127651,479672239,right_base_cmd,right_joint_1,right_joint_2,right_joint_3,right_joint_4,right_joint_5,right_joint_6,right_joint_7,-90.47931076306381,-68.00420246887826,72.63084989600654,-97.6078065531266,29.724425632140907,-8.27441123716806,-10.85571422241783,,
1780127651,489559433,right_base_cmd,right_joint_1,right_joint_2,right_joint_3,right_joint_4,right_joint_5,right_joint_6,right_joint_7,-90.49235769026572,-68.05028327221244,72.6560794425811,-97.61234129833504,29.767912540962328,-8.273792050668867,-10.866285370897188,,
1780127651,500699114,right_base_cmd,right_joint_1,right_joint_2,right_joint_3,right_joint_4,right_joint_5,right_joint_6,right_joint_7,-90.5053531394868,-68.0863414991655,72.67021225612203,-97.60166742984565,29.834276399744653,-8.280917024010584,-10.875684761673156,,
1780127651,511017818,right_base_cmd,right_joint_1,right_joint_2,right_joint_3,right_joint_4,right_joint_5,right_joint_6,right_joint_7,-90.56194975651246,-68.14085152880348,72.71278587889313,-97.67279444663804,29.948926223602058,-8.263159876792251,-10.900070828033918,,
1780127651,519915979,right_base_cmd,right_joint_1,right_joint_2,right_joint_3,right_joint_4,right_joint_5,right_joint_6,right_joint_7,-90.57837367783881,-68.1606218845396,72.71915845333129,-97.71430122310171,30.100952069018405,-8.27609145407046,-10.936068910408622,,
1780127651,529630050,right_base_cmd,right_joint_1,right_joint_2,right_joint_3,right_joint_4,right_joint_5,right_joint_6,right_joint_7,-90.59355128851408,-68.19156181103263,72.71504812675497,-97.74762705247521,30.2535679270662,-8.313228691933936,-10.952722783872574,,
1780127651,539575462,right_base_cmd,right_joint_1,right_joint_2,right_joint_3,right_joint_4,right_joint_5,right_joint_6,right_joint_7,-90.58547788081697,-68.24584450184797,72.75016027235196,-97.76295619143993,30.41751184455191,-8.336685928753859,-10.902001468130848,,
1780127651,552209039,right_base_cmd,right_joint_1,right_joint_2,right_joint_3,right_joint_4,right_joint_5,right_joint_6,right_joint_7,-90.58904368054564,-68.28203301381662,72.74428609831367,-97.77014530179106,30.582802978909257,-8.404334084949191,-10.862656934391865,,
1780127651,559735804,right_base_cmd,right_joint_1,right_joint_2,right_joint_3,right_joint_4,right_joint_5,right_joint_6,right_joint_7,-90.56477607154497,-68.38171310811232,72.7897534418436,-97.76214518535336,30.71825284429346,-8.412138225267817,-10.755965416918471,,
1780127651,569662985,right_base_cmd,right_joint_1,right_joint_2,right_joint_3,right_joint_4,right_joint_5,right_joint_6,right_joint_7,-90.59393606889759,-68.39576801673225,72.77520208779899,-97.75390611188199,30.860937668314676,-8.500708845495971,-10.706261437383844,,
1780127651,579507632,right_base_cmd,right_joint_1,right_joint_2,right_joint_3,right_joint_4,right_joint_5,right_joint_6,right_joint_7,-90.59538228363604,-68.42169003529916,72.78941195650768,-97.73740978141474,30.957849188877475,-8.533279920760883,-10.655927421765071,,
1780127651,589644923,right_base_cmd,right_joint_1,right_joint_2,right_joint_3,right_joint_4,right_joint_5,right_joint_6,right_joint_7,-90.59888203533566,-68.44755136127942,72.80824536156135,-97.72484334387771,31.012136492754365,-8.547881447234197,-10.625375210095868,,
1780127651,599871051,right_base_cmd,right_joint_1,right_joint_2,right_joint_3,right_joint_4,right_joint_5,right_joint_6,right_joint_7,-90.58570881083048,-68.46724887827442,72.83011570648128,-97.71006461132016,31.04631720170167,-8.540547683900336,-10.613380754516257,,
1780127651,609389092,right_base_cmd,right_joint_1,right_joint_2,right_joint_3,right_joint_4,right_joint_5,right_joint_6,right_joint_7,-90.58962113802161,-68.50285850803233,72.85152295668385,-97.70057869355158,31.034089940238374,-8.534799182105694,-10.608612634616193,,
1780127651,619437117,right_base_cmd,right_joint_1,right_joint_2,right_joint_3,right_joint_4,right_joint_5,right_joint_6,right_joint_7,-90.60863956067456,-68.55934986295973,72.86157155891655,-97.68151978601351,30.98224705109331,-8.558718905002813,-10.579642625659133,,
1780127651,629644363,right_base_cmd,right_joint_1,right_joint_2,right_joint_3,right_joint_4,right_joint_5,right_joint_6,right_joint_7,-90.59969033263675,-68.58152164571187,72.88567420735032,-97.68264082377029,30.967704017350655,-8.549755713609379,-10.539740956547078,,
1780127651,639798419,right_base_cmd,right_joint_1,right_joint_2,right_joint_3,right_joint_4,right_joint_5,right_joint_6,right_joint_7,-90.58489405100497,-68.6114403410635,72.89556513696553,-97.66872898626833,30.93484825032735,-8.559697117820512,-10.490443039154755,,
1780127651,649748581,right_base_cmd,right_joint_1,right_joint_2,right_joint_3,right_joint_4,right_joint_5,right_joint_6,right_joint_7,-90.56744167732214,-68.6318695962914,72.8992527384253,-97.65416178976143,30.90541712784656,-8.578850212686056,-10.436329311312946,,
1780127651,659369263,right_base_cmd,right_joint_1,right_joint_2,right_joint_3,right_joint_4,right_joint_5,right_joint_6,right_joint_7,-90.54292864713065,-68.67550498718437,72.88211764312953,-97.63979717705924,30.840764446610677,-8.601369809302803,-10.372322733025797,,
1780127651,669502504,right_base_cmd,right_joint_1,right_joint_2,right_joint_3,right_joint_4,right_joint_5,right_joint_6,right_joint_7,-90.54967145930019,-68.7253475342667,72.94543774987031,-97.6307631987029,30.789523948591096,-8.60230533794617,-10.255560425215506,,
1780127651,679673401,right_base_cmd,right_joint_1,right_joint_2,right_joint_3,right_joint_4,right_joint_5,right_joint_6,right_joint_7,-90.5487350316138,-68.76689879107523,72.98146819510495,-97.6200223603279,30.749141374975892,-8.618345643235891,-10.17513013198608,,
1780127651,689931201,right_base_cmd,right_joint_1,right_joint_2,right_joint_3,right_joint_4,right_joint_5,right_joint_6,right_joint_7,-90.53542584772336,-68.81560345928587,73.02937224388094,-97.63411435751387,30.708966396437376,-8.604964585358339,-10.111184339066952,,
1780127651,699677486,right_base_cmd,right_joint_1,right_joint_2,right_joint_3,right_joint_4,right_joint_5,right_joint_6,right_joint_7,-90.53873459668162,-68.86389514535149,73.06775144060421,-97.6349286527185,30.674919239348554,-8.630455411904158,-10.05010263065408,,
1780127651,709541852,right_base_cmd,right_joint_1,right_joint_2,right_joint_3,right_joint_4,right_joint_5,right_joint_6,right_joint_7,-90.57627820492874,-68.86901450180228,73.00216609244589,-97.62422351577244,30.668621111625185,-8.78909000724314,-10.034902205911251,,
1780127651,719380981,right_base_cmd,right_joint_1,right_joint_2,right_joint_3,right_joint_4,right_joint_5,right_joint_6,right_joint_7,-90.5763147353617,-68.92148896343924,73.03510362898507,-97.60672103561701,30.654332176193492,-8.841628721195882,-9.942599725984977,,
1780127651,729901722,right_base_cmd,right_joint_1,right_joint_2,right_joint_3,right_joint_4,right_joint_5,right_joint_6,right_joint_7,-90.59430191402222,-69.00334431438468,73.13247945603601,-97.61043293213312,30.626579026963924,-8.829615234147347,-9.810344388803756,,
1780127651,739743181,right_base_cmd,right_joint_1,right_joint_2,right_joint_3,right_joint_4,right_joint_5,right_joint_6,right_joint_7,-90.60485877697457,-69.06631748106624,73.18018959370048,-97.5927720061053,30.602773184370818,-8.83692417579362,-9.707885286335411,,
1780127651,749809317,right_base_cmd,right_joint_1,right_joint_2,right_joint_3,right_joint_4,right_joint_5,right_joint_6,right_joint_7,-90.61902188380671,-69.12310173103607,73.22791622295878,-97.57734291684723,30.579223879292755,-8.822222128860226,-9.609081892712553,,
1780127651,759516494,right_base_cmd,right_joint_1,right_joint_2,right_joint_3,right_joint_4,right_joint_5,right_joint_6,right_joint_7,-90.62829308176006,-69.19716582805178,73.24973061959903,-97.5534972276866,30.528416633014302,-8.755664123191018,-9.530525855738588,,
1780127651,770199577,right_base_cmd,right_joint_1,right_joint_2,right_joint_3,right_joint_4,right_joint_5,right_joint_6,right_joint_7,-90.62769871389995,-69.26376489946576,73.33480751959209,-97.59283528190885,30.50105324213959,-8.606939312624142,-9.440293647888794,,
1780127651,779688588,right_base_cmd,right_joint_1,right_joint_2,right_joint_3,right_joint_4,right_joint_5,right_joint_6,right_joint_7,-90.63664878571498,-69.27851427464442,73.3570457581296,-97.60277599370882,30.50669174013737,-8.549383343254355,-9.40084500752944,,
1780127651,789950074,right_base_cmd,right_joint_1,right_joint_2,right_joint_3,right_joint_4,right_joint_5,right_joint_6,right_joint_7,-90.6351388933364,-69.27409462523379,73.36162017728256,-97.6219161628414,30.526423792997463,-8.507150362729185,-9.387556662701186,,
1780127651,799734391,right_base_cmd,right_joint_1,right_joint_2,right_joint_3,right_joint_4,right_joint_5,right_joint_6,right_joint_7,-90.65772414126579,-69.278829784542,73.39317615429363,-97.61959148998467,30.531271509675122,-8.512498693381353,-9.355790392787824,,
1780127651,809376551,right_base_cmd,right_joint_1,right_joint_2,right_joint_3,right_joint_4,right_joint_5,right_joint_6,right_joint_7,-90.63931777148363,-69.24252279781969,73.34648157498927,-97.6471296732059,30.559769691377056,-8.540330033356433,-9.403029792149951,,
1780127651,819802809,right_base_cmd,right_joint_1,right_joint_2,right_joint_3,right_joint_4,right_joint_5,right_joint_6,right_joint_7,-90.60396092213685,-69.23399960158407,73.33190913025018,-97.63541260728364,30.56715070270431,-8.568274450128847,-9.385102712054746,,
1780127651,830093629,right_base_cmd,right_joint_1,right_joint_2,right_joint_3,right_joint_4,right_joint_5,right_joint_6,right_joint_7,-90.58764015638044,-69.20320509544975,73.27640377039475,-97.62545836084418,30.576383397244143,-8.637829429436344,-9.39204204344368,,
1780127651,840433030,right_base_cmd,right_joint_1,right_joint_2,right_joint_3,right_joint_4,right_joint_5,right_joint_6,right_joint_7,-90.55350718297669,-69.17263763540178,73.2267614922371,-97.61869130950323,30.5962743271144,-8.684662823892772,-9.379634011608474,,
1780127651,849702169,right_base_cmd,right_joint_1,right_joint_2,right_joint_3,right_joint_4,right_joint_5,right_joint_6,right_joint_7,-90.52715653363512,-69.16881821933852,73.21083189535167,-97.60266106215273,30.60410797566621,-8.715780001479338,-9.331654913066714,,
1780127651,859752041,right_base_cmd,right_joint_1,right_joint_2,right_joint_3,right_joint_4,right_joint_5,right_joint_6,right_joint_7,-90.5395261046153,-69.14964303888594,73.18798184332454,-97.60370416202831,30.62171481907413,-8.754912306722751,-9.312048341766186,,
1780127651,869588090,right_base_cmd,right_joint_1,right_joint_2,right_joint_3,right_joint_4,right_joint_5,right_joint_6,right_joint_7,-90.5832340872607,-69.23363348184377,73.25684072449732,-97.57028276957045,30.593417780264275,-8.746147231125967,-9.221008366465767,,
1780127651,879943428,right_base_cmd,right_joint_1,right_joint_2,right_joint_3,right_joint_4,right_joint_5,right_joint_6,right_joint_7,-90.61052181126232,-69.29125713555051,73.3108683561156,-97.57069055297303,30.590365512210923,-8.696599551756599,-9.17402091579028,,
1780127651,890043864,right_base_cmd,right_joint_1,right_joint_2,right_joint_3,right_joint_4,right_joint_5,right_joint_6,right_joint_7,-90.61634533519705,-69.32549560473184,73.33355215577487,-97.5689494014235,30.605838303603065,-8.650149539714043,-9.159183200659541,,
1780127651,899914319,right_base_cmd,right_joint_1,right_joint_2,right_joint_3,right_joint_4,right_joint_5,right_joint_6,right_joint_7,-90.62966614328289,-69.35015206595956,73.36173950704816,-97.56842360879149,30.622009654602522,-8.600892871441026,-9.14061644306311,,
1780127651,909383920,right_base_cmd,right_joint_1,right_joint_2,right_joint_3,right_joint_4,right_joint_5,right_joint_6,right_joint_7,-90.63337931082694,-69.35184527492886,73.36278410209385,-97.58680698713353,30.637133682284087,-8.550447531005197,-9.155044305417405,,
1780127651,919837986,right_base_cmd,right_joint_1,right_joint_2,right_joint_3,right_joint_4,right_joint_5,right_joint_6,right_joint_7,-90.647429857903,-69.32682814375023,73.3557369168478,-97.61725377102313,30.659968625894948,-8.528004333620622,-9.179601333774045,,
1780127651,929496034,right_base_cmd,right_joint_1,right_joint_2,right_joint_3,right_joint_4,right_joint_5,right_joint_6,right_joint_7,-90.6776255257258,-69.32380893406567,73.36445825675159,-97.64305684627335,30.6609207105449,-8.517208316959561,-9.190247943731109,,
1780127651,939557816,right_base_cmd,right_joint_1,right_joint_2,right_joint_3,right_joint_4,right_joint_5,right_joint_6,right_joint_7,-90.691115533903,-69.32247742279328,73.36842829870884,-97.66940251237914,30.66379224443628,-8.503752384832119,-9.213510632974888,,
1780127651,949743538,right_base_cmd,right_joint_1,right_joint_2,right_joint_3,right_joint_4,right_joint_5,right_joint_6,right_joint_7,-90.70547903112063,-69.31730823798058,73.36580305795925,-97.69337479701865,30.672787818881176,-8.50232353628973,-9.236498051407821,,
1780127651,959521739,right_base_cmd,right_joint_1,right_joint_2,right_joint_3,right_joint_4,right_joint_5,right_joint_6,right_joint_7,-90.67460066606716,-69.31046827335742,73.29997011812335,-97.68081264224908,30.6936644056361,-8.531310764944173,-9.262660419788816,,
1780127651,969603875,right_base_cmd,right_joint_1,right_joint_2,right_joint_3,right_joint_4,right_joint_5,right_joint_6,right_joint_7,-90.66356839236462,-69.31064891425434,73.27332076699733,-97.68022823621347,30.713327053928452,-8.53821650803149,-9.241441374906984,,
1780127651,979783344,right_base_cmd,right_joint_1,right_joint_2,right_joint_3,right_joint_4,right_joint_5,right_joint_6,right_joint_7,-90.62741447338905,-69.30910339437692,73.24044342247154,-97.66514574900067,30.743651085143682,-8.535810472463758,-9.203097350783096,,
1780127651,989826376,right_base_cmd,right_joint_1,right_joint_2,right_joint_3,right_joint_4,right_joint_5,right_joint_6,right_joint_7,-90.59534785635387,-69.34454647568556,73.26951742892763,-97.65103387352794,30.756012451830856,-8.495921103537164,-9.117088625937654,,
1780127651,999646717,right_base_cmd,right_joint_1,right_joint_2,right_joint_3,right_joint_4,right_joint_5,right_joint_6,right_joint_7,-90.57528096725267,-69.36257633445287,73.26971093670656,-97.63799175369094,30.77190828249266,-8.483414327269365,-9.051329314036323,,
1780127652,9401986,right_base_cmd,right_joint_1,right_joint_2,right_joint_3,right_joint_4,right_joint_5,right_joint_6,right_joint_7,-90.60547721410754,-69.36071628972361,73.21417608087793,-97.66766149473041,30.78826137538593,-8.501096582605946,-9.02528328662045,,
1780127652,19649440,right_base_cmd,right_joint_1,right_joint_2,right_joint_3,right_joint_4,right_joint_5,right_joint_6,right_joint_7,-90.62781163846952,-69.40325825707818,73.27067420986279,-97.66730684020196,30.779185165016514,-8.463923755478042,-8.92101893548984,,
1780127652,29747533,right_base_cmd,right_joint_1,right_joint_2,right_joint_3,right_joint_4,right_joint_5,right_joint_6,right_joint_7,-90.6234781140773,-69.42989335500677,73.30913135076199,-97.66094649596268,30.77559004423378,-8.421638028836007,-8.84658799685981,,
1780127652,39980172,right_base_cmd,right_joint_1,right_joint_2,right_joint_3,right_joint_4,right_joint_5,right_joint_6,right_joint_7,-90.62073232069704,-69.42733357269277,73.3136128581464,-97.65762632573798,30.779855664975884,-8.405650468781168,-8.808333039908248,,
1780127652,49842747,right_base_cmd,right_joint_1,right_joint_2,right_joint_3,right_joint_4,right_joint_5,right_joint_6,right_joint_7,-90.62062640350862,-69.43338463987733,73.32547682688826,-97.6540810873433,30.77083064919495,-8.386021787878683,-8.768959765715252,,
1780127652,59454368,right_base_cmd,right_joint_1,right_joint_2,right_joint_3,right_joint_4,right_joint_5,right_joint_6,right_joint_7,-90.6134600269265,-69.38974074344408,73.2589234192827,-97.66095388933691,30.774173653112115,-8.406937445769238,-8.768900165597202,,
1780127652,69719970,right_base_cmd,right_joint_1,right_joint_2,right_joint_3,right_joint_4,right_joint_5,right_joint_6,right_joint_7,-90.60257281485573,-69.37651223717587,73.25978224650473,-97.65812221812725,30.762020864363222,-8.398715323963124,-8.721653805045847,,
1780127652,79763933,right_base_cmd,right_joint_1,right_joint_2,right_joint_3,right_joint_4,right_joint_5,right_joint_6,right_joint_7,-90.58323783053604,-69.3792080806485,73.28968489144822,-97.64471272026158,30.747642713101897,-8.385439319446554,-8.667249518467045,,
1780127652,90046305,right_base_cmd,right_joint_1,right_joint_2,right_joint_3,right_joint_4,right_joint_5,right_joint_6,right_joint_7,-90.58345483622415,-69.3790618215124,73.2967649845842,-97.64449035134398,30.73523895707487,-8.39746295836266,-8.645404892627099,,
1780127652,99636341,right_base_cmd,right_joint_1,right_joint_2,right_joint_3,right_joint_4,right_joint_5,right_joint_6,right_joint_7,-90.57935378058008,-69.37339431157666,73.30477435216167,-97.63694546167928,30.73092365003143,-8.410590581584977,-8.636676601483899,,
1780127652,109439544,right_base_cmd,right_joint_1,right_joint_2,right_joint_3,right_joint_4,right_joint_5,right_joint_6,right_joint_7,-90.5922269765255,-69.39193872779403,73.34859665474343,-97.62929710680278,30.70822174094954,-8.397405849593945,-8.617219316624826,,
1780127652,119829356,right_base_cmd,right_joint_1,right_joint_2,right_joint_3,right_joint_4,right_joint_5,right_joint_6,right_joint_7,-90.6043841291378,-69.41718344544371,73.37946328985234,-97.62416891129523,30.686637969966256,-8.375086274764492,-8.608611067769075,,
1780127652,129780064,right_base_cmd,right_joint_1,right_joint_2,right_joint_3,right_joint_4,right_joint_5,right_joint_6,right_joint_7,-90.63278237693893,-69.39872064568273,73.35807181601311,-97.62450431838086,30.6857455894839,-8.403398963850286,-8.64330984215816,,
1780127652,139815088,right_base_cmd,right_joint_1,right_joint_2,right_joint_3,right_joint_4,right_joint_5,right_joint_6,right_joint_7,-90.64391811025521,-69.40338790258194,73.37418971687751,-97.62935166990168,30.68758576700108,-8.383758143577886,-8.650683357037181,,
1780127652,149870287,right_base_cmd,right_joint_1,right_joint_2,right_joint_3,right_joint_4,right_joint_5,right_joint_6,right_joint_7,-90.64779907985795,-69.39672505820376,73.35319256675345,-97.6388563712547,30.706374583264363,-8.382298684150207,-8.691086129445083,,
1780127652,159658140,right_base_cmd,right_joint_1,right_joint_2,right_joint_3,right_joint_4,right_joint_5,right_joint_6,right_joint_7,-90.67326927240546,-69.38249267893538,73.3980785307331,-97.66518933733688,30.74347703175917,-8.356062815156854,-8.699566700428548,,
1780127652,169662750,right_base_cmd,right_joint_1,right_joint_2,right_joint_3,right_joint_4,right_joint_5,right_joint_6,right_joint_7,-90.69813683704317,-69.40202301563194,73.45177048122983,-97.68522876645706,30.744177644350003,-8.321331402987987,-8.695328380810238,,
1780127652,180103163,right_base_cmd,right_joint_1,right_joint_2,right_joint_3,right_joint_4,right_joint_5,right_joint_6,right_joint_7,-90.7173960747194,-69.40055464630906,73.46749460794658,-97.69761784751894,30.754740268163033,-8.303643699268086,-8.725059542826685,,
1780127652,190506810,right_base_cmd,right_joint_1,right_joint_2,right_joint_3,right_joint_4,right_joint_5,right_joint_6,right_joint_7,-90.7531305309391,-69.37943896546638,73.43225670537507,-97.72072793542567,30.7724980636211,-8.325203258762308,-8.799791969333072,,
1780127652,199704955,right_base_cmd,right_joint_1,right_joint_2,right_joint_3,right_joint_4,right_joint_5,right_joint_6,right_joint_7,-90.77050652942935,-69.37870887329935,73.4422048085527,-97.73419809701569,30.785567197702647,-8.299958461350222,-8.833080300691861,,
1780127652,209860697,right_base_cmd,right_joint_1,right_joint_2,right_joint_3,right_joint_4,right_joint_5,right_joint_6,right_joint_7,-90.78350756699601,-69.37518801638096,73.44792481937603,-97.74717094729455,30.8003678308402,-8.26939321227831,-8.867689324313588,,
1780127652,219504070,right_base_cmd,right_joint_1,right_joint_2,right_joint_3,right_joint_4,right_joint_5,right_joint_6,right_joint_7,-90.8317315598874,-69.32639629584487,73.38143071776344,-97.75160984902062,30.83439669974095,-8.333191505413417,-8.9473077453804,,
1780127652,229722779,right_base_cmd,right_joint_1,right_joint_2,right_joint_3,right_joint_4,right_joint_5,right_joint_6,right_joint_7,-90.86372761372704,-69.29824906268409,73.34037176072528,-97.77448488469106,30.859174564767528,-8.356284736274965,-8.993244613377342,,
1780127652,239872840,right_base_cmd,right_joint_1,right_joint_2,right_joint_3,right_joint_4,right_joint_5,right_joint_6,right_joint_7,-90.86142134792831,-69.28244508478663,73.32661148904018,-97.783077391443,30.88637960254036,-8.351476173554992,-9.00961718254014,,
1780127652,249827858,right_base_cmd,right_joint_1,right_joint_2,right_joint_3,right_joint_4,right_joint_5,right_joint_6,right_joint_7,-90.86624998284256,-69.28620720514432,73.33205598449777,-97.79080719874936,30.895645549794637,-8.34385657725442,-9.005513157511487,,
1780127652,259587602,right_base_cmd,right_joint_1,right_joint_2,right_joint_3,right_joint_4,right_joint_5,right_joint_6,right_joint_7,-90.8978711875832,-69.25451776909183,73.28925321298189,-97.80291663949363,30.916929517768068,-8.406633899510489,-9.029397128302676,,
1780127652,269572688,right_base_cmd,right_joint_1,right_joint_2,right_joint_3,right_joint_4,right_joint_5,right_joint_6,right_joint_7,-90.89780382156462,-69.2561862891899,73.29439370646091,-97.7911785203075,30.92162145626034,-8.416010220839091,-9.01685093799945,,
1780127652,279871374,right_base_cmd,right_joint_1,right_joint_2,right_joint_3,right_joint_4,right_joint_5,right_joint_6,right_joint_7,-90.90053302336892,-69.24677586190053,73.29028599040439,-97.79926397540153,30.928817658219913,-8.425908354502774,-9.025143626600723,,
1780127652,289624171,right_base_cmd,right_joint_1,right_joint_2,right_joint_3,right_joint_4,right_joint_5,right_joint_6,right_joint_7,-90.91143001694579,-69.22285017165855,73.25335280688225,-97.81290961110155,30.937696312418865,-8.463699691124013,-9.062465180272355,,
1780127652,299513120,right_base_cmd,right_joint_1,right_joint_2,right_joint_3,right_joint_4,right_joint_5,right_joint_6,right_joint_7,-90.9066540856762,-69.20351897499275,73.23390104630786,-97.8182953408325,30.950979899699263,-8.487119950912238,-9.087594358122672,,
1780127652,309482693,right_base_cmd,right_joint_1,right_joint_2,right_joint_3,right_joint_4,right_joint_5,right_joint_6,right_joint_7,-90.89908545792352,-69.18224660486773,73.19224069535508,-97.82433955371876,30.95712106821381,-8.528214651117246,-9.1384233102673,,
1780127652,319918931,right_base_cmd,right_joint_1,right_joint_2,right_joint_3,right_joint_4,right_joint_5,right_joint_6,right_joint_7,-90.89180253970105,-69.18818000198475,73.1853140394704,-97.81628591039807,30.942300290717043,-8.552788736181803,-9.149918101864515,,
1780127652,331504029,right_base_cmd,right_joint_1,right_joint_2,right_joint_3,right_joint_4,right_joint_5,right_joint_6,right_joint_7,-90.88897065316056,-69.20522256705671,73.1968737092271,-97.81326289509106,30.918806974404532,-8.558955165076888,-9.145949926261622,,
1780127652,339705149,right_base_cmd,right_joint_1,right_joint_2,right_joint_3,right_joint_4,right_joint_5,right_joint_6,right_joint_7,-90.88200034820161,-69.21640066789622,73.19433321567507,-97.80414991476978,30.89860562452637,-8.573262622348118,-9.140440160824326,,
1780127652,349577719,right_base_cmd,right_joint_1,right_joint_2,right_joint_3,right_joint_4,right_joint_5,right_joint_6,right_joint_7,-90.85871141660388,-69.243839265342,73.21046312978584,-97.81906537093137,30.87206261432769,-8.532051086033668,-9.121146392778385,,
1780127652,359411349,right_base_cmd,right_joint_1,right_joint_2,right_joint_3,right_joint_4,right_joint_5,right_joint_6,right_joint_7,-90.83343207060031,-69.26602140389407,73.2005611290165,-97.80343389458268,30.84764198734237,-8.515197412913373,-9.066626118528873,,
1780127652,369900542,right_base_cmd,right_joint_1,right_joint_2,right_joint_3,right_joint_4,right_joint_5,right_joint_6,right_joint_7,-90.82279698202544,-69.22583555152944,73.17998575472714,-97.82272479004469,30.87323388903738,-8.509359011097892,-9.040599688291834,,
1780127652,379482305,right_base_cmd,right_joint_1,right_joint_2,right_joint_3,right_joint_4,right_joint_5,right_joint_6,right_joint_7,-90.7973263081611,-69.1711203847698,73.14585777733217,-97.84936356997294,30.905743978166953,-8.525424569896408,-9.04119978665939,,
1780127652,390460060,right_base_cmd,right_joint_1,right_joint_2,right_joint_3,right_joint_4,right_joint_5,right_joint_6,right_joint_7,-90.75603059916668,-69.08445210155698,73.10232721983576,-97.87319877332386,30.950865781354793,-8.593993291354131,-9.073595367591466,,
1780127652,400350384,right_base_cmd,right_joint_1,right_joint_2,right_joint_3,right_joint_4,right_joint_5,right_joint_6,right_joint_7,-90.70893448469721,-68.93465383254922,72.99657316904663,-97.92565292712551,31.02516669365727,-8.729102915728554,-9.196481593281433,,
1780127652,411543167,right_base_cmd,right_joint_1,right_joint_2,right_joint_3,right_joint_4,right_joint_5,right_joint_6,right_joint_7,-90.65366563460904,-68.77763201505844,72.877594807483,-97.97485628140795,31.095477106489255,-8.908136876656435,-9.349235998322982,,
1780127652,419560173,right_base_cmd,right_joint_1,right_joint_2,right_joint_3,right_joint_4,right_joint_5,right_joint_6,right_joint_7,-90.5264830464632,-68.48315252349347,72.63333572555123,-98.0507489510638,31.241804255452593,-9.1965263873767,-9.636193794427143,,
1780127652,429679792,right_base_cmd,right_joint_1,right_joint_2,right_joint_3,right_joint_4,right_joint_5,right_joint_6,right_joint_7,-90.45414981081771,-68.40998459432303,72.49501722966707,-98.0047795604943,31.22499037501612,-9.45776897512723,-9.746085514085976,,
1780127652,441051430,right_base_cmd,right_joint_1,right_joint_2,right_joint_3,right_joint_4,right_joint_5,right_joint_6,right_joint_7,-90.3736953730045,-68.31130515759152,72.3827414461322,-97.98664862827572,31.24200775762634,-9.670935372820615,-9.837288362303028,,
1780127652,449599564,right_base_cmd,right_joint_1,right_joint_2,right_joint_3,right_joint_4,right_joint_5,right_joint_6,right_joint_7,-90.3186121885432,-68.27170437138535,72.3161954585569,-97.94522313048789,31.224626840749096,-9.843514567654715,-9.861723266122638,,
1780127652,459551471,right_base_cmd,right_joint_1,right_joint_2,right_joint_3,right_joint_4,right_joint_5,right_joint_6,right_joint_7,-90.28924014676139,-68.2280770421237,72.26039110175574,-97.93921967577673,31.206732422942736,-9.974948187020054,-9.875392567561406,,
1780127652,469428956,right_base_cmd,right_joint_1,right_joint_2,right_joint_3,right_joint_4,right_joint_5,right_joint_6,right_joint_7,-90.28693691525208,-68.21973854681404,72.26836287737237,-97.93750039139208,31.18348654374742,-10.052080411769047,-9.840808561778616,,
1780127652,479964535,right_base_cmd,right_joint_1,right_joint_2,right_joint_3,right_joint_4,right_joint_5,right_joint_6,right_joint_7,-90.29802008615147,-68.25118167789346,72.2990439158153,-97.92356986115546,31.14226572912426,-10.088543973577252,-9.786374285199443,,
1780127652,489663046,right_base_cmd,right_joint_1,right_joint_2,right_joint_3,right_joint_4,right_joint_5,right_joint_6,right_joint_7,-90.28437922686427,-68.25540418100611,72.32023302755769,-97.91551239249391,31.135123190561814,-10.101862126955432,-9.752476025037495,,
1780127652,500083341,right_base_cmd,right_joint_1,right_joint_2,right_joint_3,right_joint_4,right_joint_5,right_joint_6,right_joint_7,-90.27270778918918,-68.22623481255864,72.30256838536346,-97.92560396024358,31.1474871826953,-10.127675491613438,-9.760658993345103,,
1780127652,509839196,right_base_cmd,right_joint_1,right_joint_2,right_joint_3,right_joint_4,right_joint_5,right_joint_6,right_joint_7,-90.24212009616494,-68.20287964059845,72.29529516531105,-97.93200849897143,31.15619114598971,-10.135130117749831,-9.769067390136868,,
1780127652,519683502,right_base_cmd,right_joint_1,right_joint_2,right_joint_3,right_joint_4,right_joint_5,right_joint_6,right_joint_7,-90.18701938656525,-68.07985205569538,72.22027244731052,-97.98585681971396,31.221998628727334,-10.192723020392286,-9.85706768291358,,
1780127652,529859680,right_base_cmd,right_joint_1,right_joint_2,right_joint_3,right_joint_4,right_joint_5,right_joint_6,right_joint_7,-90.15701053739329,-68.01991316946199,72.1634724426826,-98.00382048109988,31.235142405147684,-10.287754573459488,-9.898287908509147,,
1780127652,539709554,right_base_cmd,right_joint_1,right_joint_2,right_joint_3,right_joint_4,right_joint_5,right_joint_6,right_joint_7,-90.11136635214487,-67.94201298568056,72.09951296846404,-98.01676835754905,31.26618578832651,-10.399430997865117,-9.950235917996523,,
1780127652,549553651,right_base_cmd,right_joint_1,right_joint_2,right_joint_3,right_joint_4,right_joint_5,right_joint_6,right_joint_7,-90.06272851919968,-67.85657847492435,72.02649478770567,-98.03074621302694,31.30035675692764,-10.526885673210181,-10.015485655703074,,
1780127652,559618663,right_base_cmd,right_joint_1,right_joint_2,right_joint_3,right_joint_4,right_joint_5,right_joint_6,right_joint_7,-89.95679071275188,-67.63019991805687,71.83013789793083,-98.12029274974897,31.429427059039,-10.733571044828231,-10.227174915806714,,
1780127652,569743761,right_base_cmd,right_joint_1,right_joint_2,right_joint_3,right_joint_4,right_joint_5,right_joint_6,right_joint_7,-89.89092084929555,-67.52744142602991,71.73428570918756,-98.11470853379326,31.471951746437327,-10.948025318135073,-10.305829653905292,,
1780127652,579774206,right_base_cmd,right_joint_1,right_joint_2,right_joint_3,right_joint_4,right_joint_5,right_joint_6,right_joint_7,-89.83351117126384,-67.440429223783,71.64901556251826,-98.12669055449022,31.49891453994988,-11.145213248326904,-10.384369488434245,,
1780127652,589847222,right_base_cmd,right_joint_1,right_joint_2,right_joint_3,right_joint_4,right_joint_5,right_joint_6,right_joint_7,-89.77977116824471,-67.34925362840217,71.55682245331687,-98.12496559265516,31.52003232892926,-11.366607522680162,-10.476001042049816,,
1780127652,599656049,right_base_cmd,right_joint_1,right_joint_2,right_joint_3,right_joint_4,right_joint_5,right_joint_6,right_joint_7,-89.74665005441952,-67.29064612605966,71.50572266253201,-98.13477296131977,31.522382524822234,-11.553228356728077,-10.55157887196573,,
1780127652,609321174,right_base_cmd,right_joint_1,right_joint_2,right_joint_3,right_joint_4,right_joint_5,right_joint_6,right_joint_7,-89.72271249644584,-67.17037212103055,71.4284940311305,-98.21661106329232,31.550908778561478,-11.75842291044966,-10.7283380230066,,
1780127652,619673491,right_base_cmd,right_joint_1,right_joint_2,right_joint_3,right_joint_4,right_joint_5,right_joint_6,right_joint_7,-89.71086756030323,-67.12776038237412,71.38871209390803,-98.21892899864919,31.531829190773436,-11.960968429000893,-10.840664863748842,,
1780127652,630372651,right_base_cmd,right_joint_1,right_joint_2,right_joint_3,right_joint_4,right_joint_5,right_joint_6,right_joint_7,-89.70803392152786,-67.07466652618457,71.34667479455712,-98.244551070659,31.521934616467973,-12.128472302198126,-10.957664745998912,,
1780127652,639651729,right_base_cmd,right_joint_1,right_joint_2,right_joint_3,right_joint_4,right_joint_5,right_joint_6,right_joint_7,-89.70578884993634,-67.04742525604554,71.32627955283627,-98.26272130770822,31.503891193064504,-12.268820338393304,-11.050821068001497,,
1780127652,649750385,right_base_cmd,right_joint_1,right_joint_2,right_joint_3,right_joint_4,right_joint_5,right_joint_6,right_joint_7,-89.70611943787438,-66.9888751676498,71.24398353350605,-98.27601194896512,31.49913680264646,-12.452228178040848,-11.1878513862181,,
1780127652,659414624,right_base_cmd,right_joint_1,right_joint_2,right_joint_3,right_joint_4,right_joint_5,right_joint_6,right_joint_7,-89.71200961637797,-66.98894152292111,71.30517256535396,-98.37948570784756,31.4856862886451,-12.503924141793384,-11.264505848368529,,
1780127652,669365719,right_base_cmd,right_joint_1,right_joint_2,right_joint_3,right_joint_4,right_joint_5,right_joint_6,right_joint_7,-89.7068290791905,-66.97610384848873,71.2835286807501,-98.41096469390295,31.487691795895756,-12.633054390539819,-11.357615404364608,,
1780127652,679430678,right_base_cmd,right_joint_1,right_joint_2,right_joint_3,right_joint_4,right_joint_5,right_joint_6,right_joint_7,-89.71566148785658,-66.9377269394076,71.25541669094085,-98.45336692627792,31.513644671022604,-12.760406714399146,-11.450242829367554,,
1780127652,689797487,right_base_cmd,right_joint_1,right_joint_2,right_joint_3,right_joint_4,right_joint_5,right_joint_6,right_joint_7,-89.74114046412652,-66.90470906942649,71.25320770341162,-98.51050529012959,31.544614543390566,-12.862063456259015,-11.512903756729614,,
1780127652,699597271,right_base_cmd,right_joint_1,right_joint_2,right_joint_3,right_joint_4,right_joint_5,right_joint_6,right_joint_7,-89.76627266854805,-66.87767390472585,71.24902891709135,-98.56078809189655,31.573921345679224,-12.958420460291386,-11.573644063724785,,
1780127652,709373796,right_base_cmd,right_joint_1,right_joint_2,right_joint_3,right_joint_4,right_joint_5,right_joint_6,right_joint_7,-89.79285874995341,-66.84950632078211,71.27703798524388,-98.64617794059758,31.618363316765254,-13.030630929642477,-11.628215198682838,,
1780127652,719610509,right_base_cmd,right_joint_1,right_joint_2,right_joint_3,right_joint_4,right_joint_5,right_joint_6,right_joint_7,-89.78677196208073,-66.84148853535977,71.26459712879964,-98.66524931278441,31.639270084990613,-13.125593606783347,-11.665219441729633,,
1780127652,729434087,right_base_cmd,right_joint_1,right_joint_2,right_joint_3,right_joint_4,right_joint_5,right_joint_6,right_joint_7,-89.7776493828463,-66.85070659589839,71.29335414068069,-98.69405980352452,31.65411016852417,-13.172849817820854,-11.667332121368148,,
1780127652,739737055,right_base_cmd,right_joint_1,right_joint_2,right_joint_3,right_joint_4,right_joint_5,right_joint_6,right_joint_7,-89.74895142877281,-66.8530903165168,71.28975178278412,-98.69345159492572,31.655791738845352,-13.245249115348138,-11.672073469778937,,
1780127652,749860476,right_base_cmd,right_joint_1,right_joint_2,right_joint_3,right_joint_4,right_joint_5,right_joint_6,right_joint_7,-89.7111461629535,-66.85451060568421,71.2848024779573,-98.68294998468828,31.646701325686507,-13.320248623534887,-11.670207416862539,,
1780127652,759413536,right_base_cmd,right_joint_1,right_joint_2,right_joint_3,right_joint_4,right_joint_5,right_joint_6,right_joint_7,-89.59693229422166,-66.74832830318316,71.15068529423493,-98.669713279019,31.67784438885721,-13.47061524363749,-11.776558451061888,,
1780127652,769595571,right_base_cmd,right_joint_1,right_joint_2,right_joint_3,right_joint_4,right_joint_5,right_joint_6,right_joint_7,-89.56913193255511,-66.69849908862001,71.10569337541907,-98.63848456961831,31.647621165072024,-13.631611682692089,-11.788363711031266,,
1780127652,779434177,right_base_cmd,right_joint_1,right_joint_2,right_joint_3,right_joint_4,right_joint_5,right_joint_6,right_joint_7,-89.52398357379681,-66.64485308598485,71.06428450173044,-98.6168528125885,31.614594604376492,-13.759183486973761,-11.814960862973251,,
1780127652,789819613,right_base_cmd,right_joint_1,right_joint_2,right_joint_3,right_joint_4,right_joint_5,right_joint_6,right_joint_7,-89.48899188974255,-66.61021736725031,71.02536319930076,-98.59187914936417,31.555823835247025,-13.880377789597723,-11.847771637629549,,
1780127652,799353203,right_base_cmd,right_joint_1,right_joint_2,right_joint_3,right_joint_4,right_joint_5,right_joint_6,right_joint_7,-89.48507612301691,-66.6283031157064,71.05390578423712,-98.58055647098918,31.469927545358672,-13.953622102317517,-11.824660802036888,,
1780127652,809406262,right_base_cmd,right_joint_1,right_joint_2,right_joint_3,right_joint_4,right_joint_5,right_joint_6,right_joint_7,-89.4873595732474,-66.62697487710808,71.06929450824933,-98.5965046442616,31.388093547454417,-14.026106779639967,-11.823596150538165,,
1780127652,819939789,right_base_cmd,right_joint_1,right_joint_2,right_joint_3,right_joint_4,right_joint_5,right_joint_6,right_joint_7,-89.48764199527008,-66.62907578950013,71.08685575949735,-98.58997020462643,31.327227075688057,-14.092979621139868,-11.817346548383696,,
1780127652,830173559,right_base_cmd,right_joint_1,right_joint_2,right_joint_3,right_joint_4,right_joint_5,right_joint_6,right_joint_7,-89.47862146115901,-66.60719424684841,71.07252157033784,-98.57706606887912,31.288886835983618,-14.169657473557713,-11.845503156576868,,
1780127652,839627249,right_base_cmd,right_joint_1,right_joint_2,right_joint_3,right_joint_4,right_joint_5,right_joint_6,right_joint_7,-89.46685130013489,-66.60596942849658,71.07871994944034,-98.57116961022446,31.25070213624295,-14.213182903024567,-11.863549017502649,,
1780127652,849970200,right_base_cmd,right_joint_1,right_joint_2,right_joint_3,right_joint_4,right_joint_5,right_joint_6,right_joint_7,-89.450039759112,-66.59814032763974,71.07044164624412,-98.56124506739276,31.223186372864376,-14.263530116234499,-11.889092418780152,,
1780127652,859876427,right_base_cmd,right_joint_1,right_joint_2,right_joint_3,right_joint_4,right_joint_5,right_joint_6,right_joint_7,-89.39622348013941,-66.57154039423143,71.0195006903393,-98.53147844152171,31.212148910204434,-14.340988795378614,-11.917720508162361,,
1780127652,869575657,right_base_cmd,right_joint_1,right_joint_2,right_joint_3,right_joint_4,right_joint_5,right_joint_6,right_joint_7,-89.36779001111543,-66.58216178587408,71.04462194918997,-98.51826122939475,31.185922978267882,-14.360769577080468,-11.878160131472853,,
1780127652,880381417,right_base_cmd,right_joint_1,right_joint_2,right_joint_3,right_joint_4,right_joint_5,right_joint_6,right_joint_7,-89.32650104836219,-66.56720830711312,71.02283455830101,-98.49310667286001,31.17361896568562,-14.406495791085824,-11.861306978964379,,
1780127652,889932221,right_base_cmd,right_joint_1,right_joint_2,right_joint_3,right_joint_4,right_joint_5,right_joint_6,right_joint_7,-89.28531206506281,-66.5425489818385,70.96996356609921,-98.44147292911545,31.164988085159763,-14.489303477872504,-11.858824834581597,,
1780127652,899583713,right_base_cmd,right_joint_1,right_joint_2,right_joint_3,right_joint_4,right_joint_5,right_joint_6,right_joint_7,-89.25044921049184,-66.510488014692,70.94065040963025,-98.42640660966619,31.171888801932397,-14.533045880061756,-11.848687142851887,,
1780127652,909960731,right_base_cmd,right_joint_1,right_joint_2,right_joint_3,right_joint_4,right_joint_5,right_joint_6,right_joint_7,-89.20828970191886,-66.43207664187845,70.89482706952154,-98.41567317748412,31.21664656697166,-14.598959795206888,-11.863983121535185,,
1780127652,920570020,right_base_cmd,right_joint_1,right_joint_2,right_joint_3,right_joint_4,right_joint_5,right_joint_6,right_joint_7,-89.18983168042328,-66.37167505088861,70.86183155970329,-98.41796124002032,31.25318909470522,-14.656788295822587,-11.887087247839204,,
1780127652,930367986,right_base_cmd,right_joint_1,right_joint_2,right_joint_3,right_joint_4,right_joint_5,right_joint_6,right_joint_7,-89.17561985243603,-66.31583946793178,70.83677904979149,-98.44846710035473,31.292190272060708,-14.683455992043257,-11.923941283235322,,
1780127652,940119279,right_base_cmd,right_joint_1,right_joint_2,right_joint_3,right_joint_4,right_joint_5,right_joint_6,right_joint_7,-89.16503690347204,-66.2605197059665,70.81335439225367,-98.45988443129632,31.3349376455067,-14.729953951833004,-11.963812576956244,,
1780127652,949996858,right_base_cmd,right_joint_1,right_joint_2,right_joint_3,right_joint_4,right_joint_5,right_joint_6,right_joint_7,-89.1572898151775,-66.20588252186896,70.77967728758225,-98.47796666983619,31.374110996198027,-14.77754408514874,-12.019689629684379,,
1780127652,959500700,right_base_cmd,right_joint_1,right_joint_2,right_joint_3,right_joint_4,right_joint_5,right_joint_6,right_joint_7,-89.12304811832772,-66.14275775973898,70.7556730706074,-98.4828517028832,31.432520198181436,-14.819091219857903,-12.068026117261482,,
1780127652,969682615,right_base_cmd,right_joint_1,right_joint_2,right_joint_3,right_joint_4,right_joint_5,right_joint_6,right_joint_7,-89.09859025973006,-66.11916603072702,70.72705853039642,-98.46245412294259,31.451746524536162,-14.863036182550097,-12.09977501608735,,
1780127652,979789191,right_base_cmd,right_joint_1,right_joint_2,right_joint_3,right_joint_4,right_joint_5,right_joint_6,right_joint_7,-89.07076678957677,-66.12522435025473,70.72704506182262,-98.44063216632709,31.451319262660064,-14.876190909980998,-12.100221538778854,,
1780127652,989594677,right_base_cmd,right_joint_1,right_joint_2,right_joint_3,right_joint_4,right_joint_5,right_joint_6,right_joint_7,-89.04350882158062,-66.12195609501624,70.7161871772606,-98.41844251216385,31.45173667677753,-14.89445609245103,-12.106283763497757,,
1780127652,999634651,right_base_cmd,right_joint_1,right_joint_2,right_joint_3,right_joint_4,right_joint_5,right_joint_6,right_joint_7,-89.01522012770718,-66.13426852314036,70.72101645657094,-98.39592147970792,31.440356116019842,-14.89731673887939,-12.092879528117876,,
1780127653,10044186,right_base_cmd,right_joint_1,right_joint_2,right_joint_3,right_joint_4,right_joint_5,right_joint_6,right_joint_7,-88.96101994033668,-66.1917660670746,70.77550759120928,-98.34792808795557,31.404719901739583,-14.866123680479681,-12.026330254550956,,
1780127653,19573379,right_base_cmd,right_joint_1,right_joint_2,right_joint_3,right_joint_4,right_joint_5,right_joint_6,right_joint_7,-88.93268703039556,-66.20726639084468,70.784784109703,-98.32899268980385,31.380987938135462,-14.87256439118294,-12.007219697160977,,
1780127653,29545223,right_base_cmd,right_joint_1,right_joint_2,right_joint_3,right_joint_4,right_joint_5,right_joint_6,right_joint_7,-88.9243323246175,-66.18829385334665,70.72977436598799,-98.31234277072237,31.366680002136007,-14.945489468341513,-12.027670229231902,,
1780127653,39697610,right_base_cmd,right_joint_1,right_joint_2,right_joint_3,right_joint_4,right_joint_5,right_joint_6,right_joint_7,-88.89790869589635,-66.20588849759851,70.73974333832828,-98.29281037005627,31.35162409293693,-14.962078556444162,-11.99633846912242,,
1780127653,49500708,right_base_cmd,right_joint_1,right_joint_2,right_joint_3,right_joint_4,right_joint_5,right_joint_6,right_joint_7,-88.87772612566883,-66.26033589195983,70.7996461882748,-98.2826995320113,31.329040773942694,-14.946936248874856,-11.935067035990713,,
1780127653,59697692,right_base_cmd,right_joint_1,right_joint_2,right_joint_3,right_joint_4,right_joint_5,right_joint_6,right_joint_7,-88.84266791149233,-66.32923672716261,70.84472494131339,-98.2563540309094,31.306229016979643,-14.948240482206351,-11.871273135866616,,
1780127653,69864501,right_base_cmd,right_joint_1,right_joint_2,right_joint_3,right_joint_4,right_joint_5,right_joint_6,right_joint_7,-88.81304041674272,-66.33544280371213,70.7890483256738,-98.20608039324937,31.313239195870693,-15.036460060092331,-11.879042325578226,,
1780127653,79575218,right_base_cmd,right_joint_1,right_joint_2,right_joint_3,right_joint_4,right_joint_5,right_joint_6,right_joint_7,-88.80879169982663,-66.40253346048128,70.83866669079205,-98.17671221417062,31.296966490132917,-15.040954636339727,-11.811934531017542,,
1780127653,89637041,right_base_cmd,right_joint_1,right_joint_2,right_joint_3,right_joint_4,right_joint_5,right_joint_6,right_joint_7,-88.80824316600294,-66.47301978581807,70.88523364801088,-98.15195787723333,31.28111542979977,-15.035209161003756,-11.7589556720513,,
1780127653,100201769,right_base_cmd,right_joint_1,right_joint_2,right_joint_3,right_joint_4,right_joint_5,right_joint_6,right_joint_7,-88.80450088787202,-66.53677067069044,70.93285075640486,-98.12436945781867,31.274629571582153,-15.017338751981463,-11.710196527689291,,
1780127653,109663743,right_base_cmd,right_joint_1,right_joint_2,right_joint_3,right_joint_4,right_joint_5,right_joint_6,right_joint_7,-88.80777242685988,-66.61985363275166,70.99874450290619,-98.09395203915035,31.258918453330267,-14.978599536352867,-11.64655431638819,,
1780127653,119777561,right_base_cmd,right_joint_1,right_joint_2,right_joint_3,right_joint_4,right_joint_5,right_joint_6,right_joint_7,-88.81085624045008,-66.7539928007014,71.1115414327518,-98.03146369915147,31.218807972907513,-14.901826050429968,-11.536281937084553,,
1780127653,129644486,right_base_cmd,right_joint_1,right_joint_2,right_joint_3,right_joint_4,right_joint_5,right_joint_6,right_joint_7,-88.80337222359921,-66.78652847293365,71.12716161397023,-98.02181952465533,31.228702347768007,-14.866943124043068,-11.536036881591158,,
1780127653,139835881,right_base_cmd,right_joint_1,right_joint_2,right_joint_3,right_joint_4,right_joint_5,right_joint_6,right_joint_7,-88.80177240637514,-66.83299633534257,71.16889110932524,-98.0053338076677,31.2209044582157,-14.82965186684526,-11.509480477075627,,
1780127653,149715379,right_base_cmd,right_joint_1,right_joint_2,right_joint_3,right_joint_4,right_joint_5,right_joint_6,right_joint_7,-88.80237673504624,-66.8830395645194,71.22016411439225,-97.99342297529371,31.203687193782088,-14.792464009677921,-11.479344174691406,,
1780127653,159696596,right_base_cmd,right_joint_1,right_joint_2,right_joint_3,right_joint_4,right_joint_5,right_joint_6,right_joint_7,-88.79074251708178,-66.92727473972748,71.25276831518758,-97.97763055688104,31.1921846021323,-14.78046544699344,-11.449818836552211,,
1780127653,170893062,right_base_cmd,right_joint_1,right_joint_2,right_joint_3,right_joint_4,right_joint_5,right_joint_6,right_joint_7,-88.79419632956925,-66.92286392411462,71.2468697469474,-97.98773277539188,31.206570134256395,-14.791756266923521,-11.442555107432113,,
1780127653,179685733,right_base_cmd,right_joint_1,right_joint_2,right_joint_3,right_joint_4,right_joint_5,right_joint_6,right_joint_7,-88.7794798216456,-66.92747512713352,71.24554963684906,-97.98223600560745,31.222003514486772,-14.800260254659001,-11.420281225051852,,
1780127653,189638958,right_base_cmd,right_joint_1,right_joint_2,right_joint_3,right_joint_4,right_joint_5,right_joint_6,right_joint_7,-88.77120898151159,-66.93173815654986,71.23380156008702,-97.96761775512125,31.234440261290302,-14.82642988106982,-11.400458416869881,,
1780127653,199522212,right_base_cmd,right_joint_1,right_joint_2,right_joint_3,right_joint_4,right_joint_5,right_joint_6,right_joint_7,-88.78067545257417,-66.95351098397948,71.25148912404464,-97.97090380073327,31.240636892617175,-14.83012336471949,-11.36464811172273,,
1780127653,212533844,right_base_cmd,right_joint_1,right_joint_2,right_joint_3,right_joint_4,right_joint_5,right_joint_6,right_joint_7,-88.78990780686169,-66.9646938195594,71.26032094729763,-97.9837603868519,31.265924264386257,-14.832342905443731,-11.326402625669246,,
1780127653,220226087,right_base_cmd,right_joint_1,right_joint_2,right_joint_3,right_joint_4,right_joint_5,right_joint_6,right_joint_7,-88.78416101457995,-66.95151634617737,71.24615375344948,-97.98657443390807,31.308593531932416,-14.845614920033704,-11.30417280612103,,
1780127653,229650347,right_base_cmd,right_joint_1,right_joint_2,right_joint_3,right_joint_4,right_joint_5,right_joint_6,right_joint_7,-88.78336663513878,-66.91623073125346,71.19382170806514,-98.0015829923707,31.349260838582467,-14.88843153463278,-11.308887824066815,,
1780127653,239827782,right_base_cmd,right_joint_1,right_joint_2,right_joint_3,right_joint_4,right_joint_5,right_joint_6,right_joint_7,-88.76646815712033,-66.87690871198193,71.1511333771023,-98.00843531801787,31.396068380589526,-14.921884867506371,-11.294417370277941,,
1780127653,249469347,right_base_cmd,right_joint_1,right_joint_2,right_joint_3,right_joint_4,right_joint_5,right_joint_6,right_joint_7,-88.7433230453884,-66.84190944313907,71.11268263658403,-98.00949776050489,31.434652491844503,-14.949690972405158,-11.268632261224766,,
1780127653,259386850,right_base_cmd,right_joint_1,right_joint_2,right_joint_3,right_joint_4,right_joint_5,right_joint_6,right_joint_7,-88.72119895089222,-66.81402270825278,71.06868334189525,-98.01652411946982,31.446340391539337,-14.97741894139579,-11.216207244919147,,
1780127653,269564358,right_base_cmd,right_joint_1,right_joint_2,right_joint_3,right_joint_4,right_joint_5,right_joint_6,right_joint_7,-88.71078380864137,-66.83565439720105,71.08862244589633,-97.99979630212967,31.42320717607177,-14.973576443807353,-11.111358752640527,,
1780127653,279504546,right_base_cmd,right_joint_1,right_joint_2,right_joint_3,right_joint_4,right_joint_5,right_joint_6,right_joint_7,-88.70935523927452,-66.83441883651871,71.09537969169995,-97.99439470046106,31.400767883097245,-14.982750520122913,-11.033874643415302,,
1780127653,289863390,right_base_cmd,right_joint_1,right_joint_2,right_joint_3,right_joint_4,right_joint_5,right_joint_6,right_joint_7,-88.70047731274278,-66.82587539695386,71.09023050690453,-97.9793392377946,31.372493294057932,-15.004330472053134,-10.984944817015347,,
1780127653,301793723,right_base_cmd,right_joint_1,right_joint_2,right_joint_3,right_joint_4,right_joint_5,right_joint_6,right_joint_7,-88.68830784865585,-66.80019073508579,71.07013210068712,-97.97254913386674,31.34708133485205,-15.028869631839079,-10.960404959250823,,
1780127653,311089774,right_base_cmd,right_joint_1,right_joint_2,right_joint_3,right_joint_4,right_joint_5,right_joint_6,right_joint_7,-88.66927917656037,-66.73990260074517,70.99059308586388,-97.97583864623768,31.324809913491066,-15.080805419342305,-10.966262163854267,,
1780127653,319469167,right_base_cmd,right_joint_1,right_joint_2,right_joint_3,right_joint_4,right_joint_5,right_joint_6,right_joint_7,-88.65512118264272,-66.71912725799042,70.97453430415587,-97.9683644033292,31.294286976154098,-15.100478819178072,-10.918036031992884,,
1780127653,329665079,right_base_cmd,right_joint_1,right_joint_2,right_joint_3,right_joint_4,right_joint_5,right_joint_6,right_joint_7,-88.6571670919835,-66.71124990891254,70.97824487652363,-97.97282068497431,31.25591023553406,-15.116496280421636,-10.867980568648036,,
1780127653,340219193,right_base_cmd,right_joint_1,right_joint_2,right_joint_3,right_joint_4,right_joint_5,right_joint_6,right_joint_7,-88.64937293057105,-66.70110090331123,70.9706509315449,-97.9732262425746,31.239608963308257,-15.13696561158843,-10.829964084025178,,
1780127653,349639109,right_base_cmd,right_joint_1,right_joint_2,right_joint_3,right_joint_4,right_joint_5,right_joint_6,right_joint_7,-88.64648756116341,-66.71869320430672,70.99296597326705,-97.97394008496038,31.216401509448332,-15.134669791046228,-10.776965181839685,,
1780127653,359607351,right_base_cmd,right_joint_1,right_joint_2,right_joint_3,right_joint_4,right_joint_5,right_joint_6,right_joint_7,-88.6512186253162,-66.73631244325323,71.00831957011698,-97.9717945946921,31.211456343779076,-15.141077432098363,-10.727933964353284,,
1780127653,369608789,right_base_cmd,right_joint_1,right_joint_2,right_joint_3,right_joint_4,right_joint_5,right_joint_6,right_joint_7,-88.69141928775971,-66.7945946806238,71.06154494618406,-97.9921940786992,31.210070175997743,-15.108419183700441,-10.65248266487636,,
1780127653,379486219,right_base_cmd,right_joint_1,right_joint_2,right_joint_3,right_joint_4,right_joint_5,right_joint_6,right_joint_7,-88.71462153012297,-66.85398562525923,71.121154506169,-97.9845007896363,31.22325480834192,-15.061868591294335,-10.579929038786716,,
1780127653,390066490,right_base_cmd,right_joint_1,right_joint_2,right_joint_3,right_joint_4,right_joint_5,right_joint_6,right_joint_7,-88.7366121865895,-66.90573349192552,71.1693497919334,-97.98300627143261,31.230865594394942,-15.013067597380534,-10.53526396534609,,
1780127653,400439252,right_base_cmd,right_joint_1,right_joint_2,right_joint_3,right_joint_4,right_joint_5,right_joint_6,right_joint_7,-88.75414103132604,-66.96038430979236,71.22181207356041,-97.97366477594746,31.234484365786813,-14.951928399252829,-10.49755601497192,,
1780127653,409598925,right_base_cmd,right_joint_1,right_joint_2,right_joint_3,right_joint_4,right_joint_5,right_joint_6,right_joint_7,-88.76365216827097,-67.00642151791324,71.26552523064046,-97.96265198472317,31.237720176673946,-14.887881834273962,-10.475812142833107,,
1780127653,419839854,right_base_cmd,right_joint_1,right_joint_2,right_joint_3,right_joint_4,right_joint_5,right_joint_6,right_joint_7,-88.76894469843157,-67.07325487163997,71.31357055392763,-97.91199038382145,31.21429383524557,-14.823059288654399,-10.462819720545852,,
1780127653,429906533,right_base_cmd,right_joint_1,right_joint_2,right_joint_3,right_joint_4,right_joint_5,right_joint_6,right_joint_7,-88.78974510828212,-67.09960308350612,71.31149495644044,-97.9045579551102,31.203262320354412,-14.781410062378761,-10.507091970412219,,
1780127653,439754275,right_base_cmd,right_joint_1,right_joint_2,right_joint_3,right_joint_4,right_joint_5,right_joint_6,right_joint_7,-88.80719425576083,-67.14153216468095,71.35511682486751,-97.90715066693333,31.190633877416957,-14.712325155777641,-10.511189571147455,,
1780127653,449524808,right_base_cmd,right_joint_1,right_joint_2,right_joint_3,right_joint_4,right_joint_5,right_joint_6,right_joint_7,-88.8297097190381,-67.18024120704145,71.3979076608534,-97.91058014329197,31.17628400823682,-14.652645121719722,-10.515474644900408,,
1780127653,459513206,right_base_cmd,right_joint_1,right_joint_2,right_joint_3,right_joint_4,right_joint_5,right_joint_6,right_joint_7,-88.89488589216134,-67.27119228731921,71.51186001171223,-97.91951982535944,31.14084896200424,-14.560671518600593,-10.444113054875814,,
1780127653,469509857,right_base_cmd,right_joint_1,right_joint_2,right_joint_3,right_joint_4,right_joint_5,right_joint_6,right_joint_7,-88.92202505045091,-67.24657308071632,71.48664913760754,-97.94373053573914,31.173195721104804,-14.535847071218477,-10.480821227835136,,
1780127653,479618282,right_base_cmd,right_joint_1,right_joint_2,right_joint_3,right_joint_4,right_joint_5,right_joint_6,right_joint_7,-88.9302051914332,-67.25284340789058,71.49935035658498,-97.95321101223523,31.193040947582432,-14.482298822156842,-10.471871799639146,,
1780127653,490214226,right_base_cmd,right_joint_1,right_joint_2,right_joint_3,right_joint_4,right_joint_5,right_joint_6,right_joint_7,-88.93490826143326,-67.24145625248748,71.5038728440293,-97.9627097156012,31.214856036139082,-14.44623903228085,-10.472334218529298,,
1780127653,499579285,right_base_cmd,right_joint_1,right_joint_2,right_joint_3,right_joint_4,right_joint_5,right_joint_6,right_joint_7,-88.93917490512112,-67.2398040915909,71.5084780858098,-97.96503909413168,31.223590670189623,-14.40999478346054,-10.461055053763076,,
1780127653,509598838,right_base_cmd,right_joint_1,right_joint_2,right_joint_3,right_joint_4,right_joint_5,right_joint_6,right_joint_7,-88.97526668436095,-67.2298910871162,71.52027854706691,-97.97734438974278,31.226377245579812,-14.378663552136452,-10.445523373247866,,
1780127653,519556308,right_base_cmd,right_joint_1,right_joint_2,right_joint_3,right_joint_4,right_joint_5,right_joint_6,right_joint_7,-88.99739132894294,-67.23607533183356,71.54641648779156,-97.98304579419984,31.2198710075169,-14.32483222878431,-10.427820168377721,,
1780127653,530685280,right_base_cmd,right_joint_1,right_joint_2,right_joint_3,right_joint_4,right_joint_5,right_joint_6,right_joint_7,-89.00259804918434,-67.2454735087069,71.581397371304,-97.97562084923477,31.214475912602126,-14.26270536991239,-10.406731605231144,,
1780127653,539611485,right_base_cmd,right_joint_1,right_joint_2,right_joint_3,right_joint_4,right_joint_5,right_joint_6,right_joint_7,-89.02744258112003,-67.25604524838873,71.60933221963566,-97.98323251889987,31.199366789459276,-14.207147602137631,-10.398422636471722,,
1780127653,549591905,right_base_cmd,right_joint_1,right_joint_2,right_joint_3,right_joint_4,right_joint_5,right_joint_6,right_joint_7,-89.04468180197662,-67.2670452293175,71.6223321256953,-97.98295890057535,31.185106637818222,-14.160905997987463,-10.394089726475457,,
1780127653,559357468,right_base_cmd,right_joint_1,right_joint_2,right_joint_3,right_joint_4,right_joint_5,right_joint_6,right_joint_7,-89.06532422417152,-67.25959207001434,71.60237262807189,-97.97468457093602,31.193450631390903,-14.127635177143638,-10.393085744632643,,
1780127653,569982856,right_base_cmd,right_joint_1,right_joint_2,right_joint_3,right_joint_4,right_joint_5,right_joint_6,right_joint_7,-89.07416892342056,-67.24254406616235,71.58054551299287,-97.983671248779,31.207427710235237,-14.094307991517432,-10.405886456556132,,
1780127653,579864289,right_base_cmd,right_joint_1,right_joint_2,right_joint_3,right_joint_4,right_joint_5,right_joint_6,right_joint_7,-89.08917514809909,-67.2481548828214,71.6004499209669,-97.99840568033444,31.215692495092554,-14.037777635180468,-10.383661401850716,,
1780127653,589694783,right_base_cmd,right_joint_1,right_joint_2,right_joint_3,right_joint_4,right_joint_5,right_joint_6,right_joint_7,-89.10276373634449,-67.24595470231169,71.61055627769898,-98.00005052598523,31.227531277277222,-14.003619025030211,-10.382937891673535,,
1780127653,599687937,right_base_cmd,right_joint_1,right_joint_2,right_joint_3,right_joint_4,right_joint_5,right_joint_6,right_joint_7,-89.12588467683585,-67.243692220207,71.63547380638599,-98.0251830497058,31.24122441003456,-13.959265359226315,-10.392225297844575,,
1780127653,609451726,right_base_cmd,right_joint_1,right_joint_2,right_joint_3,right_joint_4,right_joint_5,right_joint_6,right_joint_7,-89.18584569953848,-67.20754095138905,71.67186806228185,-98.0690531258672,31.274497807161623,-13.946346080594644,-10.456641577295116,,
1780127653,619763299,right_base_cmd,right_joint_1,right_joint_2,right_joint_3,right_joint_4,right_joint_5,right_joint_6,right_joint_7,-89.20760510622196,-67.18505328289935,71.68506073133872,-98.1025118228895,31.290997203360035,-13.930038780956174,-10.556481931836245,,
1780127653,629758535,right_base_cmd,right_joint_1,right_joint_2,right_joint_3,right_joint_4,right_joint_5,right_joint_6,right_joint_7,-89.22451891539268,-67.14391024703237,71.65266693800211,-98.11541687995624,31.30361420868317,-13.963161487130314,-10.700851128867512,,
1780127653,639871216,right_base_cmd,right_joint_1,right_joint_2,right_joint_3,right_joint_4,right_joint_5,right_joint_6,right_joint_7,-89.22631098085051,-67.11442795587273,71.64698968444739,-98.1275921885473,31.307146004967166,-13.980953392519602,-10.829695028120128,,
1780127653,650905175,right_base_cmd,right_joint_1,right_joint_2,right_joint_3,right_joint_4,right_joint_5,right_joint_6,right_joint_7,-89.22703809090743,-67.06609653822404,71.58729026875372,-98.11869001894014,31.30860567736599,-14.054415983037181,-10.980365362994988,,
1780127653,659570340,right_base_cmd,right_joint_1,right_joint_2,right_joint_3,right_joint_4,right_joint_5,right_joint_6,right_joint_7,-89.22375486187698,-67.06928774457567,71.62433050535341,-98.09657676673613,31.276543187236285,-14.087540691588053,-11.063445384135449,,
1780127653,670208213,right_base_cmd,right_joint_1,right_joint_2,right_joint_3,right_joint_4,right_joint_5,right_joint_6,right_joint_7,-89.21618672612735,-67.0182827766027,71.53558789258793,-98.06046853497504,31.264867191315858,-14.20274211801489,-11.224824401276365,,
1780127653,680022144,right_base_cmd,right_joint_1,right_joint_2,right_joint_3,right_joint_4,right_joint_5,right_joint_6,right_joint_7,-89.20519986301142,-67.01561015353651,71.52610624455659,-98.04088446313757,31.24046239034928,-14.234009915765732,-11.312603772644266,,
1780127653,689949422,right_base_cmd,right_joint_1,right_joint_2,right_joint_3,right_joint_4,right_joint_5,right_joint_6,right_joint_7,-89.21371272283264,-66.99303705671385,71.4857708063303,-98.01338268931507,31.223966911362055,-14.300608643510763,-11.410193935879036,,
