1780127633,158634815,right_base_state,right_joint_1,right_joint_2,right_joint_3,right_joint_4,right_joint_5,right_joint_6,right_joint_7,-90.4573,-90.0759,90.0495,-89.926,-0.0582,-0.4935,0.0955,,
1780127633,168674195,right_base_state,right_joint_1,right_joint_2,right_joint_3,right_joint_4,right_joint_5,right_joint_6,right_joint_7,-90.4573,-90.0759,90.0495,-89.926,-0.0583,-0.4934,0.0955,,
1780127633,178778282,right_base_state,right_joint_1,right_joint_2,right_joint_3,right_joint_4,right_joint_5,right_joint_6,right_joint_7,-90.4573,-90.0759,90.0495,-89.926,-0.0583,-0.4934,0.0955,,
1780127633,188756207,right_base_state,right_joint_1,right_joint_2,right_joint_3,right_joint_4,right_joint_5,right_joint_6,right_joint_7,-90.4573,-90.0759,90.0495,-89.926,-0.0583,-0.4935,0.0955,,
1780127633,199106967,right_base_state,right_joint_1,right_joint_2,right_joint_3,right_joint_4,right_joint_5,right_joint_6,right_joint_7,-90.4573,-90.0759,90.0495,-89.926,-0.0583,-0.4935,0.0955,,
1780127633,208843009,right_base_state,right_joint_1,right_joint_2,right_joint_3,right_joint_4,right_joint_5,right_joint_6,right_joint_7,-90.4573,-90.0759,90.0495,-89.926,-0.0582,-0.4934,0.0955,,
1780127633,220062399,right_base_state,right_joint_1,right_joint_2,right_joint_3,right_joint_4,right_joint_5,right_joint_6,right_joint_7,-90.4573,-90.0759,90.0495,-89.926,-0.0582,-0.4935,0.0955,,
1780127633,228886775,right_base_state,right_joint_1,right_joint_2,right_joint_3,right_joint_4,right_joint_5,right_joint_6,right_joint_7,-90.4573,-90.0759,90.0495,-89.926,-0.0582,-0.4934,0.0955,,
1780127633,238850197,right_base_state,right_joint_1,right_joint_2,right_joint_3,right_joint_4,right_joint_5,right_joint_6,right_joint_7,-90.4573,-90.0759,90.0495,-89.926,-0.0583,-0.4934,0.0955,,
1780127633,248895401,right_base_state,right_joint_1,right_joint_2,right_joint_3,right_joint_4,right_joint_5,right_joint_6,right_joint_7,-90.4573,-90.0759,90.0495,-89.926,-0.0582,-0.4934,0.0955,,
1780127633,259476193,right_base_state,right_joint_1,right_joint_2,right_joint_3,right_joint_4,right_joint_5,right_joint_6,right_joint_7,-90.4573,-90.0759,90.0495,-89.926,-0.0582,-0.4935,0.0955,,
1780127633,268782441,right_base_state,right_joint_1,right_joint_2,right_joint_3,right_joint_4,right_joint_5,right_joint_6,right_joint_7,-90.4573,-90.0759,90.0495,-89.926,-0.0582,-0.4934,0.0955,,
1780127633,278824892,right_base_state,right_joint_1,right_joint_2,right_joint_3,right_joint_4,right_joint_5,right_joint_6,right_joint_7,-90.4573,-90.0759,90.0495,-89.926,-0.0582,-0.4935,0.0955,,
1780127633,288765853,right_base_state,right_joint_1,right_joint_2,right_joint_3,right_joint_4,right_joint_5,right_joint_6,right_joint_7,-90.4573,-90.0759,90.0495,-89.926,-0.0582,-0.4935,0.0955,,
1780127633,298835859,right_base_state,right_joint_1,right_joint_2,right_joint_3,right_joint_4,right_joint_5,right_joint_6,right_joint_7,-90.4573,-90.0759,90.0495,-89.926,-0.0583,-0.4935,0.0955,,
1780127633,308820883,right_base_state,right_joint_1,right_joint_2,right_joint_3,right_joint_4,right_joint_5,right_joint_6,right_joint_7,-90.4573,-90.0759,90.0495,-89.926,-0.0582,-0.4935,0.0955,,
1780127633,318787351,right_base_state,right_joint_1,right_joint_2,right_joint_3,right_joint_4,right_joint_5,right_joint_6,right_joint_7,-90.4573,-90.0759,90.0495,-89.926,-0.0583,-0.4935,0.0955,,
1780127633,328741547,right_base_state,right_joint_1,right_joint_2,right_joint_3,right_joint_4,right_joint_5,right_joint_6,right_joint_7,-90.4573,-90.0759,90.0495,-89.926,-0.0583,-0.4934,0.0955,,
1780127633,338817610,right_base_state,right_joint_1,right_joint_2,right_joint_3,right_joint_4,right_joint_5,right_joint_6,right_joint_7,-90.4573,-90.0759,90.0495,-89.926,-0.0583,-0.4935,0.0955,,
1780127633,348741035,right_base_state,right_joint_1,right_joint_2,right_joint_3,right_joint_4,right_joint_5,right_joint_6,right_joint_7,-90.4573,-90.0759,90.0495,-89.926,-0.0583,-0.4934,0.0955,,
1780127633,358800419,right_base_state,right_joint_1,right_joint_2,right_joint_3,right_joint_4,right_joint_5,right_joint_6,right_joint_7,-90.4573,-90.0759,90.0495,-89.926,-0.0582,-0.4934,0.0955,,
1780127633,368745554,right_base_state,right_joint_1,right_joint_2,right_joint_3,right_joint_4,right_joint_5,right_joint_6,right_joint_7,-90.4573,-90.0759,90.0495,-89.926,-0.0583,-0.4935,0.0955,,
1780127633,378812595,right_base_state,right_joint_1,right_joint_2,right_joint_3,right_joint_4,right_joint_5,right_joint_6,right_joint_7,-90.4573,-90.0759,90.0495,-89.926,-0.0582,-0.4935,0.0955,,
1780127633,389058429,right_base_state,right_joint_1,right_joint_2,right_joint_3,right_joint_4,right_joint_5,right_joint_6,right_joint_7,-90.4573,-90.0759,90.0495,-89.926,-0.0583,-0.4935,0.0955,,
1780127633,398726731,right_base_state,right_joint_1,right_joint_2,right_joint_3,right_joint_4,right_joint_5,right_joint_6,right_joint_7,-90.4573,-90.0759,90.0495,-89.926,-0.0582,-0.4935,0.0955,,
1780127633,408863501,right_base_state,right_joint_1,right_joint_2,right_joint_3,right_joint_4,right_joint_5,right_joint_6,right_joint_7,-90.4573,-90.0759,90.0495,-89.926,-0.0582,-0.4934,0.0955,,
1780127633,418685626,right_base_state,right_joint_1,right_joint_2,right_joint_3,right_joint_4,right_joint_5,right_joint_6,right_joint_7,-90.4573,-90.0759,90.0495,-89.926,-0.0582,-0.4934,0.0955,,
1780127633,428980278,right_base_state,right_joint_1,right_joint_2,right_joint_3,right_joint_4,right_joint_5,right_joint_6,right_joint_7,-90.4573,-90.0759,90.0495,-89.926,-0.0582,-0.4934,0.0955,,
1780127633,439062609,right_base_state,right_joint_1,right_joint_2,right_joint_3,right_joint_4,right_joint_5,right_joint_6,right_joint_7,-90.4573,-90.0759,90.0495,-89.926,-0.0583,-0.4934,0.0955,,
1780127633,448928756,right_base_state,right_joint_1,right_joint_2,right_joint_3,right_joint_4,right_joint_5,right_joint_6,right_joint_7,-90.4573,-90.0759,90.0495,-89.926,-0.0583,-0.4935,0.0955,,
1780127633,458699238,right_base_state,right_joint_1,right_joint_2,right_joint_3,right_joint_4,right_joint_5,right_joint_6,right_joint_7,-90.4573,-90.0759,90.0495,-89.926,-0.0582,-0.4934,0.0955,,
1780127633,468962596,right_base_state,right_joint_1,right_joint_2,right_joint_3,right_joint_4,right_joint_5,right_joint_6,right_joint_7,-90.4573,-90.0759,90.0495,-89.926,-0.0583,-0.4935,0.0955,,
1780127633,478928458,right_base_state,right_joint_1,right_joint_2,right_joint_3,right_joint_4,right_joint_5,right_joint_6,right_joint_7,-90.4573,-90.0759,90.0495,-89.926,-0.0582,-0.4935,0.0955,,
1780127633,488789408,right_base_state,right_joint_1,right_joint_2,right_joint_3,right_joint_4,right_joint_5,right_joint_6,right_joint_7,-90.4573,-90.0759,90.0495,-89.926,-0.0583,-0.4935,0.0955,,
1780127633,498729655,right_base_state,right_joint_1,right_joint_2,right_joint_3,right_joint_4,right_joint_5,right_joint_6,right_joint_7,-90.4573,-90.0759,90.0495,-89.926,-0.0582,-0.4935,0.0955,,
1780127633,508758212,right_base_state,right_joint_1,right_joint_2,right_joint_3,right_joint_4,right_joint_5,right_joint_6,right_joint_7,-90.4573,-90.0759,90.0495,-89.926,-0.0582,-0.4935,0.0955,,
1780127633,518798793,right_base_state,right_joint_1,right_joint_2,right_joint_3,right_joint_4,right_joint_5,right_joint_6,right_joint_7,-90.4573,-90.0759,90.0495,-89.926,-0.0583,-0.4934,0.0955,,
1780127633,528758710,right_base_state,right_joint_1,right_joint_2,right_joint_3,right_joint_4,right_joint_5,right_joint_6,right_joint_7,-90.4573,-90.0759,90.0495,-89.926,-0.0582,-0.4934,0.0955,,
1780127633,538836148,right_base_state,right_joint_1,right_joint_2,right_joint_3,right_joint_4,right_joint_5,right_joint_6,right_joint_7,-90.4573,-90.0759,90.0495,-89.926,-0.0583,-0.4935,0.0955,,
1780127633,548904342,right_base_state,right_joint_1,right_joint_2,right_joint_3,right_joint_4,right_joint_5,right_joint_6,right_joint_7,-90.4573,-90.0759,90.0495,-89.926,-0.0583,-0.4935,0.0955,,
1780127633,558706248,right_base_state,right_joint_1,right_joint_2,right_joint_3,right_joint_4,right_joint_5,right_joint_6,right_joint_7,-90.4573,-90.0759,90.0495,-89.926,-0.0582,-0.4935,0.0955,,
1780127633,568984222,right_base_state,right_joint_1,right_joint_2,right_joint_3,right_joint_4,right_joint_5,right_joint_6,right_joint_7,-90.4573,-90.0759,90.0495,-89.926,-0.0583,-0.4934,0.0955,,
1780127633,578833404,right_base_state,right_joint_1,right_joint_2,right_joint_3,right_joint_4,right_joint_5,right_joint_6,right_joint_7,-90.4573,-90.0759,90.0495,-89.926,-0.0582,-0.4934,0.0955,,
1780127633,589010706,right_base_state,right_joint_1,right_joint_2,right_joint_3,right_joint_4,right_joint_5,right_joint_6,right_joint_7,-90.4573,-90.0759,90.0495,-89.926,-0.0582,-0.4935,0.0955,,
1780127633,599000108,right_base_state,right_joint_1,right_joint_2,right_joint_3,right_joint_4,right_joint_5,right_joint_6,right_joint_7,-90.4573,-90.0759,90.0495,-89.926,-0.0583,-0.4935,0.0955,,
1780127633,608689367,right_base_state,right_joint_1,right_joint_2,right_joint_3,right_joint_4,right_joint_5,right_joint_6,right_joint_7,-90.4573,-90.0759,90.0495,-89.926,-0.0583,-0.4935,0.0955,,
1780127633,618754771,right_base_state,right_joint_1,right_joint_2,right_joint_3,right_joint_4,right_joint_5,right_joint_6,right_joint_7,-90.4573,-90.0759,90.0495,-89.926,-0.0582,-0.4935,0.0955,,
1780127633,628811213,right_base_state,right_joint_1,right_joint_2,right_joint_3,right_joint_4,right_joint_5,right_joint_6,right_joint_7,-90.4573,-90.0759,90.0495,-89.926,-0.0583,-0.4935,0.0955,,
1780127633,638796195,right_base_state,right_joint_1,right_joint_2,right_joint_3,right_joint_4,right_joint_5,right_joint_6,right_joint_7,-90.4573,-90.0759,90.0495,-89.926,-0.0582,-0.4935,0.0955,,
1780127633,648830838,right_base_state,right_joint_1,right_joint_2,right_joint_3,right_joint_4,right_joint_5,right_joint_6,right_joint_7,-90.4573,-90.0759,90.0495,-89.926,-0.0582,-0.4935,0.0955,,
1780127633,658675800,right_base_state,right_joint_1,right_joint_2,right_joint_3,right_joint_4,right_joint_5,right_joint_6,right_joint_7,-90.4573,-90.0759,90.0495,-89.926,-0.0583,-0.4935,0.0955,,
1780127633,668902250,right_base_state,right_joint_1,right_joint_2,right_joint_3,right_joint_4,right_joint_5,right_joint_6,right_joint_7,-90.4573,-90.0759,90.0495,-89.926,-0.0582,-0.4935,0.0955,,
1780127633,678988781,right_base_state,right_joint_1,right_joint_2,right_joint_3,right_joint_4,right_joint_5,right_joint_6,right_joint_7,-90.4573,-90.0759,90.0495,-89.926,-0.0582,-0.4935,0.0955,,
1780127633,688706599,right_base_state,right_joint_1,right_joint_2,right_joint_3,right_joint_4,right_joint_5,right_joint_6,right_joint_7,-90.4573,-90.0759,90.0495,-89.926,-0.0583,-0.4934,0.0955,,
1780127633,698953284,right_base_state,right_joint_1,right_joint_2,right_joint_3,right_joint_4,right_joint_5,right_joint_6,right_joint_7,-90.4573,-90.0759,90.0495,-89.926,-0.0582,-0.4935,0.0955,,
1780127633,708818501,right_base_state,right_joint_1,right_joint_2,right_joint_3,right_joint_4,right_joint_5,right_joint_6,right_joint_7,-90.4573,-90.0759,90.0495,-89.926,-0.0583,-0.4934,0.0955,,
1780127633,718902049,right_base_state,right_joint_1,right_joint_2,right_joint_3,right_joint_4,right_joint_5,right_joint_6,right_joint_7,-90.4573,-90.0759,90.0495,-89.926,-0.0583,-0.4935,0.0955,,
1780127633,728941256,right_base_state,right_joint_1,right_joint_2,right_joint_3,right_joint_4,right_joint_5,right_joint_6,right_joint_7,-90.4573,-90.0759,90.0495,-89.926,-0.0583,-0.4935,0.0955,,
1780127633,738944197,right_base_state,right_joint_1,right_joint_2,right_joint_3,right_joint_4,right_joint_5,right_joint_6,right_joint_7,-90.4573,-90.0759,90.0495,-89.926,-0.0582,-0.4935,0.0955,,
1780127633,748839949,right_base_state,right_joint_1,right_joint_2,right_joint_3,right_joint_4,right_joint_5,right_joint_6,right_joint_7,-90.4573,-90.0759,90.0495,-89.926,-0.0583,-0.4935,0.0955,,
1780127633,758686189,right_base_state,right_joint_1,right_joint_2,right_joint_3,right_joint_4,right_joint_5,right_joint_6,right_joint_7,-90.4573,-90.0759,90.0495,-89.926,-0.0583,-0.4934,0.0955,,
1780127633,768872574,right_base_state,right_joint_1,right_joint_2,right_joint_3,right_joint_4,right_joint_5,right_joint_6,right_joint_7,-90.4573,-90.0759,90.0495,-89.926,-0.0582,-0.4934,0.0955,,
1780127633,778748517,right_base_state,right_joint_1,right_joint_2,right_joint_3,right_joint_4,right_joint_5,right_joint_6,right_joint_7,-90.4573,-90.0759,90.0495,-89.926,-0.0582,-0.4934,0.0955,,
1780127633,788834095,right_base_state,right_joint_1,right_joint_2,right_joint_3,right_joint_4,right_joint_5,right_joint_6,right_joint_7,-90.4573,-90.0759,90.0495,-89.926,-0.0583,-0.4934,0.0955,,
1780127633,798771642,right_base_state,right_joint_1,right_joint_2,right_joint_3,right_joint_4,right_joint_5,right_joint_6,right_joint_7,-90.4573,-90.0759,90.0495,-89.926,-0.0582,-0.4935,0.0955,,
1780127633,808688572,right_base_state,right_joint_1,right_joint_2,right_joint_3,right_joint_4,right_joint_5,right_joint_6,right_joint_7,-90.4573,-90.0759,90.0495,-89.926,-0.0582,-0.4935,0.0955,,
1780127633,818934136,right_base_state,right_joint_1,right_joint_2,right_joint_3,right_joint_4,right_joint_5,right_joint_6,right_joint_7,-90.4573,-90.0759,90.0495,-89.926,-0.0582,-0.4935,0.0955,,
1780127633,828724020,right_base_state,right_joint_1,right_joint_2,right_joint_3,right_joint_4,right_joint_5,right_joint_6,right_joint_7,-90.4573,-90.0759,90.0495,-89.926,-0.0582,-0.4935,0.0955,,
1780127633,838847698,right_base_state,right_joint_1,right_joint_2,right_joint_3,right_joint_4,right_joint_5,right_joint_6,right_joint_7,-90.4573,-90.0759,90.0495,-89.926,-0.0583,-0.4934,0.0955,,
1780127633,848778125,right_base_state,right_joint_1,right_joint_2,right_joint_3,right_joint_4,right_joint_5,right_joint_6,right_joint_7,-90.4573,-90.0759,90.0495,-89.926,-0.0583,-0.4935,0.0955,,
1780127633,860807986,right_base_state,right_joint_1,right_joint_2,right_joint_3,right_joint_4,right_joint_5,right_joint_6,right_joint_7,-90.4573,-90.0759,90.0495,-89.926,-0.0582,-0.4935,0.0955,,
1780127633,868690115,right_base_state,right_joint_1,right_joint_2,right_joint_3,right_joint_4,right_joint_5,right_joint_6,right_joint_7,-90.4573,-90.0759,90.0495,-89.926,-0.0582,-0.4935,0.0955,,
1780127633,878709912,right_base_state,right_joint_1,right_joint_2,right_joint_3,right_joint_4,right_joint_5,right_joint_6,right_joint_7,-90.4573,-90.0759,90.0495,-89.926,-0.0583,-0.4935,0.0955,,
1780127633,888743272,right_base_state,right_joint_1,right_joint_2,right_joint_3,right_joint_4,right_joint_5,right_joint_6,right_joint_7,-90.4573,-90.0759,90.0495,-89.926,-0.0583,-0.4935,0.0955,,
1780127633,898724937,right_base_state,right_joint_1,right_joint_2,right_joint_3,right_joint_4,right_joint_5,right_joint_6,right_joint_7,-90.4573,-90.0759,90.0495,-89.926,-0.0582,-0.4934,0.0955,,
1780127633,908678803,right_base_state,right_joint_1,right_joint_2,right_joint_3,right_joint_4,right_joint_5,right_joint_6,right_joint_7,-90.4573,-90.0759,90.0495,-89.926,-0.0582,-0.4935,0.0955,,
1780127633,919542519,right_base_state,right_joint_1,right_joint_2,right_joint_3,right_joint_4,right_joint_5,right_joint_6,right_joint_7,-90.4573,-90.0759,90.0495,-89.926,-0.0582,-0.4935,0.0955,,
1780127633,928912413,right_base_state,right_joint_1,right_joint_2,right_joint_3,right_joint_4,right_joint_5,right_joint_6,right_joint_7,-90.4573,-90.0759,90.0495,-89.926,-0.0583,-0.4934,0.0955,,
1780127633,938834264,right_base_state,right_joint_1,right_joint_2,right_joint_3,right_joint_4,right_joint_5,right_joint_6,right_joint_7,-90.4573,-90.0759,90.0495,-89.926,-0.0582,-0.4935,0.0955,,
1780127633,949203589,right_base_state,right_joint_1,right_joint_2,right_joint_3,right_joint_4,right_joint_5,right_joint_6,right_joint_7,-90.4573,-90.0759,90.0495,-89.926,-0.0583,-0.4935,0.0955,,
1780127633,959404692,right_base_state,right_joint_1,right_joint_2,right_joint_3,right_joint_4,right_joint_5,right_joint_6,right_joint_7,-90.4573,-90.0759,90.0495,-89.926,-0.0582,-0.4935,0.0955,,
1780127633,968808139,right_base_state,right_joint_1,right_joint_2,right_joint_3,right_joint_4,right_joint_5,right_joint_6,right_joint_7,-90.4573,-90.0759,90.0495,-89.926,-0.0583,-0.4934,0.0955,,
1780127633,978874848,right_base_state,right_joint_1,right_joint_2,right_joint_3,right_joint_4,right_joint_5,right_joint_6,right_joint_7,-90.4573,-90.0759,90.0495,-89.926,-0.0583,-0.4935,0.0955,,
1780127633,988798956,right_base_state,right_joint_1,right_joint_2,right_joint_3,right_joint_4,right_joint_5,right_joint_6,right_joint_7,-90.4573,-90.0759,90.0495,-89.926,-0.0583,-0.4934,0.0955,,
1780127633,999025316,right_base_state,right_joint_1,right_joint_2,right_joint_3,right_joint_4,right_joint_5,right_joint_6,right_joint_7,-90.4573,-90.0759,90.0495,-89.926,-0.0583,-0.4935,0.0955,,
1780127634,8892177,right_base_state,right_joint_1,right_joint_2,right_joint_3,right_joint_4,right_joint_5,right_joint_6,right_joint_7,-90.4573,-90.0759,90.0495,-89.926,-0.0582,-0.4935,0.0955,,
1780127634,18863437,right_base_state,right_joint_1,right_joint_2,right_joint_3,right_joint_4,right_joint_5,right_joint_6,right_joint_7,-90.4573,-90.0759,90.0495,-89.926,-0.0582,-0.4935,0.0955,,
1780127634,28776081,right_base_state,right_joint_1,right_joint_2,right_joint_3,right_joint_4,right_joint_5,right_joint_6,right_joint_7,-90.4573,-90.0759,90.0495,-89.926,-0.0582,-0.4935,0.0955,,
1780127634,38768393,right_base_state,right_joint_1,right_joint_2,right_joint_3,right_joint_4,right_joint_5,right_joint_6,right_joint_7,-90.4573,-90.0759,90.0495,-89.926,-0.0582,-0.4935,0.0955,,
1780127634,49750600,right_base_state,right_joint_1,right_joint_2,right_joint_3,right_joint_4,right_joint_5,right_joint_6,right_joint_7,-90.4573,-90.0759,90.0495,-89.926,-0.0583,-0.4935,0.0955,,
1780127634,58670177,right_base_state,right_joint_1,right_joint_2,right_joint_3,right_joint_4,right_joint_5,right_joint_6,right_joint_7,-90.4573,-90.0759,90.0495,-89.926,-0.0582,-0.4934,0.0955,,
1780127634,68710866,right_base_state,right_joint_1,right_joint_2,right_joint_3,right_joint_4,right_joint_5,right_joint_6,right_joint_7,-90.4573,-90.0759,90.0495,-89.926,-0.0583,-0.4935,0.0955,,
1780127634,78726453,right_base_state,right_joint_1,right_joint_2,right_joint_3,right_joint_4,right_joint_5,right_joint_6,right_joint_7,-90.4573,-90.0759,90.0495,-89.926,-0.0583,-0.4935,0.0955,,
1780127634,89231299,right_base_state,right_joint_1,right_joint_2,right_joint_3,right_joint_4,right_joint_5,right_joint_6,right_joint_7,-90.4573,-90.0759,90.0495,-89.926,-0.0583,-0.4934,0.0955,,
1780127634,98831955,right_base_state,right_joint_1,right_joint_2,right_joint_3,right_joint_4,right_joint_5,right_joint_6,right_joint_7,-90.4573,-90.0759,90.0495,-89.926,-0.0583,-0.4935,0.0955,,
1780127634,108867294,right_base_state,right_joint_1,right_joint_2,right_joint_3,right_joint_4,right_joint_5,right_joint_6,right_joint_7,-90.4573,-90.0759,90.0495,-89.926,-0.0582,-0.4935,0.0955,,
1780127634,119533298,right_base_state,right_joint_1,right_joint_2,right_joint_3,right_joint_4,right_joint_5,right_joint_6,right_joint_7,-90.4573,-90.0759,90.0495,-89.926,-0.0582,-0.4934,0.0955,,
1780127634,128894884,right_base_state,right_joint_1,right_joint_2,right_joint_3,right_joint_4,right_joint_5,right_joint_6,right_joint_7,-90.4573,-90.0759,90.0495,-89.926,-0.0583,-0.4935,0.0955,,
1780127634,138780889,right_base_state,right_joint_1,right_joint_2,right_joint_3,right_joint_4,right_joint_5,right_joint_6,right_joint_7,-90.4573,-90.0759,90.0495,-89.926,-0.0583,-0.4935,0.0955,,
1780127634,148718790,right_base_state,right_joint_1,right_joint_2,right_joint_3,right_joint_4,right_joint_5,right_joint_6,right_joint_7,-90.4573,-90.0759,90.0495,-89.926,-0.0582,-0.4935,0.0955,,
1780127634,158688219,right_base_state,right_joint_1,right_joint_2,right_joint_3,right_joint_4,right_joint_5,right_joint_6,right_joint_7,-90.4573,-90.0759,90.0495,-89.926,-0.0582,-0.4935,0.0955,,
1780127634,168905974,right_base_state,right_joint_1,right_joint_2,right_joint_3,right_joint_4,right_joint_5,right_joint_6,right_joint_7,-90.4573,-90.0759,90.0495,-89.926,-0.0583,-0.4935,0.0955,,
1780127634,178992530,right_base_state,right_joint_1,right_joint_2,right_joint_3,right_joint_4,right_joint_5,right_joint_6,right_joint_7,-90.4573,-90.0759,90.0495,-89.926,-0.0582,-0.4934,0.0955,,
1780127634,189005064,right_base_state,right_joint_1,right_joint_2,right_joint_3,right_joint_4,right_joint_5,right_joint_6,right_joint_7,-90.4573,-90.0759,90.0495,-89.926,-0.0583,-0.4934,0.0955,,
1780127634,198801151,right_base_state,right_joint_1,right_joint_2,right_joint_3,right_joint_4,right_joint_5,right_joint_6,right_joint_7,-90.4573,-90.0759,90.0495,-89.926,-0.0583,-0.4935,0.0955,,
1780127634,208721961,right_base_state,right_joint_1,right_joint_2,right_joint_3,right_joint_4,right_joint_5,right_joint_6,right_joint_7,-90.4573,-90.0759,90.0495,-89.926,-0.0582,-0.4934,0.0955,,
1780127634,218714333,right_base_state,right_joint_1,right_joint_2,right_joint_3,right_joint_4,right_joint_5,right_joint_6,right_joint_7,-90.4573,-90.0759,90.0495,-89.926,-0.0583,-0.4935,0.0955,,
1780127634,228886561,right_base_state,right_joint_1,right_joint_2,right_joint_3,right_joint_4,right_joint_5,right_joint_6,right_joint_7,-90.4573,-90.0759,90.0495,-89.926,-0.0582,-0.4934,0.0955,,
1780127634,238775125,right_base_state,right_joint_1,right_joint_2,right_joint_3,right_joint_4,right_joint_5,right_joint_6,right_joint_7,-90.4573,-90.0759,90.0495,-89.926,-0.0583,-0.4935,0.0955,,
1780127634,249065849,right_base_state,right_joint_1,right_joint_2,right_joint_3,right_joint_4,right_joint_5,right_joint_6,right_joint_7,-90.4573,-90.0759,90.0495,-89.926,-0.0583,-0.4934,0.0955,,
1780127634,259009829,right_base_state,right_joint_1,right_joint_2,right_joint_3,right_joint_4,right_joint_5,right_joint_6,right_joint_7,-90.4573,-90.0759,90.0495,-89.926,-0.0582,-0.4935,0.0955,,
1780127634,268721843,right_base_state,right_joint_1,right_joint_2,right_joint_3,right_joint_4,right_joint_5,right_joint_6,right_joint_7,-90.4573,-90.0759,90.0495,-89.926,-0.0583,-0.4935,0.0955,,
1780127634,280622169,right_base_state,right_joint_1,right_joint_2,right_joint_3,right_joint_4,right_joint_5,right_joint_6,right_joint_7,-90.4573,-90.0759,90.0495,-89.9261,-0.0583,-0.4935,0.0955,,
1780127634,288892014,right_base_state,right_joint_1,right_joint_2,right_joint_3,right_joint_4,right_joint_5,right_joint_6,right_joint_7,-90.4573,-90.0759,90.0495,-89.926,-0.0583,-0.4935,0.0955,,
1780127634,298869054,right_base_state,right_joint_1,right_joint_2,right_joint_3,right_joint_4,right_joint_5,right_joint_6,right_joint_7,-90.4573,-90.0759,90.0495,-89.926,-0.0582,-0.4935,0.0955,,
1780127634,308722500,right_base_state,right_joint_1,right_joint_2,right_joint_3,right_joint_4,right_joint_5,right_joint_6,right_joint_7,-90.4573,-90.0759,90.0495,-89.926,-0.0582,-0.4935,0.0955,,
1780127634,320195409,right_base_state,right_joint_1,right_joint_2,right_joint_3,right_joint_4,right_joint_5,right_joint_6,right_joint_7,-90.4573,-90.0759,90.0495,-89.926,-0.0582,-0.4934,0.0955,,
1780127634,328809386,right_base_state,right_joint_1,right_joint_2,right_joint_3,right_joint_4,right_joint_5,right_joint_6,right_joint_7,-90.4573,-90.0759,90.0495,-89.926,-0.0582,-0.4934,0.0955,,
1780127634,338900890,right_base_state,right_joint_1,right_joint_2,right_joint_3,right_joint_4,right_joint_5,right_joint_6,right_joint_7,-90.4573,-90.0759,90.0495,-89.926,-0.0582,-0.4934,0.0955,,
1780127634,348863299,right_base_state,right_joint_1,right_joint_2,right_joint_3,right_joint_4,right_joint_5,right_joint_6,right_joint_7,-90.4573,-90.0759,90.0495,-89.926,-0.0582,-0.4935,0.0955,,
1780127634,358702434,right_base_state,right_joint_1,right_joint_2,right_joint_3,right_joint_4,right_joint_5,right_joint_6,right_joint_7,-90.4573,-90.0759,90.0495,-89.926,-0.0582,-0.4934,0.0955,,
1780127634,369028343,right_base_state,right_joint_1,right_joint_2,right_joint_3,right_joint_4,right_joint_5,right_joint_6,right_joint_7,-90.4573,-90.0759,90.0495,-89.926,-0.0582,-0.4935,0.0955,,
1780127634,378705525,right_base_state,right_joint_1,right_joint_2,right_joint_3,right_joint_4,right_joint_5,right_joint_6,right_joint_7,-90.4573,-90.0759,90.0495,-89.926,-0.0582,-0.4934,0.0955,,
1780127634,388776364,right_base_state,right_joint_1,right_joint_2,right_joint_3,right_joint_4,right_joint_5,right_joint_6,right_joint_7,-90.4573,-90.0759,90.0495,-89.926,-0.0582,-0.4934,0.0955,,
1780127634,398911070,right_base_state,right_joint_1,right_joint_2,right_joint_3,right_joint_4,right_joint_5,right_joint_6,right_joint_7,-90.4573,-90.0759,90.0495,-89.926,-0.0582,-0.4935,0.0955,,
1780127634,408678787,right_base_state,right_joint_1,right_joint_2,right_joint_3,right_joint_4,right_joint_5,right_joint_6,right_joint_7,-90.4573,-90.0759,90.0495,-89.926,-0.0583,-0.4934,0.0955,,
1780127634,418768852,right_base_state,right_joint_1,right_joint_2,right_joint_3,right_joint_4,right_joint_5,right_joint_6,right_joint_7,-90.4573,-90.0759,90.0495,-89.926,-0.0583,-0.4935,0.0955,,
1780127634,428705996,right_base_state,right_joint_1,right_joint_2,right_joint_3,right_joint_4,right_joint_5,right_joint_6,right_joint_7,-90.4573,-90.0759,90.0495,-89.926,-0.0582,-0.4935,0.0955,,
1780127634,438890378,right_base_state,right_joint_1,right_joint_2,right_joint_3,right_joint_4,right_joint_5,right_joint_6,right_joint_7,-90.4573,-90.0759,90.0495,-89.926,-0.0583,-0.4934,0.0955,,
1780127634,448797831,right_base_state,right_joint_1,right_joint_2,right_joint_3,right_joint_4,right_joint_5,right_joint_6,right_joint_7,-90.4573,-90.0759,90.0495,-89.926,-0.0582,-0.4934,0.0955,,
1780127634,458741045,right_base_state,right_joint_1,right_joint_2,right_joint_3,right_joint_4,right_joint_5,right_joint_6,right_joint_7,-90.4573,-90.0759,90.0495,-89.926,-0.0583,-0.4935,0.0955,,
1780127634,468782431,right_base_state,right_joint_1,right_joint_2,right_joint_3,right_joint_4,right_joint_5,right_joint_6,right_joint_7,-90.4573,-90.0759,90.0495,-89.926,-0.0583,-0.4934,0.0955,,
1780127634,478792792,right_base_state,right_joint_1,right_joint_2,right_joint_3,right_joint_4,right_joint_5,right_joint_6,right_joint_7,-90.4573,-90.0759,90.0495,-89.926,-0.0582,-0.4934,0.0955,,
1780127634,488896446,right_base_state,right_joint_1,right_joint_2,right_joint_3,right_joint_4,right_joint_5,right_joint_6,right_joint_7,-90.4573,-90.0759,90.0495,-89.926,-0.0583,-0.4934,0.0955,,
1780127634,498804174,right_base_state,right_joint_1,right_joint_2,right_joint_3,right_joint_4,right_joint_5,right_joint_6,right_joint_7,-90.4573,-90.0759,90.0495,-89.926,-0.0582,-0.4935,0.0955,,
1780127634,508843821,right_base_state,right_joint_1,right_joint_2,right_joint_3,right_joint_4,right_joint_5,right_joint_6,right_joint_7,-90.4573,-90.0759,90.0495,-89.926,-0.0582,-0.4935,0.0955,,
1780127634,518726765,right_base_state,right_joint_1,right_joint_2,right_joint_3,right_joint_4,right_joint_5,right_joint_6,right_joint_7,-90.4573,-90.0759,90.0495,-89.926,-0.0582,-0.4935,0.0955,,
1780127634,528808015,right_base_state,right_joint_1,right_joint_2,right_joint_3,right_joint_4,right_joint_5,right_joint_6,right_joint_7,-90.4573,-90.0759,90.0495,-89.926,-0.0583,-0.4934,0.0955,,
1780127634,538939098,right_base_state,right_joint_1,right_joint_2,right_joint_3,right_joint_4,right_joint_5,right_joint_6,right_joint_7,-90.4573,-90.0759,90.0495,-89.926,-0.0582,-0.4935,0.0955,,
1780127634,548936345,right_base_state,right_joint_1,right_joint_2,right_joint_3,right_joint_4,right_joint_5,right_joint_6,right_joint_7,-90.4573,-90.0759,90.0495,-89.926,-0.0582,-0.4935,0.0955,,
1780127634,558902436,right_base_state,right_joint_1,right_joint_2,right_joint_3,right_joint_4,right_joint_5,right_joint_6,right_joint_7,-90.4573,-90.0759,90.0495,-89.926,-0.0582,-0.4935,0.0955,,
1780127634,568885000,right_base_state,right_joint_1,right_joint_2,right_joint_3,right_joint_4,right_joint_5,right_joint_6,right_joint_7,-90.4573,-90.0759,90.0495,-89.926,-0.0582,-0.4935,0.0955,,
1780127634,579037441,right_base_state,right_joint_1,right_joint_2,right_joint_3,right_joint_4,right_joint_5,right_joint_6,right_joint_7,-90.4573,-90.0759,90.0495,-89.926,-0.0582,-0.4934,0.0955,,
1780127634,588948942,right_base_state,right_joint_1,right_joint_2,right_joint_3,right_joint_4,right_joint_5,right_joint_6,right_joint_7,-90.4573,-90.0759,90.0495,-89.926,-0.0582,-0.4935,0.0955,,
1780127634,598862004,right_base_state,right_joint_1,right_joint_2,right_joint_3,right_joint_4,right_joint_5,right_joint_6,right_joint_7,-90.4573,-90.0759,90.0495,-89.926,-0.0583,-0.4935,0.0955,,
1780127634,608670541,right_base_state,right_joint_1,right_joint_2,right_joint_3,right_joint_4,right_joint_5,right_joint_6,right_joint_7,-90.4573,-90.0759,90.0495,-89.926,-0.0583,-0.4935,0.0955,,
1780127634,618751023,right_base_state,right_joint_1,right_joint_2,right_joint_3,right_joint_4,right_joint_5,right_joint_6,right_joint_7,-90.4573,-90.0759,90.0495,-89.926,-0.0582,-0.4935,0.0955,,
1780127634,629028858,right_base_state,right_joint_1,right_joint_2,right_joint_3,right_joint_4,right_joint_5,right_joint_6,right_joint_7,-90.4573,-90.0759,90.0495,-89.926,-0.0582,-0.4935,0.0955,,
1780127634,639012596,right_base_state,right_joint_1,right_joint_2,right_joint_3,right_joint_4,right_joint_5,right_joint_6,right_joint_7,-90.4573,-90.0759,90.0495,-89.926,-0.0582,-0.4935,0.0955,,
1780127634,648753610,right_base_state,right_joint_1,right_joint_2,right_joint_3,right_joint_4,right_joint_5,right_joint_6,right_joint_7,-90.4573,-90.0759,90.0495,-89.926,-0.0583,-0.4935,0.0955,,
1780127634,658832784,right_base_state,right_joint_1,right_joint_2,right_joint_3,right_joint_4,right_joint_5,right_joint_6,right_joint_7,-90.4573,-90.0759,90.0495,-89.926,-0.0582,-0.4935,0.0955,,
1780127634,668929948,right_base_state,right_joint_1,right_joint_2,right_joint_3,right_joint_4,right_joint_5,right_joint_6,right_joint_7,-90.4573,-90.0759,90.0495,-89.926,-0.0582,-0.4935,0.0955,,
1780127634,678878127,right_base_state,right_joint_1,right_joint_2,right_joint_3,right_joint_4,right_joint_5,right_joint_6,right_joint_7,-90.4573,-90.0759,90.0495,-89.926,-0.0582,-0.4934,0.0955,,
1780127634,689137029,right_base_state,right_joint_1,right_joint_2,right_joint_3,right_joint_4,right_joint_5,right_joint_6,right_joint_7,-90.4573,-90.0759,90.0495,-89.926,-0.0582,-0.4934,0.0955,,
1780127634,699095885,right_base_state,right_joint_1,right_joint_2,right_joint_3,right_joint_4,right_joint_5,right_joint_6,right_joint_7,-90.4573,-90.0759,90.0495,-89.926,-0.0582,-0.4935,0.0955,,
1780127634,708933302,right_base_state,right_joint_1,right_joint_2,right_joint_3,right_joint_4,right_joint_5,right_joint_6,right_joint_7,-90.4573,-90.0759,90.0495,-89.926,-0.0582,-0.4935,0.0955,,
1780127634,719108550,right_base_state,right_joint_1,right_joint_2,right_joint_3,right_joint_4,right_joint_5,right_joint_6,right_joint_7,-90.4573,-90.0759,90.0495,-89.926,-0.0582,-0.4935,0.0955,,
1780127634,728715044,right_base_state,right_joint_1,right_joint_2,right_joint_3,right_joint_4,right_joint_5,right_joint_6,right_joint_7,-90.4573,-90.0759,90.0495,-89.926,-0.0582,-0.4934,0.0955,,
1780127634,739089538,right_base_state,right_joint_1,right_joint_2,right_joint_3,right_joint_4,right_joint_5,right_joint_6,right_joint_7,-90.4573,-90.0759,90.0495,-89.926,-0.0583,-0.4935,0.0955,,
1780127634,749011517,right_base_state,right_joint_1,right_joint_2,right_joint_3,right_joint_4,right_joint_5,right_joint_6,right_joint_7,-90.4573,-90.0759,90.0495,-89.926,-0.0583,-0.4935,0.0955,,
1780127634,758702589,right_base_state,right_joint_1,right_joint_2,right_joint_3,right_joint_4,right_joint_5,right_joint_6,right_joint_7,-90.4573,-90.0759,90.0495,-89.926,-0.0583,-0.4935,0.0955,,
1780127634,768777715,right_base_state,right_joint_1,right_joint_2,right_joint_3,right_joint_4,right_joint_5,right_joint_6,right_joint_7,-90.4573,-90.0759,90.0495,-89.926,-0.0582,-0.4934,0.0955,,
1780127634,778768616,right_base_state,right_joint_1,right_joint_2,right_joint_3,right_joint_4,right_joint_5,right_joint_6,right_joint_7,-90.4573,-90.0759,90.0495,-89.926,-0.0582,-0.4935,0.0955,,
1780127634,788837245,right_base_state,right_joint_1,right_joint_2,right_joint_3,right_joint_4,right_joint_5,right_joint_6,right_joint_7,-90.4573,-90.0759,90.0495,-89.926,-0.0583,-0.4935,0.0955,,
1780127634,798857714,right_base_state,right_joint_1,right_joint_2,right_joint_3,right_joint_4,right_joint_5,right_joint_6,right_joint_7,-90.4573,-90.0759,90.0495,-89.926,-0.0582,-0.4935,0.0955,,
1780127634,808876153,right_base_state,right_joint_1,right_joint_2,right_joint_3,right_joint_4,right_joint_5,right_joint_6,right_joint_7,-90.4573,-90.0759,90.0495,-89.926,-0.0582,-0.4935,0.0955,,
1780127634,818846649,right_base_state,right_joint_1,right_joint_2,right_joint_3,right_joint_4,right_joint_5,right_joint_6,right_joint_7,-90.4573,-90.0759,90.0495,-89.926,-0.0583,-0.4935,0.0955,,
1780127634,828751031,right_base_state,right_joint_1,right_joint_2,right_joint_3,right_joint_4,right_joint_5,right_joint_6,right_joint_7,-90.4573,-90.0759,90.0495,-89.926,-0.0582,-0.4935,0.0955,,
1780127634,838774824,right_base_state,right_joint_1,right_joint_2,right_joint_3,right_joint_4,right_joint_5,right_joint_6,right_joint_7,-90.4573,-90.0759,90.0495,-89.926,-0.0583,-0.4934,0.0955,,
1780127634,849038658,right_base_state,right_joint_1,right_joint_2,right_joint_3,right_joint_4,right_joint_5,right_joint_6,right_joint_7,-90.4573,-90.0759,90.0495,-89.926,-0.0582,-0.4935,0.0955,,
1780127634,858667886,right_base_state,right_joint_1,right_joint_2,right_joint_3,right_joint_4,right_joint_5,right_joint_6,right_joint_7,-90.4573,-90.0759,90.0495,-89.926,-0.0583,-0.4935,0.0955,,
1780127634,868719848,right_base_state,right_joint_1,right_joint_2,right_joint_3,right_joint_4,right_joint_5,right_joint_6,right_joint_7,-90.4573,-90.0759,90.0495,-89.926,-0.0583,-0.4935,0.0955,,
1780127634,878863601,right_base_state,right_joint_1,right_joint_2,right_joint_3,right_joint_4,right_joint_5,right_joint_6,right_joint_7,-90.4573,-90.0759,90.0495,-89.926,-0.0582,-0.4934,0.0955,,
1780127634,888747701,right_base_state,right_joint_1,right_joint_2,right_joint_3,right_joint_4,right_joint_5,right_joint_6,right_joint_7,-90.4573,-90.0759,90.0495,-89.926,-0.0582,-0.4934,0.0955,,
1780127634,898835238,right_base_state,right_joint_1,right_joint_2,right_joint_3,right_joint_4,right_joint_5,right_joint_6,right_joint_7,-90.4573,-90.0759,90.0495,-89.926,-0.0582,-0.4935,0.0955,,
1780127634,909804063,right_base_state,right_joint_1,right_joint_2,right_joint_3,right_joint_4,right_joint_5,right_joint_6,right_joint_7,-90.4573,-90.0759,90.0495,-89.926,-0.0583,-0.4934,0.0955,,
1780127634,918764096,right_base_state,right_joint_1,right_joint_2,right_joint_3,right_joint_4,right_joint_5,right_joint_6,right_joint_7,-90.4573,-90.0759,90.0495,-89.926,-0.0583,-0.4935,0.0955,,
1780127634,929059132,right_base_state,right_joint_1,right_joint_2,right_joint_3,right_joint_4,right_joint_5,right_joint_6,right_joint_7,-90.4573,-90.0759,90.0495,-89.926,-0.0583,-0.4935,0.0955,,
1780127634,940213967,right_base_state,right_joint_1,right_joint_2,right_joint_3,right_joint_4,right_joint_5,right_joint_6,right_joint_7,-90.4573,-90.0759,90.0495,-89.926,-0.0582,-0.4935,0.0955,,
1780127634,948871440,right_base_state,right_joint_1,right_joint_2,right_joint_3,right_joint_4,right_joint_5,right_joint_6,right_joint_7,-90.4573,-90.0759,90.0495,-89.926,-0.0582,-0.4934,0.0955,,
1780127634,958834211,right_base_state,right_joint_1,right_joint_2,right_joint_3,right_joint_4,right_joint_5,right_joint_6,right_joint_7,-90.4573,-90.0759,90.0495,-89.926,-0.0583,-0.4934,0.0955,,
1780127634,968745951,right_base_state,right_joint_1,right_joint_2,right_joint_3,right_joint_4,right_joint_5,right_joint_6,right_joint_7,-90.4573,-90.0759,90.0495,-89.926,-0.0582,-0.4935,0.0955,,
1780127634,978829225,right_base_state,right_joint_1,right_joint_2,right_joint_3,right_joint_4,right_joint_5,right_joint_6,right_joint_7,-90.4573,-90.0759,90.0495,-89.926,-0.0582,-0.4935,0.0955,,
1780127634,988756703,right_base_state,right_joint_1,right_joint_2,right_joint_3,right_joint_4,right_joint_5,right_joint_6,right_joint_7,-90.4573,-90.0759,90.0495,-89.926,-0.0582,-0.4935,0.0955,,
1780127634,998749147,right_base_state,right_joint_1,right_joint_2,right_joint_3,right_joint_4,right_joint_5,right_joint_6,right_joint_7,-90.4573,-90.0759,90.0495,-89.926,-0.0582,-0.4935,0.0955,,
1780127635,8702818,right_base_state,right_joint_1,right_joint_2,right_joint_3,right_joint_4,right_joint_5,right_joint_6,right_joint_7,-90.4573,-90.0759,90.0495,-89.926,-0.0582,-0.4934,0.0955,,
1780127635,18780716,right_base_state,right_joint_1,right_joint_2,right_joint_3,right_joint_4,right_joint_5,right_joint_6,right_joint_7,-90.4573,-90.0759,90.0495,-89.926,-0.0582,-0.4935,0.0955,,
1780127635,28855776,right_base_state,right_joint_1,right_joint_2,right_joint_3,right_joint_4,right_joint_5,right_joint_6,right_joint_7,-90.4573,-90.0759,90.0495,-89.926,-0.0582,-0.4934,0.0955,,
1780127635,38813234,right_base_state,right_joint_1,right_joint_2,right_joint_3,right_joint_4,right_joint_5,right_joint_6,right_joint_7,-90.4573,-90.0759,90.0495,-89.926,-0.0582,-0.4935,0.0955,,
1780127635,48765872,right_base_state,right_joint_1,right_joint_2,right_joint_3,right_joint_4,right_joint_5,right_joint_6,right_joint_7,-90.4573,-90.0759,90.0495,-89.926,-0.0582,-0.4935,0.0955,,
1780127635,58696347,right_base_state,right_joint_1,right_joint_2,right_joint_3,right_joint_4,right_joint_5,right_joint_6,right_joint_7,-90.4573,-90.0759,90.0495,-89.926,-0.0583,-0.4935,0.0955,,
1780127635,68713320,right_base_state,right_joint_1,right_joint_2,right_joint_3,right_joint_4,right_joint_5,right_joint_6,right_joint_7,-90.4573,-90.0759,90.0495,-89.926,-0.0582,-0.4934,0.0955,,
1780127635,79011712,right_base_state,right_joint_1,right_joint_2,right_joint_3,right_joint_4,right_joint_5,right_joint_6,right_joint_7,-90.4573,-90.0759,90.0495,-89.926,-0.0583,-0.4934,0.0955,,
1780127635,88840232,right_base_state,right_joint_1,right_joint_2,right_joint_3,right_joint_4,right_joint_5,right_joint_6,right_joint_7,-90.4573,-90.0759,90.0495,-89.926,-0.0583,-0.4935,0.0955,,
1780127635,98842369,right_base_state,right_joint_1,right_joint_2,right_joint_3,right_joint_4,right_joint_5,right_joint_6,right_joint_7,-90.4573,-90.0759,90.0495,-89.926,-0.0582,-0.4935,0.0955,,
1780127635,108789569,right_base_state,right_joint_1,right_joint_2,right_joint_3,right_joint_4,right_joint_5,right_joint_6,right_joint_7,-90.4573,-90.0759,90.0495,-89.926,-0.0582,-0.4935,0.0955,,
1780127635,118746265,right_base_state,right_joint_1,right_joint_2,right_joint_3,right_joint_4,right_joint_5,right_joint_6,right_joint_7,-90.4573,-90.0759,90.0495,-89.926,-0.0582,-0.4935,0.0955,,
1780127635,129024489,right_base_state,right_joint_1,right_joint_2,right_joint_3,right_joint_4,right_joint_5,right_joint_6,right_joint_7,-90.4573,-90.0759,90.0495,-89.926,-0.0583,-0.4935,0.0955,,
1780127635,138795298,right_base_state,right_joint_1,right_joint_2,right_joint_3,right_joint_4,right_joint_5,right_joint_6,right_joint_7,-90.4573,-90.0759,90.0495,-89.926,-0.0582,-0.4935,0.0955,,
1780127635,148833190,right_base_state,right_joint_1,right_joint_2,right_joint_3,right_joint_4,right_joint_5,right_joint_6,right_joint_7,-90.4573,-90.0759,90.0495,-89.926,-0.0582,-0.4935,0.0955,,
1780127635,158821348,right_base_state,right_joint_1,right_joint_2,right_joint_3,right_joint_4,right_joint_5,right_joint_6,right_joint_7,-90.4573,-90.0759,90.0495,-89.926,-0.0583,-0.4935,0.0955,,
1780127635,168900282,right_base_state,right_joint_1,right_joint_2,right_joint_3,right_joint_4,right_joint_5,right_joint_6,right_joint_7,-90.4573,-90.0759,90.0495,-89.926,-0.0582,-0.4935,0.0955,,
1780127635,178894762,right_base_state,right_joint_1,right_joint_2,right_joint_3,right_joint_4,right_joint_5,right_joint_6,right_joint_7,-90.4573,-90.0759,90.0495,-89.926,-0.0582,-0.4935,0.0955,,
1780127635,188874611,right_base_state,right_joint_1,right_joint_2,right_joint_3,right_joint_4,right_joint_5,right_joint_6,right_joint_7,-90.4573,-90.0759,90.0495,-89.926,-0.0583,-0.4935,0.0955,,
1780127635,198927846,right_base_state,right_joint_1,right_joint_2,right_joint_3,right_joint_4,right_joint_5,right_joint_6,right_joint_7,-90.4573,-90.0759,90.0495,-89.926,-0.0582,-0.4935,0.0955,,
1780127635,208720421,right_base_state,right_joint_1,right_joint_2,right_joint_3,right_joint_4,right_joint_5,right_joint_6,right_joint_7,-90.4573,-90.0759,90.0495,-89.926,-0.0582,-0.4935,0.0955,,
1780127635,218933455,right_base_state,right_joint_1,right_joint_2,right_joint_3,right_joint_4,right_joint_5,right_joint_6,right_joint_7,-90.4573,-90.0759,90.0495,-89.926,-0.0583,-0.4934,0.0955,,
1780127635,228832598,right_base_state,right_joint_1,right_joint_2,right_joint_3,right_joint_4,right_joint_5,right_joint_6,right_joint_7,-90.4573,-90.0759,90.0495,-89.926,-0.0582,-0.4935,0.0955,,
1780127635,239002391,right_base_state,right_joint_1,right_joint_2,right_joint_3,right_joint_4,right_joint_5,right_joint_6,right_joint_7,-90.4573,-90.0759,90.0495,-89.926,-0.0583,-0.4934,0.0955,,
1780127635,248904191,right_base_state,right_joint_1,right_joint_2,right_joint_3,right_joint_4,right_joint_5,right_joint_6,right_joint_7,-90.4573,-90.0759,90.0495,-89.926,-0.0582,-0.4935,0.0955,,
1780127635,259022214,right_base_state,right_joint_1,right_joint_2,right_joint_3,right_joint_4,right_joint_5,right_joint_6,right_joint_7,-90.4573,-90.0759,90.0495,-89.926,-0.0582,-0.4934,0.0955,,
1780127635,268916364,right_base_state,right_joint_1,right_joint_2,right_joint_3,right_joint_4,right_joint_5,right_joint_6,right_joint_7,-90.4573,-90.0759,90.0495,-89.926,-0.0583,-0.4934,0.0955,,
1780127635,278775715,right_base_state,right_joint_1,right_joint_2,right_joint_3,right_joint_4,right_joint_5,right_joint_6,right_joint_7,-90.4573,-90.0759,90.0495,-89.926,-0.0582,-0.4934,0.0955,,
1780127635,288722925,right_base_state,right_joint_1,right_joint_2,right_joint_3,right_joint_4,right_joint_5,right_joint_6,right_joint_7,-90.4573,-90.0759,90.0495,-89.926,-0.0583,-0.4935,0.0955,,
1780127635,298867644,right_base_state,right_joint_1,right_joint_2,right_joint_3,right_joint_4,right_joint_5,right_joint_6,right_joint_7,-90.4573,-90.0759,90.0495,-89.926,-0.0582,-0.4934,0.0955,,
1780127635,309407161,right_base_state,right_joint_1,right_joint_2,right_joint_3,right_joint_4,right_joint_5,right_joint_6,right_joint_7,-90.4573,-90.0759,90.0495,-89.926,-0.0582,-0.4935,0.0955,,
1780127635,318693466,right_base_state,right_joint_1,right_joint_2,right_joint_3,right_joint_4,right_joint_5,right_joint_6,right_joint_7,-90.4573,-90.0759,90.0495,-89.926,-0.0582,-0.4934,0.0955,,
1780127635,329027702,right_base_state,right_joint_1,right_joint_2,right_joint_3,right_joint_4,right_joint_5,right_joint_6,right_joint_7,-90.4573,-90.0759,90.0495,-89.926,-0.0582,-0.4934,0.0955,,
1780127635,338887605,right_base_state,right_joint_1,right_joint_2,right_joint_3,right_joint_4,right_joint_5,right_joint_6,right_joint_7,-90.4573,-90.0759,90.0495,-89.926,-0.0582,-0.4934,0.0955,,
1780127635,349026898,right_base_state,right_joint_1,right_joint_2,right_joint_3,right_joint_4,right_joint_5,right_joint_6,right_joint_7,-90.4573,-90.0759,90.0495,-89.926,-0.0582,-0.4935,0.0955,,
1780127635,358998850,right_base_state,right_joint_1,right_joint_2,right_joint_3,right_joint_4,right_joint_5,right_joint_6,right_joint_7,-90.4573,-90.0759,90.0495,-89.926,-0.0583,-0.4935,0.0955,,
1780127635,368823252,right_base_state,right_joint_1,right_joint_2,right_joint_3,right_joint_4,right_joint_5,right_joint_6,right_joint_7,-90.4573,-90.0759,90.0495,-89.926,-0.0583,-0.4935,0.0955,,
1780127635,378783515,right_base_state,right_joint_1,right_joint_2,right_joint_3,right_joint_4,right_joint_5,right_joint_6,right_joint_7,-90.4573,-90.0759,90.0495,-89.926,-0.0583,-0.4934,0.0955,,
1780127635,388776238,right_base_state,right_joint_1,right_joint_2,right_joint_3,right_joint_4,right_joint_5,right_joint_6,right_joint_7,-90.4573,-90.0759,90.0495,-89.926,-0.0583,-0.4935,0.0955,,
1780127635,398755809,right_base_state,right_joint_1,right_joint_2,right_joint_3,right_joint_4,right_joint_5,right_joint_6,right_joint_7,-90.4573,-90.0759,90.0495,-89.926,-0.0582,-0.4935,0.0955,,
1780127635,408714393,right_base_state,right_joint_1,right_joint_2,right_joint_3,right_joint_4,right_joint_5,right_joint_6,right_joint_7,-90.4573,-90.0759,90.0495,-89.926,-0.0583,-0.4934,0.0955,,
1780127635,418746074,right_base_state,right_joint_1,right_joint_2,right_joint_3,right_joint_4,right_joint_5,right_joint_6,right_joint_7,-90.4573,-90.0759,90.0495,-89.926,-0.0583,-0.4935,0.0955,,
1780127635,428819476,right_base_state,right_joint_1,right_joint_2,right_joint_3,right_joint_4,right_joint_5,right_joint_6,right_joint_7,-90.4573,-90.0759,90.0495,-89.926,-0.0583,-0.4935,0.0955,,
1780127635,438853263,right_base_state,right_joint_1,right_joint_2,right_joint_3,right_joint_4,right_joint_5,right_joint_6,right_joint_7,-90.4573,-90.0759,90.0495,-89.926,-0.0582,-0.4935,0.0955,,
1780127635,448820396,right_base_state,right_joint_1,right_joint_2,right_joint_3,right_joint_4,right_joint_5,right_joint_6,right_joint_7,-90.4573,-90.0759,90.0495,-89.926,-0.0582,-0.4934,0.0955,,
1780127635,458876868,right_base_state,right_joint_1,right_joint_2,right_joint_3,right_joint_4,right_joint_5,right_joint_6,right_joint_7,-90.4573,-90.0759,90.0495,-89.926,-0.0583,-0.4935,0.0955,,
1780127635,468830015,right_base_state,right_joint_1,right_joint_2,right_joint_3,right_joint_4,right_joint_5,right_joint_6,right_joint_7,-90.4573,-90.0759,90.0495,-89.926,-0.0582,-0.4935,0.0955,,
1780127635,478855921,right_base_state,right_joint_1,right_joint_2,right_joint_3,right_joint_4,right_joint_5,right_joint_6,right_joint_7,-90.4573,-90.0759,90.0495,-89.926,-0.0582,-0.4934,0.0955,,
1780127635,488781420,right_base_state,right_joint_1,right_joint_2,right_joint_3,right_joint_4,right_joint_5,right_joint_6,right_joint_7,-90.4573,-90.0759,90.0495,-89.926,-0.0582,-0.4934,0.0955,,
1780127635,499227950,right_base_state,right_joint_1,right_joint_2,right_joint_3,right_joint_4,right_joint_5,right_joint_6,right_joint_7,-90.4573,-90.0759,90.0495,-89.926,-0.0583,-0.4935,0.0955,,
1780127635,509173460,right_base_state,right_joint_1,right_joint_2,right_joint_3,right_joint_4,right_joint_5,right_joint_6,right_joint_7,-90.4573,-90.0759,90.0495,-89.926,-0.0582,-0.4935,0.0955,,
1780127635,518691884,right_base_state,right_joint_1,right_joint_2,right_joint_3,right_joint_4,right_joint_5,right_joint_6,right_joint_7,-90.4573,-90.0759,90.0495,-89.926,-0.0583,-0.4935,0.0955,,
1780127635,528743262,right_base_state,right_joint_1,right_joint_2,right_joint_3,right_joint_4,right_joint_5,right_joint_6,right_joint_7,-90.4573,-90.0759,90.0495,-89.926,-0.0582,-0.4935,0.0955,,
1780127635,538935672,right_base_state,right_joint_1,right_joint_2,right_joint_3,right_joint_4,right_joint_5,right_joint_6,right_joint_7,-90.4573,-90.0759,90.0495,-89.926,-0.0583,-0.4934,0.0955,,
1780127635,548944244,right_base_state,right_joint_1,right_joint_2,right_joint_3,right_joint_4,right_joint_5,right_joint_6,right_joint_7,-90.4573,-90.0759,90.0495,-89.926,-0.0582,-0.4935,0.0955,,
1780127635,558686301,right_base_state,right_joint_1,right_joint_2,right_joint_3,right_joint_4,right_joint_5,right_joint_6,right_joint_7,-90.4573,-90.0759,90.0495,-89.926,-0.0583,-0.4935,0.0955,,
1780127635,568980888,right_base_state,right_joint_1,right_joint_2,right_joint_3,right_joint_4,right_joint_5,right_joint_6,right_joint_7,-90.4573,-90.0759,90.0495,-89.926,-0.0582,-0.4935,0.0955,,
1780127635,578787511,right_base_state,right_joint_1,right_joint_2,right_joint_3,right_joint_4,right_joint_5,right_joint_6,right_joint_7,-90.4573,-90.0759,90.0495,-89.926,-0.0582,-0.4934,0.0955,,
1780127635,588740561,right_base_state,right_joint_1,right_joint_2,right_joint_3,right_joint_4,right_joint_5,right_joint_6,right_joint_7,-90.4573,-90.0759,90.0495,-89.926,-0.0582,-0.4934,0.0955,,
1780127635,598905433,right_base_state,right_joint_1,right_joint_2,right_joint_3,right_joint_4,right_joint_5,right_joint_6,right_joint_7,-90.4573,-90.0759,90.0495,-89.926,-0.0582,-0.4934,0.0955,,
1780127635,608721785,right_base_state,right_joint_1,right_joint_2,right_joint_3,right_joint_4,right_joint_5,right_joint_6,right_joint_7,-90.4573,-90.0759,90.0495,-89.926,-0.0582,-0.4935,0.0955,,
1780127635,618712630,right_base_state,right_joint_1,right_joint_2,right_joint_3,right_joint_4,right_joint_5,right_joint_6,right_joint_7,-90.4573,-90.0759,90.0495,-89.926,-0.0583,-0.4935,0.0955,,
1780127635,628820249,right_base_state,right_joint_1,right_joint_2,right_joint_3,right_joint_4,right_joint_5,right_joint_6,right_joint_7,-90.4573,-90.0759,90.0495,-89.926,-0.0583,-0.4934,0.0955,,
1780127635,638732368,right_base_state,right_joint_1,right_joint_2,right_joint_3,right_joint_4,right_joint_5,right_joint_6,right_joint_7,-90.4573,-90.0759,90.0495,-89.926,-0.0582,-0.4935,0.0955,,
1780127635,648836759,right_base_state,right_joint_1,right_joint_2,right_joint_3,right_joint_4,right_joint_5,right_joint_6,right_joint_7,-90.4573,-90.0759,90.0495,-89.926,-0.0582,-0.4934,0.0955,,
1780127635,658694174,right_base_state,right_joint_1,right_joint_2,right_joint_3,right_joint_4,right_joint_5,right_joint_6,right_joint_7,-90.4573,-90.0759,90.0495,-89.926,-0.0583,-0.4934,0.0955,,
1780127635,668733848,right_base_state,right_joint_1,right_joint_2,right_joint_3,right_joint_4,right_joint_5,right_joint_6,right_joint_7,-90.4573,-90.0759,90.0495,-89.926,-0.0583,-0.4935,0.0955,,
1780127635,681116014,right_base_state,right_joint_1,right_joint_2,right_joint_3,right_joint_4,right_joint_5,right_joint_6,right_joint_7,-90.4573,-90.0759,90.0495,-89.926,-0.0582,-0.4935,0.0955,,
1780127635,688820302,right_base_state,right_joint_1,right_joint_2,right_joint_3,right_joint_4,right_joint_5,right_joint_6,right_joint_7,-90.4573,-90.0759,90.0495,-89.926,-0.0583,-0.4935,0.0955,,
1780127635,699546037,right_base_state,right_joint_1,right_joint_2,right_joint_3,right_joint_4,right_joint_5,right_joint_6,right_joint_7,-90.4573,-90.0759,90.0495,-89.926,-0.0582,-0.4935,0.0955,,
1780127635,708683760,right_base_state,right_joint_1,right_joint_2,right_joint_3,right_joint_4,right_joint_5,right_joint_6,right_joint_7,-90.4573,-90.0759,90.0495,-89.926,-0.0582,-0.4935,0.0955,,
1780127635,718734056,right_base_state,right_joint_1,right_joint_2,right_joint_3,right_joint_4,right_joint_5,right_joint_6,right_joint_7,-90.4573,-90.0759,90.0495,-89.926,-0.0583,-0.4935,0.0955,,
1780127635,728877462,right_base_state,right_joint_1,right_joint_2,right_joint_3,right_joint_4,right_joint_5,right_joint_6,right_joint_7,-90.4573,-90.0759,90.0495,-89.926,-0.0582,-0.4934,0.0955,,
1780127635,738830887,right_base_state,right_joint_1,right_joint_2,right_joint_3,right_joint_4,right_joint_5,right_joint_6,right_joint_7,-90.4573,-90.0759,90.0495,-89.926,-0.0582,-0.4935,0.0955,,
1780127635,749020183,right_base_state,right_joint_1,right_joint_2,right_joint_3,right_joint_4,right_joint_5,right_joint_6,right_joint_7,-90.4573,-90.0759,90.0495,-89.926,-0.0583,-0.4935,0.0955,,
1780127635,758717172,right_base_state,right_joint_1,right_joint_2,right_joint_3,right_joint_4,right_joint_5,right_joint_6,right_joint_7,-90.4573,-90.0759,90.0495,-89.926,-0.0582,-0.4935,0.0955,,
1780127635,769018854,right_base_state,right_joint_1,right_joint_2,right_joint_3,right_joint_4,right_joint_5,right_joint_6,right_joint_7,-90.4573,-90.0759,90.0495,-89.926,-0.0582,-0.4934,0.0955,,
1780127635,779057472,right_base_state,right_joint_1,right_joint_2,right_joint_3,right_joint_4,right_joint_5,right_joint_6,right_joint_7,-90.4573,-90.0759,90.0495,-89.926,-0.0583,-0.4935,0.0955,,
1780127635,788852488,right_base_state,right_joint_1,right_joint_2,right_joint_3,right_joint_4,right_joint_5,right_joint_6,right_joint_7,-90.4573,-90.0759,90.0495,-89.926,-0.0582,-0.4935,0.0955,,
1780127635,799021134,right_base_state,right_joint_1,right_joint_2,right_joint_3,right_joint_4,right_joint_5,right_joint_6,right_joint_7,-90.4573,-90.0759,90.0495,-89.926,-0.0582,-0.4935,0.0955,,
1780127635,808713952,right_base_state,right_joint_1,right_joint_2,right_joint_3,right_joint_4,right_joint_5,right_joint_6,right_joint_7,-90.4573,-90.0759,90.0495,-89.926,-0.0583,-0.4935,0.0955,,
1780127635,818913024,right_base_state,right_joint_1,right_joint_2,right_joint_3,right_joint_4,right_joint_5,right_joint_6,right_joint_7,-90.4573,-90.0759,90.0495,-89.926,-0.0583,-0.4935,0.0955,,
1780127635,828899391,right_base_state,right_joint_1,right_joint_2,right_joint_3,right_joint_4,right_joint_5,right_joint_6,right_joint_7,-90.4573,-90.0759,90.0495,-89.926,-0.0582,-0.4934,0.0955,,
1780127635,838792054,right_base_state,right_joint_1,right_joint_2,right_joint_3,right_joint_4,right_joint_5,right_joint_6,right_joint_7,-90.4573,-90.0759,90.0495,-89.926,-0.0583,-0.4934,0.0955,,
1780127635,848731752,right_base_state,right_joint_1,right_joint_2,right_joint_3,right_joint_4,right_joint_5,right_joint_6,right_joint_7,-90.4573,-90.0759,90.0495,-89.926,-0.0582,-0.4935,0.0955,,
1780127635,858706871,right_base_state,right_joint_1,right_joint_2,right_joint_3,right_joint_4,right_joint_5,right_joint_6,right_joint_7,-90.4573,-90.0759,90.0495,-89.926,-0.0583,-0.4935,0.0955,,
1780127635,868883385,right_base_state,right_joint_1,right_joint_2,right_joint_3,right_joint_4,right_joint_5,right_joint_6,right_joint_7,-90.4573,-90.0759,90.0495,-89.926,-0.0583,-0.4934,0.0955,,
1780127635,878994900,right_base_state,right_joint_1,right_joint_2,right_joint_3,right_joint_4,right_joint_5,right_joint_6,right_joint_7,-90.4573,-90.0759,90.0495,-89.926,-0.0582,-0.4935,0.0955,,
1780127635,888821183,right_base_state,right_joint_1,right_joint_2,right_joint_3,right_joint_4,right_joint_5,right_joint_6,right_joint_7,-90.4573,-90.0759,90.0495,-89.926,-0.0583,-0.4935,0.0955,,
1780127635,898824699,right_base_state,right_joint_1,right_joint_2,right_joint_3,right_joint_4,right_joint_5,right_joint_6,right_joint_7,-90.4573,-90.0759,90.0495,-89.926,-0.0582,-0.4935,0.0955,,
1780127635,908736665,right_base_state,right_joint_1,right_joint_2,right_joint_3,right_joint_4,right_joint_5,right_joint_6,right_joint_7,-90.4573,-90.0759,90.0495,-89.926,-0.0582,-0.4934,0.0955,,
1780127635,918852151,right_base_state,right_joint_1,right_joint_2,right_joint_3,right_joint_4,right_joint_5,right_joint_6,right_joint_7,-90.4573,-90.0759,90.0495,-89.926,-0.0583,-0.4934,0.0955,,
1780127635,928834025,right_base_state,right_joint_1,right_joint_2,right_joint_3,right_joint_4,right_joint_5,right_joint_6,right_joint_7,-90.4573,-90.0759,90.0495,-89.926,-0.0583,-0.4935,0.0955,,
1780127635,938929687,right_base_state,right_joint_1,right_joint_2,right_joint_3,right_joint_4,right_joint_5,right_joint_6,right_joint_7,-90.4573,-90.0759,90.0495,-89.926,-0.0582,-0.4935,0.0955,,
1780127635,948975253,right_base_state,right_joint_1,right_joint_2,right_joint_3,right_joint_4,right_joint_5,right_joint_6,right_joint_7,-90.4573,-90.0759,90.0495,-89.926,-0.0583,-0.4934,0.0955,,
1780127635,958706022,right_base_state,right_joint_1,right_joint_2,right_joint_3,right_joint_4,right_joint_5,right_joint_6,right_joint_7,-90.4573,-90.0759,90.0495,-89.926,-0.0582,-0.4935,0.0955,,
1780127635,968965700,right_base_state,right_joint_1,right_joint_2,right_joint_3,right_joint_4,right_joint_5,right_joint_6,right_joint_7,-90.4573,-90.0759,90.0495,-89.926,-0.0582,-0.4935,0.0955,,
1780127635,979034148,right_base_state,right_joint_1,right_joint_2,right_joint_3,right_joint_4,right_joint_5,right_joint_6,right_joint_7,-90.4573,-90.0759,90.0495,-89.926,-0.0583,-0.4935,0.0955,,
1780127635,989011895,right_base_state,right_joint_1,right_joint_2,right_joint_3,right_joint_4,right_joint_5,right_joint_6,right_joint_7,-90.4573,-90.0759,90.0495,-89.926,-0.0582,-0.4935,0.0955,,
1780127635,998836698,right_base_state,right_joint_1,right_joint_2,right_joint_3,right_joint_4,right_joint_5,right_joint_6,right_joint_7,-90.4573,-90.0759,90.0495,-89.926,-0.0582,-0.4935,0.0955,,
1780127636,8842785,right_base_state,right_joint_1,right_joint_2,right_joint_3,right_joint_4,right_joint_5,right_joint_6,right_joint_7,-90.4573,-90.0759,90.0495,-89.926,-0.0582,-0.4935,0.0955,,
1780127636,18800294,right_base_state,right_joint_1,right_joint_2,right_joint_3,right_joint_4,right_joint_5,right_joint_6,right_joint_7,-90.4573,-90.0759,90.0495,-89.926,-0.0582,-0.4935,0.0955,,
1780127636,28969674,right_base_state,right_joint_1,right_joint_2,right_joint_3,right_joint_4,right_joint_5,right_joint_6,right_joint_7,-90.4573,-90.0759,90.0495,-89.926,-0.0582,-0.4935,0.0955,,
1780127636,39105239,right_base_state,right_joint_1,right_joint_2,right_joint_3,right_joint_4,right_joint_5,right_joint_6,right_joint_7,-90.4573,-90.0759,90.0495,-89.926,-0.0583,-0.4935,0.0955,,
1780127636,48854647,right_base_state,right_joint_1,right_joint_2,right_joint_3,right_joint_4,right_joint_5,right_joint_6,right_joint_7,-90.4573,-90.0759,90.0495,-89.926,-0.0582,-0.4935,0.0955,,
1780127636,58739371,right_base_state,right_joint_1,right_joint_2,right_joint_3,right_joint_4,right_joint_5,right_joint_6,right_joint_7,-90.4573,-90.0759,90.0495,-89.926,-0.0583,-0.4934,0.0955,,
1780127636,68722864,right_base_state,right_joint_1,right_joint_2,right_joint_3,right_joint_4,right_joint_5,right_joint_6,right_joint_7,-90.4573,-90.0759,90.0495,-89.926,-0.0582,-0.4934,0.0955,,
1780127636,78807451,right_base_state,right_joint_1,right_joint_2,right_joint_3,right_joint_4,right_joint_5,right_joint_6,right_joint_7,-90.4573,-90.0759,90.0495,-89.926,-0.0583,-0.4935,0.0955,,
1780127636,88784403,right_base_state,right_joint_1,right_joint_2,right_joint_3,right_joint_4,right_joint_5,right_joint_6,right_joint_7,-90.4573,-90.0759,90.0495,-89.926,-0.0582,-0.4935,0.0955,,
1780127636,98790615,right_base_state,right_joint_1,right_joint_2,right_joint_3,right_joint_4,right_joint_5,right_joint_6,right_joint_7,-90.4573,-90.0759,90.0495,-89.926,-0.0582,-0.4935,0.0955,,
1780127636,108712259,right_base_state,right_joint_1,right_joint_2,right_joint_3,right_joint_4,right_joint_5,right_joint_6,right_joint_7,-90.4573,-90.0759,90.0495,-89.926,-0.0582,-0.4934,0.0955,,
1780127636,118720798,right_base_state,right_joint_1,right_joint_2,right_joint_3,right_joint_4,right_joint_5,right_joint_6,right_joint_7,-90.4573,-90.0759,90.0495,-89.926,-0.0582,-0.4935,0.0955,,
1780127636,128824213,right_base_state,right_joint_1,right_joint_2,right_joint_3,right_joint_4,right_joint_5,right_joint_6,right_joint_7,-90.4573,-90.0759,90.0495,-89.926,-0.0582,-0.4934,0.0955,,
1780127636,138809008,right_base_state,right_joint_1,right_joint_2,right_joint_3,right_joint_4,right_joint_5,right_joint_6,right_joint_7,-90.4573,-90.0759,90.0495,-89.926,-0.0583,-0.4935,0.0955,,
1780127636,148876414,right_base_state,right_joint_1,right_joint_2,right_joint_3,right_joint_4,right_joint_5,right_joint_6,right_joint_7,-90.4573,-90.0759,90.0495,-89.926,-0.0582,-0.4935,0.0955,,
1780127636,158674177,right_base_state,right_joint_1,right_joint_2,right_joint_3,right_joint_4,right_joint_5,right_joint_6,right_joint_7,-90.4573,-90.0759,90.0495,-89.926,-0.0582,-0.4934,0.0955,,
1780127636,168783577,right_base_state,right_joint_1,right_joint_2,right_joint_3,right_joint_4,right_joint_5,right_joint_6,right_joint_7,-90.4573,-90.0759,90.0495,-89.926,-0.0582,-0.4935,0.0955,,
1780127636,178770873,right_base_state,right_joint_1,right_joint_2,right_joint_3,right_joint_4,right_joint_5,right_joint_6,right_joint_7,-90.4573,-90.0759,90.0495,-89.926,-0.0583,-0.4935,0.0955,,
1780127636,188924703,right_base_state,right_joint_1,right_joint_2,right_joint_3,right_joint_4,right_joint_5,right_joint_6,right_joint_7,-90.4573,-90.0759,90.0495,-89.926,-0.0583,-0.4935,0.0955,,
1780127636,198965171,right_base_state,right_joint_1,right_joint_2,right_joint_3,right_joint_4,right_joint_5,right_joint_6,right_joint_7,-90.4573,-90.0759,90.0495,-89.926,-0.0582,-0.4934,0.0955,,
1780127636,208704365,right_base_state,right_joint_1,right_joint_2,right_joint_3,right_joint_4,right_joint_5,right_joint_6,right_joint_7,-90.4573,-90.0759,90.0495,-89.926,-0.0582,-0.4935,0.0955,,
1780127636,218740331,right_base_state,right_joint_1,right_joint_2,right_joint_3,right_joint_4,right_joint_5,right_joint_6,right_joint_7,-90.4573,-90.0759,90.0495,-89.926,-0.0583,-0.4935,0.0955,,
1780127636,228829996,right_base_state,right_joint_1,right_joint_2,right_joint_3,right_joint_4,right_joint_5,right_joint_6,right_joint_7,-90.4573,-90.0759,90.0495,-89.926,-0.0582,-0.4935,0.0955,,
1780127636,238818114,right_base_state,right_joint_1,right_joint_2,right_joint_3,right_joint_4,right_joint_5,right_joint_6,right_joint_7,-90.4573,-90.0759,90.0495,-89.926,-0.0582,-0.4935,0.0955,,
1780127636,248717568,right_base_state,right_joint_1,right_joint_2,right_joint_3,right_joint_4,right_joint_5,right_joint_6,right_joint_7,-90.4573,-90.0759,90.0495,-89.926,-0.0583,-0.4934,0.0955,,
1780127636,258780742,right_base_state,right_joint_1,right_joint_2,right_joint_3,right_joint_4,right_joint_5,right_joint_6,right_joint_7,-90.4573,-90.0759,90.0495,-89.926,-0.0583,-0.4935,0.0955,,
1780127636,268765896,right_base_state,right_joint_1,right_joint_2,right_joint_3,right_joint_4,right_joint_5,right_joint_6,right_joint_7,-90.4573,-90.0759,90.0495,-89.926,-0.0583,-0.4935,0.0955,,
1780127636,278739792,right_base_state,right_joint_1,right_joint_2,right_joint_3,right_joint_4,right_joint_5,right_joint_6,right_joint_7,-90.4573,-90.0759,90.0495,-89.926,-0.0583,-0.4935,0.0955,,
1780127636,288835041,right_base_state,right_joint_1,right_joint_2,right_joint_3,right_joint_4,right_joint_5,right_joint_6,right_joint_7,-90.4573,-90.0759,90.0495,-89.926,-0.0582,-0.4935,0.0955,,
1780127636,298739253,right_base_state,right_joint_1,right_joint_2,right_joint_3,right_joint_4,right_joint_5,right_joint_6,right_joint_7,-90.4573,-90.0759,90.0495,-89.926,-0.0582,-0.4934,0.0955,,
1780127636,308680807,right_base_state,right_joint_1,right_joint_2,right_joint_3,right_joint_4,right_joint_5,right_joint_6,right_joint_7,-90.4573,-90.0759,90.0495,-89.926,-0.0582,-0.4935,0.0955,,
1780127636,318796876,right_base_state,right_joint_1,right_joint_2,right_joint_3,right_joint_4,right_joint_5,right_joint_6,right_joint_7,-90.4573,-90.0759,90.0495,-89.926,-0.0582,-0.4934,0.0955,,
1780127636,328792091,right_base_state,right_joint_1,right_joint_2,right_joint_3,right_joint_4,right_joint_5,right_joint_6,right_joint_7,-90.4573,-90.0759,90.0495,-89.926,-0.0583,-0.4934,0.0955,,
1780127636,338841554,right_base_state,right_joint_1,right_joint_2,right_joint_3,right_joint_4,right_joint_5,right_joint_6,right_joint_7,-90.4573,-90.0759,90.0495,-89.926,-0.0582,-0.4935,0.0955,,
1780127636,348776363,right_base_state,right_joint_1,right_joint_2,right_joint_3,right_joint_4,right_joint_5,right_joint_6,right_joint_7,-90.4573,-90.0759,90.0495,-89.926,-0.0582,-0.4934,0.0955,,
1780127636,360045945,right_base_state,right_joint_1,right_joint_2,right_joint_3,right_joint_4,right_joint_5,right_joint_6,right_joint_7,-90.4573,-90.0759,90.0495,-89.926,-0.0582,-0.4935,0.0955,,
1780127636,368766513,right_base_state,right_joint_1,right_joint_2,right_joint_3,right_joint_4,right_joint_5,right_joint_6,right_joint_7,-90.4573,-90.0759,90.0495,-89.926,-0.0582,-0.4934,0.0955,,
1780127636,378799735,right_base_state,right_joint_1,right_joint_2,right_joint_3,right_joint_4,right_joint_5,right_joint_6,right_joint_7,-90.4573,-90.0759,90.0495,-89.926,-0.0582,-0.4935,0.0955,,
1780127636,388796652,right_base_state,right_joint_1,right_joint_2,right_joint_3,right_joint_4,right_joint_5,right_joint_6,right_joint_7,-90.4573,-90.0759,90.0495,-89.926,-0.0582,-0.4935,0.0955,,
1780127636,398807316,right_base_state,right_joint_1,right_joint_2,right_joint_3,right_joint_4,right_joint_5,right_joint_6,right_joint_7,-90.4573,-90.0759,90.0495,-89.926,-0.0582,-0.4935,0.0955,,
1780127636,408908422,right_base_state,right_joint_1,right_joint_2,right_joint_3,right_joint_4,right_joint_5,right_joint_6,right_joint_7,-90.4573,-90.0759,90.0495,-89.926,-0.0583,-0.4934,0.0955,,
1780127636,418773586,right_base_state,right_joint_1,right_joint_2,right_joint_3,right_joint_4,right_joint_5,right_joint_6,right_joint_7,-90.4573,-90.0759,90.0495,-89.926,-0.0582,-0.4934,0.0955,,
1780127636,430953095,right_base_state,right_joint_1,right_joint_2,right_joint_3,right_joint_4,right_joint_5,right_joint_6,right_joint_7,-90.4573,-90.0759,90.0495,-89.926,-0.0583,-0.4935,0.0955,,
1780127636,438823648,right_base_state,right_joint_1,right_joint_2,right_joint_3,right_joint_4,right_joint_5,right_joint_6,right_joint_7,-90.4573,-90.0759,90.0495,-89.926,-0.0582,-0.4935,0.0955,,
1780127636,448872019,right_base_state,right_joint_1,right_joint_2,right_joint_3,right_joint_4,right_joint_5,right_joint_6,right_joint_7,-90.4573,-90.0759,90.0495,-89.926,-0.0582,-0.4935,0.0955,,
1780127636,458705393,right_base_state,right_joint_1,right_joint_2,right_joint_3,right_joint_4,right_joint_5,right_joint_6,right_joint_7,-90.4573,-90.0759,90.0495,-89.926,-0.0582,-0.4935,0.0955,,
1780127636,468802212,right_base_state,right_joint_1,right_joint_2,right_joint_3,right_joint_4,right_joint_5,right_joint_6,right_joint_7,-90.4573,-90.0759,90.0495,-89.926,-0.0582,-0.4935,0.0955,,
1780127636,478777664,right_base_state,right_joint_1,right_joint_2,right_joint_3,right_joint_4,right_joint_5,right_joint_6,right_joint_7,-90.4573,-90.0759,90.0495,-89.926,-0.0583,-0.4935,0.0955,,
1780127636,488783275,right_base_state,right_joint_1,right_joint_2,right_joint_3,right_joint_4,right_joint_5,right_joint_6,right_joint_7,-90.4573,-90.0759,90.0495,-89.926,-0.0583,-0.4934,0.0955,,
1780127636,499476049,right_base_state,right_joint_1,right_joint_2,right_joint_3,right_joint_4,right_joint_5,right_joint_6,right_joint_7,-90.4573,-90.0759,90.0495,-89.926,-0.0583,-0.4935,0.0955,,
1780127636,508702247,right_base_state,right_joint_1,right_joint_2,right_joint_3,right_joint_4,right_joint_5,right_joint_6,right_joint_7,-90.4573,-90.0759,90.0495,-89.926,-0.0583,-0.4935,0.0955,,
1780127636,520096745,right_base_state,right_joint_1,right_joint_2,right_joint_3,right_joint_4,right_joint_5,right_joint_6,right_joint_7,-90.4573,-90.0759,90.0495,-89.926,-0.0582,-0.4935,0.0955,,
1780127636,528963307,right_base_state,right_joint_1,right_joint_2,right_joint_3,right_joint_4,right_joint_5,right_joint_6,right_joint_7,-90.4573,-90.0759,90.0495,-89.926,-0.0582,-0.4934,0.0955,,
1780127636,538806896,right_base_state,right_joint_1,right_joint_2,right_joint_3,right_joint_4,right_joint_5,right_joint_6,right_joint_7,-90.4573,-90.0759,90.0495,-89.926,-0.0583,-0.4935,0.0955,,
1780127636,549091103,right_base_state,right_joint_1,right_joint_2,right_joint_3,right_joint_4,right_joint_5,right_joint_6,right_joint_7,-90.4573,-90.0759,90.0495,-89.926,-0.0582,-0.4935,0.0955,,
1780127636,558695552,right_base_state,right_joint_1,right_joint_2,right_joint_3,right_joint_4,right_joint_5,right_joint_6,right_joint_7,-90.4573,-90.0759,90.0495,-89.926,-0.0582,-0.4935,0.0955,,
1780127636,568843527,right_base_state,right_joint_1,right_joint_2,right_joint_3,right_joint_4,right_joint_5,right_joint_6,right_joint_7,-90.4573,-90.0759,90.0495,-89.926,-0.0582,-0.4935,0.0955,,
1780127636,579007046,right_base_state,right_joint_1,right_joint_2,right_joint_3,right_joint_4,right_joint_5,right_joint_6,right_joint_7,-90.4573,-90.0759,90.0495,-89.926,-0.0582,-0.4935,0.0955,,
1780127636,588969655,right_base_state,right_joint_1,right_joint_2,right_joint_3,right_joint_4,right_joint_5,right_joint_6,right_joint_7,-90.4573,-90.0759,90.0495,-89.926,-0.0583,-0.4935,0.0955,,
1780127636,599078307,right_base_state,right_joint_1,right_joint_2,right_joint_3,right_joint_4,right_joint_5,right_joint_6,right_joint_7,-90.4573,-90.0759,90.0495,-89.926,-0.0582,-0.4935,0.0955,,
1780127636,608672719,right_base_state,right_joint_1,right_joint_2,right_joint_3,right_joint_4,right_joint_5,right_joint_6,right_joint_7,-90.4573,-90.0759,90.0495,-89.926,-0.0582,-0.4935,0.0955,,
1780127636,618971702,right_base_state,right_joint_1,right_joint_2,right_joint_3,right_joint_4,right_joint_5,right_joint_6,right_joint_7,-90.4573,-90.0759,90.0495,-89.926,-0.0582,-0.4935,0.0955,,
1780127636,628942325,right_base_state,right_joint_1,right_joint_2,right_joint_3,right_joint_4,right_joint_5,right_joint_6,right_joint_7,-90.4573,-90.0759,90.0495,-89.926,-0.0582,-0.4935,0.0955,,
1780127636,639838325,right_base_state,right_joint_1,right_joint_2,right_joint_3,right_joint_4,right_joint_5,right_joint_6,right_joint_7,-90.4573,-90.0759,90.0495,-89.926,-0.0582,-0.4934,0.0955,,
1780127636,648837788,right_base_state,right_joint_1,right_joint_2,right_joint_3,right_joint_4,right_joint_5,right_joint_6,right_joint_7,-90.4573,-90.0759,90.0495,-89.926,-0.0582,-0.4935,0.0955,,
1780127636,658719211,right_base_state,right_joint_1,right_joint_2,right_joint_3,right_joint_4,right_joint_5,right_joint_6,right_joint_7,-90.4573,-90.0759,90.0495,-89.926,-0.0583,-0.4935,0.0955,,
1780127636,668758578,right_base_state,right_joint_1,right_joint_2,right_joint_3,right_joint_4,right_joint_5,right_joint_6,right_joint_7,-90.4573,-90.0759,90.0495,-89.926,-0.0583,-0.4934,0.0955,,
1780127636,678787542,right_base_state,right_joint_1,right_joint_2,right_joint_3,right_joint_4,right_joint_5,right_joint_6,right_joint_7,-90.4573,-90.0759,90.0495,-89.926,-0.0583,-0.4935,0.0955,,
1780127636,688922323,right_base_state,right_joint_1,right_joint_2,right_joint_3,right_joint_4,right_joint_5,right_joint_6,right_joint_7,-90.4573,-90.0759,90.0495,-89.926,-0.0583,-0.4935,0.0955,,
1780127636,698846848,right_base_state,right_joint_1,right_joint_2,right_joint_3,right_joint_4,right_joint_5,right_joint_6,right_joint_7,-90.4573,-90.0759,90.0495,-89.926,-0.0583,-0.4934,0.0955,,
1780127636,708765570,right_base_state,right_joint_1,right_joint_2,right_joint_3,right_joint_4,right_joint_5,right_joint_6,right_joint_7,-90.4573,-90.0759,90.0495,-89.926,-0.0583,-0.4935,0.0955,,
1780127636,718746047,right_base_state,right_joint_1,right_joint_2,right_joint_3,right_joint_4,right_joint_5,right_joint_6,right_joint_7,-90.4573,-90.0759,90.0495,-89.926,-0.0582,-0.4935,0.0955,,
1780127636,728965999,right_base_state,right_joint_1,right_joint_2,right_joint_3,right_joint_4,right_joint_5,right_joint_6,right_joint_7,-90.4573,-90.0759,90.0495,-89.926,-0.0582,-0.4935,0.0955,,
1780127636,738834736,right_base_state,right_joint_1,right_joint_2,right_joint_3,right_joint_4,right_joint_5,right_joint_6,right_joint_7,-90.4573,-90.0759,90.0495,-89.926,-0.0582,-0.4935,0.0955,,
1780127636,748905984,right_base_state,right_joint_1,right_joint_2,right_joint_3,right_joint_4,right_joint_5,right_joint_6,right_joint_7,-90.4573,-90.0759,90.0495,-89.926,-0.0582,-0.4934,0.0955,,
1780127636,759061383,right_base_state,right_joint_1,right_joint_2,right_joint_3,right_joint_4,right_joint_5,right_joint_6,right_joint_7,-90.4573,-90.0759,90.0495,-89.926,-0.0582,-0.4935,0.0955,,
1780127636,768773797,right_base_state,right_joint_1,right_joint_2,right_joint_3,right_joint_4,right_joint_5,right_joint_6,right_joint_7,-90.4573,-90.0759,90.0495,-89.926,-0.0582,-0.4935,0.0955,,
1780127636,778800639,right_base_state,right_joint_1,right_joint_2,right_joint_3,right_joint_4,right_joint_5,right_joint_6,right_joint_7,-90.4573,-90.0759,90.0495,-89.926,-0.0582,-0.4935,0.0955,,
1780127636,788833284,right_base_state,right_joint_1,right_joint_2,right_joint_3,right_joint_4,right_joint_5,right_joint_6,right_joint_7,-90.4573,-90.0759,90.0495,-89.926,-0.0583,-0.4935,0.0955,,
1780127636,798761882,right_base_state,right_joint_1,right_joint_2,right_joint_3,right_joint_4,right_joint_5,right_joint_6,right_joint_7,-90.4573,-90.0759,90.0495,-89.926,-0.0582,-0.4935,0.0955,,
1780127636,808725668,right_base_state,right_joint_1,right_joint_2,right_joint_3,right_joint_4,right_joint_5,right_joint_6,right_joint_7,-90.4573,-90.0759,90.0495,-89.926,-0.0583,-0.4934,0.0955,,
1780127636,818720913,right_base_state,right_joint_1,right_joint_2,right_joint_3,right_joint_4,right_joint_5,right_joint_6,right_joint_7,-90.4573,-90.0759,90.0495,-89.926,-0.0583,-0.4935,0.0955,,
1780127636,828749835,right_base_state,right_joint_1,right_joint_2,right_joint_3,right_joint_4,right_joint_5,right_joint_6,right_joint_7,-90.4573,-90.0759,90.0495,-89.926,-0.0583,-0.4934,0.0955,,
1780127636,838780283,right_base_state,right_joint_1,right_joint_2,right_joint_3,right_joint_4,right_joint_5,right_joint_6,right_joint_7,-90.4573,-90.0759,90.0495,-89.926,-0.0582,-0.4935,0.0955,,
1780127636,849034434,right_base_state,right_joint_1,right_joint_2,right_joint_3,right_joint_4,right_joint_5,right_joint_6,right_joint_7,-90.4573,-90.0759,90.0495,-89.926,-0.0582,-0.4935,0.0955,,
1780127636,858908838,right_base_state,right_joint_1,right_joint_2,right_joint_3,right_joint_4,right_joint_5,right_joint_6,right_joint_7,-90.4573,-90.0759,90.0495,-89.926,-0.0582,-0.4935,0.0955,,
1780127636,868708934,right_base_state,right_joint_1,right_joint_2,right_joint_3,right_joint_4,right_joint_5,right_joint_6,right_joint_7,-90.4573,-90.0759,90.0495,-89.926,-0.0582,-0.4934,0.0955,,
1780127636,878829127,right_base_state,right_joint_1,right_joint_2,right_joint_3,right_joint_4,right_joint_5,right_joint_6,right_joint_7,-90.4573,-90.0759,90.0495,-89.926,-0.0582,-0.4935,0.0955,,
1780127636,888906452,right_base_state,right_joint_1,right_joint_2,right_joint_3,right_joint_4,right_joint_5,right_joint_6,right_joint_7,-90.4573,-90.0759,90.0495,-89.926,-0.0582,-0.4934,0.0955,,
1780127636,898743593,right_base_state,right_joint_1,right_joint_2,right_joint_3,right_joint_4,right_joint_5,right_joint_6,right_joint_7,-90.4573,-90.0759,90.0495,-89.926,-0.0582,-0.4935,0.0955,,
1780127636,908805816,right_base_state,right_joint_1,right_joint_2,right_joint_3,right_joint_4,right_joint_5,right_joint_6,right_joint_7,-90.4573,-90.0759,90.0495,-89.926,-0.0583,-0.4935,0.0955,,
1780127636,920156470,right_base_state,right_joint_1,right_joint_2,right_joint_3,right_joint_4,right_joint_5,right_joint_6,right_joint_7,-90.4573,-90.0759,90.0495,-89.926,-0.0582,-0.4935,0.0955,,
1780127636,928862363,right_base_state,right_joint_1,right_joint_2,right_joint_3,right_joint_4,right_joint_5,right_joint_6,right_joint_7,-90.4573,-90.0759,90.0495,-89.926,-0.0583,-0.4935,0.0955,,
1780127636,938805342,right_base_state,right_joint_1,right_joint_2,right_joint_3,right_joint_4,right_joint_5,right_joint_6,right_joint_7,-90.4573,-90.0759,90.0495,-89.926,-0.0583,-0.4934,0.0955,,
1780127636,949022841,right_base_state,right_joint_1,right_joint_2,right_joint_3,right_joint_4,right_joint_5,right_joint_6,right_joint_7,-90.4573,-90.0759,90.0495,-89.926,-0.0582,-0.4934,0.0955,,
1780127636,958680270,right_base_state,right_joint_1,right_joint_2,right_joint_3,right_joint_4,right_joint_5,right_joint_6,right_joint_7,-90.4573,-90.0759,90.0495,-89.926,-0.0583,-0.4935,0.0955,,
1780127636,968894779,right_base_state,right_joint_1,right_joint_2,right_joint_3,right_joint_4,right_joint_5,right_joint_6,right_joint_7,-90.4573,-90.0759,90.0495,-89.926,-0.0582,-0.4934,0.0955,,
1780127636,978879438,right_base_state,right_joint_1,right_joint_2,right_joint_3,right_joint_4,right_joint_5,right_joint_6,right_joint_7,-90.4573,-90.0759,90.0495,-89.926,-0.0582,-0.4935,0.0955,,
1780127636,988833163,right_base_state,right_joint_1,right_joint_2,right_joint_3,right_joint_4,right_joint_5,right_joint_6,right_joint_7,-90.4573,-90.0759,90.0495,-89.926,-0.0583,-0.4934,0.0955,,
1780127636,998783304,right_base_state,right_joint_1,right_joint_2,right_joint_3,right_joint_4,right_joint_5,right_joint_6,right_joint_7,-90.4573,-90.0759,90.0495,-89.926,-0.0583,-0.4935,0.0955,,
1780127637,8694638,right_base_state,right_joint_1,right_joint_2,right_joint_3,right_joint_4,right_joint_5,right_joint_6,right_joint_7,-90.4573,-90.0759,90.0495,-89.926,-0.0582,-0.4935,0.0955,,
1780127637,18834499,right_base_state,right_joint_1,right_joint_2,right_joint_3,right_joint_4,right_joint_5,right_joint_6,right_joint_7,-90.4573,-90.0759,90.0495,-89.926,-0.0582,-0.4935,0.0955,,
1780127637,28870065,right_base_state,right_joint_1,right_joint_2,right_joint_3,right_joint_4,right_joint_5,right_joint_6,right_joint_7,-90.4573,-90.0759,90.0495,-89.926,-0.0582,-0.4935,0.0955,,
1780127637,38844681,right_base_state,right_joint_1,right_joint_2,right_joint_3,right_joint_4,right_joint_5,right_joint_6,right_joint_7,-90.4573,-90.0759,90.0495,-89.926,-0.0582,-0.4935,0.0955,,
1780127637,48908572,right_base_state,right_joint_1,right_joint_2,right_joint_3,right_joint_4,right_joint_5,right_joint_6,right_joint_7,-90.4573,-90.0759,90.0495,-89.926,-0.0582,-0.4935,0.0955,,
1780127637,58679702,right_base_state,right_joint_1,right_joint_2,right_joint_3,right_joint_4,right_joint_5,right_joint_6,right_joint_7,-90.4573,-90.0759,90.0495,-89.926,-0.0582,-0.4935,0.0955,,
1780127637,68843974,right_base_state,right_joint_1,right_joint_2,right_joint_3,right_joint_4,right_joint_5,right_joint_6,right_joint_7,-90.4573,-90.0759,90.0495,-89.926,-0.0582,-0.4935,0.0955,,
1780127637,79615799,right_base_state,right_joint_1,right_joint_2,right_joint_3,right_joint_4,right_joint_5,right_joint_6,right_joint_7,-90.4573,-90.0759,90.0495,-89.926,-0.0583,-0.4934,0.0955,,
1780127637,88821899,right_base_state,right_joint_1,right_joint_2,right_joint_3,right_joint_4,right_joint_5,right_joint_6,right_joint_7,-90.4573,-90.0759,90.0495,-89.926,-0.0582,-0.4934,0.0955,,
1780127637,99006030,right_base_state,right_joint_1,right_joint_2,right_joint_3,right_joint_4,right_joint_5,right_joint_6,right_joint_7,-90.4573,-90.0759,90.0495,-89.926,-0.0582,-0.4935,0.0955,,
1780127637,108696793,right_base_state,right_joint_1,right_joint_2,right_joint_3,right_joint_4,right_joint_5,right_joint_6,right_joint_7,-90.4573,-90.0759,90.0495,-89.926,-0.0582,-0.4935,0.0955,,
1780127637,118713979,right_base_state,right_joint_1,right_joint_2,right_joint_3,right_joint_4,right_joint_5,right_joint_6,right_joint_7,-90.4573,-90.0759,90.0495,-89.926,-0.0583,-0.4935,0.0955,,
1780127637,128728539,right_base_state,right_joint_1,right_joint_2,right_joint_3,right_joint_4,right_joint_5,right_joint_6,right_joint_7,-90.4573,-90.0759,90.0495,-89.926,-0.0582,-0.4935,0.0955,,
1780127637,138966714,right_base_state,right_joint_1,right_joint_2,right_joint_3,right_joint_4,right_joint_5,right_joint_6,right_joint_7,-90.4573,-90.0759,90.0495,-89.926,-0.0582,-0.4935,0.0955,,
1780127637,149090473,right_base_state,right_joint_1,right_joint_2,right_joint_3,right_joint_4,right_joint_5,right_joint_6,right_joint_7,-90.4573,-90.0759,90.0495,-89.926,-0.0582,-0.4935,0.0955,,
1780127637,158694010,right_base_state,right_joint_1,right_joint_2,right_joint_3,right_joint_4,right_joint_5,right_joint_6,right_joint_7,-90.4573,-90.0759,90.0495,-89.926,-0.0583,-0.4934,0.0955,,
1780127637,168764316,right_base_state,right_joint_1,right_joint_2,right_joint_3,right_joint_4,right_joint_5,right_joint_6,right_joint_7,-90.4573,-90.0759,90.0495,-89.926,-0.0582,-0.4935,0.0955,,
1780127637,179222842,right_base_state,right_joint_1,right_joint_2,right_joint_3,right_joint_4,right_joint_5,right_joint_6,right_joint_7,-90.4573,-90.0759,90.0495,-89.926,-0.0582,-0.4935,0.0955,,
1780127637,188841271,right_base_state,right_joint_1,right_joint_2,right_joint_3,right_joint_4,right_joint_5,right_joint_6,right_joint_7,-90.4573,-90.0759,90.0495,-89.926,-0.0582,-0.4934,0.0955,,
1780127637,198820900,right_base_state,right_joint_1,right_joint_2,right_joint_3,right_joint_4,right_joint_5,right_joint_6,right_joint_7,-90.4573,-90.0759,90.0495,-89.926,-0.0582,-0.4935,0.0955,,
1780127637,208694004,right_base_state,right_joint_1,right_joint_2,right_joint_3,right_joint_4,right_joint_5,right_joint_6,right_joint_7,-90.4573,-90.0759,90.0495,-89.926,-0.0582,-0.4935,0.0955,,
1780127637,219445047,right_base_state,right_joint_1,right_joint_2,right_joint_3,right_joint_4,right_joint_5,right_joint_6,right_joint_7,-90.4573,-90.0759,90.0495,-89.926,-0.0583,-0.4935,0.0955,,
1780127637,228767814,right_base_state,right_joint_1,right_joint_2,right_joint_3,right_joint_4,right_joint_5,right_joint_6,right_joint_7,-90.4573,-90.0759,90.0495,-89.926,-0.0583,-0.4935,0.0955,,
1780127637,238729867,right_base_state,right_joint_1,right_joint_2,right_joint_3,right_joint_4,right_joint_5,right_joint_6,right_joint_7,-90.4573,-90.0759,90.0495,-89.926,-0.0582,-0.4935,0.0955,,
1780127637,248714799,right_base_state,right_joint_1,right_joint_2,right_joint_3,right_joint_4,right_joint_5,right_joint_6,right_joint_7,-90.4573,-90.0759,90.0495,-89.926,-0.0583,-0.4935,0.0955,,
1780127637,259677467,right_base_state,right_joint_1,right_joint_2,right_joint_3,right_joint_4,right_joint_5,right_joint_6,right_joint_7,-90.4573,-90.0759,90.0495,-89.926,-0.0583,-0.4935,0.0955,,
1780127637,268969935,right_base_state,right_joint_1,right_joint_2,right_joint_3,right_joint_4,right_joint_5,right_joint_6,right_joint_7,-90.4573,-90.0759,90.0495,-89.926,-0.0582,-0.4935,0.0955,,
1780127637,278872491,right_base_state,right_joint_1,right_joint_2,right_joint_3,right_joint_4,right_joint_5,right_joint_6,right_joint_7,-90.4573,-90.0759,90.0495,-89.926,-0.0582,-0.4935,0.0955,,
1780127637,288895290,right_base_state,right_joint_1,right_joint_2,right_joint_3,right_joint_4,right_joint_5,right_joint_6,right_joint_7,-90.4573,-90.0759,90.0495,-89.926,-0.0582,-0.4935,0.0955,,
1780127637,298828074,right_base_state,right_joint_1,right_joint_2,right_joint_3,right_joint_4,right_joint_5,right_joint_6,right_joint_7,-90.4573,-90.0759,90.0495,-89.926,-0.0582,-0.4935,0.0955,,
1780127637,308630766,right_base_state,right_joint_1,right_joint_2,right_joint_3,right_joint_4,right_joint_5,right_joint_6,right_joint_7,-90.4573,-90.0759,90.0495,-89.926,-0.0583,-0.4935,0.0955,,
1780127637,318725243,right_base_state,right_joint_1,right_joint_2,right_joint_3,right_joint_4,right_joint_5,right_joint_6,right_joint_7,-90.4573,-90.0759,90.0495,-89.926,-0.0582,-0.4935,0.0955,,
1780127637,328937298,right_base_state,right_joint_1,right_joint_2,right_joint_3,right_joint_4,right_joint_5,right_joint_6,right_joint_7,-90.4573,-90.0759,90.0495,-89.926,-0.0582,-0.4935,0.0955,,
1780127637,338769692,right_base_state,right_joint_1,right_joint_2,right_joint_3,right_joint_4,right_joint_5,right_joint_6,right_joint_7,-90.4573,-90.0759,90.0495,-89.926,-0.0583,-0.4935,0.0955,,
1780127637,349244017,right_base_state,right_joint_1,right_joint_2,right_joint_3,right_joint_4,right_joint_5,right_joint_6,right_joint_7,-90.4573,-90.0759,90.0495,-89.926,-0.0582,-0.4934,0.0955,,
1780127637,358739196,right_base_state,right_joint_1,right_joint_2,right_joint_3,right_joint_4,right_joint_5,right_joint_6,right_joint_7,-90.4573,-90.0759,90.0495,-89.926,-0.0582,-0.4934,0.0955,,
1780127637,368737937,right_base_state,right_joint_1,right_joint_2,right_joint_3,right_joint_4,right_joint_5,right_joint_6,right_joint_7,-90.4573,-90.0759,90.0495,-89.926,-0.0582,-0.4935,0.0955,,
1780127637,378769176,right_base_state,right_joint_1,right_joint_2,right_joint_3,right_joint_4,right_joint_5,right_joint_6,right_joint_7,-90.4573,-90.0759,90.0495,-89.926,-0.0582,-0.4934,0.0955,,
1780127637,389176187,right_base_state,right_joint_1,right_joint_2,right_joint_3,right_joint_4,right_joint_5,right_joint_6,right_joint_7,-90.4573,-90.0759,90.0495,-89.926,-0.0582,-0.4935,0.0955,,
1780127637,398895691,right_base_state,right_joint_1,right_joint_2,right_joint_3,right_joint_4,right_joint_5,right_joint_6,right_joint_7,-90.4573,-90.0759,90.0495,-89.926,-0.0582,-0.4935,0.0955,,
1780127637,408683850,right_base_state,right_joint_1,right_joint_2,right_joint_3,right_joint_4,right_joint_5,right_joint_6,right_joint_7,-90.4573,-90.0759,90.0495,-89.926,-0.0582,-0.4934,0.0955,,
1780127637,421925785,right_base_state,right_joint_1,right_joint_2,right_joint_3,right_joint_4,right_joint_5,right_joint_6,right_joint_7,-90.4573,-90.0759,90.0495,-89.926,-0.0582,-0.4935,0.0955,,
1780127637,428843816,right_base_state,right_joint_1,right_joint_2,right_joint_3,right_joint_4,right_joint_5,right_joint_6,right_joint_7,-90.4573,-90.0759,90.0495,-89.926,-0.0582,-0.4935,0.0955,,
1780127637,438726684,right_base_state,right_joint_1,right_joint_2,right_joint_3,right_joint_4,right_joint_5,right_joint_6,right_joint_7,-90.4573,-90.0759,90.0495,-89.926,-0.0583,-0.4934,0.0955,,
1780127637,451897078,right_base_state,right_joint_1,right_joint_2,right_joint_3,right_joint_4,right_joint_5,right_joint_6,right_joint_7,-90.4573,-90.0759,90.0495,-89.926,-0.0582,-0.4934,0.0955,,
1780127637,459423532,right_base_state,right_joint_1,right_joint_2,right_joint_3,right_joint_4,right_joint_5,right_joint_6,right_joint_7,-90.4573,-90.0759,90.0495,-89.926,-0.0582,-0.4935,0.0955,,
1780127637,468788173,right_base_state,right_joint_1,right_joint_2,right_joint_3,right_joint_4,right_joint_5,right_joint_6,right_joint_7,-90.4573,-90.0759,90.0495,-89.926,-0.0583,-0.4935,0.0955,,
1780127637,478875906,right_base_state,right_joint_1,right_joint_2,right_joint_3,right_joint_4,right_joint_5,right_joint_6,right_joint_7,-90.4573,-90.0759,90.0495,-89.926,-0.0582,-0.4934,0.0955,,
1780127637,488862890,right_base_state,right_joint_1,right_joint_2,right_joint_3,right_joint_4,right_joint_5,right_joint_6,right_joint_7,-90.4573,-90.0759,90.0495,-89.926,-0.0583,-0.4935,0.0955,,
1780127637,498815134,right_base_state,right_joint_1,right_joint_2,right_joint_3,right_joint_4,right_joint_5,right_joint_6,right_joint_7,-90.4573,-90.0759,90.0495,-89.926,-0.0582,-0.4934,0.0955,,
1780127637,508687422,right_base_state,right_joint_1,right_joint_2,right_joint_3,right_joint_4,right_joint_5,right_joint_6,right_joint_7,-90.4573,-90.0759,90.0495,-89.926,-0.0583,-0.4935,0.0955,,
1780127637,518704408,right_base_state,right_joint_1,right_joint_2,right_joint_3,right_joint_4,right_joint_5,right_joint_6,right_joint_7,-90.4573,-90.0759,90.0495,-89.926,-0.0582,-0.4935,0.0955,,
1780127637,528809787,right_base_state,right_joint_1,right_joint_2,right_joint_3,right_joint_4,right_joint_5,right_joint_6,right_joint_7,-90.4573,-90.0759,90.0495,-89.926,-0.0582,-0.4934,0.0955,,
1780127637,538814419,right_base_state,right_joint_1,right_joint_2,right_joint_3,right_joint_4,right_joint_5,right_joint_6,right_joint_7,-90.4573,-90.0759,90.0495,-89.926,-0.0583,-0.4935,0.0955,,
1780127637,549003445,right_base_state,right_joint_1,right_joint_2,right_joint_3,right_joint_4,right_joint_5,right_joint_6,right_joint_7,-90.4573,-90.0759,90.0495,-89.926,-0.0583,-0.4935,0.0955,,
1780127637,558686234,right_base_state,right_joint_1,right_joint_2,right_joint_3,right_joint_4,right_joint_5,right_joint_6,right_joint_7,-90.4573,-90.0759,90.0495,-89.926,-0.0582,-0.4935,0.0955,,
1780127637,568701005,right_base_state,right_joint_1,right_joint_2,right_joint_3,right_joint_4,right_joint_5,right_joint_6,right_joint_7,-90.4573,-90.0759,90.0495,-89.926,-0.0583,-0.4934,0.0955,,
1780127637,578718892,right_base_state,right_joint_1,right_joint_2,right_joint_3,right_joint_4,right_joint_5,right_joint_6,right_joint_7,-90.4573,-90.0759,90.0495,-89.926,-0.0583,-0.4935,0.0955,,
1780127637,588911727,right_base_state,right_joint_1,right_joint_2,right_joint_3,right_joint_4,right_joint_5,right_joint_6,right_joint_7,-90.4573,-90.0759,90.0495,-89.926,-0.0583,-0.4935,0.0955,,
1780127637,598869419,right_base_state,right_joint_1,right_joint_2,right_joint_3,right_joint_4,right_joint_5,right_joint_6,right_joint_7,-90.4573,-90.0759,90.0495,-89.926,-0.0583,-0.4935,0.0955,,
1780127637,608683823,right_base_state,right_joint_1,right_joint_2,right_joint_3,right_joint_4,right_joint_5,right_joint_6,right_joint_7,-90.4573,-90.0759,90.0495,-89.926,-0.0582,-0.4935,0.0955,,
1780127637,618809996,right_base_state,right_joint_1,right_joint_2,right_joint_3,right_joint_4,right_joint_5,right_joint_6,right_joint_7,-90.4573,-90.0759,90.0495,-89.926,-0.0583,-0.4934,0.0955,,
1780127637,628858978,right_base_state,right_joint_1,right_joint_2,right_joint_3,right_joint_4,right_joint_5,right_joint_6,right_joint_7,-90.4573,-90.0759,90.0495,-89.926,-0.0582,-0.4934,0.0955,,
1780127637,638848668,right_base_state,right_joint_1,right_joint_2,right_joint_3,right_joint_4,right_joint_5,right_joint_6,right_joint_7,-90.4573,-90.0759,90.0495,-89.926,-0.0582,-0.4935,0.0955,,
1780127637,648970774,right_base_state,right_joint_1,right_joint_2,right_joint_3,right_joint_4,right_joint_5,right_joint_6,right_joint_7,-90.4573,-90.0759,90.0495,-89.926,-0.0583,-0.4935,0.0955,,
1780127637,661028937,right_base_state,right_joint_1,right_joint_2,right_joint_3,right_joint_4,right_joint_5,right_joint_6,right_joint_7,-90.4573,-90.0759,90.0495,-89.926,-0.0582,-0.4935,0.0955,,
1780127637,668903141,right_base_state,right_joint_1,right_joint_2,right_joint_3,right_joint_4,right_joint_5,right_joint_6,right_joint_7,-90.4573,-90.0759,90.0495,-89.926,-0.0582,-0.4935,0.0955,,
1780127637,678914133,right_base_state,right_joint_1,right_joint_2,right_joint_3,right_joint_4,right_joint_5,right_joint_6,right_joint_7,-90.4573,-90.0759,90.0495,-89.926,-0.0582,-0.4935,0.0955,,
1780127637,689779634,right_base_state,right_joint_1,right_joint_2,right_joint_3,right_joint_4,right_joint_5,right_joint_6,right_joint_7,-90.4573,-90.0759,90.0495,-89.926,-0.0582,-0.4935,0.0955,,
1780127637,698834488,right_base_state,right_joint_1,right_joint_2,right_joint_3,right_joint_4,right_joint_5,right_joint_6,right_joint_7,-90.4573,-90.0759,90.0495,-89.926,-0.0582,-0.4934,0.0955,,
1780127637,708791536,right_base_state,right_joint_1,right_joint_2,right_joint_3,right_joint_4,right_joint_5,right_joint_6,right_joint_7,-90.4573,-90.0759,90.0495,-89.926,-0.0582,-0.4934,0.0955,,
1780127637,718931030,right_base_state,right_joint_1,right_joint_2,right_joint_3,right_joint_4,right_joint_5,right_joint_6,right_joint_7,-90.4573,-90.0759,90.0495,-89.926,-0.0582,-0.4935,0.0955,,
1780127637,728919894,right_base_state,right_joint_1,right_joint_2,right_joint_3,right_joint_4,right_joint_5,right_joint_6,right_joint_7,-90.4573,-90.0759,90.0495,-89.926,-0.0583,-0.4935,0.0955,,
1780127637,739025220,right_base_state,right_joint_1,right_joint_2,right_joint_3,right_joint_4,right_joint_5,right_joint_6,right_joint_7,-90.4573,-90.0759,90.0495,-89.926,-0.0582,-0.4935,0.0955,,
1780127637,748999853,right_base_state,right_joint_1,right_joint_2,right_joint_3,right_joint_4,right_joint_5,right_joint_6,right_joint_7,-90.4573,-90.0759,90.0495,-89.926,-0.0582,-0.4935,0.0955,,
1780127637,758688472,right_base_state,right_joint_1,right_joint_2,right_joint_3,right_joint_4,right_joint_5,right_joint_6,right_joint_7,-90.4573,-90.0759,90.0495,-89.926,-0.0583,-0.4934,0.0955,,
1780127637,768945653,right_base_state,right_joint_1,right_joint_2,right_joint_3,right_joint_4,right_joint_5,right_joint_6,right_joint_7,-90.4573,-90.0759,90.0495,-89.926,-0.0583,-0.4934,0.0955,,
1780127637,779000157,right_base_state,right_joint_1,right_joint_2,right_joint_3,right_joint_4,right_joint_5,right_joint_6,right_joint_7,-90.4573,-90.0759,90.0495,-89.926,-0.0583,-0.4935,0.0955,,
1780127637,788903438,right_base_state,right_joint_1,right_joint_2,right_joint_3,right_joint_4,right_joint_5,right_joint_6,right_joint_7,-90.4573,-90.0759,90.0495,-89.926,-0.0582,-0.4934,0.0955,,
1780127637,798695939,right_base_state,right_joint_1,right_joint_2,right_joint_3,right_joint_4,right_joint_5,right_joint_6,right_joint_7,-90.4573,-90.0759,90.0495,-89.926,-0.0582,-0.4935,0.0955,,
1780127637,808726293,right_base_state,right_joint_1,right_joint_2,right_joint_3,right_joint_4,right_joint_5,right_joint_6,right_joint_7,-90.4573,-90.0759,90.0495,-89.926,-0.0583,-0.4934,0.0955,,
1780127637,819351114,right_base_state,right_joint_1,right_joint_2,right_joint_3,right_joint_4,right_joint_5,right_joint_6,right_joint_7,-90.4573,-90.0759,90.0495,-89.926,-0.0582,-0.4935,0.0955,,
1780127637,828862253,right_base_state,right_joint_1,right_joint_2,right_joint_3,right_joint_4,right_joint_5,right_joint_6,right_joint_7,-90.4573,-90.0759,90.0495,-89.926,-0.0583,-0.4935,0.0955,,
1780127637,838911532,right_base_state,right_joint_1,right_joint_2,right_joint_3,right_joint_4,right_joint_5,right_joint_6,right_joint_7,-90.4573,-90.0759,90.0495,-89.926,-0.0582,-0.4935,0.0955,,
1780127637,848872110,right_base_state,right_joint_1,right_joint_2,right_joint_3,right_joint_4,right_joint_5,right_joint_6,right_joint_7,-90.4573,-90.0759,90.0495,-89.926,-0.0582,-0.4935,0.0955,,
1780127637,858712815,right_base_state,right_joint_1,right_joint_2,right_joint_3,right_joint_4,right_joint_5,right_joint_6,right_joint_7,-90.4573,-90.0759,90.0495,-89.926,-0.0582,-0.4935,0.0955,,
1780127637,868773628,right_base_state,right_joint_1,right_joint_2,right_joint_3,right_joint_4,right_joint_5,right_joint_6,right_joint_7,-90.4573,-90.0759,90.0495,-89.926,-0.0583,-0.4935,0.0955,,
1780127637,878839299,right_base_state,right_joint_1,right_joint_2,right_joint_3,right_joint_4,right_joint_5,right_joint_6,right_joint_7,-90.4573,-90.0759,90.0495,-89.926,-0.0583,-0.4935,0.0955,,
1780127637,888972888,right_base_state,right_joint_1,right_joint_2,right_joint_3,right_joint_4,right_joint_5,right_joint_6,right_joint_7,-90.4573,-90.0759,90.0495,-89.926,-0.0583,-0.4935,0.0955,,
1780127637,898805088,right_base_state,right_joint_1,right_joint_2,right_joint_3,right_joint_4,right_joint_5,right_joint_6,right_joint_7,-90.4573,-90.0759,90.0495,-89.926,-0.0583,-0.4934,0.0955,,
1780127637,908678452,right_base_state,right_joint_1,right_joint_2,right_joint_3,right_joint_4,right_joint_5,right_joint_6,right_joint_7,-90.4573,-90.0759,90.0495,-89.926,-0.0583,-0.4935,0.0955,,
1780127637,918905807,right_base_state,right_joint_1,right_joint_2,right_joint_3,right_joint_4,right_joint_5,right_joint_6,right_joint_7,-90.4573,-90.0759,90.0495,-89.926,-0.0583,-0.4935,0.0955,,
1780127637,928784520,right_base_state,right_joint_1,right_joint_2,right_joint_3,right_joint_4,right_joint_5,right_joint_6,right_joint_7,-90.4573,-90.0759,90.0495,-89.926,-0.0583,-0.4935,0.0955,,
1780127637,938753654,right_base_state,right_joint_1,right_joint_2,right_joint_3,right_joint_4,right_joint_5,right_joint_6,right_joint_7,-90.4573,-90.0759,90.0495,-89.926,-0.0583,-0.4935,0.0955,,
1780127637,948762518,right_base_state,right_joint_1,right_joint_2,right_joint_3,right_joint_4,right_joint_5,right_joint_6,right_joint_7,-90.4573,-90.0759,90.0495,-89.926,-0.0583,-0.4935,0.0955,,
1780127637,960124988,right_base_state,right_joint_1,right_joint_2,right_joint_3,right_joint_4,right_joint_5,right_joint_6,right_joint_7,-90.4573,-90.0759,90.0495,-89.926,-0.0582,-0.4935,0.0955,,
1780127637,968772989,right_base_state,right_joint_1,right_joint_2,right_joint_3,right_joint_4,right_joint_5,right_joint_6,right_joint_7,-90.4573,-90.0759,90.0495,-89.926,-0.0582,-0.4935,0.0955,,
1780127637,978719766,right_base_state,right_joint_1,right_joint_2,right_joint_3,right_joint_4,right_joint_5,right_joint_6,right_joint_7,-90.4573,-90.0759,90.0495,-89.926,-0.0582,-0.4935,0.0955,,
1780127637,989014185,right_base_state,right_joint_1,right_joint_2,right_joint_3,right_joint_4,right_joint_5,right_joint_6,right_joint_7,-90.4573,-90.0759,90.0495,-89.926,-0.0583,-0.4935,0.0955,,
1780127637,998837314,right_base_state,right_joint_1,right_joint_2,right_joint_3,right_joint_4,right_joint_5,right_joint_6,right_joint_7,-90.4573,-90.0759,90.0495,-89.926,-0.0582,-0.4935,0.0955,,
1780127638,8858220,right_base_state,right_joint_1,right_joint_2,right_joint_3,right_joint_4,right_joint_5,right_joint_6,right_joint_7,-90.4573,-90.0759,90.0495,-89.926,-0.0582,-0.4935,0.0955,,
1780127638,18808144,right_base_state,right_joint_1,right_joint_2,right_joint_3,right_joint_4,right_joint_5,right_joint_6,right_joint_7,-90.4573,-90.0759,90.0495,-89.926,-0.0583,-0.4935,0.0955,,
1780127638,30878538,right_base_state,right_joint_1,right_joint_2,right_joint_3,right_joint_4,right_joint_5,right_joint_6,right_joint_7,-90.4573,-90.0759,90.0495,-89.926,-0.0582,-0.4935,0.0955,,
1780127638,38868770,right_base_state,right_joint_1,right_joint_2,right_joint_3,right_joint_4,right_joint_5,right_joint_6,right_joint_7,-90.4573,-90.0759,90.0495,-89.926,-0.0583,-0.4935,0.0955,,
1780127638,48773546,right_base_state,right_joint_1,right_joint_2,right_joint_3,right_joint_4,right_joint_5,right_joint_6,right_joint_7,-90.4573,-90.0759,90.0495,-89.926,-0.0583,-0.4935,0.0955,,
1780127638,58690984,right_base_state,right_joint_1,right_joint_2,right_joint_3,right_joint_4,right_joint_5,right_joint_6,right_joint_7,-90.4573,-90.0759,90.0495,-89.926,-0.0583,-0.4934,0.0955,,
1780127638,69016620,right_base_state,right_joint_1,right_joint_2,right_joint_3,right_joint_4,right_joint_5,right_joint_6,right_joint_7,-90.4573,-90.0759,90.0495,-89.926,-0.0583,-0.4935,0.0955,,
1780127638,78988959,right_base_state,right_joint_1,right_joint_2,right_joint_3,right_joint_4,right_joint_5,right_joint_6,right_joint_7,-90.4573,-90.0759,90.0495,-89.9261,-0.0583,-0.4935,0.0955,,
1780127638,89066094,right_base_state,right_joint_1,right_joint_2,right_joint_3,right_joint_4,right_joint_5,right_joint_6,right_joint_7,-90.4573,-90.0759,90.0495,-89.926,-0.0582,-0.4935,0.0955,,
1780127638,98975585,right_base_state,right_joint_1,right_joint_2,right_joint_3,right_joint_4,right_joint_5,right_joint_6,right_joint_7,-90.4573,-90.0759,90.0495,-89.926,-0.0582,-0.4935,0.0955,,
1780127638,108680285,right_base_state,right_joint_1,right_joint_2,right_joint_3,right_joint_4,right_joint_5,right_joint_6,right_joint_7,-90.4573,-90.0759,90.0495,-89.926,-0.0583,-0.4935,0.0955,,
1780127638,118782552,right_base_state,right_joint_1,right_joint_2,right_joint_3,right_joint_4,right_joint_5,right_joint_6,right_joint_7,-90.4573,-90.0759,90.0495,-89.926,-0.0582,-0.4935,0.0955,,
1780127638,128897082,right_base_state,right_joint_1,right_joint_2,right_joint_3,right_joint_4,right_joint_5,right_joint_6,right_joint_7,-90.4573,-90.0759,90.0495,-89.926,-0.0583,-0.4935,0.0955,,
1780127638,138764894,right_base_state,right_joint_1,right_joint_2,right_joint_3,right_joint_4,right_joint_5,right_joint_6,right_joint_7,-90.4573,-90.0759,90.0495,-89.926,-0.0582,-0.4935,0.0955,,
1780127638,148843271,right_base_state,right_joint_1,right_joint_2,right_joint_3,right_joint_4,right_joint_5,right_joint_6,right_joint_7,-90.4573,-90.0759,90.0495,-89.926,-0.0582,-0.4935,0.0955,,
1780127638,158691029,right_base_state,right_joint_1,right_joint_2,right_joint_3,right_joint_4,right_joint_5,right_joint_6,right_joint_7,-90.4573,-90.0759,90.0495,-89.926,-0.0582,-0.4935,0.0955,,
1780127638,168933135,right_base_state,right_joint_1,right_joint_2,right_joint_3,right_joint_4,right_joint_5,right_joint_6,right_joint_7,-90.4573,-90.0759,90.0495,-89.926,-0.0583,-0.4934,0.0955,,
1780127638,178816495,right_base_state,right_joint_1,right_joint_2,right_joint_3,right_joint_4,right_joint_5,right_joint_6,right_joint_7,-90.4573,-90.0759,90.0495,-89.926,-0.0582,-0.4934,0.0955,,
1780127638,188980154,right_base_state,right_joint_1,right_joint_2,right_joint_3,right_joint_4,right_joint_5,right_joint_6,right_joint_7,-90.4573,-90.0759,90.0495,-89.926,-0.0583,-0.4934,0.0955,,
1780127638,198800147,right_base_state,right_joint_1,right_joint_2,right_joint_3,right_joint_4,right_joint_5,right_joint_6,right_joint_7,-90.4573,-90.0759,90.0495,-89.926,-0.0583,-0.4934,0.0955,,
1780127638,208695342,right_base_state,right_joint_1,right_joint_2,right_joint_3,right_joint_4,right_joint_5,right_joint_6,right_joint_7,-90.4573,-90.0759,90.0495,-89.926,-0.0583,-0.4935,0.0955,,
1780127638,218932404,right_base_state,right_joint_1,right_joint_2,right_joint_3,right_joint_4,right_joint_5,right_joint_6,right_joint_7,-90.4573,-90.0759,90.0495,-89.926,-0.0583,-0.4935,0.0955,,
1780127638,229279416,right_base_state,right_joint_1,right_joint_2,right_joint_3,right_joint_4,right_joint_5,right_joint_6,right_joint_7,-90.4573,-90.0759,90.0495,-89.926,-0.0583,-0.4935,0.0955,,
1780127638,239110081,right_base_state,right_joint_1,right_joint_2,right_joint_3,right_joint_4,right_joint_5,right_joint_6,right_joint_7,-90.4573,-90.0759,90.0495,-89.926,-0.0582,-0.4935,0.0955,,
1780127638,248907250,right_base_state,right_joint_1,right_joint_2,right_joint_3,right_joint_4,right_joint_5,right_joint_6,right_joint_7,-90.4573,-90.0759,90.0495,-89.926,-0.0582,-0.4934,0.0955,,
1780127638,258710925,right_base_state,right_joint_1,right_joint_2,right_joint_3,right_joint_4,right_joint_5,right_joint_6,right_joint_7,-90.4573,-90.0759,90.0495,-89.926,-0.0583,-0.4935,0.0955,,
1780127638,268704554,right_base_state,right_joint_1,right_joint_2,right_joint_3,right_joint_4,right_joint_5,right_joint_6,right_joint_7,-90.4573,-90.0759,90.0495,-89.926,-0.0583,-0.4934,0.0955,,
1780127638,278841012,right_base_state,right_joint_1,right_joint_2,right_joint_3,right_joint_4,right_joint_5,right_joint_6,right_joint_7,-90.4573,-90.0759,90.0495,-89.926,-0.0582,-0.4935,0.0955,,
1780127638,288878353,right_base_state,right_joint_1,right_joint_2,right_joint_3,right_joint_4,right_joint_5,right_joint_6,right_joint_7,-90.4573,-90.0759,90.0495,-89.926,-0.0583,-0.4935,0.0955,,
1780127638,299501352,right_base_state,right_joint_1,right_joint_2,right_joint_3,right_joint_4,right_joint_5,right_joint_6,right_joint_7,-90.4573,-90.0759,90.0495,-89.926,-0.0583,-0.4934,0.0955,,
1780127638,309452497,right_base_state,right_joint_1,right_joint_2,right_joint_3,right_joint_4,right_joint_5,right_joint_6,right_joint_7,-90.4573,-90.0759,90.0495,-89.926,-0.0582,-0.4935,0.0955,,
1780127638,318712333,right_base_state,right_joint_1,right_joint_2,right_joint_3,right_joint_4,right_joint_5,right_joint_6,right_joint_7,-90.4573,-90.0759,90.0495,-89.926,-0.0582,-0.4935,0.0955,,
1780127638,328817664,right_base_state,right_joint_1,right_joint_2,right_joint_3,right_joint_4,right_joint_5,right_joint_6,right_joint_7,-90.4573,-90.0759,90.0495,-89.926,-0.0583,-0.4934,0.0955,,
1780127638,338934606,right_base_state,right_joint_1,right_joint_2,right_joint_3,right_joint_4,right_joint_5,right_joint_6,right_joint_7,-90.4573,-90.0759,90.0495,-89.926,-0.0582,-0.4935,0.0955,,
1780127638,348840134,right_base_state,right_joint_1,right_joint_2,right_joint_3,right_joint_4,right_joint_5,right_joint_6,right_joint_7,-90.4573,-90.0759,90.0495,-89.926,-0.0583,-0.4935,0.0955,,
1780127638,358694469,right_base_state,right_joint_1,right_joint_2,right_joint_3,right_joint_4,right_joint_5,right_joint_6,right_joint_7,-90.4573,-90.0759,90.0495,-89.926,-0.0582,-0.4935,0.0955,,
1780127638,368787107,right_base_state,right_joint_1,right_joint_2,right_joint_3,right_joint_4,right_joint_5,right_joint_6,right_joint_7,-90.4573,-90.0759,90.0495,-89.926,-0.0583,-0.4934,0.0955,,
1780127638,378867500,right_base_state,right_joint_1,right_joint_2,right_joint_3,right_joint_4,right_joint_5,right_joint_6,right_joint_7,-90.4573,-90.0759,90.0495,-89.926,-0.0583,-0.4935,0.0955,,
1780127638,388837152,right_base_state,right_joint_1,right_joint_2,right_joint_3,right_joint_4,right_joint_5,right_joint_6,right_joint_7,-90.4573,-90.0759,90.0495,-89.926,-0.0583,-0.4935,0.0955,,
1780127638,399034625,right_base_state,right_joint_1,right_joint_2,right_joint_3,right_joint_4,right_joint_5,right_joint_6,right_joint_7,-90.4573,-90.0759,90.0495,-89.926,-0.0583,-0.4934,0.0955,,
1780127638,408686280,right_base_state,right_joint_1,right_joint_2,right_joint_3,right_joint_4,right_joint_5,right_joint_6,right_joint_7,-90.4573,-90.0759,90.0495,-89.926,-0.0582,-0.4935,0.0955,,
1780127638,418758779,right_base_state,right_joint_1,right_joint_2,right_joint_3,right_joint_4,right_joint_5,right_joint_6,right_joint_7,-90.4573,-90.0759,90.0495,-89.926,-0.0583,-0.4935,0.0955,,
1780127638,428763391,right_base_state,right_joint_1,right_joint_2,right_joint_3,right_joint_4,right_joint_5,right_joint_6,right_joint_7,-90.4573,-90.0759,90.0495,-89.926,-0.0582,-0.4934,0.0955,,
1780127638,438802554,right_base_state,right_joint_1,right_joint_2,right_joint_3,right_joint_4,right_joint_5,right_joint_6,right_joint_7,-90.4573,-90.0759,90.0495,-89.926,-0.0582,-0.4935,0.0955,,
1780127638,448726554,right_base_state,right_joint_1,right_joint_2,right_joint_3,right_joint_4,right_joint_5,right_joint_6,right_joint_7,-90.4573,-90.0759,90.0495,-89.926,-0.0582,-0.4935,0.0955,,
1780127638,458768439,right_base_state,right_joint_1,right_joint_2,right_joint_3,right_joint_4,right_joint_5,right_joint_6,right_joint_7,-90.4573,-90.0759,90.0495,-89.926,-0.0582,-0.4935,0.0955,,
1780127638,468726218,right_base_state,right_joint_1,right_joint_2,right_joint_3,right_joint_4,right_joint_5,right_joint_6,right_joint_7,-90.4573,-90.0759,90.0495,-89.926,-0.0582,-0.4935,0.0955,,
1780127638,478739838,right_base_state,right_joint_1,right_joint_2,right_joint_3,right_joint_4,right_joint_5,right_joint_6,right_joint_7,-90.4573,-90.0759,90.0495,-89.926,-0.0582,-0.4934,0.0955,,
1780127638,488756502,right_base_state,right_joint_1,right_joint_2,right_joint_3,right_joint_4,right_joint_5,right_joint_6,right_joint_7,-90.4573,-90.0759,90.0495,-89.926,-0.0582,-0.4935,0.0955,,
1780127638,498796072,right_base_state,right_joint_1,right_joint_2,right_joint_3,right_joint_4,right_joint_5,right_joint_6,right_joint_7,-90.4573,-90.0759,90.0495,-89.926,-0.0582,-0.4935,0.0955,,
1780127638,508697089,right_base_state,right_joint_1,right_joint_2,right_joint_3,right_joint_4,right_joint_5,right_joint_6,right_joint_7,-90.4573,-90.0759,90.0495,-89.926,-0.0583,-0.4934,0.0955,,
1780127638,518758607,right_base_state,right_joint_1,right_joint_2,right_joint_3,right_joint_4,right_joint_5,right_joint_6,right_joint_7,-90.4573,-90.0759,90.0495,-89.926,-0.0583,-0.4935,0.0955,,
1780127638,529531587,right_base_state,right_joint_1,right_joint_2,right_joint_3,right_joint_4,right_joint_5,right_joint_6,right_joint_7,-90.4573,-90.0759,90.0495,-89.926,-0.0582,-0.4935,0.0955,,
1780127638,538797527,right_base_state,right_joint_1,right_joint_2,right_joint_3,right_joint_4,right_joint_5,right_joint_6,right_joint_7,-90.4573,-90.0759,90.0495,-89.926,-0.0583,-0.4934,0.0955,,
1780127638,548831161,right_base_state,right_joint_1,right_joint_2,right_joint_3,right_joint_4,right_joint_5,right_joint_6,right_joint_7,-90.4573,-90.0759,90.0495,-89.926,-0.0583,-0.4935,0.0955,,
1780127638,559825537,right_base_state,right_joint_1,right_joint_2,right_joint_3,right_joint_4,right_joint_5,right_joint_6,right_joint_7,-90.4573,-90.0759,90.0495,-89.926,-0.0582,-0.4934,0.0955,,
1780127638,568733160,right_base_state,right_joint_1,right_joint_2,right_joint_3,right_joint_4,right_joint_5,right_joint_6,right_joint_7,-90.4573,-90.0759,90.0495,-89.926,-0.0583,-0.4934,0.0955,,
1780127638,578847280,right_base_state,right_joint_1,right_joint_2,right_joint_3,right_joint_4,right_joint_5,right_joint_6,right_joint_7,-90.4573,-90.0759,90.0495,-89.926,-0.0582,-0.4935,0.0955,,
1780127638,588808812,right_base_state,right_joint_1,right_joint_2,right_joint_3,right_joint_4,right_joint_5,right_joint_6,right_joint_7,-90.4573,-90.0759,90.0495,-89.926,-0.0583,-0.4935,0.0955,,
1780127638,598991861,right_base_state,right_joint_1,right_joint_2,right_joint_3,right_joint_4,right_joint_5,right_joint_6,right_joint_7,-90.4573,-90.0759,90.0495,-89.926,-0.0582,-0.4935,0.0955,,
1780127638,608709885,right_base_state,right_joint_1,right_joint_2,right_joint_3,right_joint_4,right_joint_5,right_joint_6,right_joint_7,-90.4573,-90.0759,90.0495,-89.926,-0.0582,-0.4935,0.0955,,
1780127638,618742033,right_base_state,right_joint_1,right_joint_2,right_joint_3,right_joint_4,right_joint_5,right_joint_6,right_joint_7,-90.4573,-90.0759,90.0495,-89.926,-0.0582,-0.4935,0.0955,,
1780127638,628773237,right_base_state,right_joint_1,right_joint_2,right_joint_3,right_joint_4,right_joint_5,right_joint_6,right_joint_7,-90.4573,-90.0759,90.0495,-89.926,-0.0583,-0.4935,0.0955,,
1780127638,638998444,right_base_state,right_joint_1,right_joint_2,right_joint_3,right_joint_4,right_joint_5,right_joint_6,right_joint_7,-90.4573,-90.0759,90.0495,-89.926,-0.0582,-0.4935,0.0955,,
1780127638,648820381,right_base_state,right_joint_1,right_joint_2,right_joint_3,right_joint_4,right_joint_5,right_joint_6,right_joint_7,-90.4573,-90.0759,90.0495,-89.926,-0.0583,-0.4935,0.0955,,
1780127638,658687581,right_base_state,right_joint_1,right_joint_2,right_joint_3,right_joint_4,right_joint_5,right_joint_6,right_joint_7,-90.4573,-90.0759,90.0495,-89.926,-0.0583,-0.4935,0.0955,,
1780127638,668988334,right_base_state,right_joint_1,right_joint_2,right_joint_3,right_joint_4,right_joint_5,right_joint_6,right_joint_7,-90.4573,-90.0759,90.0495,-89.926,-0.0582,-0.4935,0.0955,,
1780127638,678742568,right_base_state,right_joint_1,right_joint_2,right_joint_3,right_joint_4,right_joint_5,right_joint_6,right_joint_7,-90.4573,-90.0759,90.0495,-89.926,-0.0582,-0.4935,0.0955,,
1780127638,688772148,right_base_state,right_joint_1,right_joint_2,right_joint_3,right_joint_4,right_joint_5,right_joint_6,right_joint_7,-90.4573,-90.0759,90.0495,-89.926,-0.0583,-0.4935,0.0955,,
1780127638,699045510,right_base_state,right_joint_1,right_joint_2,right_joint_3,right_joint_4,right_joint_5,right_joint_6,right_joint_7,-90.4573,-90.0759,90.0495,-89.926,-0.0583,-0.4935,0.0955,,
1780127638,708698921,right_base_state,right_joint_1,right_joint_2,right_joint_3,right_joint_4,right_joint_5,right_joint_6,right_joint_7,-90.4573,-90.0759,90.0495,-89.926,-0.0582,-0.4934,0.0955,,
1780127638,718678668,right_base_state,right_joint_1,right_joint_2,right_joint_3,right_joint_4,right_joint_5,right_joint_6,right_joint_7,-90.4573,-90.0759,90.0495,-89.926,-0.0582,-0.4935,0.0955,,
1780127638,728814062,right_base_state,right_joint_1,right_joint_2,right_joint_3,right_joint_4,right_joint_5,right_joint_6,right_joint_7,-90.4573,-90.0759,90.0495,-89.926,-0.0583,-0.4934,0.0955,,
1780127638,739146642,right_base_state,right_joint_1,right_joint_2,right_joint_3,right_joint_4,right_joint_5,right_joint_6,right_joint_7,-90.4573,-90.0759,90.0496,-89.926,-0.0583,-0.4935,0.0955,,
1780127638,748711970,right_base_state,right_joint_1,right_joint_2,right_joint_3,right_joint_4,right_joint_5,right_joint_6,right_joint_7,-90.4573,-90.0759,90.0495,-89.926,-0.0583,-0.4935,0.0955,,
1780127638,758702340,right_base_state,right_joint_1,right_joint_2,right_joint_3,right_joint_4,right_joint_5,right_joint_6,right_joint_7,-90.4573,-90.0759,90.0495,-89.926,-0.0582,-0.4935,0.0955,,
1780127638,769007766,right_base_state,right_joint_1,right_joint_2,right_joint_3,right_joint_4,right_joint_5,right_joint_6,right_joint_7,-90.4573,-90.0759,90.0495,-89.926,-0.0583,-0.4935,0.0955,,
1780127638,778787811,right_base_state,right_joint_1,right_joint_2,right_joint_3,right_joint_4,right_joint_5,right_joint_6,right_joint_7,-90.4573,-90.0759,90.0495,-89.926,-0.0583,-0.4935,0.0955,,
1780127638,788797543,right_base_state,right_joint_1,right_joint_2,right_joint_3,right_joint_4,right_joint_5,right_joint_6,right_joint_7,-90.4573,-90.0759,90.0495,-89.926,-0.0583,-0.4934,0.0955,,
1780127638,798899905,right_base_state,right_joint_1,right_joint_2,right_joint_3,right_joint_4,right_joint_5,right_joint_6,right_joint_7,-90.4573,-90.0759,90.0495,-89.926,-0.0582,-0.4935,0.0955,,
1780127638,808727197,right_base_state,right_joint_1,right_joint_2,right_joint_3,right_joint_4,right_joint_5,right_joint_6,right_joint_7,-90.4573,-90.0759,90.0495,-89.926,-0.0583,-0.4935,0.0955,,
1780127638,818946400,right_base_state,right_joint_1,right_joint_2,right_joint_3,right_joint_4,right_joint_5,right_joint_6,right_joint_7,-90.4573,-90.0759,90.0495,-89.926,-0.0583,-0.4935,0.0955,,
1780127638,828851453,right_base_state,right_joint_1,right_joint_2,right_joint_3,right_joint_4,right_joint_5,right_joint_6,right_joint_7,-90.4573,-90.0759,90.0495,-89.926,-0.0583,-0.4935,0.0955,,
1780127638,838850197,right_base_state,right_joint_1,right_joint_2,right_joint_3,right_joint_4,right_joint_5,right_joint_6,right_joint_7,-90.4573,-90.0759,90.0495,-89.926,-0.0583,-0.4935,0.0955,,
1780127638,849009401,right_base_state,right_joint_1,right_joint_2,right_joint_3,right_joint_4,right_joint_5,right_joint_6,right_joint_7,-90.4573,-90.0759,90.0495,-89.926,-0.0582,-0.4935,0.0955,,
1780127638,858726274,right_base_state,right_joint_1,right_joint_2,right_joint_3,right_joint_4,right_joint_5,right_joint_6,right_joint_7,-90.4573,-90.0759,90.0495,-89.926,-0.0582,-0.4935,0.0955,,
1780127638,869198992,right_base_state,right_joint_1,right_joint_2,right_joint_3,right_joint_4,right_joint_5,right_joint_6,right_joint_7,-90.4573,-90.0759,90.0495,-89.926,-0.0583,-0.4935,0.0955,,
1780127638,878845947,right_base_state,right_joint_1,right_joint_2,right_joint_3,right_joint_4,right_joint_5,right_joint_6,right_joint_7,-90.4573,-90.0759,90.0495,-89.926,-0.0583,-0.4935,0.0955,,
1780127638,888847627,right_base_state,right_joint_1,right_joint_2,right_joint_3,right_joint_4,right_joint_5,right_joint_6,right_joint_7,-90.4573,-90.0759,90.0495,-89.926,-0.0582,-0.4935,0.0955,,
1780127638,898803607,right_base_state,right_joint_1,right_joint_2,right_joint_3,right_joint_4,right_joint_5,right_joint_6,right_joint_7,-90.4573,-90.0759,90.0495,-89.926,-0.0582,-0.4934,0.0955,,
1780127638,908692676,right_base_state,right_joint_1,right_joint_2,right_joint_3,right_joint_4,right_joint_5,right_joint_6,right_joint_7,-90.4573,-90.0759,90.0495,-89.926,-0.0582,-0.4935,0.0955,,
1780127638,918740609,right_base_state,right_joint_1,right_joint_2,right_joint_3,right_joint_4,right_joint_5,right_joint_6,right_joint_7,-90.4573,-90.0759,90.0495,-89.926,-0.0583,-0.4935,0.0955,,
1780127638,928906787,right_base_state,right_joint_1,right_joint_2,right_joint_3,right_joint_4,right_joint_5,right_joint_6,right_joint_7,-90.4573,-90.0759,90.0495,-89.926,-0.0582,-0.4935,0.0955,,
1780127638,938819461,right_base_state,right_joint_1,right_joint_2,right_joint_3,right_joint_4,right_joint_5,right_joint_6,right_joint_7,-90.4573,-90.0759,90.0495,-89.926,-0.0583,-0.4935,0.0955,,
1780127638,948818229,right_base_state,right_joint_1,right_joint_2,right_joint_3,right_joint_4,right_joint_5,right_joint_6,right_joint_7,-90.4573,-90.0759,90.0495,-89.926,-0.0583,-0.4935,0.0955,,
1780127638,958680740,right_base_state,right_joint_1,right_joint_2,right_joint_3,right_joint_4,right_joint_5,right_joint_6,right_joint_7,-90.4573,-90.0759,90.0495,-89.926,-0.0582,-0.4935,0.0955,,
1780127638,968681542,right_base_state,right_joint_1,right_joint_2,right_joint_3,right_joint_4,right_joint_5,right_joint_6,right_joint_7,-90.4573,-90.0759,90.0495,-89.926,-0.0582,-0.4935,0.0955,,
1780127638,978813763,right_base_state,right_joint_1,right_joint_2,right_joint_3,right_joint_4,right_joint_5,right_joint_6,right_joint_7,-90.4573,-90.0759,90.0495,-89.926,-0.0582,-0.4934,0.0955,,
1780127638,989015248,right_base_state,right_joint_1,right_joint_2,right_joint_3,right_joint_4,right_joint_5,right_joint_6,right_joint_7,-90.4573,-90.0759,90.0495,-89.926,-0.0582,-0.4935,0.0955,,
1780127638,998979532,right_base_state,right_joint_1,right_joint_2,right_joint_3,right_joint_4,right_joint_5,right_joint_6,right_joint_7,-90.4573,-90.0759,90.0495,-89.926,-0.0582,-0.4934,0.0955,,
1780127639,8674504,right_base_state,right_joint_1,right_joint_2,right_joint_3,right_joint_4,right_joint_5,right_joint_6,right_joint_7,-90.4573,-90.0759,90.0495,-89.926,-0.0582,-0.4935,0.0955,,
1780127639,18690333,right_base_state,right_joint_1,right_joint_2,right_joint_3,right_joint_4,right_joint_5,right_joint_6,right_joint_7,-90.4573,-90.0759,90.0495,-89.926,-0.0583,-0.4935,0.0955,,
1780127639,28957288,right_base_state,right_joint_1,right_joint_2,right_joint_3,right_joint_4,right_joint_5,right_joint_6,right_joint_7,-90.4573,-90.0759,90.0495,-89.926,-0.0583,-0.4935,0.0955,,
1780127639,39199304,right_base_state,right_joint_1,right_joint_2,right_joint_3,right_joint_4,right_joint_5,right_joint_6,right_joint_7,-90.4573,-90.0759,90.0495,-89.926,-0.0583,-0.4935,0.0955,,
1780127639,48845844,right_base_state,right_joint_1,right_joint_2,right_joint_3,right_joint_4,right_joint_5,right_joint_6,right_joint_7,-90.4573,-90.0759,90.0495,-89.926,-0.0582,-0.4935,0.0955,,
1780127639,59378912,right_base_state,right_joint_1,right_joint_2,right_joint_3,right_joint_4,right_joint_5,right_joint_6,right_joint_7,-90.4573,-90.0759,90.0495,-89.926,-0.0582,-0.4935,0.0955,,
1780127639,70655638,right_base_state,right_joint_1,right_joint_2,right_joint_3,right_joint_4,right_joint_5,right_joint_6,right_joint_7,-90.4573,-90.0759,90.0495,-89.926,-0.0582,-0.4935,0.0955,,
1780127639,78867486,right_base_state,right_joint_1,right_joint_2,right_joint_3,right_joint_4,right_joint_5,right_joint_6,right_joint_7,-90.4573,-90.0759,90.0495,-89.926,-0.0582,-0.4935,0.0955,,
1780127639,88847027,right_base_state,right_joint_1,right_joint_2,right_joint_3,right_joint_4,right_joint_5,right_joint_6,right_joint_7,-90.4573,-90.0759,90.0495,-89.926,-0.0582,-0.4934,0.0955,,
1780127639,98942944,right_base_state,right_joint_1,right_joint_2,right_joint_3,right_joint_4,right_joint_5,right_joint_6,right_joint_7,-90.4573,-90.0759,90.0495,-89.926,-0.0582,-0.4935,0.0955,,
1780127639,108717474,right_base_state,right_joint_1,right_joint_2,right_joint_3,right_joint_4,right_joint_5,right_joint_6,right_joint_7,-90.4573,-90.0759,90.0495,-89.926,-0.0582,-0.4934,0.0955,,
1780127639,118710391,right_base_state,right_joint_1,right_joint_2,right_joint_3,right_joint_4,right_joint_5,right_joint_6,right_joint_7,-90.4573,-90.0759,90.0495,-89.926,-0.0583,-0.4935,0.0955,,
1780127639,128783450,right_base_state,right_joint_1,right_joint_2,right_joint_3,right_joint_4,right_joint_5,right_joint_6,right_joint_7,-90.4573,-90.0759,90.0495,-89.926,-0.0582,-0.4935,0.0955,,
1780127639,138781860,right_base_state,right_joint_1,right_joint_2,right_joint_3,right_joint_4,right_joint_5,right_joint_6,right_joint_7,-90.4573,-90.0759,90.0495,-89.926,-0.0582,-0.4935,0.0955,,
1780127639,148841906,right_base_state,right_joint_1,right_joint_2,right_joint_3,right_joint_4,right_joint_5,right_joint_6,right_joint_7,-90.4573,-90.0759,90.0495,-89.926,-0.0582,-0.4935,0.0955,,
1780127639,158688013,right_base_state,right_joint_1,right_joint_2,right_joint_3,right_joint_4,right_joint_5,right_joint_6,right_joint_7,-90.4573,-90.0759,90.0495,-89.926,-0.0583,-0.4935,0.0955,,
1780127639,168761850,right_base_state,right_joint_1,right_joint_2,right_joint_3,right_joint_4,right_joint_5,right_joint_6,right_joint_7,-90.4573,-90.0759,90.0495,-89.926,-0.0582,-0.4934,0.0955,,
1780127639,178818366,right_base_state,right_joint_1,right_joint_2,right_joint_3,right_joint_4,right_joint_5,right_joint_6,right_joint_7,-90.4573,-90.0759,90.0495,-89.926,-0.0583,-0.4935,0.0955,,
1780127639,188825015,right_base_state,right_joint_1,right_joint_2,right_joint_3,right_joint_4,right_joint_5,right_joint_6,right_joint_7,-90.4573,-90.0759,90.0495,-89.926,-0.0582,-0.4934,0.0955,,
1780127639,198816127,right_base_state,right_joint_1,right_joint_2,right_joint_3,right_joint_4,right_joint_5,right_joint_6,right_joint_7,-90.4573,-90.0759,90.0495,-89.926,-0.0583,-0.4935,0.0955,,
1780127639,208814447,right_base_state,right_joint_1,right_joint_2,right_joint_3,right_joint_4,right_joint_5,right_joint_6,right_joint_7,-90.4573,-90.0759,90.0495,-89.926,-0.0582,-0.4935,0.0955,,
1780127639,219807338,right_base_state,right_joint_1,right_joint_2,right_joint_3,right_joint_4,right_joint_5,right_joint_6,right_joint_7,-90.4573,-90.0759,90.0495,-89.926,-0.0583,-0.4934,0.0955,,
1780127639,228815227,right_base_state,right_joint_1,right_joint_2,right_joint_3,right_joint_4,right_joint_5,right_joint_6,right_joint_7,-90.4573,-90.0759,90.0495,-89.926,-0.0582,-0.4935,0.0955,,
1780127639,238850117,right_base_state,right_joint_1,right_joint_2,right_joint_3,right_joint_4,right_joint_5,right_joint_6,right_joint_7,-90.4573,-90.0759,90.0495,-89.926,-0.0582,-0.4935,0.0955,,
1780127639,248794124,right_base_state,right_joint_1,right_joint_2,right_joint_3,right_joint_4,right_joint_5,right_joint_6,right_joint_7,-90.4573,-90.0759,90.0495,-89.926,-0.0583,-0.4935,0.0955,,
1780127639,259110360,right_base_state,right_joint_1,right_joint_2,right_joint_3,right_joint_4,right_joint_5,right_joint_6,right_joint_7,-90.4573,-90.0759,90.0495,-89.926,-0.0582,-0.4935,0.0955,,
1780127639,268869823,right_base_state,right_joint_1,right_joint_2,right_joint_3,right_joint_4,right_joint_5,right_joint_6,right_joint_7,-90.4573,-90.0759,90.0495,-89.926,-0.0583,-0.4934,0.0955,,
1780127639,278945612,right_base_state,right_joint_1,right_joint_2,right_joint_3,right_joint_4,right_joint_5,right_joint_6,right_joint_7,-90.4573,-90.0759,90.0495,-89.926,-0.0582,-0.4935,0.0955,,
1780127639,288887856,right_base_state,right_joint_1,right_joint_2,right_joint_3,right_joint_4,right_joint_5,right_joint_6,right_joint_7,-90.4573,-90.0759,90.0495,-89.926,-0.0582,-0.4935,0.0955,,
1780127639,298763841,right_base_state,right_joint_1,right_joint_2,right_joint_3,right_joint_4,right_joint_5,right_joint_6,right_joint_7,-90.4573,-90.0759,90.0495,-89.926,-0.0583,-0.4934,0.0955,,
1780127639,309358636,right_base_state,right_joint_1,right_joint_2,right_joint_3,right_joint_4,right_joint_5,right_joint_6,right_joint_7,-90.4573,-90.0759,90.0495,-89.926,-0.0582,-0.4935,0.0955,,
1780127639,319308075,right_base_state,right_joint_1,right_joint_2,right_joint_3,right_joint_4,right_joint_5,right_joint_6,right_joint_7,-90.4573,-90.0759,90.0495,-89.926,-0.0583,-0.4935,0.0955,,
1780127639,328869997,right_base_state,right_joint_1,right_joint_2,right_joint_3,right_joint_4,right_joint_5,right_joint_6,right_joint_7,-90.4573,-90.0759,90.0495,-89.926,-0.0583,-0.4935,0.0955,,
1780127639,338869916,right_base_state,right_joint_1,right_joint_2,right_joint_3,right_joint_4,right_joint_5,right_joint_6,right_joint_7,-90.4573,-90.0759,90.0495,-89.926,-0.0582,-0.4934,0.0955,,
1780127639,348776923,right_base_state,right_joint_1,right_joint_2,right_joint_3,right_joint_4,right_joint_5,right_joint_6,right_joint_7,-90.4573,-90.0759,90.0495,-89.926,-0.0583,-0.4935,0.0955,,
1780127639,358708692,right_base_state,right_joint_1,right_joint_2,right_joint_3,right_joint_4,right_joint_5,right_joint_6,right_joint_7,-90.4573,-90.0759,90.0495,-89.926,-0.0582,-0.4935,0.0955,,
1780127639,368756124,right_base_state,right_joint_1,right_joint_2,right_joint_3,right_joint_4,right_joint_5,right_joint_6,right_joint_7,-90.4573,-90.0759,90.0495,-89.926,-0.0582,-0.4935,0.0955,,
1780127639,378839151,right_base_state,right_joint_1,right_joint_2,right_joint_3,right_joint_4,right_joint_5,right_joint_6,right_joint_7,-90.4573,-90.0759,90.0495,-89.926,-0.0583,-0.4935,0.0955,,
1780127639,388725192,right_base_state,right_joint_1,right_joint_2,right_joint_3,right_joint_4,right_joint_5,right_joint_6,right_joint_7,-90.4573,-90.0759,90.0495,-89.926,-0.0582,-0.4935,0.0955,,
1780127639,398781593,right_base_state,right_joint_1,right_joint_2,right_joint_3,right_joint_4,right_joint_5,right_joint_6,right_joint_7,-90.4573,-90.0759,90.0495,-89.926,-0.0582,-0.4934,0.0955,,
1780127639,408697583,right_base_state,right_joint_1,right_joint_2,right_joint_3,right_joint_4,right_joint_5,right_joint_6,right_joint_7,-90.4573,-90.0759,90.0495,-89.926,-0.0582,-0.4935,0.0955,,
1780127639,418718975,right_base_state,right_joint_1,right_joint_2,right_joint_3,right_joint_4,right_joint_5,right_joint_6,right_joint_7,-90.4573,-90.0759,90.0495,-89.926,-0.0582,-0.4934,0.0955,,
1780127639,429772805,right_base_state,right_joint_1,right_joint_2,right_joint_3,right_joint_4,right_joint_5,right_joint_6,right_joint_7,-90.4573,-90.0759,90.0495,-89.926,-0.0583,-0.4935,0.0955,,
1780127639,438824994,right_base_state,right_joint_1,right_joint_2,right_joint_3,right_joint_4,right_joint_5,right_joint_6,right_joint_7,-90.4573,-90.0759,90.0495,-89.926,-0.0582,-0.4934,0.0955,,
1780127639,448869637,right_base_state,right_joint_1,right_joint_2,right_joint_3,right_joint_4,right_joint_5,right_joint_6,right_joint_7,-90.4573,-90.0759,90.0495,-89.926,-0.0583,-0.4935,0.0955,,
1780127639,458696220,right_base_state,right_joint_1,right_joint_2,right_joint_3,right_joint_4,right_joint_5,right_joint_6,right_joint_7,-90.4573,-90.0759,90.0495,-89.926,-0.0582,-0.4935,0.0955,,
1780127639,470799945,right_base_state,right_joint_1,right_joint_2,right_joint_3,right_joint_4,right_joint_5,right_joint_6,right_joint_7,-90.4573,-90.0759,90.0495,-89.926,-0.0583,-0.4935,0.0955,,
1780127639,480842168,right_base_state,right_joint_1,right_joint_2,right_joint_3,right_joint_4,right_joint_5,right_joint_6,right_joint_7,-90.4573,-90.0759,90.0495,-89.926,-0.0583,-0.4934,0.0955,,
1780127639,488935404,right_base_state,right_joint_1,right_joint_2,right_joint_3,right_joint_4,right_joint_5,right_joint_6,right_joint_7,-90.4573,-90.0759,90.0495,-89.926,-0.0582,-0.4935,0.0955,,
1780127639,498976039,right_base_state,right_joint_1,right_joint_2,right_joint_3,right_joint_4,right_joint_5,right_joint_6,right_joint_7,-90.4573,-90.0759,90.0495,-89.926,-0.0582,-0.4934,0.0955,,
1780127639,508684200,right_base_state,right_joint_1,right_joint_2,right_joint_3,right_joint_4,right_joint_5,right_joint_6,right_joint_7,-90.4573,-90.0759,90.0495,-89.926,-0.0583,-0.4934,0.0955,,
1780127639,521503666,right_base_state,right_joint_1,right_joint_2,right_joint_3,right_joint_4,right_joint_5,right_joint_6,right_joint_7,-90.4573,-90.0759,90.0495,-89.926,-0.0582,-0.4935,0.0955,,
1780127639,529034648,right_base_state,right_joint_1,right_joint_2,right_joint_3,right_joint_4,right_joint_5,right_joint_6,right_joint_7,-90.4573,-90.0759,90.0495,-89.926,-0.0583,-0.4935,0.0955,,
1780127639,538796742,right_base_state,right_joint_1,right_joint_2,right_joint_3,right_joint_4,right_joint_5,right_joint_6,right_joint_7,-90.4573,-90.0759,90.0495,-89.926,-0.0582,-0.4934,0.0955,,
1780127639,548932294,right_base_state,right_joint_1,right_joint_2,right_joint_3,right_joint_4,right_joint_5,right_joint_6,right_joint_7,-90.4573,-90.0759,90.0495,-89.926,-0.0582,-0.4935,0.0955,,
1780127639,558689630,right_base_state,right_joint_1,right_joint_2,right_joint_3,right_joint_4,right_joint_5,right_joint_6,right_joint_7,-90.4573,-90.0759,90.0495,-89.926,-0.0582,-0.4934,0.0955,,
1780127639,569036784,right_base_state,right_joint_1,right_joint_2,right_joint_3,right_joint_4,right_joint_5,right_joint_6,right_joint_7,-90.4573,-90.0759,90.0495,-89.926,-0.0582,-0.4935,0.0955,,
1780127639,578734057,right_base_state,right_joint_1,right_joint_2,right_joint_3,right_joint_4,right_joint_5,right_joint_6,right_joint_7,-90.4573,-90.0759,90.0495,-89.926,-0.0582,-0.4935,0.0955,,
1780127639,588872925,right_base_state,right_joint_1,right_joint_2,right_joint_3,right_joint_4,right_joint_5,right_joint_6,right_joint_7,-90.4573,-90.0759,90.0495,-89.926,-0.0582,-0.4935,0.0955,,
1780127639,602254230,right_base_state,right_joint_1,right_joint_2,right_joint_3,right_joint_4,right_joint_5,right_joint_6,right_joint_7,-90.4573,-90.0759,90.0495,-89.926,-0.0582,-0.4935,0.0955,,
1780127639,608841098,right_base_state,right_joint_1,right_joint_2,right_joint_3,right_joint_4,right_joint_5,right_joint_6,right_joint_7,-90.4573,-90.0759,90.0495,-89.926,-0.0582,-0.4934,0.0955,,
1780127639,619574523,right_base_state,right_joint_1,right_joint_2,right_joint_3,right_joint_4,right_joint_5,right_joint_6,right_joint_7,-90.4573,-90.0759,90.0495,-89.926,-0.0582,-0.4935,0.0955,,
1780127639,628922067,right_base_state,right_joint_1,right_joint_2,right_joint_3,right_joint_4,right_joint_5,right_joint_6,right_joint_7,-90.4573,-90.0759,90.0495,-89.926,-0.0582,-0.4935,0.0955,,
1780127639,638822420,right_base_state,right_joint_1,right_joint_2,right_joint_3,right_joint_4,right_joint_5,right_joint_6,right_joint_7,-90.4573,-90.0759,90.0495,-89.926,-0.0582,-0.4935,0.0955,,
1780127639,648776121,right_base_state,right_joint_1,right_joint_2,right_joint_3,right_joint_4,right_joint_5,right_joint_6,right_joint_7,-90.4573,-90.0759,90.0495,-89.926,-0.0582,-0.4934,0.0955,,
1780127639,658669651,right_base_state,right_joint_1,right_joint_2,right_joint_3,right_joint_4,right_joint_5,right_joint_6,right_joint_7,-90.4573,-90.0759,90.0495,-89.926,-0.0583,-0.4935,0.0955,,
1780127639,668842342,right_base_state,right_joint_1,right_joint_2,right_joint_3,right_joint_4,right_joint_5,right_joint_6,right_joint_7,-90.4573,-90.0759,90.0495,-89.926,-0.0583,-0.4935,0.0955,,
1780127639,678735229,right_base_state,right_joint_1,right_joint_2,right_joint_3,right_joint_4,right_joint_5,right_joint_6,right_joint_7,-90.4573,-90.0759,90.0495,-89.926,-0.0582,-0.4934,0.0955,,
1780127639,688768336,right_base_state,right_joint_1,right_joint_2,right_joint_3,right_joint_4,right_joint_5,right_joint_6,right_joint_7,-90.4573,-90.0759,90.0495,-89.926,-0.0583,-0.4935,0.0955,,
1780127639,698853761,right_base_state,right_joint_1,right_joint_2,right_joint_3,right_joint_4,right_joint_5,right_joint_6,right_joint_7,-90.4573,-90.0759,90.0495,-89.926,-0.0582,-0.4935,0.0955,,
1780127639,708682707,right_base_state,right_joint_1,right_joint_2,right_joint_3,right_joint_4,right_joint_5,right_joint_6,right_joint_7,-90.4573,-90.0759,90.0495,-89.926,-0.0582,-0.4935,0.0955,,
1780127639,718790618,right_base_state,right_joint_1,right_joint_2,right_joint_3,right_joint_4,right_joint_5,right_joint_6,right_joint_7,-90.4573,-90.0759,90.0495,-89.926,-0.0582,-0.4935,0.0955,,
1780127639,728776134,right_base_state,right_joint_1,right_joint_2,right_joint_3,right_joint_4,right_joint_5,right_joint_6,right_joint_7,-90.4573,-90.0759,90.0495,-89.926,-0.0582,-0.4935,0.0955,,
1780127639,738754632,right_base_state,right_joint_1,right_joint_2,right_joint_3,right_joint_4,right_joint_5,right_joint_6,right_joint_7,-90.4573,-90.0759,90.0495,-89.926,-0.0582,-0.4934,0.0955,,
1780127639,748758630,right_base_state,right_joint_1,right_joint_2,right_joint_3,right_joint_4,right_joint_5,right_joint_6,right_joint_7,-90.4573,-90.0759,90.0495,-89.926,-0.0582,-0.4935,0.0955,,
1780127639,758860014,right_base_state,right_joint_1,right_joint_2,right_joint_3,right_joint_4,right_joint_5,right_joint_6,right_joint_7,-90.4573,-90.0759,90.0495,-89.926,-0.0583,-0.4934,0.0955,,
1780127639,768830010,right_base_state,right_joint_1,right_joint_2,right_joint_3,right_joint_4,right_joint_5,right_joint_6,right_joint_7,-90.4573,-90.0759,90.0495,-89.926,-0.0583,-0.4935,0.0955,,
1780127639,778878752,right_base_state,right_joint_1,right_joint_2,right_joint_3,right_joint_4,right_joint_5,right_joint_6,right_joint_7,-90.4573,-90.0759,90.0495,-89.926,-0.0582,-0.4934,0.0955,,
1780127639,788840426,right_base_state,right_joint_1,right_joint_2,right_joint_3,right_joint_4,right_joint_5,right_joint_6,right_joint_7,-90.4573,-90.0759,90.0495,-89.926,-0.0583,-0.4935,0.0955,,
1780127639,798878514,right_base_state,right_joint_1,right_joint_2,right_joint_3,right_joint_4,right_joint_5,right_joint_6,right_joint_7,-90.4573,-90.0759,90.0495,-89.926,-0.0582,-0.4934,0.0955,,
1780127639,808680371,right_base_state,right_joint_1,right_joint_2,right_joint_3,right_joint_4,right_joint_5,right_joint_6,right_joint_7,-90.4573,-90.0759,90.0495,-89.926,-0.0583,-0.4934,0.0955,,
1780127639,818782134,right_base_state,right_joint_1,right_joint_2,right_joint_3,right_joint_4,right_joint_5,right_joint_6,right_joint_7,-90.4573,-90.0759,90.0495,-89.926,-0.0582,-0.4935,0.0955,,
1780127639,828714460,right_base_state,right_joint_1,right_joint_2,right_joint_3,right_joint_4,right_joint_5,right_joint_6,right_joint_7,-90.4573,-90.0759,90.0495,-89.926,-0.0583,-0.4935,0.0955,,
1780127639,838834389,right_base_state,right_joint_1,right_joint_2,right_joint_3,right_joint_4,right_joint_5,right_joint_6,right_joint_7,-90.4573,-90.0759,90.0495,-89.926,-0.0583,-0.4934,0.0955,,
1780127639,848863025,right_base_state,right_joint_1,right_joint_2,right_joint_3,right_joint_4,right_joint_5,right_joint_6,right_joint_7,-90.4573,-90.0759,90.0495,-89.926,-0.0583,-0.4934,0.0955,,
1780127639,859297222,right_base_state,right_joint_1,right_joint_2,right_joint_3,right_joint_4,right_joint_5,right_joint_6,right_joint_7,-90.4573,-90.0759,90.0495,-89.926,-0.0583,-0.4934,0.0955,,
1780127639,868700507,right_base_state,right_joint_1,right_joint_2,right_joint_3,right_joint_4,right_joint_5,right_joint_6,right_joint_7,-90.4573,-90.0759,90.0495,-89.926,-0.0583,-0.4935,0.0955,,
1780127639,878859788,right_base_state,right_joint_1,right_joint_2,right_joint_3,right_joint_4,right_joint_5,right_joint_6,right_joint_7,-90.4573,-90.0759,90.0495,-89.926,-0.0582,-0.4935,0.0955,,
1780127639,888758739,right_base_state,right_joint_1,right_joint_2,right_joint_3,right_joint_4,right_joint_5,right_joint_6,right_joint_7,-90.4573,-90.0759,90.0495,-89.926,-0.0583,-0.4934,0.0955,,
1780127639,899459942,right_base_state,right_joint_1,right_joint_2,right_joint_3,right_joint_4,right_joint_5,right_joint_6,right_joint_7,-90.4573,-90.0759,90.0495,-89.926,-0.0582,-0.4935,0.0955,,
1780127639,908712163,right_base_state,right_joint_1,right_joint_2,right_joint_3,right_joint_4,right_joint_5,right_joint_6,right_joint_7,-90.4573,-90.0759,90.0495,-89.926,-0.0583,-0.4934,0.0955,,
1780127639,919539451,right_base_state,right_joint_1,right_joint_2,right_joint_3,right_joint_4,right_joint_5,right_joint_6,right_joint_7,-90.4573,-90.0759,90.0495,-89.926,-0.0583,-0.4935,0.0955,,
1780127639,928805117,right_base_state,right_joint_1,right_joint_2,right_joint_3,right_joint_4,right_joint_5,right_joint_6,right_joint_7,-90.4573,-90.0759,90.0495,-89.926,-0.0583,-0.4935,0.0955,,
1780127639,938854179,right_base_state,right_joint_1,right_joint_2,right_joint_3,right_joint_4,right_joint_5,right_joint_6,right_joint_7,-90.4573,-90.0759,90.0495,-89.926,-0.0582,-0.4935,0.0955,,
1780127639,948717527,right_base_state,right_joint_1,right_joint_2,right_joint_3,right_joint_4,right_joint_5,right_joint_6,right_joint_7,-90.4573,-90.0759,90.0495,-89.926,-0.0582,-0.4935,0.0955,,
1780127639,958687398,right_base_state,right_joint_1,right_joint_2,right_joint_3,right_joint_4,right_joint_5,right_joint_6,right_joint_7,-90.4573,-90.0759,90.0495,-89.926,-0.0582,-0.4935,0.0955,,
1780127639,968788806,right_base_state,right_joint_1,right_joint_2,right_joint_3,right_joint_4,right_joint_5,right_joint_6,right_joint_7,-90.4573,-90.0759,90.0495,-89.926,-0.0582,-0.4935,0.0955,,
1780127639,978787824,right_base_state,right_joint_1,right_joint_2,right_joint_3,right_joint_4,right_joint_5,right_joint_6,right_joint_7,-90.4573,-90.0759,90.0495,-89.926,-0.0582,-0.4935,0.0955,,
1780127639,988859643,right_base_state,right_joint_1,right_joint_2,right_joint_3,right_joint_4,right_joint_5,right_joint_6,right_joint_7,-90.4573,-90.0759,90.0495,-89.926,-0.0583,-0.4935,0.0955,,
1780127639,998727027,right_base_state,right_joint_1,right_joint_2,right_joint_3,right_joint_4,right_joint_5,right_joint_6,right_joint_7,-90.4573,-90.0759,90.0495,-89.926,-0.0582,-0.4935,0.0955,,
1780127640,8707977,right_base_state,right_joint_1,right_joint_2,right_joint_3,right_joint_4,right_joint_5,right_joint_6,right_joint_7,-90.4573,-90.0759,90.0495,-89.926,-0.0583,-0.4935,0.0955,,
1780127640,19957132,right_base_state,right_joint_1,right_joint_2,right_joint_3,right_joint_4,right_joint_5,right_joint_6,right_joint_7,-90.4573,-90.0759,90.0495,-89.926,-0.0582,-0.4935,0.0955,,
1780127640,28762941,right_base_state,right_joint_1,right_joint_2,right_joint_3,right_joint_4,right_joint_5,right_joint_6,right_joint_7,-90.4573,-90.0759,90.0495,-89.926,-0.0582,-0.4935,0.0955,,
1780127640,38871655,right_base_state,right_joint_1,right_joint_2,right_joint_3,right_joint_4,right_joint_5,right_joint_6,right_joint_7,-90.4573,-90.0759,90.0495,-89.926,-0.0583,-0.4934,0.0955,,
1780127640,50073661,right_base_state,right_joint_1,right_joint_2,right_joint_3,right_joint_4,right_joint_5,right_joint_6,right_joint_7,-90.4573,-90.0759,90.0495,-89.926,-0.0582,-0.4934,0.0955,,
1780127640,61116012,right_base_state,right_joint_1,right_joint_2,right_joint_3,right_joint_4,right_joint_5,right_joint_6,right_joint_7,-90.4573,-90.0759,90.0495,-89.926,-0.0582,-0.4935,0.0955,,
1780127640,68686199,right_base_state,right_joint_1,right_joint_2,right_joint_3,right_joint_4,right_joint_5,right_joint_6,right_joint_7,-90.4573,-90.0759,90.0495,-89.926,-0.0582,-0.4935,0.0955,,
1780127640,79412950,right_base_state,right_joint_1,right_joint_2,right_joint_3,right_joint_4,right_joint_5,right_joint_6,right_joint_7,-90.4573,-90.0759,90.0495,-89.926,-0.0583,-0.4935,0.0955,,
1780127640,88737156,right_base_state,right_joint_1,right_joint_2,right_joint_3,right_joint_4,right_joint_5,right_joint_6,right_joint_7,-90.4573,-90.0759,90.0495,-89.926,-0.0582,-0.4935,0.0955,,
1780127640,98842127,right_base_state,right_joint_1,right_joint_2,right_joint_3,right_joint_4,right_joint_5,right_joint_6,right_joint_7,-90.4573,-90.0759,90.0495,-89.926,-0.0582,-0.4934,0.0955,,
1780127640,108681053,right_base_state,right_joint_1,right_joint_2,right_joint_3,right_joint_4,right_joint_5,right_joint_6,right_joint_7,-90.4573,-90.0759,90.0495,-89.926,-0.0583,-0.4935,0.0955,,
1780127640,118765397,right_base_state,right_joint_1,right_joint_2,right_joint_3,right_joint_4,right_joint_5,right_joint_6,right_joint_7,-90.4573,-90.0759,90.0495,-89.926,-0.0583,-0.4935,0.0955,,
1780127640,128843479,right_base_state,right_joint_1,right_joint_2,right_joint_3,right_joint_4,right_joint_5,right_joint_6,right_joint_7,-90.4573,-90.0759,90.0495,-89.926,-0.0582,-0.4934,0.0955,,
1780127640,138728375,right_base_state,right_joint_1,right_joint_2,right_joint_3,right_joint_4,right_joint_5,right_joint_6,right_joint_7,-90.4573,-90.0759,90.0495,-89.926,-0.0582,-0.4934,0.0955,,
1780127640,148734461,right_base_state,right_joint_1,right_joint_2,right_joint_3,right_joint_4,right_joint_5,right_joint_6,right_joint_7,-90.4573,-90.0759,90.0495,-89.926,-0.0582,-0.4935,0.0955,,
1780127640,158946128,right_base_state,right_joint_1,right_joint_2,right_joint_3,right_joint_4,right_joint_5,right_joint_6,right_joint_7,-90.4573,-90.0759,90.0495,-89.926,-0.0583,-0.4935,0.0955,,
1780127640,168832423,right_base_state,right_joint_1,right_joint_2,right_joint_3,right_joint_4,right_joint_5,right_joint_6,right_joint_7,-90.4573,-90.0759,90.0495,-89.926,-0.0583,-0.4935,0.0955,,
1780127640,178742568,right_base_state,right_joint_1,right_joint_2,right_joint_3,right_joint_4,right_joint_5,right_joint_6,right_joint_7,-90.4573,-90.0759,90.0495,-89.926,-0.0583,-0.4934,0.0955,,
1780127640,188859341,right_base_state,right_joint_1,right_joint_2,right_joint_3,right_joint_4,right_joint_5,right_joint_6,right_joint_7,-90.4573,-90.0759,90.0495,-89.926,-0.0583,-0.4934,0.0955,,
1780127640,198907269,right_base_state,right_joint_1,right_joint_2,right_joint_3,right_joint_4,right_joint_5,right_joint_6,right_joint_7,-90.4573,-90.0759,90.0495,-89.926,-0.0583,-0.4935,0.0955,,
1780127640,208711061,right_base_state,right_joint_1,right_joint_2,right_joint_3,right_joint_4,right_joint_5,right_joint_6,right_joint_7,-90.4573,-90.0759,90.0495,-89.926,-0.0582,-0.4935,0.0955,,
1780127640,218707307,right_base_state,right_joint_1,right_joint_2,right_joint_3,right_joint_4,right_joint_5,right_joint_6,right_joint_7,-90.4573,-90.0759,90.0495,-89.926,-0.0583,-0.4935,0.0955,,
1780127640,228804788,right_base_state,right_joint_1,right_joint_2,right_joint_3,right_joint_4,right_joint_5,right_joint_6,right_joint_7,-90.4573,-90.0759,90.0495,-89.926,-0.0582,-0.4935,0.0955,,
1780127640,239474592,right_base_state,right_joint_1,right_joint_2,right_joint_3,right_joint_4,right_joint_5,right_joint_6,right_joint_7,-90.4573,-90.0759,90.0495,-89.926,-0.0582,-0.4934,0.0955,,
1780127640,248793061,right_base_state,right_joint_1,right_joint_2,right_joint_3,right_joint_4,right_joint_5,right_joint_6,right_joint_7,-90.4573,-90.0759,90.0495,-89.926,-0.0582,-0.4935,0.0955,,
1780127640,258671758,right_base_state,right_joint_1,right_joint_2,right_joint_3,right_joint_4,right_joint_5,right_joint_6,right_joint_7,-90.4573,-90.0759,90.0495,-89.926,-0.0582,-0.4935,0.0955,,
1780127640,268831049,right_base_state,right_joint_1,right_joint_2,right_joint_3,right_joint_4,right_joint_5,right_joint_6,right_joint_7,-90.4573,-90.0759,90.0495,-89.926,-0.0583,-0.4935,0.0955,,
1780127640,278854419,right_base_state,right_joint_1,right_joint_2,right_joint_3,right_joint_4,right_joint_5,right_joint_6,right_joint_7,-90.4573,-90.0759,90.0495,-89.926,-0.0582,-0.4935,0.0955,,
1780127640,288776114,right_base_state,right_joint_1,right_joint_2,right_joint_3,right_joint_4,right_joint_5,right_joint_6,right_joint_7,-90.4573,-90.0759,90.0495,-89.926,-0.0583,-0.4935,0.0955,,
1780127640,298779754,right_base_state,right_joint_1,right_joint_2,right_joint_3,right_joint_4,right_joint_5,right_joint_6,right_joint_7,-90.4573,-90.0759,90.0495,-89.926,-0.0582,-0.4935,0.0955,,
1780127640,308686692,right_base_state,right_joint_1,right_joint_2,right_joint_3,right_joint_4,right_joint_5,right_joint_6,right_joint_7,-90.4573,-90.0759,90.0495,-89.926,-0.0583,-0.4935,0.0955,,
1780127640,318711950,right_base_state,right_joint_1,right_joint_2,right_joint_3,right_joint_4,right_joint_5,right_joint_6,right_joint_7,-90.4573,-90.0759,90.0495,-89.926,-0.0582,-0.4935,0.0955,,
1780127640,328761410,right_base_state,right_joint_1,right_joint_2,right_joint_3,right_joint_4,right_joint_5,right_joint_6,right_joint_7,-90.4573,-90.0759,90.0495,-89.926,-0.0582,-0.4935,0.0955,,
1780127640,338980968,right_base_state,right_joint_1,right_joint_2,right_joint_3,right_joint_4,right_joint_5,right_joint_6,right_joint_7,-90.4573,-90.0759,90.0495,-89.926,-0.0583,-0.4935,0.0955,,
1780127640,349090559,right_base_state,right_joint_1,right_joint_2,right_joint_3,right_joint_4,right_joint_5,right_joint_6,right_joint_7,-90.4573,-90.0759,90.0495,-89.926,-0.0582,-0.4935,0.0955,,
1780127640,358695423,right_base_state,right_joint_1,right_joint_2,right_joint_3,right_joint_4,right_joint_5,right_joint_6,right_joint_7,-90.4573,-90.0759,90.0495,-89.926,-0.0582,-0.4935,0.0955,,
1780127640,368713049,right_base_state,right_joint_1,right_joint_2,right_joint_3,right_joint_4,right_joint_5,right_joint_6,right_joint_7,-90.4573,-90.0759,90.0495,-89.926,-0.0582,-0.4935,0.0955,,
1780127640,378849047,right_base_state,right_joint_1,right_joint_2,right_joint_3,right_joint_4,right_joint_5,right_joint_6,right_joint_7,-90.4573,-90.0759,90.0495,-89.926,-0.0582,-0.4934,0.0955,,
1780127640,389749171,right_base_state,right_joint_1,right_joint_2,right_joint_3,right_joint_4,right_joint_5,right_joint_6,right_joint_7,-90.4573,-90.0759,90.0495,-89.926,-0.0583,-0.4935,0.0955,,
1780127640,398854800,right_base_state,right_joint_1,right_joint_2,right_joint_3,right_joint_4,right_joint_5,right_joint_6,right_joint_7,-90.4573,-90.0759,90.0495,-89.926,-0.0583,-0.4935,0.0955,,
1780127640,408691773,right_base_state,right_joint_1,right_joint_2,right_joint_3,right_joint_4,right_joint_5,right_joint_6,right_joint_7,-90.4573,-90.0759,90.0495,-89.926,-0.0582,-0.4934,0.0955,,
1780127640,418771878,right_base_state,right_joint_1,right_joint_2,right_joint_3,right_joint_4,right_joint_5,right_joint_6,right_joint_7,-90.4573,-90.0759,90.0495,-89.926,-0.0583,-0.4934,0.0955,,
1780127640,428824183,right_base_state,right_joint_1,right_joint_2,right_joint_3,right_joint_4,right_joint_5,right_joint_6,right_joint_7,-90.4573,-90.0759,90.0495,-89.926,-0.0582,-0.4934,0.0955,,
1780127640,439028699,right_base_state,right_joint_1,right_joint_2,right_joint_3,right_joint_4,right_joint_5,right_joint_6,right_joint_7,-90.4573,-90.0759,90.0495,-89.926,-0.0582,-0.4935,0.0955,,
1780127640,448933325,right_base_state,right_joint_1,right_joint_2,right_joint_3,right_joint_4,right_joint_5,right_joint_6,right_joint_7,-90.4573,-90.0759,90.0495,-89.926,-0.0582,-0.4935,0.0955,,
1780127640,458677012,right_base_state,right_joint_1,right_joint_2,right_joint_3,right_joint_4,right_joint_5,right_joint_6,right_joint_7,-90.4573,-90.0759,90.0495,-89.926,-0.0582,-0.4934,0.0955,,
1780127640,468723480,right_base_state,right_joint_1,right_joint_2,right_joint_3,right_joint_4,right_joint_5,right_joint_6,right_joint_7,-90.4573,-90.0759,90.0495,-89.926,-0.0582,-0.4935,0.0955,,
1780127640,478745796,right_base_state,right_joint_1,right_joint_2,right_joint_3,right_joint_4,right_joint_5,right_joint_6,right_joint_7,-90.4573,-90.0759,90.0495,-89.926,-0.0582,-0.4935,0.0955,,
1780127640,488980577,right_base_state,right_joint_1,right_joint_2,right_joint_3,right_joint_4,right_joint_5,right_joint_6,right_joint_7,-90.4573,-90.0759,90.0495,-89.926,-0.0583,-0.4934,0.0955,,
1780127640,498955355,right_base_state,right_joint_1,right_joint_2,right_joint_3,right_joint_4,right_joint_5,right_joint_6,right_joint_7,-90.4573,-90.0759,90.0495,-89.926,-0.0582,-0.4934,0.0955,,
1780127640,510127083,right_base_state,right_joint_1,right_joint_2,right_joint_3,right_joint_4,right_joint_5,right_joint_6,right_joint_7,-90.4573,-90.0759,90.0495,-89.926,-0.0583,-0.4935,0.0955,,
1780127640,518793806,right_base_state,right_joint_1,right_joint_2,right_joint_3,right_joint_4,right_joint_5,right_joint_6,right_joint_7,-90.4573,-90.0759,90.0495,-89.926,-0.0583,-0.4935,0.0955,,
1780127640,528724324,right_base_state,right_joint_1,right_joint_2,right_joint_3,right_joint_4,right_joint_5,right_joint_6,right_joint_7,-90.4573,-90.0759,90.0495,-89.926,-0.0583,-0.4935,0.0955,,
1780127640,538754876,right_base_state,right_joint_1,right_joint_2,right_joint_3,right_joint_4,right_joint_5,right_joint_6,right_joint_7,-90.4573,-90.0759,90.0495,-89.926,-0.0582,-0.4935,0.0955,,
1780127640,548748799,right_base_state,right_joint_1,right_joint_2,right_joint_3,right_joint_4,right_joint_5,right_joint_6,right_joint_7,-90.4573,-90.0759,90.0495,-89.926,-0.0582,-0.4934,0.0955,,
1780127640,558704085,right_base_state,right_joint_1,right_joint_2,right_joint_3,right_joint_4,right_joint_5,right_joint_6,right_joint_7,-90.4573,-90.0759,90.0495,-89.926,-0.0582,-0.4935,0.0955,,
1780127640,568906189,right_base_state,right_joint_1,right_joint_2,right_joint_3,right_joint_4,right_joint_5,right_joint_6,right_joint_7,-90.4573,-90.0759,90.0495,-89.926,-0.0583,-0.4935,0.0955,,
1780127640,578798199,right_base_state,right_joint_1,right_joint_2,right_joint_3,right_joint_4,right_joint_5,right_joint_6,right_joint_7,-90.4573,-90.0759,90.0495,-89.926,-0.0582,-0.4934,0.0955,,
1780127640,588975684,right_base_state,right_joint_1,right_joint_2,right_joint_3,right_joint_4,right_joint_5,right_joint_6,right_joint_7,-90.4573,-90.0759,90.0495,-89.926,-0.0583,-0.4935,0.0955,,
1780127640,599044864,right_base_state,right_joint_1,right_joint_2,right_joint_3,right_joint_4,right_joint_5,right_joint_6,right_joint_7,-90.4573,-90.0759,90.0495,-89.926,-0.0583,-0.4935,0.0955,,
1780127640,608882801,right_base_state,right_joint_1,right_joint_2,right_joint_3,right_joint_4,right_joint_5,right_joint_6,right_joint_7,-90.4573,-90.0759,90.0495,-89.926,-0.0583,-0.4935,0.0955,,
1780127640,618830771,right_base_state,right_joint_1,right_joint_2,right_joint_3,right_joint_4,right_joint_5,right_joint_6,right_joint_7,-90.4573,-90.0759,90.0495,-89.926,-0.0582,-0.4935,0.0955,,
1780127640,628952127,right_base_state,right_joint_1,right_joint_2,right_joint_3,right_joint_4,right_joint_5,right_joint_6,right_joint_7,-90.4573,-90.0759,90.0495,-89.926,-0.0582,-0.4935,0.0955,,
1780127640,639067920,right_base_state,right_joint_1,right_joint_2,right_joint_3,right_joint_4,right_joint_5,right_joint_6,right_joint_7,-90.4573,-90.0759,90.0495,-89.926,-0.0582,-0.4935,0.0955,,
1780127640,649023320,right_base_state,right_joint_1,right_joint_2,right_joint_3,right_joint_4,right_joint_5,right_joint_6,right_joint_7,-90.4573,-90.0759,90.0495,-89.926,-0.0583,-0.4935,0.0955,,
1780127640,658933117,right_base_state,right_joint_1,right_joint_2,right_joint_3,right_joint_4,right_joint_5,right_joint_6,right_joint_7,-90.4573,-90.0759,90.0495,-89.926,-0.0582,-0.4934,0.0955,,
1780127640,668772582,right_base_state,right_joint_1,right_joint_2,right_joint_3,right_joint_4,right_joint_5,right_joint_6,right_joint_7,-90.4573,-90.0759,90.0495,-89.926,-0.0582,-0.4934,0.0955,,
1780127640,678775383,right_base_state,right_joint_1,right_joint_2,right_joint_3,right_joint_4,right_joint_5,right_joint_6,right_joint_7,-90.4573,-90.0759,90.0495,-89.926,-0.0582,-0.4935,0.0955,,
1780127640,688804966,right_base_state,right_joint_1,right_joint_2,right_joint_3,right_joint_4,right_joint_5,right_joint_6,right_joint_7,-90.4573,-90.0759,90.0495,-89.926,-0.0582,-0.4934,0.0955,,
1780127640,699020800,right_base_state,right_joint_1,right_joint_2,right_joint_3,right_joint_4,right_joint_5,right_joint_6,right_joint_7,-90.4573,-90.0759,90.0495,-89.926,-0.0583,-0.4935,0.0955,,
1780127640,708872323,right_base_state,right_joint_1,right_joint_2,right_joint_3,right_joint_4,right_joint_5,right_joint_6,right_joint_7,-90.4573,-90.0759,90.0495,-89.926,-0.0583,-0.4935,0.0955,,
1780127640,718759926,right_base_state,right_joint_1,right_joint_2,right_joint_3,right_joint_4,right_joint_5,right_joint_6,right_joint_7,-90.4573,-90.0759,90.0495,-89.926,-0.0583,-0.4935,0.0955,,
1780127640,729903457,right_base_state,right_joint_1,right_joint_2,right_joint_3,right_joint_4,right_joint_5,right_joint_6,right_joint_7,-90.4573,-90.0759,90.0495,-89.926,-0.0582,-0.4934,0.0955,,
1780127640,738889573,right_base_state,right_joint_1,right_joint_2,right_joint_3,right_joint_4,right_joint_5,right_joint_6,right_joint_7,-90.4573,-90.0759,90.0495,-89.926,-0.0583,-0.4935,0.0955,,
1780127640,748810896,right_base_state,right_joint_1,right_joint_2,right_joint_3,right_joint_4,right_joint_5,right_joint_6,right_joint_7,-90.4573,-90.0759,90.0495,-89.926,-0.0582,-0.4935,0.0955,,
1780127640,758686142,right_base_state,right_joint_1,right_joint_2,right_joint_3,right_joint_4,right_joint_5,right_joint_6,right_joint_7,-90.4573,-90.0759,90.0495,-89.926,-0.0583,-0.4934,0.0955,,
1780127640,769197166,right_base_state,right_joint_1,right_joint_2,right_joint_3,right_joint_4,right_joint_5,right_joint_6,right_joint_7,-90.4573,-90.0759,90.0495,-89.926,-0.0583,-0.4935,0.0955,,
1780127640,778799611,right_base_state,right_joint_1,right_joint_2,right_joint_3,right_joint_4,right_joint_5,right_joint_6,right_joint_7,-90.4573,-90.0759,90.0495,-89.926,-0.0582,-0.4934,0.0955,,
1780127640,789022249,right_base_state,right_joint_1,right_joint_2,right_joint_3,right_joint_4,right_joint_5,right_joint_6,right_joint_7,-90.4573,-90.0759,90.0495,-89.926,-0.0582,-0.4935,0.0955,,
1780127640,798947701,right_base_state,right_joint_1,right_joint_2,right_joint_3,right_joint_4,right_joint_5,right_joint_6,right_joint_7,-90.4573,-90.0759,90.0495,-89.926,-0.0583,-0.4935,0.0955,,
1780127640,808680143,right_base_state,right_joint_1,right_joint_2,right_joint_3,right_joint_4,right_joint_5,right_joint_6,right_joint_7,-90.4573,-90.0759,90.0495,-89.926,-0.0582,-0.4935,0.0955,,
1780127640,818730156,right_base_state,right_joint_1,right_joint_2,right_joint_3,right_joint_4,right_joint_5,right_joint_6,right_joint_7,-90.4573,-90.0759,90.0495,-89.926,-0.0582,-0.4934,0.0955,,
1780127640,828763666,right_base_state,right_joint_1,right_joint_2,right_joint_3,right_joint_4,right_joint_5,right_joint_6,right_joint_7,-90.4573,-90.0759,90.0495,-89.926,-0.0583,-0.4934,0.0955,,
1780127640,838836164,right_base_state,right_joint_1,right_joint_2,right_joint_3,right_joint_4,right_joint_5,right_joint_6,right_joint_7,-90.4573,-90.0759,90.0495,-89.926,-0.0582,-0.4935,0.0955,,
1780127640,848964656,right_base_state,right_joint_1,right_joint_2,right_joint_3,right_joint_4,right_joint_5,right_joint_6,right_joint_7,-90.4573,-90.0759,90.0495,-89.926,-0.0583,-0.4935,0.0955,,
1780127640,858688550,right_base_state,right_joint_1,right_joint_2,right_joint_3,right_joint_4,right_joint_5,right_joint_6,right_joint_7,-90.4573,-90.0759,90.0495,-89.926,-0.0582,-0.4934,0.0955,,
1780127640,868682554,right_base_state,right_joint_1,right_joint_2,right_joint_3,right_joint_4,right_joint_5,right_joint_6,right_joint_7,-90.4573,-90.0759,90.0495,-89.926,-0.0583,-0.4934,0.0955,,
1780127640,878898426,right_base_state,right_joint_1,right_joint_2,right_joint_3,right_joint_4,right_joint_5,right_joint_6,right_joint_7,-90.4573,-90.0759,90.0495,-89.926,-0.0583,-0.4934,0.0955,,
1780127640,888741556,right_base_state,right_joint_1,right_joint_2,right_joint_3,right_joint_4,right_joint_5,right_joint_6,right_joint_7,-90.4573,-90.0759,90.0495,-89.926,-0.0583,-0.4935,0.0955,,
1780127640,898729780,right_base_state,right_joint_1,right_joint_2,right_joint_3,right_joint_4,right_joint_5,right_joint_6,right_joint_7,-90.4573,-90.0759,90.0495,-89.926,-0.0582,-0.4935,0.0955,,
1780127640,908719540,right_base_state,right_joint_1,right_joint_2,right_joint_3,right_joint_4,right_joint_5,right_joint_6,right_joint_7,-90.4573,-90.0759,90.0495,-89.926,-0.0582,-0.4935,0.0955,,
1780127640,919575357,right_base_state,right_joint_1,right_joint_2,right_joint_3,right_joint_4,right_joint_5,right_joint_6,right_joint_7,-90.4573,-90.0759,90.0495,-89.926,-0.0582,-0.4935,0.0955,,
1780127640,928846888,right_base_state,right_joint_1,right_joint_2,right_joint_3,right_joint_4,right_joint_5,right_joint_6,right_joint_7,-90.4573,-90.0759,90.0495,-89.926,-0.0582,-0.4934,0.0955,,
1780127640,938900407,right_base_state,right_joint_1,right_joint_2,right_joint_3,right_joint_4,right_joint_5,right_joint_6,right_joint_7,-90.4573,-90.0759,90.0495,-89.926,-0.0582,-0.4935,0.0955,,
1780127640,948705815,right_base_state,right_joint_1,right_joint_2,right_joint_3,right_joint_4,right_joint_5,right_joint_6,right_joint_7,-90.4573,-90.0759,90.0495,-89.926,-0.0583,-0.4934,0.0955,,
1780127640,958703181,right_base_state,right_joint_1,right_joint_2,right_joint_3,right_joint_4,right_joint_5,right_joint_6,right_joint_7,-90.4573,-90.0759,90.0495,-89.926,-0.0582,-0.4934,0.0955,,
1780127640,968756296,right_base_state,right_joint_1,right_joint_2,right_joint_3,right_joint_4,right_joint_5,right_joint_6,right_joint_7,-90.4573,-90.0759,90.0495,-89.926,-0.0582,-0.4935,0.0955,,
1780127640,978803507,right_base_state,right_joint_1,right_joint_2,right_joint_3,right_joint_4,right_joint_5,right_joint_6,right_joint_7,-90.4573,-90.0759,90.0495,-89.926,-0.0582,-0.4935,0.0955,,
1780127640,988743729,right_base_state,right_joint_1,right_joint_2,right_joint_3,right_joint_4,right_joint_5,right_joint_6,right_joint_7,-90.4573,-90.0759,90.0495,-89.926,-0.0583,-0.4934,0.0955,,
1780127640,998863523,right_base_state,right_joint_1,right_joint_2,right_joint_3,right_joint_4,right_joint_5,right_joint_6,right_joint_7,-90.4573,-90.0759,90.0495,-89.926,-0.0582,-0.4935,0.0955,,
1780127641,8681212,right_base_state,right_joint_1,right_joint_2,right_joint_3,right_joint_4,right_joint_5,right_joint_6,right_joint_7,-90.4573,-90.0759,90.0495,-89.926,-0.0582,-0.4935,0.0955,,
1780127641,18888273,right_base_state,right_joint_1,right_joint_2,right_joint_3,right_joint_4,right_joint_5,right_joint_6,right_joint_7,-90.4573,-90.0759,90.0495,-89.926,-0.0583,-0.4935,0.0955,,
1780127641,28787342,right_base_state,right_joint_1,right_joint_2,right_joint_3,right_joint_4,right_joint_5,right_joint_6,right_joint_7,-90.4573,-90.0759,90.0495,-89.926,-0.0582,-0.4935,0.0955,,
1780127641,39050237,right_base_state,right_joint_1,right_joint_2,right_joint_3,right_joint_4,right_joint_5,right_joint_6,right_joint_7,-90.4573,-90.0759,90.0495,-89.926,-0.0582,-0.4934,0.0955,,
1780127641,48865163,right_base_state,right_joint_1,right_joint_2,right_joint_3,right_joint_4,right_joint_5,right_joint_6,right_joint_7,-90.4573,-90.0759,90.0495,-89.926,-0.0582,-0.4934,0.0955,,
1780127641,58724818,right_base_state,right_joint_1,right_joint_2,right_joint_3,right_joint_4,right_joint_5,right_joint_6,right_joint_7,-90.4573,-90.0759,90.0495,-89.926,-0.0582,-0.4935,0.0955,,
1780127641,68751633,right_base_state,right_joint_1,right_joint_2,right_joint_3,right_joint_4,right_joint_5,right_joint_6,right_joint_7,-90.4573,-90.0759,90.0495,-89.926,-0.0582,-0.4934,0.0955,,
1780127641,78736114,right_base_state,right_joint_1,right_joint_2,right_joint_3,right_joint_4,right_joint_5,right_joint_6,right_joint_7,-90.4573,-90.0759,90.0495,-89.926,-0.0583,-0.4935,0.0955,,
1780127641,88820372,right_base_state,right_joint_1,right_joint_2,right_joint_3,right_joint_4,right_joint_5,right_joint_6,right_joint_7,-90.4573,-90.0759,90.0495,-89.926,-0.0582,-0.4934,0.0955,,
1780127641,98773994,right_base_state,right_joint_1,right_joint_2,right_joint_3,right_joint_4,right_joint_5,right_joint_6,right_joint_7,-90.4573,-90.0759,90.0495,-89.926,-0.0582,-0.4935,0.0955,,
1780127641,108712944,right_base_state,right_joint_1,right_joint_2,right_joint_3,right_joint_4,right_joint_5,right_joint_6,right_joint_7,-90.4573,-90.0759,90.0495,-89.926,-0.0582,-0.4935,0.0955,,
1780127641,118744083,right_base_state,right_joint_1,right_joint_2,right_joint_3,right_joint_4,right_joint_5,right_joint_6,right_joint_7,-90.4573,-90.0759,90.0495,-89.926,-0.0582,-0.4934,0.0955,,
1780127641,128754063,right_base_state,right_joint_1,right_joint_2,right_joint_3,right_joint_4,right_joint_5,right_joint_6,right_joint_7,-90.4573,-90.0759,90.0495,-89.926,-0.0582,-0.4935,0.0955,,
1780127641,138857050,right_base_state,right_joint_1,right_joint_2,right_joint_3,right_joint_4,right_joint_5,right_joint_6,right_joint_7,-90.4573,-90.0759,90.0495,-89.926,-0.0583,-0.4935,0.0955,,
1780127641,148816273,right_base_state,right_joint_1,right_joint_2,right_joint_3,right_joint_4,right_joint_5,right_joint_6,right_joint_7,-90.4573,-90.0759,90.0495,-89.926,-0.0582,-0.4935,0.0955,,
1780127641,158683498,right_base_state,right_joint_1,right_joint_2,right_joint_3,right_joint_4,right_joint_5,right_joint_6,right_joint_7,-90.4573,-90.0759,90.0495,-89.926,-0.0582,-0.4934,0.0955,,
1780127641,168970639,right_base_state,right_joint_1,right_joint_2,right_joint_3,right_joint_4,right_joint_5,right_joint_6,right_joint_7,-90.4573,-90.0759,90.0495,-89.926,-0.0582,-0.4934,0.0955,,
1780127641,179025824,right_base_state,right_joint_1,right_joint_2,right_joint_3,right_joint_4,right_joint_5,right_joint_6,right_joint_7,-90.4573,-90.0759,90.0495,-89.926,-0.0582,-0.4935,0.0955,,
1780127641,188747333,right_base_state,right_joint_1,right_joint_2,right_joint_3,right_joint_4,right_joint_5,right_joint_6,right_joint_7,-90.4573,-90.0759,90.0495,-89.926,-0.0583,-0.4935,0.0955,,
1780127641,198906474,right_base_state,right_joint_1,right_joint_2,right_joint_3,right_joint_4,right_joint_5,right_joint_6,right_joint_7,-90.4573,-90.0759,90.0495,-89.926,-0.0583,-0.4934,0.0955,,
1780127641,208886605,right_base_state,right_joint_1,right_joint_2,right_joint_3,right_joint_4,right_joint_5,right_joint_6,right_joint_7,-90.4573,-90.0759,90.0495,-89.926,-0.0582,-0.4935,0.0955,,
1780127641,218932229,right_base_state,right_joint_1,right_joint_2,right_joint_3,right_joint_4,right_joint_5,right_joint_6,right_joint_7,-90.4573,-90.0759,90.0495,-89.926,-0.0583,-0.4935,0.0955,,
1780127641,228740223,right_base_state,right_joint_1,right_joint_2,right_joint_3,right_joint_4,right_joint_5,right_joint_6,right_joint_7,-90.4573,-90.0759,90.0495,-89.926,-0.0583,-0.4935,0.0955,,
1780127641,238791152,right_base_state,right_joint_1,right_joint_2,right_joint_3,right_joint_4,right_joint_5,right_joint_6,right_joint_7,-90.4573,-90.0759,90.0495,-89.926,-0.0582,-0.4935,0.0955,,
1780127641,248739403,right_base_state,right_joint_1,right_joint_2,right_joint_3,right_joint_4,right_joint_5,right_joint_6,right_joint_7,-90.4573,-90.0759,90.0495,-89.926,-0.0582,-0.4934,0.0955,,
1780127641,258632539,right_base_state,right_joint_1,right_joint_2,right_joint_3,right_joint_4,right_joint_5,right_joint_6,right_joint_7,-90.4573,-90.0759,90.0495,-89.926,-0.0583,-0.4935,0.0955,,
1780127641,268717071,right_base_state,right_joint_1,right_joint_2,right_joint_3,right_joint_4,right_joint_5,right_joint_6,right_joint_7,-90.4573,-90.0759,90.0495,-89.926,-0.0582,-0.4935,0.0955,,
1780127641,278922088,right_base_state,right_joint_1,right_joint_2,right_joint_3,right_joint_4,right_joint_5,right_joint_6,right_joint_7,-90.4573,-90.0759,90.0495,-89.926,-0.0582,-0.4934,0.0955,,
1780127641,288752529,right_base_state,right_joint_1,right_joint_2,right_joint_3,right_joint_4,right_joint_5,right_joint_6,right_joint_7,-90.4573,-90.0759,90.0495,-89.926,-0.0583,-0.4934,0.0955,,
1780127641,298843059,right_base_state,right_joint_1,right_joint_2,right_joint_3,right_joint_4,right_joint_5,right_joint_6,right_joint_7,-90.4573,-90.0759,90.0495,-89.926,-0.0582,-0.4935,0.0955,,
1780127641,310347889,right_base_state,right_joint_1,right_joint_2,right_joint_3,right_joint_4,right_joint_5,right_joint_6,right_joint_7,-90.4573,-90.0759,90.0495,-89.926,-0.0582,-0.4935,0.0955,,
1780127641,318786519,right_base_state,right_joint_1,right_joint_2,right_joint_3,right_joint_4,right_joint_5,right_joint_6,right_joint_7,-90.4573,-90.0759,90.0495,-89.926,-0.0582,-0.4934,0.0955,,
1780127641,328826915,right_base_state,right_joint_1,right_joint_2,right_joint_3,right_joint_4,right_joint_5,right_joint_6,right_joint_7,-90.4573,-90.0759,90.0495,-89.926,-0.0583,-0.4934,0.0955,,
1780127641,338765914,right_base_state,right_joint_1,right_joint_2,right_joint_3,right_joint_4,right_joint_5,right_joint_6,right_joint_7,-90.4573,-90.0759,90.0495,-89.926,-0.0582,-0.4935,0.0955,,
1780127641,348902364,right_base_state,right_joint_1,right_joint_2,right_joint_3,right_joint_4,right_joint_5,right_joint_6,right_joint_7,-90.4573,-90.0759,90.0495,-89.926,-0.0582,-0.4935,0.0955,,
1780127641,358685223,right_base_state,right_joint_1,right_joint_2,right_joint_3,right_joint_4,right_joint_5,right_joint_6,right_joint_7,-90.4573,-90.0759,90.0495,-89.926,-0.0583,-0.4935,0.0955,,
1780127641,368736295,right_base_state,right_joint_1,right_joint_2,right_joint_3,right_joint_4,right_joint_5,right_joint_6,right_joint_7,-90.4573,-90.0759,90.0495,-89.926,-0.0582,-0.4935,0.0955,,
1780127641,378852446,right_base_state,right_joint_1,right_joint_2,right_joint_3,right_joint_4,right_joint_5,right_joint_6,right_joint_7,-90.4573,-90.0759,90.0495,-89.926,-0.0582,-0.4935,0.0955,,
1780127641,389054608,right_base_state,right_joint_1,right_joint_2,right_joint_3,right_joint_4,right_joint_5,right_joint_6,right_joint_7,-90.4573,-90.0759,90.0495,-89.926,-0.0582,-0.4934,0.0955,,
1780127641,398851563,right_base_state,right_joint_1,right_joint_2,right_joint_3,right_joint_4,right_joint_5,right_joint_6,right_joint_7,-90.4573,-90.0759,90.0495,-89.926,-0.0582,-0.4935,0.0955,,
1780127641,408713158,right_base_state,right_joint_1,right_joint_2,right_joint_3,right_joint_4,right_joint_5,right_joint_6,right_joint_7,-90.4573,-90.0759,90.0495,-89.926,-0.0583,-0.4935,0.0955,,
1780127641,418986228,right_base_state,right_joint_1,right_joint_2,right_joint_3,right_joint_4,right_joint_5,right_joint_6,right_joint_7,-90.4573,-90.0759,90.0495,-89.926,-0.0582,-0.4935,0.0955,,
1780127641,428774393,right_base_state,right_joint_1,right_joint_2,right_joint_3,right_joint_4,right_joint_5,right_joint_6,right_joint_7,-90.4573,-90.0759,90.0495,-89.926,-0.0583,-0.4935,0.0955,,
1780127641,438858998,right_base_state,right_joint_1,right_joint_2,right_joint_3,right_joint_4,right_joint_5,right_joint_6,right_joint_7,-90.4573,-90.0759,90.0495,-89.926,-0.0583,-0.4935,0.0955,,
1780127641,448717557,right_base_state,right_joint_1,right_joint_2,right_joint_3,right_joint_4,right_joint_5,right_joint_6,right_joint_7,-90.4573,-90.0759,90.0495,-89.926,-0.0582,-0.4935,0.0955,,
1780127641,458719085,right_base_state,right_joint_1,right_joint_2,right_joint_3,right_joint_4,right_joint_5,right_joint_6,right_joint_7,-90.4573,-90.0759,90.0495,-89.926,-0.0582,-0.4935,0.0955,,
1780127641,468749058,right_base_state,right_joint_1,right_joint_2,right_joint_3,right_joint_4,right_joint_5,right_joint_6,right_joint_7,-90.4573,-90.0759,90.0495,-89.926,-0.0582,-0.4935,0.0955,,
1780127641,478862642,right_base_state,right_joint_1,right_joint_2,right_joint_3,right_joint_4,right_joint_5,right_joint_6,right_joint_7,-90.4573,-90.0759,90.0495,-89.926,-0.0582,-0.4935,0.0955,,
1780127641,489022727,right_base_state,right_joint_1,right_joint_2,right_joint_3,right_joint_4,right_joint_5,right_joint_6,right_joint_7,-90.4573,-90.0759,90.0495,-89.926,-0.0582,-0.4934,0.0955,,
1780127641,498953642,right_base_state,right_joint_1,right_joint_2,right_joint_3,right_joint_4,right_joint_5,right_joint_6,right_joint_7,-90.4573,-90.0759,90.0495,-89.926,-0.0582,-0.4934,0.0955,,
1780127641,508948680,right_base_state,right_joint_1,right_joint_2,right_joint_3,right_joint_4,right_joint_5,right_joint_6,right_joint_7,-90.4573,-90.0759,90.0495,-89.926,-0.0582,-0.4935,0.0955,,
1780127641,518728371,right_base_state,right_joint_1,right_joint_2,right_joint_3,right_joint_4,right_joint_5,right_joint_6,right_joint_7,-90.4573,-90.0759,90.0495,-89.926,-0.0582,-0.4935,0.0955,,
1780127641,528744153,right_base_state,right_joint_1,right_joint_2,right_joint_3,right_joint_4,right_joint_5,right_joint_6,right_joint_7,-90.4573,-90.0759,90.0495,-89.926,-0.0582,-0.4935,0.0955,,
1780127641,538897705,right_base_state,right_joint_1,right_joint_2,right_joint_3,right_joint_4,right_joint_5,right_joint_6,right_joint_7,-90.4573,-90.0759,90.0495,-89.926,-0.0582,-0.4935,0.0955,,
1780127641,548883976,right_base_state,right_joint_1,right_joint_2,right_joint_3,right_joint_4,right_joint_5,right_joint_6,right_joint_7,-90.4573,-90.0759,90.0495,-89.926,-0.0582,-0.4935,0.0955,,
1780127641,558793827,right_base_state,right_joint_1,right_joint_2,right_joint_3,right_joint_4,right_joint_5,right_joint_6,right_joint_7,-90.4573,-90.0759,90.0495,-89.926,-0.0582,-0.4935,0.0955,,
1780127641,568844253,right_base_state,right_joint_1,right_joint_2,right_joint_3,right_joint_4,right_joint_5,right_joint_6,right_joint_7,-90.4573,-90.0759,90.0495,-89.926,-0.0582,-0.4935,0.0955,,
1780127641,578908903,right_base_state,right_joint_1,right_joint_2,right_joint_3,right_joint_4,right_joint_5,right_joint_6,right_joint_7,-90.4573,-90.0759,90.0495,-89.926,-0.0582,-0.4935,0.0955,,
1780127641,588984012,right_base_state,right_joint_1,right_joint_2,right_joint_3,right_joint_4,right_joint_5,right_joint_6,right_joint_7,-90.4573,-90.0759,90.0495,-89.926,-0.0582,-0.4935,0.0955,,
1780127641,598833651,right_base_state,right_joint_1,right_joint_2,right_joint_3,right_joint_4,right_joint_5,right_joint_6,right_joint_7,-90.4573,-90.0759,90.0495,-89.926,-0.0582,-0.4934,0.0955,,
1780127641,608675365,right_base_state,right_joint_1,right_joint_2,right_joint_3,right_joint_4,right_joint_5,right_joint_6,right_joint_7,-90.4573,-90.0759,90.0495,-89.926,-0.0582,-0.4935,0.0955,,
1780127641,618782216,right_base_state,right_joint_1,right_joint_2,right_joint_3,right_joint_4,right_joint_5,right_joint_6,right_joint_7,-90.4573,-90.0759,90.0495,-89.926,-0.0583,-0.4935,0.0955,,
1780127641,628872378,right_base_state,right_joint_1,right_joint_2,right_joint_3,right_joint_4,right_joint_5,right_joint_6,right_joint_7,-90.4573,-90.0759,90.0495,-89.926,-0.0583,-0.4935,0.0955,,
1780127641,638923899,right_base_state,right_joint_1,right_joint_2,right_joint_3,right_joint_4,right_joint_5,right_joint_6,right_joint_7,-90.4573,-90.0759,90.0495,-89.926,-0.0582,-0.4934,0.0955,,
1780127641,648995726,right_base_state,right_joint_1,right_joint_2,right_joint_3,right_joint_4,right_joint_5,right_joint_6,right_joint_7,-90.4573,-90.0759,90.0495,-89.926,-0.0583,-0.4935,0.0955,,
1780127641,658746535,right_base_state,right_joint_1,right_joint_2,right_joint_3,right_joint_4,right_joint_5,right_joint_6,right_joint_7,-90.4573,-90.0759,90.0495,-89.926,-0.0582,-0.4935,0.0955,,
1780127641,668729213,right_base_state,right_joint_1,right_joint_2,right_joint_3,right_joint_4,right_joint_5,right_joint_6,right_joint_7,-90.4573,-90.0759,90.0495,-89.926,-0.0582,-0.4935,0.0955,,
1780127641,678754576,right_base_state,right_joint_1,right_joint_2,right_joint_3,right_joint_4,right_joint_5,right_joint_6,right_joint_7,-90.4573,-90.0759,90.0495,-89.926,-0.0583,-0.4935,0.0955,,
1780127641,688856447,right_base_state,right_joint_1,right_joint_2,right_joint_3,right_joint_4,right_joint_5,right_joint_6,right_joint_7,-90.4573,-90.0759,90.0495,-89.926,-0.0582,-0.4935,0.0955,,
1780127641,698915758,right_base_state,right_joint_1,right_joint_2,right_joint_3,right_joint_4,right_joint_5,right_joint_6,right_joint_7,-90.4573,-90.0759,90.0495,-89.926,-0.0583,-0.4935,0.0955,,
1780127641,710354222,right_base_state,right_joint_1,right_joint_2,right_joint_3,right_joint_4,right_joint_5,right_joint_6,right_joint_7,-90.4573,-90.0759,90.0495,-89.926,-0.0582,-0.4935,0.0955,,
1780127641,718800772,right_base_state,right_joint_1,right_joint_2,right_joint_3,right_joint_4,right_joint_5,right_joint_6,right_joint_7,-90.4573,-90.0759,90.0495,-89.926,-0.0582,-0.4934,0.0955,,
1780127641,728830471,right_base_state,right_joint_1,right_joint_2,right_joint_3,right_joint_4,right_joint_5,right_joint_6,right_joint_7,-90.4573,-90.0759,90.0495,-89.926,-0.0583,-0.4935,0.0955,,
1780127641,738905339,right_base_state,right_joint_1,right_joint_2,right_joint_3,right_joint_4,right_joint_5,right_joint_6,right_joint_7,-90.4573,-90.0759,90.0495,-89.926,-0.0582,-0.4935,0.0955,,
1780127641,748706139,right_base_state,right_joint_1,right_joint_2,right_joint_3,right_joint_4,right_joint_5,right_joint_6,right_joint_7,-90.4573,-90.0759,90.0495,-89.926,-0.0582,-0.4934,0.0955,,
1780127641,758838568,right_base_state,right_joint_1,right_joint_2,right_joint_3,right_joint_4,right_joint_5,right_joint_6,right_joint_7,-90.4573,-90.0759,90.0495,-89.926,-0.0583,-0.4935,0.0955,,
1780127641,768688568,right_base_state,right_joint_1,right_joint_2,right_joint_3,right_joint_4,right_joint_5,right_joint_6,right_joint_7,-90.4573,-90.0759,90.0495,-89.926,-0.0583,-0.4934,0.0955,,
1780127641,778879289,right_base_state,right_joint_1,right_joint_2,right_joint_3,right_joint_4,right_joint_5,right_joint_6,right_joint_7,-90.4573,-90.0759,90.0495,-89.926,-0.0582,-0.4934,0.0955,,
1780127641,788789668,right_base_state,right_joint_1,right_joint_2,right_joint_3,right_joint_4,right_joint_5,right_joint_6,right_joint_7,-90.4573,-90.0759,90.0495,-89.926,-0.0583,-0.4935,0.0955,,
1780127641,798966993,right_base_state,right_joint_1,right_joint_2,right_joint_3,right_joint_4,right_joint_5,right_joint_6,right_joint_7,-90.4573,-90.0759,90.0495,-89.926,-0.0582,-0.4935,0.0955,,
1780127641,810389726,right_base_state,right_joint_1,right_joint_2,right_joint_3,right_joint_4,right_joint_5,right_joint_6,right_joint_7,-90.4573,-90.0759,90.0495,-89.926,-0.0582,-0.4935,0.0955,,
1780127641,818750478,right_base_state,right_joint_1,right_joint_2,right_joint_3,right_joint_4,right_joint_5,right_joint_6,right_joint_7,-90.4573,-90.0759,90.0495,-89.926,-0.0583,-0.4935,0.0955,,
1780127641,828902164,right_base_state,right_joint_1,right_joint_2,right_joint_3,right_joint_4,right_joint_5,right_joint_6,right_joint_7,-90.4573,-90.0759,90.0495,-89.926,-0.0582,-0.4935,0.0955,,
1780127641,839021023,right_base_state,right_joint_1,right_joint_2,right_joint_3,right_joint_4,right_joint_5,right_joint_6,right_joint_7,-90.4573,-90.0759,90.0495,-89.926,-0.0582,-0.4935,0.0955,,
1780127641,848791161,right_base_state,right_joint_1,right_joint_2,right_joint_3,right_joint_4,right_joint_5,right_joint_6,right_joint_7,-90.4573,-90.0759,90.0495,-89.926,-0.0583,-0.4935,0.0955,,
1780127641,858740661,right_base_state,right_joint_1,right_joint_2,right_joint_3,right_joint_4,right_joint_5,right_joint_6,right_joint_7,-90.4573,-90.0759,90.0495,-89.926,-0.0582,-0.4935,0.0955,,
1780127641,868748677,right_base_state,right_joint_1,right_joint_2,right_joint_3,right_joint_4,right_joint_5,right_joint_6,right_joint_7,-90.4573,-90.0759,90.0495,-89.926,-0.0582,-0.4935,0.0955,,
1780127641,879096050,right_base_state,right_joint_1,right_joint_2,right_joint_3,right_joint_4,right_joint_5,right_joint_6,right_joint_7,-90.4573,-90.0759,90.0495,-89.926,-0.0583,-0.4935,0.0955,,
1780127641,888881403,right_base_state,right_joint_1,right_joint_2,right_joint_3,right_joint_4,right_joint_5,right_joint_6,right_joint_7,-90.4573,-90.0759,90.0495,-89.926,-0.0583,-0.4934,0.0955,,
1780127641,898817894,right_base_state,right_joint_1,right_joint_2,right_joint_3,right_joint_4,right_joint_5,right_joint_6,right_joint_7,-90.4573,-90.0759,90.0495,-89.926,-0.0583,-0.4935,0.0955,,
1780127641,908763376,right_base_state,right_joint_1,right_joint_2,right_joint_3,right_joint_4,right_joint_5,right_joint_6,right_joint_7,-90.4573,-90.0759,90.0495,-89.926,-0.0582,-0.4935,0.0955,,
1780127641,918718627,right_base_state,right_joint_1,right_joint_2,right_joint_3,right_joint_4,right_joint_5,right_joint_6,right_joint_7,-90.4573,-90.0759,90.0495,-89.926,-0.0583,-0.4934,0.0955,,
1780127641,928742935,right_base_state,right_joint_1,right_joint_2,right_joint_3,right_joint_4,right_joint_5,right_joint_6,right_joint_7,-90.4573,-90.0759,90.0495,-89.926,-0.0583,-0.4935,0.0955,,
1780127641,939252317,right_base_state,right_joint_1,right_joint_2,right_joint_3,right_joint_4,right_joint_5,right_joint_6,right_joint_7,-90.4573,-90.0759,90.0495,-89.926,-0.0582,-0.4935,0.0955,,
1780127641,948838274,right_base_state,right_joint_1,right_joint_2,right_joint_3,right_joint_4,right_joint_5,right_joint_6,right_joint_7,-90.4573,-90.0759,90.0495,-89.926,-0.0582,-0.4935,0.0955,,
1780127641,958686296,right_base_state,right_joint_1,right_joint_2,right_joint_3,right_joint_4,right_joint_5,right_joint_6,right_joint_7,-90.4573,-90.0759,90.0495,-89.926,-0.0582,-0.4935,0.0955,,
1780127641,969436129,right_base_state,right_joint_1,right_joint_2,right_joint_3,right_joint_4,right_joint_5,right_joint_6,right_joint_7,-90.4573,-90.0759,90.0495,-89.926,-0.0582,-0.4935,0.0955,,
1780127641,978733738,right_base_state,right_joint_1,right_joint_2,right_joint_3,right_joint_4,right_joint_5,right_joint_6,right_joint_7,-90.4573,-90.0759,90.0495,-89.926,-0.0582,-0.4935,0.0955,,
1780127641,988877232,right_base_state,right_joint_1,right_joint_2,right_joint_3,right_joint_4,right_joint_5,right_joint_6,right_joint_7,-90.4573,-90.0759,90.0495,-89.926,-0.0582,-0.4935,0.0955,,
1780127641,999481877,right_base_state,right_joint_1,right_joint_2,right_joint_3,right_joint_4,right_joint_5,right_joint_6,right_joint_7,-90.4573,-90.0759,90.0495,-89.926,-0.0583,-0.4934,0.0955,,
1780127642,8681412,right_base_state,right_joint_1,right_joint_2,right_joint_3,right_joint_4,right_joint_5,right_joint_6,right_joint_7,-90.4573,-90.0759,90.0495,-89.926,-0.0583,-0.4935,0.0955,,
1780127642,19031597,right_base_state,right_joint_1,right_joint_2,right_joint_3,right_joint_4,right_joint_5,right_joint_6,right_joint_7,-90.4573,-90.0759,90.0495,-89.926,-0.0582,-0.4935,0.0955,,
1780127642,28818587,right_base_state,right_joint_1,right_joint_2,right_joint_3,right_joint_4,right_joint_5,right_joint_6,right_joint_7,-90.4573,-90.0759,90.0495,-89.926,-0.0583,-0.4934,0.0955,,
1780127642,38884711,right_base_state,right_joint_1,right_joint_2,right_joint_3,right_joint_4,right_joint_5,right_joint_6,right_joint_7,-90.4573,-90.0759,90.0495,-89.926,-0.0583,-0.4935,0.0955,,
1780127642,50098600,right_base_state,right_joint_1,right_joint_2,right_joint_3,right_joint_4,right_joint_5,right_joint_6,right_joint_7,-90.4573,-90.0759,90.0495,-89.926,-0.0583,-0.4934,0.0955,,
1780127642,58681642,right_base_state,right_joint_1,right_joint_2,right_joint_3,right_joint_4,right_joint_5,right_joint_6,right_joint_7,-90.4573,-90.0759,90.0495,-89.926,-0.0582,-0.4935,0.0955,,
1780127642,69224983,right_base_state,right_joint_1,right_joint_2,right_joint_3,right_joint_4,right_joint_5,right_joint_6,right_joint_7,-90.4573,-90.0759,90.0495,-89.926,-0.0583,-0.4934,0.0955,,
1780127642,78773297,right_base_state,right_joint_1,right_joint_2,right_joint_3,right_joint_4,right_joint_5,right_joint_6,right_joint_7,-90.4573,-90.0759,90.0495,-89.926,-0.0583,-0.4935,0.0955,,
1780127642,89254689,right_base_state,right_joint_1,right_joint_2,right_joint_3,right_joint_4,right_joint_5,right_joint_6,right_joint_7,-90.4573,-90.0759,90.0495,-89.926,-0.0582,-0.4934,0.0955,,
1780127642,98842019,right_base_state,right_joint_1,right_joint_2,right_joint_3,right_joint_4,right_joint_5,right_joint_6,right_joint_7,-90.4573,-90.0759,90.0495,-89.926,-0.0583,-0.4935,0.0955,,
1780127642,108683649,right_base_state,right_joint_1,right_joint_2,right_joint_3,right_joint_4,right_joint_5,right_joint_6,right_joint_7,-90.4573,-90.0759,90.0495,-89.926,-0.0582,-0.4935,0.0955,,
1780127642,118920975,right_base_state,right_joint_1,right_joint_2,right_joint_3,right_joint_4,right_joint_5,right_joint_6,right_joint_7,-90.4573,-90.0759,90.0495,-89.926,-0.0583,-0.4935,0.0955,,
1780127642,128863480,right_base_state,right_joint_1,right_joint_2,right_joint_3,right_joint_4,right_joint_5,right_joint_6,right_joint_7,-90.4573,-90.0759,90.0495,-89.926,-0.0582,-0.4935,0.0955,,
1780127642,138962712,right_base_state,right_joint_1,right_joint_2,right_joint_3,right_joint_4,right_joint_5,right_joint_6,right_joint_7,-90.4573,-90.0759,90.0495,-89.926,-0.0582,-0.4935,0.0955,,
1780127642,148882444,right_base_state,right_joint_1,right_joint_2,right_joint_3,right_joint_4,right_joint_5,right_joint_6,right_joint_7,-90.4573,-90.0759,90.0495,-89.926,-0.0582,-0.4935,0.0955,,
1780127642,158681837,right_base_state,right_joint_1,right_joint_2,right_joint_3,right_joint_4,right_joint_5,right_joint_6,right_joint_7,-90.4573,-90.0759,90.0495,-89.926,-0.0582,-0.4935,0.0955,,
1780127642,168771889,right_base_state,right_joint_1,right_joint_2,right_joint_3,right_joint_4,right_joint_5,right_joint_6,right_joint_7,-90.4573,-90.0759,90.0495,-89.926,-0.0583,-0.4935,0.0955,,
1780127642,178864205,right_base_state,right_joint_1,right_joint_2,right_joint_3,right_joint_4,right_joint_5,right_joint_6,right_joint_7,-90.4573,-90.0759,90.0495,-89.926,-0.0583,-0.4935,0.0955,,
1780127642,188853374,right_base_state,right_joint_1,right_joint_2,right_joint_3,right_joint_4,right_joint_5,right_joint_6,right_joint_7,-90.4573,-90.0759,90.0495,-89.926,-0.0583,-0.4935,0.0955,,
1780127642,198865828,right_base_state,right_joint_1,right_joint_2,right_joint_3,right_joint_4,right_joint_5,right_joint_6,right_joint_7,-90.4573,-90.0759,90.0495,-89.926,-0.0582,-0.4934,0.0955,,
1780127642,208761543,right_base_state,right_joint_1,right_joint_2,right_joint_3,right_joint_4,right_joint_5,right_joint_6,right_joint_7,-90.4573,-90.0759,90.0495,-89.926,-0.0582,-0.4935,0.0955,,
1780127642,218856911,right_base_state,right_joint_1,right_joint_2,right_joint_3,right_joint_4,right_joint_5,right_joint_6,right_joint_7,-90.4573,-90.0759,90.0495,-89.926,-0.0583,-0.4935,0.0955,,
1780127642,228830529,right_base_state,right_joint_1,right_joint_2,right_joint_3,right_joint_4,right_joint_5,right_joint_6,right_joint_7,-90.4573,-90.0759,90.0495,-89.926,-0.0583,-0.4935,0.0955,,
1780127642,239853683,right_base_state,right_joint_1,right_joint_2,right_joint_3,right_joint_4,right_joint_5,right_joint_6,right_joint_7,-90.4573,-90.0759,90.0495,-89.926,-0.0582,-0.4935,0.0955,,
1780127642,249133826,right_base_state,right_joint_1,right_joint_2,right_joint_3,right_joint_4,right_joint_5,right_joint_6,right_joint_7,-90.4573,-90.0759,90.0495,-89.926,-0.0582,-0.4935,0.0955,,
1780127642,259046562,right_base_state,right_joint_1,right_joint_2,right_joint_3,right_joint_4,right_joint_5,right_joint_6,right_joint_7,-90.4573,-90.0759,90.0495,-89.926,-0.0582,-0.4934,0.0955,,
1780127642,268944503,right_base_state,right_joint_1,right_joint_2,right_joint_3,right_joint_4,right_joint_5,right_joint_6,right_joint_7,-90.4573,-90.0759,90.0495,-89.926,-0.0582,-0.4935,0.0955,,
1780127642,278732619,right_base_state,right_joint_1,right_joint_2,right_joint_3,right_joint_4,right_joint_5,right_joint_6,right_joint_7,-90.4573,-90.0759,90.0495,-89.926,-0.0583,-0.4934,0.0955,,
1780127642,288769258,right_base_state,right_joint_1,right_joint_2,right_joint_3,right_joint_4,right_joint_5,right_joint_6,right_joint_7,-90.4573,-90.0759,90.0495,-89.926,-0.0583,-0.4934,0.0955,,
1780127642,298819860,right_base_state,right_joint_1,right_joint_2,right_joint_3,right_joint_4,right_joint_5,right_joint_6,right_joint_7,-90.4573,-90.0759,90.0495,-89.926,-0.0583,-0.4935,0.0955,,
1780127642,308677939,right_base_state,right_joint_1,right_joint_2,right_joint_3,right_joint_4,right_joint_5,right_joint_6,right_joint_7,-90.4573,-90.0759,90.0495,-89.926,-0.0582,-0.4935,0.0955,,
1780127642,318910789,right_base_state,right_joint_1,right_joint_2,right_joint_3,right_joint_4,right_joint_5,right_joint_6,right_joint_7,-90.4573,-90.0759,90.0495,-89.926,-0.0583,-0.4935,0.0955,,
1780127642,328758962,right_base_state,right_joint_1,right_joint_2,right_joint_3,right_joint_4,right_joint_5,right_joint_6,right_joint_7,-90.4573,-90.0759,90.0495,-89.926,-0.0582,-0.4935,0.0955,,
1780127642,338858253,right_base_state,right_joint_1,right_joint_2,right_joint_3,right_joint_4,right_joint_5,right_joint_6,right_joint_7,-90.4573,-90.0759,90.0495,-89.926,-0.0583,-0.4935,0.0955,,
1780127642,348758159,right_base_state,right_joint_1,right_joint_2,right_joint_3,right_joint_4,right_joint_5,right_joint_6,right_joint_7,-90.4573,-90.0759,90.0495,-89.926,-0.0583,-0.4935,0.0955,,
1780127642,358640417,right_base_state,right_joint_1,right_joint_2,right_joint_3,right_joint_4,right_joint_5,right_joint_6,right_joint_7,-90.4573,-90.0759,90.0495,-89.926,-0.0582,-0.4934,0.0955,,
1780127642,368792461,right_base_state,right_joint_1,right_joint_2,right_joint_3,right_joint_4,right_joint_5,right_joint_6,right_joint_7,-90.4573,-90.0759,90.0495,-89.926,-0.0582,-0.4935,0.0955,,
1780127642,378898605,right_base_state,right_joint_1,right_joint_2,right_joint_3,right_joint_4,right_joint_5,right_joint_6,right_joint_7,-90.4573,-90.0759,90.0495,-89.926,-0.0583,-0.4934,0.0955,,
1780127642,389167511,right_base_state,right_joint_1,right_joint_2,right_joint_3,right_joint_4,right_joint_5,right_joint_6,right_joint_7,-90.4573,-90.0759,90.0495,-89.926,-0.0582,-0.4934,0.0955,,
1780127642,398828724,right_base_state,right_joint_1,right_joint_2,right_joint_3,right_joint_4,right_joint_5,right_joint_6,right_joint_7,-90.4573,-90.0759,90.0495,-89.926,-0.0583,-0.4935,0.0955,,
1780127642,408708296,right_base_state,right_joint_1,right_joint_2,right_joint_3,right_joint_4,right_joint_5,right_joint_6,right_joint_7,-90.4573,-90.0759,90.0495,-89.926,-0.0582,-0.4935,0.0955,,
1780127642,418847346,right_base_state,right_joint_1,right_joint_2,right_joint_3,right_joint_4,right_joint_5,right_joint_6,right_joint_7,-90.4573,-90.0759,90.0495,-89.926,-0.0582,-0.4935,0.0955,,
1780127642,428733703,right_base_state,right_joint_1,right_joint_2,right_joint_3,right_joint_4,right_joint_5,right_joint_6,right_joint_7,-90.4573,-90.0759,90.0495,-89.926,-0.0582,-0.4935,0.0955,,
1780127642,438825566,right_base_state,right_joint_1,right_joint_2,right_joint_3,right_joint_4,right_joint_5,right_joint_6,right_joint_7,-90.4573,-90.0759,90.0495,-89.926,-0.0583,-0.4935,0.0955,,
1780127642,448884454,right_base_state,right_joint_1,right_joint_2,right_joint_3,right_joint_4,right_joint_5,right_joint_6,right_joint_7,-90.4573,-90.0759,90.0495,-89.926,-0.0583,-0.4935,0.0955,,
1780127642,458691067,right_base_state,right_joint_1,right_joint_2,right_joint_3,right_joint_4,right_joint_5,right_joint_6,right_joint_7,-90.4573,-90.0759,90.0495,-89.926,-0.0582,-0.4935,0.0955,,
1780127642,468704286,right_base_state,right_joint_1,right_joint_2,right_joint_3,right_joint_4,right_joint_5,right_joint_6,right_joint_7,-90.4573,-90.0759,90.0495,-89.926,-0.0583,-0.4935,0.0955,,
1780127642,478691586,right_base_state,right_joint_1,right_joint_2,right_joint_3,right_joint_4,right_joint_5,right_joint_6,right_joint_7,-90.4573,-90.0759,90.0495,-89.926,-0.0582,-0.4934,0.0955,,
1780127642,488851697,right_base_state,right_joint_1,right_joint_2,right_joint_3,right_joint_4,right_joint_5,right_joint_6,right_joint_7,-90.4573,-90.0759,90.0495,-89.926,-0.0582,-0.4935,0.0955,,
1780127642,499100726,right_base_state,right_joint_1,right_joint_2,right_joint_3,right_joint_4,right_joint_5,right_joint_6,right_joint_7,-90.4573,-90.0759,90.0495,-89.926,-0.0583,-0.4935,0.0955,,
1780127642,508710282,right_base_state,right_joint_1,right_joint_2,right_joint_3,right_joint_4,right_joint_5,right_joint_6,right_joint_7,-90.4573,-90.0759,90.0495,-89.926,-0.0582,-0.4934,0.0955,,
1780127642,518794569,right_base_state,right_joint_1,right_joint_2,right_joint_3,right_joint_4,right_joint_5,right_joint_6,right_joint_7,-90.4573,-90.0759,90.0495,-89.926,-0.0583,-0.4934,0.0955,,
1780127642,528771553,right_base_state,right_joint_1,right_joint_2,right_joint_3,right_joint_4,right_joint_5,right_joint_6,right_joint_7,-90.4573,-90.0759,90.0495,-89.926,-0.0583,-0.4934,0.0955,,
1780127642,538721214,right_base_state,right_joint_1,right_joint_2,right_joint_3,right_joint_4,right_joint_5,right_joint_6,right_joint_7,-90.4573,-90.0759,90.0495,-89.926,-0.0582,-0.4935,0.0955,,
1780127642,548773818,right_base_state,right_joint_1,right_joint_2,right_joint_3,right_joint_4,right_joint_5,right_joint_6,right_joint_7,-90.4573,-90.0759,90.0495,-89.926,-0.0582,-0.4935,0.0955,,
1780127642,558679518,right_base_state,right_joint_1,right_joint_2,right_joint_3,right_joint_4,right_joint_5,right_joint_6,right_joint_7,-90.4573,-90.0759,90.0495,-89.926,-0.0582,-0.4935,0.0955,,
1780127642,568729119,right_base_state,right_joint_1,right_joint_2,right_joint_3,right_joint_4,right_joint_5,right_joint_6,right_joint_7,-90.4573,-90.0759,90.0495,-89.926,-0.0582,-0.4935,0.0955,,
1780127642,578830042,right_base_state,right_joint_1,right_joint_2,right_joint_3,right_joint_4,right_joint_5,right_joint_6,right_joint_7,-90.4573,-90.0759,90.0495,-89.926,-0.0582,-0.4934,0.0955,,
1780127642,588995042,right_base_state,right_joint_1,right_joint_2,right_joint_3,right_joint_4,right_joint_5,right_joint_6,right_joint_7,-90.4573,-90.0759,90.0495,-89.926,-0.0582,-0.4934,0.0955,,
1780127642,598984394,right_base_state,right_joint_1,right_joint_2,right_joint_3,right_joint_4,right_joint_5,right_joint_6,right_joint_7,-90.4573,-90.0759,90.0495,-89.926,-0.0582,-0.4935,0.0955,,
1780127642,608706867,right_base_state,right_joint_1,right_joint_2,right_joint_3,right_joint_4,right_joint_5,right_joint_6,right_joint_7,-90.4573,-90.0759,90.0495,-89.926,-0.0583,-0.4935,0.0955,,
1780127642,618685763,right_base_state,right_joint_1,right_joint_2,right_joint_3,right_joint_4,right_joint_5,right_joint_6,right_joint_7,-90.4573,-90.0759,90.0495,-89.926,-0.0583,-0.4935,0.0955,,
1780127642,628833530,right_base_state,right_joint_1,right_joint_2,right_joint_3,right_joint_4,right_joint_5,right_joint_6,right_joint_7,-90.4573,-90.0759,90.0495,-89.926,-0.0582,-0.4934,0.0955,,
1780127642,638881813,right_base_state,right_joint_1,right_joint_2,right_joint_3,right_joint_4,right_joint_5,right_joint_6,right_joint_7,-90.4573,-90.0759,90.0495,-89.926,-0.0583,-0.4935,0.0955,,
1780127642,648887699,right_base_state,right_joint_1,right_joint_2,right_joint_3,right_joint_4,right_joint_5,right_joint_6,right_joint_7,-90.4573,-90.0759,90.0495,-89.926,-0.0582,-0.4935,0.0955,,
1780127642,658686941,right_base_state,right_joint_1,right_joint_2,right_joint_3,right_joint_4,right_joint_5,right_joint_6,right_joint_7,-90.4573,-90.0759,90.0495,-89.926,-0.0583,-0.4935,0.0955,,
1780127642,668907362,right_base_state,right_joint_1,right_joint_2,right_joint_3,right_joint_4,right_joint_5,right_joint_6,right_joint_7,-90.4573,-90.0759,90.0495,-89.926,-0.0582,-0.4935,0.0955,,
1780127642,678753521,right_base_state,right_joint_1,right_joint_2,right_joint_3,right_joint_4,right_joint_5,right_joint_6,right_joint_7,-90.4573,-90.0759,90.0495,-89.926,-0.0582,-0.4934,0.0955,,
1780127642,688816199,right_base_state,right_joint_1,right_joint_2,right_joint_3,right_joint_4,right_joint_5,right_joint_6,right_joint_7,-90.4573,-90.0759,90.0495,-89.926,-0.0583,-0.4934,0.0955,,
1780127642,698910543,right_base_state,right_joint_1,right_joint_2,right_joint_3,right_joint_4,right_joint_5,right_joint_6,right_joint_7,-90.4573,-90.0759,90.0495,-89.926,-0.0583,-0.4935,0.0955,,
1780127642,708682207,right_base_state,right_joint_1,right_joint_2,right_joint_3,right_joint_4,right_joint_5,right_joint_6,right_joint_7,-90.4573,-90.0759,90.0495,-89.926,-0.0582,-0.4934,0.0955,,
1780127642,718842669,right_base_state,right_joint_1,right_joint_2,right_joint_3,right_joint_4,right_joint_5,right_joint_6,right_joint_7,-90.4573,-90.0759,90.0495,-89.926,-0.0582,-0.4934,0.0955,,
1780127642,728800846,right_base_state,right_joint_1,right_joint_2,right_joint_3,right_joint_4,right_joint_5,right_joint_6,right_joint_7,-90.4573,-90.0759,90.0495,-89.926,-0.0582,-0.4935,0.0955,,
1780127642,738918171,right_base_state,right_joint_1,right_joint_2,right_joint_3,right_joint_4,right_joint_5,right_joint_6,right_joint_7,-90.4573,-90.0759,90.0495,-89.926,-0.0582,-0.4934,0.0955,,
1780127642,748879029,right_base_state,right_joint_1,right_joint_2,right_joint_3,right_joint_4,right_joint_5,right_joint_6,right_joint_7,-90.4573,-90.0759,90.0495,-89.926,-0.0582,-0.4935,0.0955,,
1780127642,758673347,right_base_state,right_joint_1,right_joint_2,right_joint_3,right_joint_4,right_joint_5,right_joint_6,right_joint_7,-90.4573,-90.0759,90.0495,-89.926,-0.0583,-0.4935,0.0955,,
1780127642,768659219,right_base_state,right_joint_1,right_joint_2,right_joint_3,right_joint_4,right_joint_5,right_joint_6,right_joint_7,-90.4573,-90.0759,90.0495,-89.926,-0.0582,-0.4935,0.0955,,
1780127642,778750571,right_base_state,right_joint_1,right_joint_2,right_joint_3,right_joint_4,right_joint_5,right_joint_6,right_joint_7,-90.4573,-90.0759,90.0495,-89.926,-0.0583,-0.4934,0.0955,,
1780127642,788887337,right_base_state,right_joint_1,right_joint_2,right_joint_3,right_joint_4,right_joint_5,right_joint_6,right_joint_7,-90.4573,-90.0759,90.0495,-89.926,-0.0583,-0.4934,0.0955,,
1780127642,798978163,right_base_state,right_joint_1,right_joint_2,right_joint_3,right_joint_4,right_joint_5,right_joint_6,right_joint_7,-90.4573,-90.0759,90.0495,-89.926,-0.0582,-0.4935,0.0955,,
1780127642,808683749,right_base_state,right_joint_1,right_joint_2,right_joint_3,right_joint_4,right_joint_5,right_joint_6,right_joint_7,-90.4573,-90.0759,90.0495,-89.926,-0.0582,-0.4935,0.0955,,
1780127642,818695342,right_base_state,right_joint_1,right_joint_2,right_joint_3,right_joint_4,right_joint_5,right_joint_6,right_joint_7,-90.4573,-90.0759,90.0495,-89.926,-0.0582,-0.4935,0.0955,,
1780127642,828876315,right_base_state,right_joint_1,right_joint_2,right_joint_3,right_joint_4,right_joint_5,right_joint_6,right_joint_7,-90.4573,-90.0759,90.0495,-89.926,-0.0583,-0.4934,0.0955,,
1780127642,839034831,right_base_state,right_joint_1,right_joint_2,right_joint_3,right_joint_4,right_joint_5,right_joint_6,right_joint_7,-90.4573,-90.0759,90.0495,-89.926,-0.0582,-0.4935,0.0955,,
1780127642,850318335,right_base_state,right_joint_1,right_joint_2,right_joint_3,right_joint_4,right_joint_5,right_joint_6,right_joint_7,-90.4573,-90.0759,90.0495,-89.926,-0.0582,-0.4935,0.0955,,
1780127642,858797309,right_base_state,right_joint_1,right_joint_2,right_joint_3,right_joint_4,right_joint_5,right_joint_6,right_joint_7,-90.4573,-90.0759,90.0495,-89.926,-0.0582,-0.4935,0.0955,,
1780127642,868696311,right_base_state,right_joint_1,right_joint_2,right_joint_3,right_joint_4,right_joint_5,right_joint_6,right_joint_7,-90.4573,-90.0759,90.0495,-89.926,-0.0583,-0.4934,0.0955,,
1780127642,878870192,right_base_state,right_joint_1,right_joint_2,right_joint_3,right_joint_4,right_joint_5,right_joint_6,right_joint_7,-90.4573,-90.0759,90.0495,-89.926,-0.0583,-0.4935,0.0955,,
1780127642,888865490,right_base_state,right_joint_1,right_joint_2,right_joint_3,right_joint_4,right_joint_5,right_joint_6,right_joint_7,-90.4573,-90.0759,90.0495,-89.926,-0.0582,-0.4935,0.0955,,
1780127642,898877099,right_base_state,right_joint_1,right_joint_2,right_joint_3,right_joint_4,right_joint_5,right_joint_6,right_joint_7,-90.4573,-90.0759,90.0495,-89.926,-0.0582,-0.4935,0.0955,,
1780127642,908836033,right_base_state,right_joint_1,right_joint_2,right_joint_3,right_joint_4,right_joint_5,right_joint_6,right_joint_7,-90.4573,-90.0759,90.0495,-89.926,-0.0582,-0.4935,0.0955,,
1780127642,919160172,right_base_state,right_joint_1,right_joint_2,right_joint_3,right_joint_4,right_joint_5,right_joint_6,right_joint_7,-90.4573,-90.0759,90.0495,-89.926,-0.0582,-0.4934,0.0955,,
1780127642,928803739,right_base_state,right_joint_1,right_joint_2,right_joint_3,right_joint_4,right_joint_5,right_joint_6,right_joint_7,-90.4573,-90.0759,90.0495,-89.926,-0.0582,-0.4935,0.0955,,
1780127642,938818183,right_base_state,right_joint_1,right_joint_2,right_joint_3,right_joint_4,right_joint_5,right_joint_6,right_joint_7,-90.4573,-90.0759,90.0495,-89.926,-0.0583,-0.4935,0.0955,,
1780127642,948810449,right_base_state,right_joint_1,right_joint_2,right_joint_3,right_joint_4,right_joint_5,right_joint_6,right_joint_7,-90.4573,-90.0759,90.0495,-89.926,-0.0582,-0.4935,0.0955,,
1780127642,959681498,right_base_state,right_joint_1,right_joint_2,right_joint_3,right_joint_4,right_joint_5,right_joint_6,right_joint_7,-90.4573,-90.0759,90.0495,-89.926,-0.0582,-0.4935,0.0955,,
1780127642,968803891,right_base_state,right_joint_1,right_joint_2,right_joint_3,right_joint_4,right_joint_5,right_joint_6,right_joint_7,-90.4573,-90.0759,90.0495,-89.926,-0.0583,-0.4934,0.0955,,
1780127642,978863621,right_base_state,right_joint_1,right_joint_2,right_joint_3,right_joint_4,right_joint_5,right_joint_6,right_joint_7,-90.4573,-90.0759,90.0495,-89.926,-0.0582,-0.4935,0.0955,,
1780127642,988972576,right_base_state,right_joint_1,right_joint_2,right_joint_3,right_joint_4,right_joint_5,right_joint_6,right_joint_7,-90.4573,-90.0759,90.0495,-89.926,-0.0582,-0.4935,0.0955,,
1780127642,998918271,right_base_state,right_joint_1,right_joint_2,right_joint_3,right_joint_4,right_joint_5,right_joint_6,right_joint_7,-90.4573,-90.0759,90.0495,-89.926,-0.0583,-0.4934,0.0955,,
1780127643,8735399,right_base_state,right_joint_1,right_joint_2,right_joint_3,right_joint_4,right_joint_5,right_joint_6,right_joint_7,-90.4573,-90.0759,90.0495,-89.926,-0.0583,-0.4935,0.0955,,
1780127643,18777881,right_base_state,right_joint_1,right_joint_2,right_joint_3,right_joint_4,right_joint_5,right_joint_6,right_joint_7,-90.4573,-90.0759,90.0495,-89.926,-0.0582,-0.4935,0.0955,,
1780127643,28882266,right_base_state,right_joint_1,right_joint_2,right_joint_3,right_joint_4,right_joint_5,right_joint_6,right_joint_7,-90.4573,-90.0759,90.0495,-89.926,-0.0583,-0.4935,0.0955,,
1780127643,39102061,right_base_state,right_joint_1,right_joint_2,right_joint_3,right_joint_4,right_joint_5,right_joint_6,right_joint_7,-90.4573,-90.0759,90.0495,-89.926,-0.0583,-0.4935,0.0955,,
1780127643,48919897,right_base_state,right_joint_1,right_joint_2,right_joint_3,right_joint_4,right_joint_5,right_joint_6,right_joint_7,-90.4573,-90.0759,90.0495,-89.926,-0.0583,-0.4935,0.0955,,
1780127643,58719738,right_base_state,right_joint_1,right_joint_2,right_joint_3,right_joint_4,right_joint_5,right_joint_6,right_joint_7,-90.4573,-90.0759,90.0495,-89.926,-0.0583,-0.4935,0.0955,,
1780127643,68726488,right_base_state,right_joint_1,right_joint_2,right_joint_3,right_joint_4,right_joint_5,right_joint_6,right_joint_7,-90.4573,-90.0759,90.0495,-89.926,-0.0583,-0.4935,0.0955,,
1780127643,78931702,right_base_state,right_joint_1,right_joint_2,right_joint_3,right_joint_4,right_joint_5,right_joint_6,right_joint_7,-90.4573,-90.0759,90.0495,-89.926,-0.0582,-0.4935,0.0955,,
1780127643,89999205,right_base_state,right_joint_1,right_joint_2,right_joint_3,right_joint_4,right_joint_5,right_joint_6,right_joint_7,-90.4573,-90.0759,90.0495,-89.926,-0.0582,-0.4935,0.0955,,
1780127643,98844858,right_base_state,right_joint_1,right_joint_2,right_joint_3,right_joint_4,right_joint_5,right_joint_6,right_joint_7,-90.4573,-90.0759,90.0495,-89.926,-0.0582,-0.4935,0.0955,,
1780127643,109422194,right_base_state,right_joint_1,right_joint_2,right_joint_3,right_joint_4,right_joint_5,right_joint_6,right_joint_7,-90.4573,-90.0759,90.0495,-89.926,-0.0583,-0.4934,0.0955,,
1780127643,118724358,right_base_state,right_joint_1,right_joint_2,right_joint_3,right_joint_4,right_joint_5,right_joint_6,right_joint_7,-90.4573,-90.0759,90.0495,-89.926,-0.0582,-0.4935,0.0955,,
1780127643,128901912,right_base_state,right_joint_1,right_joint_2,right_joint_3,right_joint_4,right_joint_5,right_joint_6,right_joint_7,-90.4573,-90.0759,90.0495,-89.926,-0.0582,-0.4934,0.0955,,
1780127643,138814895,right_base_state,right_joint_1,right_joint_2,right_joint_3,right_joint_4,right_joint_5,right_joint_6,right_joint_7,-90.4573,-90.0759,90.0495,-89.926,-0.0582,-0.4935,0.0955,,
1780127643,149039667,right_base_state,right_joint_1,right_joint_2,right_joint_3,right_joint_4,right_joint_5,right_joint_6,right_joint_7,-90.4573,-90.0759,90.0495,-89.926,-0.0582,-0.4934,0.0955,,
1780127643,158692878,right_base_state,right_joint_1,right_joint_2,right_joint_3,right_joint_4,right_joint_5,right_joint_6,right_joint_7,-90.4573,-90.0759,90.0495,-89.926,-0.0582,-0.4935,0.0955,,
1780127643,168883851,right_base_state,right_joint_1,right_joint_2,right_joint_3,right_joint_4,right_joint_5,right_joint_6,right_joint_7,-90.4573,-90.0759,90.0495,-89.926,-0.0583,-0.4935,0.0955,,
1780127643,178786167,right_base_state,right_joint_1,right_joint_2,right_joint_3,right_joint_4,right_joint_5,right_joint_6,right_joint_7,-90.4573,-90.0759,90.0495,-89.926,-0.0583,-0.4935,0.0955,,
1780127643,188935977,right_base_state,right_joint_1,right_joint_2,right_joint_3,right_joint_4,right_joint_5,right_joint_6,right_joint_7,-90.4573,-90.0759,90.0495,-89.926,-0.0583,-0.4934,0.0955,,
1780127643,199430680,right_base_state,right_joint_1,right_joint_2,right_joint_3,right_joint_4,right_joint_5,right_joint_6,right_joint_7,-90.4573,-90.0759,90.0495,-89.926,-0.0583,-0.4935,0.0955,,
1780127643,208705386,right_base_state,right_joint_1,right_joint_2,right_joint_3,right_joint_4,right_joint_5,right_joint_6,right_joint_7,-90.4573,-90.0759,90.0495,-89.926,-0.0583,-0.4934,0.0955,,
1780127643,218725748,right_base_state,right_joint_1,right_joint_2,right_joint_3,right_joint_4,right_joint_5,right_joint_6,right_joint_7,-90.4573,-90.0759,90.0495,-89.926,-0.0583,-0.4935,0.0955,,
1780127643,228759134,right_base_state,right_joint_1,right_joint_2,right_joint_3,right_joint_4,right_joint_5,right_joint_6,right_joint_7,-90.4573,-90.0759,90.0495,-89.926,-0.0583,-0.4935,0.0955,,
1780127643,239030720,right_base_state,right_joint_1,right_joint_2,right_joint_3,right_joint_4,right_joint_5,right_joint_6,right_joint_7,-90.4573,-90.0759,90.0495,-89.926,-0.0583,-0.4935,0.0955,,
1780127643,249726974,right_base_state,right_joint_1,right_joint_2,right_joint_3,right_joint_4,right_joint_5,right_joint_6,right_joint_7,-90.4573,-90.0759,90.0495,-89.926,-0.0582,-0.4935,0.0955,,
1780127643,258711745,right_base_state,right_joint_1,right_joint_2,right_joint_3,right_joint_4,right_joint_5,right_joint_6,right_joint_7,-90.4573,-90.0759,90.0495,-89.926,-0.0583,-0.4935,0.0955,,
1780127643,270854752,right_base_state,right_joint_1,right_joint_2,right_joint_3,right_joint_4,right_joint_5,right_joint_6,right_joint_7,-90.4573,-90.0759,90.0495,-89.926,-0.0582,-0.4935,0.0955,,
1780127643,278764433,right_base_state,right_joint_1,right_joint_2,right_joint_3,right_joint_4,right_joint_5,right_joint_6,right_joint_7,-90.4573,-90.0759,90.0495,-89.926,-0.0582,-0.4935,0.0955,,
1780127643,288816389,right_base_state,right_joint_1,right_joint_2,right_joint_3,right_joint_4,right_joint_5,right_joint_6,right_joint_7,-90.4573,-90.0759,90.0495,-89.926,-0.0583,-0.4934,0.0955,,
1780127643,298793088,right_base_state,right_joint_1,right_joint_2,right_joint_3,right_joint_4,right_joint_5,right_joint_6,right_joint_7,-90.4573,-90.0759,90.0495,-89.926,-0.0582,-0.4934,0.0955,,
1780127643,308682622,right_base_state,right_joint_1,right_joint_2,right_joint_3,right_joint_4,right_joint_5,right_joint_6,right_joint_7,-90.4573,-90.0759,90.0495,-89.926,-0.0582,-0.4935,0.0955,,
1780127643,318695588,right_base_state,right_joint_1,right_joint_2,right_joint_3,right_joint_4,right_joint_5,right_joint_6,right_joint_7,-90.4573,-90.0759,90.0495,-89.926,-0.0582,-0.4934,0.0955,,
1780127643,328731809,right_base_state,right_joint_1,right_joint_2,right_joint_3,right_joint_4,right_joint_5,right_joint_6,right_joint_7,-90.4573,-90.0759,90.0495,-89.926,-0.0583,-0.4935,0.0955,,
1780127643,338834928,right_base_state,right_joint_1,right_joint_2,right_joint_3,right_joint_4,right_joint_5,right_joint_6,right_joint_7,-90.4573,-90.0759,90.0495,-89.926,-0.0582,-0.4935,0.0955,,
1780127643,348841065,right_base_state,right_joint_1,right_joint_2,right_joint_3,right_joint_4,right_joint_5,right_joint_6,right_joint_7,-90.4573,-90.0759,90.0495,-89.926,-0.0583,-0.4935,0.0955,,
1780127643,358975915,right_base_state,right_joint_1,right_joint_2,right_joint_3,right_joint_4,right_joint_5,right_joint_6,right_joint_7,-90.4573,-90.0759,90.0495,-89.926,-0.0583,-0.4935,0.0955,,
1780127643,368875153,right_base_state,right_joint_1,right_joint_2,right_joint_3,right_joint_4,right_joint_5,right_joint_6,right_joint_7,-90.4573,-90.0759,90.0495,-89.926,-0.0582,-0.4935,0.0955,,
1780127643,378839777,right_base_state,right_joint_1,right_joint_2,right_joint_3,right_joint_4,right_joint_5,right_joint_6,right_joint_7,-90.4573,-90.0759,90.0495,-89.926,-0.0582,-0.4935,0.0955,,
1780127643,388826211,right_base_state,right_joint_1,right_joint_2,right_joint_3,right_joint_4,right_joint_5,right_joint_6,right_joint_7,-90.4573,-90.0759,90.0495,-89.926,-0.0583,-0.4934,0.0955,,
1780127643,398970919,right_base_state,right_joint_1,right_joint_2,right_joint_3,right_joint_4,right_joint_5,right_joint_6,right_joint_7,-90.4573,-90.0759,90.0495,-89.926,-0.0582,-0.4934,0.0955,,
1780127643,408703059,right_base_state,right_joint_1,right_joint_2,right_joint_3,right_joint_4,right_joint_5,right_joint_6,right_joint_7,-90.4573,-90.0759,90.0495,-89.926,-0.0583,-0.4934,0.0955,,
1780127643,418776020,right_base_state,right_joint_1,right_joint_2,right_joint_3,right_joint_4,right_joint_5,right_joint_6,right_joint_7,-90.4573,-90.0759,90.0495,-89.926,-0.0583,-0.4934,0.0955,,
1780127643,428812023,right_base_state,right_joint_1,right_joint_2,right_joint_3,right_joint_4,right_joint_5,right_joint_6,right_joint_7,-90.4573,-90.0759,90.0495,-89.926,-0.0583,-0.4935,0.0955,,
1780127643,439030705,right_base_state,right_joint_1,right_joint_2,right_joint_3,right_joint_4,right_joint_5,right_joint_6,right_joint_7,-90.4573,-90.0759,90.0495,-89.926,-0.0582,-0.4935,0.0955,,
1780127643,448775281,right_base_state,right_joint_1,right_joint_2,right_joint_3,right_joint_4,right_joint_5,right_joint_6,right_joint_7,-90.4573,-90.0759,90.0495,-89.926,-0.0583,-0.4934,0.0955,,
1780127643,458680155,right_base_state,right_joint_1,right_joint_2,right_joint_3,right_joint_4,right_joint_5,right_joint_6,right_joint_7,-90.4573,-90.0759,90.0495,-89.926,-0.0583,-0.4935,0.0955,,
1780127643,469430562,right_base_state,right_joint_1,right_joint_2,right_joint_3,right_joint_4,right_joint_5,right_joint_6,right_joint_7,-90.4573,-90.0759,90.0495,-89.926,-0.0583,-0.4935,0.0955,,
1780127643,479021744,right_base_state,right_joint_1,right_joint_2,right_joint_3,right_joint_4,right_joint_5,right_joint_6,right_joint_7,-90.4573,-90.0759,90.0495,-89.926,-0.0583,-0.4934,0.0955,,
1780127643,488870707,right_base_state,right_joint_1,right_joint_2,right_joint_3,right_joint_4,right_joint_5,right_joint_6,right_joint_7,-90.4573,-90.0759,90.0495,-89.926,-0.0582,-0.4935,0.0955,,
1780127643,498978617,right_base_state,right_joint_1,right_joint_2,right_joint_3,right_joint_4,right_joint_5,right_joint_6,right_joint_7,-90.4573,-90.0759,90.0495,-89.926,-0.0582,-0.4935,0.0955,,
1780127643,508741662,right_base_state,right_joint_1,right_joint_2,right_joint_3,right_joint_4,right_joint_5,right_joint_6,right_joint_7,-90.4573,-90.0759,90.0495,-89.926,-0.0582,-0.4934,0.0955,,
1780127643,518738000,right_base_state,right_joint_1,right_joint_2,right_joint_3,right_joint_4,right_joint_5,right_joint_6,right_joint_7,-90.4573,-90.0759,90.0495,-89.926,-0.0582,-0.4935,0.0955,,
1780127643,528754531,right_base_state,right_joint_1,right_joint_2,right_joint_3,right_joint_4,right_joint_5,right_joint_6,right_joint_7,-90.4573,-90.0759,90.0495,-89.926,-0.0582,-0.4934,0.0955,,
1780127643,540293804,right_base_state,right_joint_1,right_joint_2,right_joint_3,right_joint_4,right_joint_5,right_joint_6,right_joint_7,-90.4573,-90.0759,90.0495,-89.926,-0.0582,-0.4934,0.0955,,
1780127643,548701715,right_base_state,right_joint_1,right_joint_2,right_joint_3,right_joint_4,right_joint_5,right_joint_6,right_joint_7,-90.4573,-90.0759,90.0495,-89.926,-0.0582,-0.4934,0.0955,,
1780127643,558700505,right_base_state,right_joint_1,right_joint_2,right_joint_3,right_joint_4,right_joint_5,right_joint_6,right_joint_7,-90.4573,-90.0759,90.0495,-89.926,-0.0583,-0.4934,0.0955,,
1780127643,569185359,right_base_state,right_joint_1,right_joint_2,right_joint_3,right_joint_4,right_joint_5,right_joint_6,right_joint_7,-90.4573,-90.0759,90.0495,-89.926,-0.0583,-0.4935,0.0955,,
1780127643,578762456,right_base_state,right_joint_1,right_joint_2,right_joint_3,right_joint_4,right_joint_5,right_joint_6,right_joint_7,-90.4573,-90.0759,90.0495,-89.926,-0.0583,-0.4934,0.0955,,
1780127643,589097203,right_base_state,right_joint_1,right_joint_2,right_joint_3,right_joint_4,right_joint_5,right_joint_6,right_joint_7,-90.4573,-90.0759,90.0495,-89.926,-0.0582,-0.4935,0.0955,,
1780127643,598924269,right_base_state,right_joint_1,right_joint_2,right_joint_3,right_joint_4,right_joint_5,right_joint_6,right_joint_7,-90.4573,-90.0759,90.0495,-89.926,-0.0583,-0.4934,0.0955,,
1780127643,608717967,right_base_state,right_joint_1,right_joint_2,right_joint_3,right_joint_4,right_joint_5,right_joint_6,right_joint_7,-90.4573,-90.0759,90.0495,-89.926,-0.0582,-0.4935,0.0955,,
1780127643,618786662,right_base_state,right_joint_1,right_joint_2,right_joint_3,right_joint_4,right_joint_5,right_joint_6,right_joint_7,-90.4573,-90.0759,90.0495,-89.926,-0.0583,-0.4934,0.0955,,
1780127643,628873598,right_base_state,right_joint_1,right_joint_2,right_joint_3,right_joint_4,right_joint_5,right_joint_6,right_joint_7,-90.4573,-90.0759,90.0495,-89.926,-0.0582,-0.4934,0.0955,,
1780127643,638758639,right_base_state,right_joint_1,right_joint_2,right_joint_3,right_joint_4,right_joint_5,right_joint_6,right_joint_7,-90.4573,-90.0759,90.0495,-89.926,-0.0582,-0.4934,0.0955,,
1780127643,648792097,right_base_state,right_joint_1,right_joint_2,right_joint_3,right_joint_4,right_joint_5,right_joint_6,right_joint_7,-90.4573,-90.0759,90.0495,-89.926,-0.0583,-0.4935,0.0955,,
1780127643,658704729,right_base_state,right_joint_1,right_joint_2,right_joint_3,right_joint_4,right_joint_5,right_joint_6,right_joint_7,-90.4573,-90.0759,90.0495,-89.926,-0.0583,-0.4935,0.0955,,
1780127643,668746893,right_base_state,right_joint_1,right_joint_2,right_joint_3,right_joint_4,right_joint_5,right_joint_6,right_joint_7,-90.4573,-90.0759,90.0495,-89.926,-0.0582,-0.4935,0.0955,,
1780127643,679195593,right_base_state,right_joint_1,right_joint_2,right_joint_3,right_joint_4,right_joint_5,right_joint_6,right_joint_7,-90.4573,-90.0759,90.0495,-89.926,-0.0582,-0.4935,0.0955,,
1780127643,688918878,right_base_state,right_joint_1,right_joint_2,right_joint_3,right_joint_4,right_joint_5,right_joint_6,right_joint_7,-90.4573,-90.0759,90.0495,-89.926,-0.0582,-0.4934,0.0955,,
1780127643,698833284,right_base_state,right_joint_1,right_joint_2,right_joint_3,right_joint_4,right_joint_5,right_joint_6,right_joint_7,-90.4573,-90.0759,90.0495,-89.926,-0.0582,-0.4935,0.0955,,
1780127643,708691387,right_base_state,right_joint_1,right_joint_2,right_joint_3,right_joint_4,right_joint_5,right_joint_6,right_joint_7,-90.4573,-90.0759,90.0495,-89.926,-0.0582,-0.4934,0.0955,,
1780127643,718768630,right_base_state,right_joint_1,right_joint_2,right_joint_3,right_joint_4,right_joint_5,right_joint_6,right_joint_7,-90.4573,-90.0759,90.0495,-89.926,-0.0583,-0.4935,0.0955,,
1780127643,728775570,right_base_state,right_joint_1,right_joint_2,right_joint_3,right_joint_4,right_joint_5,right_joint_6,right_joint_7,-90.4573,-90.0759,90.0495,-89.926,-0.0582,-0.4935,0.0955,,
1780127643,738786921,right_base_state,right_joint_1,right_joint_2,right_joint_3,right_joint_4,right_joint_5,right_joint_6,right_joint_7,-90.4573,-90.0759,90.0495,-89.926,-0.0582,-0.4935,0.0955,,
1780127643,748872018,right_base_state,right_joint_1,right_joint_2,right_joint_3,right_joint_4,right_joint_5,right_joint_6,right_joint_7,-90.4573,-90.0759,90.0495,-89.926,-0.0583,-0.4935,0.0955,,
1780127643,759010675,right_base_state,right_joint_1,right_joint_2,right_joint_3,right_joint_4,right_joint_5,right_joint_6,right_joint_7,-90.4573,-90.0759,90.0495,-89.926,-0.0582,-0.4935,0.0955,,
1780127643,768705580,right_base_state,right_joint_1,right_joint_2,right_joint_3,right_joint_4,right_joint_5,right_joint_6,right_joint_7,-90.4573,-90.0759,90.0495,-89.926,-0.0583,-0.4935,0.0955,,
1780127643,779467632,right_base_state,right_joint_1,right_joint_2,right_joint_3,right_joint_4,right_joint_5,right_joint_6,right_joint_7,-90.4573,-90.0759,90.0495,-89.926,-0.0582,-0.4935,0.0955,,
1780127643,788987099,right_base_state,right_joint_1,right_joint_2,right_joint_3,right_joint_4,right_joint_5,right_joint_6,right_joint_7,-90.4573,-90.0759,90.0495,-89.926,-0.0583,-0.4935,0.0955,,
1780127643,798915213,right_base_state,right_joint_1,right_joint_2,right_joint_3,right_joint_4,right_joint_5,right_joint_6,right_joint_7,-90.4573,-90.0759,90.0495,-89.926,-0.0582,-0.4934,0.0955,,
1780127643,808743375,right_base_state,right_joint_1,right_joint_2,right_joint_3,right_joint_4,right_joint_5,right_joint_6,right_joint_7,-90.4573,-90.0759,90.0495,-89.926,-0.0583,-0.4934,0.0955,,
1780127643,818932029,right_base_state,right_joint_1,right_joint_2,right_joint_3,right_joint_4,right_joint_5,right_joint_6,right_joint_7,-90.4573,-90.0759,90.0495,-89.926,-0.0583,-0.4935,0.0955,,
1780127643,829037963,right_base_state,right_joint_1,right_joint_2,right_joint_3,right_joint_4,right_joint_5,right_joint_6,right_joint_7,-90.4573,-90.0759,90.0495,-89.926,-0.0582,-0.4935,0.0955,,
1780127643,839025067,right_base_state,right_joint_1,right_joint_2,right_joint_3,right_joint_4,right_joint_5,right_joint_6,right_joint_7,-90.4573,-90.0759,90.0495,-89.926,-0.0582,-0.4935,0.0955,,
1780127643,848929389,right_base_state,right_joint_1,right_joint_2,right_joint_3,right_joint_4,right_joint_5,right_joint_6,right_joint_7,-90.4573,-90.0759,90.0495,-89.926,-0.0582,-0.4935,0.0955,,
1780127643,858747040,right_base_state,right_joint_1,right_joint_2,right_joint_3,right_joint_4,right_joint_5,right_joint_6,right_joint_7,-90.4573,-90.0759,90.0495,-89.926,-0.0583,-0.4935,0.0955,,
1780127643,868698412,right_base_state,right_joint_1,right_joint_2,right_joint_3,right_joint_4,right_joint_5,right_joint_6,right_joint_7,-90.4573,-90.0759,90.0495,-89.926,-0.0582,-0.4935,0.0955,,
1780127643,878753496,right_base_state,right_joint_1,right_joint_2,right_joint_3,right_joint_4,right_joint_5,right_joint_6,right_joint_7,-90.4573,-90.0759,90.0495,-89.926,-0.0582,-0.4935,0.0955,,
1780127643,889429105,right_base_state,right_joint_1,right_joint_2,right_joint_3,right_joint_4,right_joint_5,right_joint_6,right_joint_7,-90.4573,-90.0759,90.0495,-89.926,-0.0582,-0.4935,0.0955,,
1780127643,898879069,right_base_state,right_joint_1,right_joint_2,right_joint_3,right_joint_4,right_joint_5,right_joint_6,right_joint_7,-90.4573,-90.0759,90.0495,-89.926,-0.0582,-0.4935,0.0955,,
1780127643,908802060,right_base_state,right_joint_1,right_joint_2,right_joint_3,right_joint_4,right_joint_5,right_joint_6,right_joint_7,-90.4573,-90.0759,90.0495,-89.926,-0.0583,-0.4935,0.0955,,
1780127643,918854036,right_base_state,right_joint_1,right_joint_2,right_joint_3,right_joint_4,right_joint_5,right_joint_6,right_joint_7,-90.4573,-90.0759,90.0495,-89.926,-0.0582,-0.4935,0.0955,,
1780127643,928717932,right_base_state,right_joint_1,right_joint_2,right_joint_3,right_joint_4,right_joint_5,right_joint_6,right_joint_7,-90.4573,-90.0759,90.0495,-89.926,-0.0582,-0.4935,0.0955,,
1780127643,939684255,right_base_state,right_joint_1,right_joint_2,right_joint_3,right_joint_4,right_joint_5,right_joint_6,right_joint_7,-90.4573,-90.0759,90.0495,-89.926,-0.0583,-0.4935,0.0955,,
1780127643,948868576,right_base_state,right_joint_1,right_joint_2,right_joint_3,right_joint_4,right_joint_5,right_joint_6,right_joint_7,-90.4573,-90.0759,90.0495,-89.926,-0.0583,-0.4935,0.0955,,
1780127643,958694501,right_base_state,right_joint_1,right_joint_2,right_joint_3,right_joint_4,right_joint_5,right_joint_6,right_joint_7,-90.4573,-90.0759,90.0495,-89.926,-0.0583,-0.4935,0.0955,,
1780127643,968726149,right_base_state,right_joint_1,right_joint_2,right_joint_3,right_joint_4,right_joint_5,right_joint_6,right_joint_7,-90.4573,-90.0759,90.0495,-89.926,-0.0582,-0.4935,0.0955,,
1780127643,978820101,right_base_state,right_joint_1,right_joint_2,right_joint_3,right_joint_4,right_joint_5,right_joint_6,right_joint_7,-90.4573,-90.0759,90.0495,-89.926,-0.0582,-0.4935,0.0955,,
1780127643,988797432,right_base_state,right_joint_1,right_joint_2,right_joint_3,right_joint_4,right_joint_5,right_joint_6,right_joint_7,-90.4573,-90.0759,90.0495,-89.926,-0.0582,-0.4935,0.0955,,
1780127643,998704959,right_base_state,right_joint_1,right_joint_2,right_joint_3,right_joint_4,right_joint_5,right_joint_6,right_joint_7,-90.4573,-90.0759,90.0495,-89.926,-0.0582,-0.4935,0.0955,,
1780127644,8710046,right_base_state,right_joint_1,right_joint_2,right_joint_3,right_joint_4,right_joint_5,right_joint_6,right_joint_7,-90.4573,-90.0759,90.0495,-89.926,-0.0583,-0.4935,0.0955,,
1780127644,18700344,right_base_state,right_joint_1,right_joint_2,right_joint_3,right_joint_4,right_joint_5,right_joint_6,right_joint_7,-90.4573,-90.0759,90.0495,-89.926,-0.0582,-0.4935,0.0955,,
1780127644,28807009,right_base_state,right_joint_1,right_joint_2,right_joint_3,right_joint_4,right_joint_5,right_joint_6,right_joint_7,-90.4573,-90.0759,90.0495,-89.926,-0.0582,-0.4935,0.0955,,
1780127644,38752563,right_base_state,right_joint_1,right_joint_2,right_joint_3,right_joint_4,right_joint_5,right_joint_6,right_joint_7,-90.4573,-90.0759,90.0495,-89.926,-0.0582,-0.4935,0.0955,,
1780127644,48875083,right_base_state,right_joint_1,right_joint_2,right_joint_3,right_joint_4,right_joint_5,right_joint_6,right_joint_7,-90.4573,-90.0759,90.0495,-89.926,-0.0583,-0.4934,0.0955,,
1780127644,58700109,right_base_state,right_joint_1,right_joint_2,right_joint_3,right_joint_4,right_joint_5,right_joint_6,right_joint_7,-90.4573,-90.0759,90.0495,-89.926,-0.0582,-0.4935,0.0955,,
1780127644,68728553,right_base_state,right_joint_1,right_joint_2,right_joint_3,right_joint_4,right_joint_5,right_joint_6,right_joint_7,-90.4573,-90.0759,90.0495,-89.926,-0.0583,-0.4935,0.0955,,
1780127644,78722028,right_base_state,right_joint_1,right_joint_2,right_joint_3,right_joint_4,right_joint_5,right_joint_6,right_joint_7,-90.4573,-90.0759,90.0495,-89.926,-0.0582,-0.4935,0.0955,,
1780127644,88852642,right_base_state,right_joint_1,right_joint_2,right_joint_3,right_joint_4,right_joint_5,right_joint_6,right_joint_7,-90.4573,-90.0759,90.0495,-89.926,-0.0583,-0.4935,0.0955,,
1780127644,98937350,right_base_state,right_joint_1,right_joint_2,right_joint_3,right_joint_4,right_joint_5,right_joint_6,right_joint_7,-90.4573,-90.0759,90.0495,-89.926,-0.0583,-0.4934,0.0955,,
1780127644,108698546,right_base_state,right_joint_1,right_joint_2,right_joint_3,right_joint_4,right_joint_5,right_joint_6,right_joint_7,-90.4573,-90.0759,90.0495,-89.926,-0.0583,-0.4935,0.0955,,
1780127644,118742428,right_base_state,right_joint_1,right_joint_2,right_joint_3,right_joint_4,right_joint_5,right_joint_6,right_joint_7,-90.4573,-90.0759,90.0495,-89.926,-0.0582,-0.4935,0.0955,,
1780127644,128752182,right_base_state,right_joint_1,right_joint_2,right_joint_3,right_joint_4,right_joint_5,right_joint_6,right_joint_7,-90.4573,-90.0759,90.0495,-89.926,-0.0582,-0.4934,0.0955,,
1780127644,138789637,right_base_state,right_joint_1,right_joint_2,right_joint_3,right_joint_4,right_joint_5,right_joint_6,right_joint_7,-90.4573,-90.0759,90.0495,-89.926,-0.0582,-0.4935,0.0955,,
1780127644,148941814,right_base_state,right_joint_1,right_joint_2,right_joint_3,right_joint_4,right_joint_5,right_joint_6,right_joint_7,-90.4573,-90.0759,90.0495,-89.926,-0.0582,-0.4934,0.0955,,
1780127644,158853478,right_base_state,right_joint_1,right_joint_2,right_joint_3,right_joint_4,right_joint_5,right_joint_6,right_joint_7,-90.4573,-90.0759,90.0495,-89.926,-0.0583,-0.4935,0.0955,,
1780127644,168933684,right_base_state,right_joint_1,right_joint_2,right_joint_3,right_joint_4,right_joint_5,right_joint_6,right_joint_7,-90.4573,-90.0759,90.0495,-89.926,-0.0582,-0.4934,0.0955,,
1780127644,178739873,right_base_state,right_joint_1,right_joint_2,right_joint_3,right_joint_4,right_joint_5,right_joint_6,right_joint_7,-90.4573,-90.0759,90.0495,-89.926,-0.0583,-0.4935,0.0955,,
1780127644,188811607,right_base_state,right_joint_1,right_joint_2,right_joint_3,right_joint_4,right_joint_5,right_joint_6,right_joint_7,-90.4573,-90.0759,90.0495,-89.926,-0.0583,-0.4934,0.0955,,
1780127644,198835907,right_base_state,right_joint_1,right_joint_2,right_joint_3,right_joint_4,right_joint_5,right_joint_6,right_joint_7,-90.4573,-90.0759,90.0495,-89.926,-0.0582,-0.4934,0.0955,,
1780127644,208784280,right_base_state,right_joint_1,right_joint_2,right_joint_3,right_joint_4,right_joint_5,right_joint_6,right_joint_7,-90.4573,-90.0759,90.0495,-89.926,-0.0582,-0.4935,0.0955,,
1780127644,218899877,right_base_state,right_joint_1,right_joint_2,right_joint_3,right_joint_4,right_joint_5,right_joint_6,right_joint_7,-90.4573,-90.0759,90.0495,-89.926,-0.0583,-0.4935,0.0955,,
1780127644,228799004,right_base_state,right_joint_1,right_joint_2,right_joint_3,right_joint_4,right_joint_5,right_joint_6,right_joint_7,-90.4573,-90.0759,90.0495,-89.926,-0.0582,-0.4935,0.0955,,
1780127644,238811854,right_base_state,right_joint_1,right_joint_2,right_joint_3,right_joint_4,right_joint_5,right_joint_6,right_joint_7,-90.4573,-90.0759,90.0495,-89.926,-0.0582,-0.4934,0.0955,,
1780127644,248856468,right_base_state,right_joint_1,right_joint_2,right_joint_3,right_joint_4,right_joint_5,right_joint_6,right_joint_7,-90.4573,-90.0759,90.0495,-89.926,-0.0583,-0.4935,0.0955,,
1780127644,258693177,right_base_state,right_joint_1,right_joint_2,right_joint_3,right_joint_4,right_joint_5,right_joint_6,right_joint_7,-90.4573,-90.0759,90.0495,-89.926,-0.0582,-0.4935,0.0955,,
1780127644,268936921,right_base_state,right_joint_1,right_joint_2,right_joint_3,right_joint_4,right_joint_5,right_joint_6,right_joint_7,-90.4573,-90.0759,90.0495,-89.926,-0.0582,-0.4935,0.0955,,
1780127644,278853896,right_base_state,right_joint_1,right_joint_2,right_joint_3,right_joint_4,right_joint_5,right_joint_6,right_joint_7,-90.4573,-90.0759,90.0495,-89.926,-0.0583,-0.4934,0.0955,,
1780127644,288835975,right_base_state,right_joint_1,right_joint_2,right_joint_3,right_joint_4,right_joint_5,right_joint_6,right_joint_7,-90.4573,-90.0759,90.0495,-89.926,-0.0583,-0.4935,0.0955,,
1780127644,298849584,right_base_state,right_joint_1,right_joint_2,right_joint_3,right_joint_4,right_joint_5,right_joint_6,right_joint_7,-90.4573,-90.0759,90.0495,-89.926,-0.0583,-0.4935,0.0955,,
1780127644,308793758,right_base_state,right_joint_1,right_joint_2,right_joint_3,right_joint_4,right_joint_5,right_joint_6,right_joint_7,-90.4573,-90.0759,90.0495,-89.926,-0.0583,-0.4934,0.0955,,
1780127644,318833050,right_base_state,right_joint_1,right_joint_2,right_joint_3,right_joint_4,right_joint_5,right_joint_6,right_joint_7,-90.4573,-90.0759,90.0495,-89.926,-0.0582,-0.4935,0.0955,,
1780127644,328823034,right_base_state,right_joint_1,right_joint_2,right_joint_3,right_joint_4,right_joint_5,right_joint_6,right_joint_7,-90.4573,-90.0759,90.0495,-89.926,-0.0583,-0.4934,0.0955,,
1780127644,338908199,right_base_state,right_joint_1,right_joint_2,right_joint_3,right_joint_4,right_joint_5,right_joint_6,right_joint_7,-90.4573,-90.0759,90.0495,-89.926,-0.0583,-0.4935,0.0955,,
1780127644,348836674,right_base_state,right_joint_1,right_joint_2,right_joint_3,right_joint_4,right_joint_5,right_joint_6,right_joint_7,-90.4573,-90.0759,90.0495,-89.926,-0.0582,-0.4935,0.0955,,
1780127644,358681427,right_base_state,right_joint_1,right_joint_2,right_joint_3,right_joint_4,right_joint_5,right_joint_6,right_joint_7,-90.4573,-90.0759,90.0495,-89.926,-0.0582,-0.4935,0.0955,,
1780127644,368791296,right_base_state,right_joint_1,right_joint_2,right_joint_3,right_joint_4,right_joint_5,right_joint_6,right_joint_7,-90.4573,-90.0759,90.0495,-89.926,-0.0583,-0.4935,0.0955,,
1780127644,378798529,right_base_state,right_joint_1,right_joint_2,right_joint_3,right_joint_4,right_joint_5,right_joint_6,right_joint_7,-90.4573,-90.0759,90.0495,-89.926,-0.0583,-0.4934,0.0955,,
1780127644,388802324,right_base_state,right_joint_1,right_joint_2,right_joint_3,right_joint_4,right_joint_5,right_joint_6,right_joint_7,-90.4573,-90.0759,90.0495,-89.926,-0.0582,-0.4935,0.0955,,
1780127644,398815437,right_base_state,right_joint_1,right_joint_2,right_joint_3,right_joint_4,right_joint_5,right_joint_6,right_joint_7,-90.4573,-90.0759,90.0495,-89.926,-0.0583,-0.4935,0.0955,,
1780127644,409425549,right_base_state,right_joint_1,right_joint_2,right_joint_3,right_joint_4,right_joint_5,right_joint_6,right_joint_7,-90.4573,-90.0759,90.0495,-89.926,-0.0582,-0.4934,0.0955,,
1780127644,418728140,right_base_state,right_joint_1,right_joint_2,right_joint_3,right_joint_4,right_joint_5,right_joint_6,right_joint_7,-90.4573,-90.0759,90.0495,-89.926,-0.0582,-0.4934,0.0955,,
1780127644,428799747,right_base_state,right_joint_1,right_joint_2,right_joint_3,right_joint_4,right_joint_5,right_joint_6,right_joint_7,-90.4573,-90.0759,90.0495,-89.926,-0.0582,-0.4934,0.0955,,
1780127644,438860542,right_base_state,right_joint_1,right_joint_2,right_joint_3,right_joint_4,right_joint_5,right_joint_6,right_joint_7,-90.4573,-90.0759,90.0495,-89.926,-0.0582,-0.4934,0.0955,,
1780127644,448727685,right_base_state,right_joint_1,right_joint_2,right_joint_3,right_joint_4,right_joint_5,right_joint_6,right_joint_7,-90.4573,-90.0759,90.0495,-89.926,-0.0582,-0.4935,0.0955,,
1780127644,458684905,right_base_state,right_joint_1,right_joint_2,right_joint_3,right_joint_4,right_joint_5,right_joint_6,right_joint_7,-90.4573,-90.0759,90.0495,-89.926,-0.0582,-0.4935,0.0955,,
1780127644,469049692,right_base_state,right_joint_1,right_joint_2,right_joint_3,right_joint_4,right_joint_5,right_joint_6,right_joint_7,-90.4573,-90.0759,90.0495,-89.926,-0.0583,-0.4934,0.0955,,
1780127644,478709868,right_base_state,right_joint_1,right_joint_2,right_joint_3,right_joint_4,right_joint_5,right_joint_6,right_joint_7,-90.4573,-90.0759,90.0495,-89.926,-0.0582,-0.4935,0.0955,,
1780127644,488737018,right_base_state,right_joint_1,right_joint_2,right_joint_3,right_joint_4,right_joint_5,right_joint_6,right_joint_7,-90.4573,-90.0759,90.0495,-89.926,-0.0582,-0.4934,0.0955,,
1780127644,498728750,right_base_state,right_joint_1,right_joint_2,right_joint_3,right_joint_4,right_joint_5,right_joint_6,right_joint_7,-90.4573,-90.0759,90.0495,-89.926,-0.0583,-0.4934,0.0955,,
1780127644,508656355,right_base_state,right_joint_1,right_joint_2,right_joint_3,right_joint_4,right_joint_5,right_joint_6,right_joint_7,-90.4573,-90.0759,90.0495,-89.926,-0.0583,-0.4935,0.0955,,
1780127644,518768617,right_base_state,right_joint_1,right_joint_2,right_joint_3,right_joint_4,right_joint_5,right_joint_6,right_joint_7,-90.4573,-90.0759,90.0495,-89.926,-0.0582,-0.4935,0.0955,,
1780127644,528749863,right_base_state,right_joint_1,right_joint_2,right_joint_3,right_joint_4,right_joint_5,right_joint_6,right_joint_7,-90.4573,-90.0759,90.0495,-89.926,-0.0582,-0.4934,0.0955,,
1780127644,538706200,right_base_state,right_joint_1,right_joint_2,right_joint_3,right_joint_4,right_joint_5,right_joint_6,right_joint_7,-90.4573,-90.0759,90.0495,-89.926,-0.0582,-0.4935,0.0955,,
1780127644,548892157,right_base_state,right_joint_1,right_joint_2,right_joint_3,right_joint_4,right_joint_5,right_joint_6,right_joint_7,-90.4573,-90.0759,90.0495,-89.926,-0.0582,-0.4935,0.0955,,
1780127644,558762132,right_base_state,right_joint_1,right_joint_2,right_joint_3,right_joint_4,right_joint_5,right_joint_6,right_joint_7,-90.4573,-90.0759,90.0495,-89.926,-0.0582,-0.4934,0.0955,,
1780127644,569079109,right_base_state,right_joint_1,right_joint_2,right_joint_3,right_joint_4,right_joint_5,right_joint_6,right_joint_7,-90.4573,-90.0759,90.0495,-89.926,-0.0582,-0.4935,0.0955,,
1780127644,578740964,right_base_state,right_joint_1,right_joint_2,right_joint_3,right_joint_4,right_joint_5,right_joint_6,right_joint_7,-90.4573,-90.0759,90.0495,-89.926,-0.0583,-0.4935,0.0955,,
1780127644,588812586,right_base_state,right_joint_1,right_joint_2,right_joint_3,right_joint_4,right_joint_5,right_joint_6,right_joint_7,-90.4573,-90.0759,90.0495,-89.926,-0.0583,-0.4935,0.0955,,
1780127644,598865027,right_base_state,right_joint_1,right_joint_2,right_joint_3,right_joint_4,right_joint_5,right_joint_6,right_joint_7,-90.4573,-90.0759,90.0495,-89.926,-0.0583,-0.4935,0.0955,,
1780127644,608689077,right_base_state,right_joint_1,right_joint_2,right_joint_3,right_joint_4,right_joint_5,right_joint_6,right_joint_7,-90.4573,-90.0759,90.0495,-89.926,-0.0582,-0.4935,0.0955,,
1780127644,618768739,right_base_state,right_joint_1,right_joint_2,right_joint_3,right_joint_4,right_joint_5,right_joint_6,right_joint_7,-90.4573,-90.0759,90.0495,-89.926,-0.0582,-0.4934,0.0955,,
1780127644,628792169,right_base_state,right_joint_1,right_joint_2,right_joint_3,right_joint_4,right_joint_5,right_joint_6,right_joint_7,-90.4573,-90.0759,90.0495,-89.926,-0.0583,-0.4935,0.0955,,
1780127644,638805314,right_base_state,right_joint_1,right_joint_2,right_joint_3,right_joint_4,right_joint_5,right_joint_6,right_joint_7,-90.4573,-90.0759,90.0495,-89.926,-0.0583,-0.4935,0.0955,,
1780127644,648821910,right_base_state,right_joint_1,right_joint_2,right_joint_3,right_joint_4,right_joint_5,right_joint_6,right_joint_7,-90.4573,-90.0759,90.0495,-89.926,-0.0583,-0.4934,0.0955,,
1780127644,658725034,right_base_state,right_joint_1,right_joint_2,right_joint_3,right_joint_4,right_joint_5,right_joint_6,right_joint_7,-90.4573,-90.0759,90.0495,-89.926,-0.0582,-0.4934,0.0955,,
1780127644,669025507,right_base_state,right_joint_1,right_joint_2,right_joint_3,right_joint_4,right_joint_5,right_joint_6,right_joint_7,-90.4573,-90.0759,90.0495,-89.926,-0.0583,-0.4935,0.0955,,
1780127644,678837056,right_base_state,right_joint_1,right_joint_2,right_joint_3,right_joint_4,right_joint_5,right_joint_6,right_joint_7,-90.4573,-90.0759,90.0495,-89.926,-0.0583,-0.4935,0.0955,,
1780127644,688816785,right_base_state,right_joint_1,right_joint_2,right_joint_3,right_joint_4,right_joint_5,right_joint_6,right_joint_7,-90.4573,-90.0759,90.0495,-89.926,-0.0582,-0.4935,0.0955,,
1780127644,698769734,right_base_state,right_joint_1,right_joint_2,right_joint_3,right_joint_4,right_joint_5,right_joint_6,right_joint_7,-90.4573,-90.0759,90.0495,-89.926,-0.0582,-0.4935,0.0955,,
1780127644,708831074,right_base_state,right_joint_1,right_joint_2,right_joint_3,right_joint_4,right_joint_5,right_joint_6,right_joint_7,-90.4573,-90.0759,90.0495,-89.926,-0.0582,-0.4935,0.0955,,
1780127644,719041959,right_base_state,right_joint_1,right_joint_2,right_joint_3,right_joint_4,right_joint_5,right_joint_6,right_joint_7,-90.4573,-90.0759,90.0495,-89.926,-0.0582,-0.4935,0.0955,,
1780127644,728871145,right_base_state,right_joint_1,right_joint_2,right_joint_3,right_joint_4,right_joint_5,right_joint_6,right_joint_7,-90.4573,-90.0759,90.0495,-89.926,-0.0582,-0.4934,0.0955,,
1780127644,739035043,right_base_state,right_joint_1,right_joint_2,right_joint_3,right_joint_4,right_joint_5,right_joint_6,right_joint_7,-90.4573,-90.0759,90.0495,-89.926,-0.0582,-0.4935,0.0955,,
1780127644,748877069,right_base_state,right_joint_1,right_joint_2,right_joint_3,right_joint_4,right_joint_5,right_joint_6,right_joint_7,-90.4573,-90.0759,90.0495,-89.926,-0.0583,-0.4935,0.0955,,
1780127644,758917053,right_base_state,right_joint_1,right_joint_2,right_joint_3,right_joint_4,right_joint_5,right_joint_6,right_joint_7,-90.4573,-90.0759,90.0495,-89.926,-0.0583,-0.4935,0.0955,,
1780127644,768810741,right_base_state,right_joint_1,right_joint_2,right_joint_3,right_joint_4,right_joint_5,right_joint_6,right_joint_7,-90.4573,-90.0759,90.0495,-89.926,-0.0582,-0.4934,0.0955,,
1780127644,778762191,right_base_state,right_joint_1,right_joint_2,right_joint_3,right_joint_4,right_joint_5,right_joint_6,right_joint_7,-90.4573,-90.0759,90.0495,-89.926,-0.0582,-0.4935,0.0955,,
1780127644,790641467,right_base_state,right_joint_1,right_joint_2,right_joint_3,right_joint_4,right_joint_5,right_joint_6,right_joint_7,-90.4573,-90.0759,90.0495,-89.926,-0.0583,-0.4934,0.0955,,
1780127644,798780826,right_base_state,right_joint_1,right_joint_2,right_joint_3,right_joint_4,right_joint_5,right_joint_6,right_joint_7,-90.4573,-90.0759,90.0495,-89.926,-0.0582,-0.4935,0.0955,,
1780127644,808905244,right_base_state,right_joint_1,right_joint_2,right_joint_3,right_joint_4,right_joint_5,right_joint_6,right_joint_7,-90.4573,-90.0759,90.0495,-89.926,-0.0583,-0.4935,0.0955,,
1780127644,818709748,right_base_state,right_joint_1,right_joint_2,right_joint_3,right_joint_4,right_joint_5,right_joint_6,right_joint_7,-90.4573,-90.0759,90.0495,-89.926,-0.0582,-0.4934,0.0955,,
1780127644,828844112,right_base_state,right_joint_1,right_joint_2,right_joint_3,right_joint_4,right_joint_5,right_joint_6,right_joint_7,-90.4573,-90.0759,90.0495,-89.926,-0.0582,-0.4934,0.0955,,
1780127644,839703512,right_base_state,right_joint_1,right_joint_2,right_joint_3,right_joint_4,right_joint_5,right_joint_6,right_joint_7,-90.4573,-90.0759,90.0495,-89.926,-0.0583,-0.4935,0.0955,,
1780127644,848768476,right_base_state,right_joint_1,right_joint_2,right_joint_3,right_joint_4,right_joint_5,right_joint_6,right_joint_7,-90.4573,-90.0759,90.0495,-89.926,-0.0583,-0.4934,0.0955,,
1780127644,858610012,right_base_state,right_joint_1,right_joint_2,right_joint_3,right_joint_4,right_joint_5,right_joint_6,right_joint_7,-90.4573,-90.0759,90.0495,-89.926,-0.0582,-0.4934,0.0955,,
1780127644,868784420,right_base_state,right_joint_1,right_joint_2,right_joint_3,right_joint_4,right_joint_5,right_joint_6,right_joint_7,-90.4573,-90.0759,90.0495,-89.926,-0.0583,-0.4935,0.0955,,
1780127644,878805442,right_base_state,right_joint_1,right_joint_2,right_joint_3,right_joint_4,right_joint_5,right_joint_6,right_joint_7,-90.4573,-90.0759,90.0495,-89.926,-0.0583,-0.4934,0.0955,,
1780127644,888826545,right_base_state,right_joint_1,right_joint_2,right_joint_3,right_joint_4,right_joint_5,right_joint_6,right_joint_7,-90.4573,-90.0759,90.0495,-89.926,-0.0582,-0.4935,0.0955,,
1780127644,898762818,right_base_state,right_joint_1,right_joint_2,right_joint_3,right_joint_4,right_joint_5,right_joint_6,right_joint_7,-90.4573,-90.0759,90.0495,-89.926,-0.0582,-0.4935,0.0955,,
1780127644,908699036,right_base_state,right_joint_1,right_joint_2,right_joint_3,right_joint_4,right_joint_5,right_joint_6,right_joint_7,-90.4573,-90.0759,90.0495,-89.926,-0.0583,-0.4935,0.0955,,
1780127644,918783114,right_base_state,right_joint_1,right_joint_2,right_joint_3,right_joint_4,right_joint_5,right_joint_6,right_joint_7,-90.4573,-90.0759,90.0495,-89.926,-0.0583,-0.4935,0.0955,,
1780127644,928760267,right_base_state,right_joint_1,right_joint_2,right_joint_3,right_joint_4,right_joint_5,right_joint_6,right_joint_7,-90.4573,-90.0759,90.0495,-89.926,-0.0582,-0.4935,0.0955,,
1780127644,938823767,right_base_state,right_joint_1,right_joint_2,right_joint_3,right_joint_4,right_joint_5,right_joint_6,right_joint_7,-90.4573,-90.0759,90.0495,-89.926,-0.0583,-0.4935,0.0955,,
1780127644,948888597,right_base_state,right_joint_1,right_joint_2,right_joint_3,right_joint_4,right_joint_5,right_joint_6,right_joint_7,-90.4573,-90.0759,90.0495,-89.926,-0.0582,-0.4934,0.0955,,
1780127644,960858791,right_base_state,right_joint_1,right_joint_2,right_joint_3,right_joint_4,right_joint_5,right_joint_6,right_joint_7,-90.4573,-90.0759,90.0495,-89.926,-0.0582,-0.4935,0.0955,,
1780127644,968733074,right_base_state,right_joint_1,right_joint_2,right_joint_3,right_joint_4,right_joint_5,right_joint_6,right_joint_7,-90.4573,-90.0759,90.0495,-89.926,-0.0582,-0.4935,0.0955,,
1780127644,978913417,right_base_state,right_joint_1,right_joint_2,right_joint_3,right_joint_4,right_joint_5,right_joint_6,right_joint_7,-90.4573,-90.0759,90.0495,-89.926,-0.0582,-0.4935,0.0955,,
1780127644,988891590,right_base_state,right_joint_1,right_joint_2,right_joint_3,right_joint_4,right_joint_5,right_joint_6,right_joint_7,-90.4573,-90.0759,90.0495,-89.926,-0.0582,-0.4934,0.0955,,
1780127644,998804977,right_base_state,right_joint_1,right_joint_2,right_joint_3,right_joint_4,right_joint_5,right_joint_6,right_joint_7,-90.4573,-90.0759,90.0495,-89.926,-0.0582,-0.4935,0.0955,,
1780127645,8721266,right_base_state,right_joint_1,right_joint_2,right_joint_3,right_joint_4,right_joint_5,right_joint_6,right_joint_7,-90.4573,-90.0759,90.0495,-89.926,-0.0583,-0.4935,0.0955,,
1780127645,18721960,right_base_state,right_joint_1,right_joint_2,right_joint_3,right_joint_4,right_joint_5,right_joint_6,right_joint_7,-90.4573,-90.0759,90.0495,-89.926,-0.0582,-0.4935,0.0955,,
1780127645,28844088,right_base_state,right_joint_1,right_joint_2,right_joint_3,right_joint_4,right_joint_5,right_joint_6,right_joint_7,-90.4573,-90.0759,90.0495,-89.926,-0.0583,-0.4935,0.0955,,
1780127645,39094129,right_base_state,right_joint_1,right_joint_2,right_joint_3,right_joint_4,right_joint_5,right_joint_6,right_joint_7,-90.4573,-90.0759,90.0495,-89.926,-0.0582,-0.4935,0.0955,,
1780127645,48870405,right_base_state,right_joint_1,right_joint_2,right_joint_3,right_joint_4,right_joint_5,right_joint_6,right_joint_7,-90.4573,-90.0759,90.0495,-89.926,-0.0582,-0.4935,0.0955,,
1780127645,58882664,right_base_state,right_joint_1,right_joint_2,right_joint_3,right_joint_4,right_joint_5,right_joint_6,right_joint_7,-90.4573,-90.0759,90.0495,-89.926,-0.0582,-0.4935,0.0955,,
1780127645,69906473,right_base_state,right_joint_1,right_joint_2,right_joint_3,right_joint_4,right_joint_5,right_joint_6,right_joint_7,-90.4573,-90.0759,90.0495,-89.926,-0.0582,-0.4935,0.0955,,
1780127645,78765443,right_base_state,right_joint_1,right_joint_2,right_joint_3,right_joint_4,right_joint_5,right_joint_6,right_joint_7,-90.4573,-90.0759,90.0495,-89.926,-0.0583,-0.4935,0.0955,,
1780127645,88800970,right_base_state,right_joint_1,right_joint_2,right_joint_3,right_joint_4,right_joint_5,right_joint_6,right_joint_7,-90.4573,-90.0759,90.0495,-89.926,-0.0582,-0.4935,0.0955,,
1780127645,98856783,right_base_state,right_joint_1,right_joint_2,right_joint_3,right_joint_4,right_joint_5,right_joint_6,right_joint_7,-90.4573,-90.0759,90.0495,-89.926,-0.0583,-0.4935,0.0955,,
1780127645,108675188,right_base_state,right_joint_1,right_joint_2,right_joint_3,right_joint_4,right_joint_5,right_joint_6,right_joint_7,-90.4573,-90.0759,90.0495,-89.926,-0.0582,-0.4935,0.0955,,
1780127645,118731379,right_base_state,right_joint_1,right_joint_2,right_joint_3,right_joint_4,right_joint_5,right_joint_6,right_joint_7,-90.4573,-90.0759,90.0495,-89.926,-0.0583,-0.4935,0.0955,,
1780127645,128722172,right_base_state,right_joint_1,right_joint_2,right_joint_3,right_joint_4,right_joint_5,right_joint_6,right_joint_7,-90.4573,-90.0759,90.0495,-89.926,-0.0582,-0.4935,0.0955,,
1780127645,138899716,right_base_state,right_joint_1,right_joint_2,right_joint_3,right_joint_4,right_joint_5,right_joint_6,right_joint_7,-90.4573,-90.0759,90.0495,-89.926,-0.0582,-0.4935,0.0955,,
1780127645,148824450,right_base_state,right_joint_1,right_joint_2,right_joint_3,right_joint_4,right_joint_5,right_joint_6,right_joint_7,-90.4573,-90.0759,90.0495,-89.926,-0.0582,-0.4934,0.0955,,
1780127645,158722861,right_base_state,right_joint_1,right_joint_2,right_joint_3,right_joint_4,right_joint_5,right_joint_6,right_joint_7,-90.4573,-90.0759,90.0495,-89.926,-0.0582,-0.4935,0.0955,,
1780127645,168757725,right_base_state,right_joint_1,right_joint_2,right_joint_3,right_joint_4,right_joint_5,right_joint_6,right_joint_7,-90.4573,-90.0759,90.0495,-89.926,-0.0583,-0.4934,0.0955,,
1780127645,178795993,right_base_state,right_joint_1,right_joint_2,right_joint_3,right_joint_4,right_joint_5,right_joint_6,right_joint_7,-90.4573,-90.0759,90.0495,-89.926,-0.0582,-0.4935,0.0955,,
1780127645,188966064,right_base_state,right_joint_1,right_joint_2,right_joint_3,right_joint_4,right_joint_5,right_joint_6,right_joint_7,-90.4573,-90.0759,90.0495,-89.926,-0.0583,-0.4934,0.0955,,
1780127645,198931261,right_base_state,right_joint_1,right_joint_2,right_joint_3,right_joint_4,right_joint_5,right_joint_6,right_joint_7,-90.4573,-90.0759,90.0495,-89.926,-0.0582,-0.4935,0.0955,,
1780127645,208714399,right_base_state,right_joint_1,right_joint_2,right_joint_3,right_joint_4,right_joint_5,right_joint_6,right_joint_7,-90.4573,-90.0759,90.0495,-89.926,-0.0583,-0.4935,0.0955,,
1780127645,218696169,right_base_state,right_joint_1,right_joint_2,right_joint_3,right_joint_4,right_joint_5,right_joint_6,right_joint_7,-90.4573,-90.0759,90.0495,-89.926,-0.0583,-0.4935,0.0955,,
1780127645,228743251,right_base_state,right_joint_1,right_joint_2,right_joint_3,right_joint_4,right_joint_5,right_joint_6,right_joint_7,-90.4573,-90.0759,90.0495,-89.926,-0.0583,-0.4935,0.0955,,
1780127645,238809118,right_base_state,right_joint_1,right_joint_2,right_joint_3,right_joint_4,right_joint_5,right_joint_6,right_joint_7,-90.4573,-90.0759,90.0495,-89.926,-0.0582,-0.4935,0.0955,,
1780127645,249304567,right_base_state,right_joint_1,right_joint_2,right_joint_3,right_joint_4,right_joint_5,right_joint_6,right_joint_7,-90.4573,-90.0759,90.0495,-89.926,-0.0583,-0.4935,0.0955,,
1780127645,258683838,right_base_state,right_joint_1,right_joint_2,right_joint_3,right_joint_4,right_joint_5,right_joint_6,right_joint_7,-90.4573,-90.0759,90.0495,-89.926,-0.0582,-0.4935,0.0955,,
1780127645,268708764,right_base_state,right_joint_1,right_joint_2,right_joint_3,right_joint_4,right_joint_5,right_joint_6,right_joint_7,-90.4573,-90.0759,90.0495,-89.926,-0.0582,-0.4934,0.0955,,
1780127645,279577907,right_base_state,right_joint_1,right_joint_2,right_joint_3,right_joint_4,right_joint_5,right_joint_6,right_joint_7,-90.4573,-90.0759,90.0495,-89.926,-0.0582,-0.4934,0.0955,,
1780127645,288797617,right_base_state,right_joint_1,right_joint_2,right_joint_3,right_joint_4,right_joint_5,right_joint_6,right_joint_7,-90.4573,-90.0759,90.0495,-89.926,-0.0583,-0.4935,0.0955,,
1780127645,298865431,right_base_state,right_joint_1,right_joint_2,right_joint_3,right_joint_4,right_joint_5,right_joint_6,right_joint_7,-90.4573,-90.0759,90.0495,-89.926,-0.0582,-0.4935,0.0955,,
1780127645,308896395,right_base_state,right_joint_1,right_joint_2,right_joint_3,right_joint_4,right_joint_5,right_joint_6,right_joint_7,-90.4573,-90.0759,90.0495,-89.926,-0.0583,-0.4935,0.0955,,
1780127645,318721973,right_base_state,right_joint_1,right_joint_2,right_joint_3,right_joint_4,right_joint_5,right_joint_6,right_joint_7,-90.4573,-90.0759,90.0495,-89.926,-0.0582,-0.4935,0.0955,,
1780127645,328745397,right_base_state,right_joint_1,right_joint_2,right_joint_3,right_joint_4,right_joint_5,right_joint_6,right_joint_7,-90.4573,-90.0759,90.0495,-89.926,-0.0583,-0.4935,0.0955,,
1780127645,338998525,right_base_state,right_joint_1,right_joint_2,right_joint_3,right_joint_4,right_joint_5,right_joint_6,right_joint_7,-90.4573,-90.0759,90.0495,-89.926,-0.0583,-0.4934,0.0955,,
1780127645,349068356,right_base_state,right_joint_1,right_joint_2,right_joint_3,right_joint_4,right_joint_5,right_joint_6,right_joint_7,-90.4573,-90.0759,90.0495,-89.926,-0.0582,-0.4935,0.0955,,
1780127645,358795555,right_base_state,right_joint_1,right_joint_2,right_joint_3,right_joint_4,right_joint_5,right_joint_6,right_joint_7,-90.4573,-90.0759,90.0495,-89.926,-0.0583,-0.4935,0.0955,,
1780127645,368868817,right_base_state,right_joint_1,right_joint_2,right_joint_3,right_joint_4,right_joint_5,right_joint_6,right_joint_7,-90.4573,-90.0759,90.0495,-89.926,-0.0583,-0.4934,0.0955,,
1780127645,378800065,right_base_state,right_joint_1,right_joint_2,right_joint_3,right_joint_4,right_joint_5,right_joint_6,right_joint_7,-90.4573,-90.0759,90.0495,-89.926,-0.0583,-0.4935,0.0955,,
1780127645,388933890,right_base_state,right_joint_1,right_joint_2,right_joint_3,right_joint_4,right_joint_5,right_joint_6,right_joint_7,-90.4573,-90.0759,90.0495,-89.926,-0.0582,-0.4935,0.0955,,
1780127645,398749901,right_base_state,right_joint_1,right_joint_2,right_joint_3,right_joint_4,right_joint_5,right_joint_6,right_joint_7,-90.4573,-90.0759,90.0495,-89.926,-0.0583,-0.4935,0.0955,,
1780127645,409788088,right_base_state,right_joint_1,right_joint_2,right_joint_3,right_joint_4,right_joint_5,right_joint_6,right_joint_7,-90.4573,-90.0759,90.0495,-89.926,-0.0583,-0.4935,0.0955,,
1780127645,418800450,right_base_state,right_joint_1,right_joint_2,right_joint_3,right_joint_4,right_joint_5,right_joint_6,right_joint_7,-90.4573,-90.0759,90.0495,-89.926,-0.0582,-0.4934,0.0955,,
1780127645,428844039,right_base_state,right_joint_1,right_joint_2,right_joint_3,right_joint_4,right_joint_5,right_joint_6,right_joint_7,-90.4573,-90.0759,90.0495,-89.926,-0.0582,-0.4935,0.0955,,
1780127645,438885477,right_base_state,right_joint_1,right_joint_2,right_joint_3,right_joint_4,right_joint_5,right_joint_6,right_joint_7,-90.4573,-90.0759,90.0495,-89.926,-0.0582,-0.4935,0.0955,,
1780127645,448829053,right_base_state,right_joint_1,right_joint_2,right_joint_3,right_joint_4,right_joint_5,right_joint_6,right_joint_7,-90.4573,-90.0759,90.0495,-89.926,-0.0583,-0.4934,0.0955,,
1780127645,460938333,right_base_state,right_joint_1,right_joint_2,right_joint_3,right_joint_4,right_joint_5,right_joint_6,right_joint_7,-90.4573,-90.0759,90.0495,-89.926,-0.0583,-0.4935,0.0955,,
1780127645,468734578,right_base_state,right_joint_1,right_joint_2,right_joint_3,right_joint_4,right_joint_5,right_joint_6,right_joint_7,-90.4573,-90.0759,90.0495,-89.926,-0.0582,-0.4935,0.0955,,
1780127645,478735696,right_base_state,right_joint_1,right_joint_2,right_joint_3,right_joint_4,right_joint_5,right_joint_6,right_joint_7,-90.4573,-90.0759,90.0495,-89.926,-0.0582,-0.4934,0.0955,,
1780127645,488881013,right_base_state,right_joint_1,right_joint_2,right_joint_3,right_joint_4,right_joint_5,right_joint_6,right_joint_7,-90.4573,-90.0759,90.0495,-89.926,-0.0582,-0.4935,0.0955,,
1780127645,498880859,right_base_state,right_joint_1,right_joint_2,right_joint_3,right_joint_4,right_joint_5,right_joint_6,right_joint_7,-90.4573,-90.0759,90.0495,-89.926,-0.0582,-0.4935,0.0955,,
1780127645,508853379,right_base_state,right_joint_1,right_joint_2,right_joint_3,right_joint_4,right_joint_5,right_joint_6,right_joint_7,-90.4573,-90.0759,90.0495,-89.926,-0.0582,-0.4934,0.0955,,
1780127645,518779711,right_base_state,right_joint_1,right_joint_2,right_joint_3,right_joint_4,right_joint_5,right_joint_6,right_joint_7,-90.4573,-90.0759,90.0495,-89.926,-0.0583,-0.4935,0.0955,,
1780127645,528742186,right_base_state,right_joint_1,right_joint_2,right_joint_3,right_joint_4,right_joint_5,right_joint_6,right_joint_7,-90.4573,-90.0759,90.0495,-89.926,-0.0583,-0.4935,0.0955,,
1780127645,538962681,right_base_state,right_joint_1,right_joint_2,right_joint_3,right_joint_4,right_joint_5,right_joint_6,right_joint_7,-90.4573,-90.0759,90.0495,-89.926,-0.0582,-0.4935,0.0955,,
1780127645,548938548,right_base_state,right_joint_1,right_joint_2,right_joint_3,right_joint_4,right_joint_5,right_joint_6,right_joint_7,-90.4573,-90.0759,90.0495,-89.926,-0.0583,-0.4935,0.0955,,
1780127645,558704369,right_base_state,right_joint_1,right_joint_2,right_joint_3,right_joint_4,right_joint_5,right_joint_6,right_joint_7,-90.4573,-90.0759,90.0495,-89.926,-0.0583,-0.4935,0.0955,,
1780127645,568921433,right_base_state,right_joint_1,right_joint_2,right_joint_3,right_joint_4,right_joint_5,right_joint_6,right_joint_7,-90.4573,-90.0759,90.0495,-89.926,-0.0582,-0.4935,0.0955,,
1780127645,578972853,right_base_state,right_joint_1,right_joint_2,right_joint_3,right_joint_4,right_joint_5,right_joint_6,right_joint_7,-90.4573,-90.0759,90.0495,-89.926,-0.0582,-0.4935,0.0955,,
1780127645,589025046,right_base_state,right_joint_1,right_joint_2,right_joint_3,right_joint_4,right_joint_5,right_joint_6,right_joint_7,-90.4573,-90.0759,90.0495,-89.926,-0.0583,-0.4935,0.0955,,
1780127645,599001380,right_base_state,right_joint_1,right_joint_2,right_joint_3,right_joint_4,right_joint_5,right_joint_6,right_joint_7,-90.4573,-90.0759,90.0495,-89.926,-0.0583,-0.4935,0.0955,,
1780127645,608682048,right_base_state,right_joint_1,right_joint_2,right_joint_3,right_joint_4,right_joint_5,right_joint_6,right_joint_7,-90.4573,-90.0759,90.0495,-89.926,-0.0582,-0.4935,0.0955,,
1780127645,618718113,right_base_state,right_joint_1,right_joint_2,right_joint_3,right_joint_4,right_joint_5,right_joint_6,right_joint_7,-90.4573,-90.0759,90.0495,-89.926,-0.0583,-0.4935,0.0955,,
1780127645,628762504,right_base_state,right_joint_1,right_joint_2,right_joint_3,right_joint_4,right_joint_5,right_joint_6,right_joint_7,-90.4573,-90.0759,90.0495,-89.926,-0.0583,-0.4935,0.0955,,
1780127645,638897820,right_base_state,right_joint_1,right_joint_2,right_joint_3,right_joint_4,right_joint_5,right_joint_6,right_joint_7,-90.4573,-90.0759,90.0495,-89.926,-0.0582,-0.4935,0.0955,,
1780127645,648796845,right_base_state,right_joint_1,right_joint_2,right_joint_3,right_joint_4,right_joint_5,right_joint_6,right_joint_7,-90.4573,-90.0759,90.0495,-89.926,-0.0582,-0.4935,0.0955,,
1780127645,658702934,right_base_state,right_joint_1,right_joint_2,right_joint_3,right_joint_4,right_joint_5,right_joint_6,right_joint_7,-90.4573,-90.0759,90.0495,-89.926,-0.0583,-0.4935,0.0955,,
1780127645,668707640,right_base_state,right_joint_1,right_joint_2,right_joint_3,right_joint_4,right_joint_5,right_joint_6,right_joint_7,-90.4573,-90.0759,90.0495,-89.926,-0.0582,-0.4934,0.0955,,
1780127645,678767305,right_base_state,right_joint_1,right_joint_2,right_joint_3,right_joint_4,right_joint_5,right_joint_6,right_joint_7,-90.4573,-90.0759,90.0495,-89.926,-0.0582,-0.4935,0.0955,,
1780127645,688887723,right_base_state,right_joint_1,right_joint_2,right_joint_3,right_joint_4,right_joint_5,right_joint_6,right_joint_7,-90.4573,-90.0759,90.0495,-89.926,-0.0582,-0.4935,0.0955,,
1780127645,698821809,right_base_state,right_joint_1,right_joint_2,right_joint_3,right_joint_4,right_joint_5,right_joint_6,right_joint_7,-90.4573,-90.0759,90.0495,-89.926,-0.0583,-0.4935,0.0955,,
1780127645,708687170,right_base_state,right_joint_1,right_joint_2,right_joint_3,right_joint_4,right_joint_5,right_joint_6,right_joint_7,-90.4573,-90.0759,90.0495,-89.926,-0.0582,-0.4935,0.0955,,
1780127645,718797675,right_base_state,right_joint_1,right_joint_2,right_joint_3,right_joint_4,right_joint_5,right_joint_6,right_joint_7,-90.4573,-90.0759,90.0495,-89.926,-0.0583,-0.4935,0.0955,,
1780127645,728826090,right_base_state,right_joint_1,right_joint_2,right_joint_3,right_joint_4,right_joint_5,right_joint_6,right_joint_7,-90.4573,-90.0759,90.0495,-89.926,-0.0582,-0.4935,0.0955,,
1780127645,738802464,right_base_state,right_joint_1,right_joint_2,right_joint_3,right_joint_4,right_joint_5,right_joint_6,right_joint_7,-90.4573,-90.0759,90.0495,-89.926,-0.0582,-0.4935,0.0955,,
1780127645,748827744,right_base_state,right_joint_1,right_joint_2,right_joint_3,right_joint_4,right_joint_5,right_joint_6,right_joint_7,-90.4573,-90.0759,90.0495,-89.926,-0.0582,-0.4935,0.0955,,
1780127645,758822238,right_base_state,right_joint_1,right_joint_2,right_joint_3,right_joint_4,right_joint_5,right_joint_6,right_joint_7,-90.4573,-90.0759,90.0495,-89.926,-0.0582,-0.4935,0.0955,,
1780127645,768718118,right_base_state,right_joint_1,right_joint_2,right_joint_3,right_joint_4,right_joint_5,right_joint_6,right_joint_7,-90.4573,-90.0759,90.0495,-89.926,-0.0582,-0.4935,0.0955,,
1780127645,778866468,right_base_state,right_joint_1,right_joint_2,right_joint_3,right_joint_4,right_joint_5,right_joint_6,right_joint_7,-90.4573,-90.0759,90.0495,-89.926,-0.0583,-0.4935,0.0955,,
1780127645,789105480,right_base_state,right_joint_1,right_joint_2,right_joint_3,right_joint_4,right_joint_5,right_joint_6,right_joint_7,-90.4573,-90.0759,90.0495,-89.926,-0.0582,-0.4935,0.0955,,
1780127645,798884829,right_base_state,right_joint_1,right_joint_2,right_joint_3,right_joint_4,right_joint_5,right_joint_6,right_joint_7,-90.4573,-90.0759,90.0495,-89.926,-0.0582,-0.4934,0.0955,,
1780127645,808776303,right_base_state,right_joint_1,right_joint_2,right_joint_3,right_joint_4,right_joint_5,right_joint_6,right_joint_7,-90.4573,-90.0759,90.0495,-89.926,-0.0582,-0.4935,0.0955,,
1780127645,818755461,right_base_state,right_joint_1,right_joint_2,right_joint_3,right_joint_4,right_joint_5,right_joint_6,right_joint_7,-90.4573,-90.0759,90.0495,-89.926,-0.0582,-0.4935,0.0955,,
1780127645,828711897,right_base_state,right_joint_1,right_joint_2,right_joint_3,right_joint_4,right_joint_5,right_joint_6,right_joint_7,-90.4573,-90.0759,90.0495,-89.926,-0.0582,-0.4934,0.0955,,
1780127645,838745158,right_base_state,right_joint_1,right_joint_2,right_joint_3,right_joint_4,right_joint_5,right_joint_6,right_joint_7,-90.4573,-90.0759,90.0495,-89.926,-0.0582,-0.4935,0.0955,,
1780127645,848724822,right_base_state,right_joint_1,right_joint_2,right_joint_3,right_joint_4,right_joint_5,right_joint_6,right_joint_7,-90.4573,-90.0759,90.0495,-89.926,-0.0582,-0.4934,0.0955,,
1780127645,858682931,right_base_state,right_joint_1,right_joint_2,right_joint_3,right_joint_4,right_joint_5,right_joint_6,right_joint_7,-90.4573,-90.0759,90.0495,-89.926,-0.0583,-0.4934,0.0955,,
1780127645,868778085,right_base_state,right_joint_1,right_joint_2,right_joint_3,right_joint_4,right_joint_5,right_joint_6,right_joint_7,-90.4573,-90.0759,90.0495,-89.926,-0.0582,-0.4935,0.0955,,
1780127645,878750276,right_base_state,right_joint_1,right_joint_2,right_joint_3,right_joint_4,right_joint_5,right_joint_6,right_joint_7,-90.4573,-90.0759,90.0495,-89.926,-0.0583,-0.4935,0.0955,,
1780127645,888760467,right_base_state,right_joint_1,right_joint_2,right_joint_3,right_joint_4,right_joint_5,right_joint_6,right_joint_7,-90.4573,-90.0759,90.0495,-89.926,-0.0582,-0.4934,0.0955,,
1780127645,898823174,right_base_state,right_joint_1,right_joint_2,right_joint_3,right_joint_4,right_joint_5,right_joint_6,right_joint_7,-90.4573,-90.0759,90.0495,-89.926,-0.0583,-0.4935,0.0955,,
1780127645,909837294,right_base_state,right_joint_1,right_joint_2,right_joint_3,right_joint_4,right_joint_5,right_joint_6,right_joint_7,-90.4573,-90.0759,90.0495,-89.926,-0.0582,-0.4934,0.0955,,
1780127645,918700710,right_base_state,right_joint_1,right_joint_2,right_joint_3,right_joint_4,right_joint_5,right_joint_6,right_joint_7,-90.4573,-90.0759,90.0495,-89.926,-0.0582,-0.4935,0.0955,,
1780127645,928748479,right_base_state,right_joint_1,right_joint_2,right_joint_3,right_joint_4,right_joint_5,right_joint_6,right_joint_7,-90.4573,-90.0759,90.0495,-89.926,-0.0583,-0.4934,0.0955,,
1780127645,938872761,right_base_state,right_joint_1,right_joint_2,right_joint_3,right_joint_4,right_joint_5,right_joint_6,right_joint_7,-90.4573,-90.0759,90.0495,-89.926,-0.0582,-0.4934,0.0955,,
1780127645,948951194,right_base_state,right_joint_1,right_joint_2,right_joint_3,right_joint_4,right_joint_5,right_joint_6,right_joint_7,-90.4573,-90.0759,90.0495,-89.926,-0.0583,-0.4934,0.0955,,
1780127645,958671782,right_base_state,right_joint_1,right_joint_2,right_joint_3,right_joint_4,right_joint_5,right_joint_6,right_joint_7,-90.4573,-90.0759,90.0495,-89.926,-0.0583,-0.4935,0.0955,,
1780127645,970033274,right_base_state,right_joint_1,right_joint_2,right_joint_3,right_joint_4,right_joint_5,right_joint_6,right_joint_7,-90.4573,-90.0759,90.0495,-89.926,-0.0582,-0.4934,0.0955,,
1780127645,978945490,right_base_state,right_joint_1,right_joint_2,right_joint_3,right_joint_4,right_joint_5,right_joint_6,right_joint_7,-90.4573,-90.0759,90.0495,-89.926,-0.0583,-0.4934,0.0955,,
1780127645,989240928,right_base_state,right_joint_1,right_joint_2,right_joint_3,right_joint_4,right_joint_5,right_joint_6,right_joint_7,-90.4573,-90.0759,90.0495,-89.926,-0.0582,-0.4935,0.0955,,
1780127645,998986175,right_base_state,right_joint_1,right_joint_2,right_joint_3,right_joint_4,right_joint_5,right_joint_6,right_joint_7,-90.4573,-90.0759,90.0495,-89.926,-0.0582,-0.4935,0.0955,,
1780127646,8689508,right_base_state,right_joint_1,right_joint_2,right_joint_3,right_joint_4,right_joint_5,right_joint_6,right_joint_7,-90.4573,-90.0759,90.0495,-89.926,-0.0582,-0.4935,0.0955,,
1780127646,19013743,right_base_state,right_joint_1,right_joint_2,right_joint_3,right_joint_4,right_joint_5,right_joint_6,right_joint_7,-90.4573,-90.0759,90.0495,-89.926,-0.0583,-0.4935,0.0955,,
1780127646,28899200,right_base_state,right_joint_1,right_joint_2,right_joint_3,right_joint_4,right_joint_5,right_joint_6,right_joint_7,-90.4573,-90.0759,90.0495,-89.926,-0.0583,-0.4935,0.0955,,
1780127646,39007490,right_base_state,right_joint_1,right_joint_2,right_joint_3,right_joint_4,right_joint_5,right_joint_6,right_joint_7,-90.4573,-90.0759,90.0495,-89.926,-0.0582,-0.4935,0.0955,,
1780127646,48922732,right_base_state,right_joint_1,right_joint_2,right_joint_3,right_joint_4,right_joint_5,right_joint_6,right_joint_7,-90.4573,-90.0759,90.0495,-89.926,-0.0582,-0.4934,0.0955,,
1780127646,58670368,right_base_state,right_joint_1,right_joint_2,right_joint_3,right_joint_4,right_joint_5,right_joint_6,right_joint_7,-90.4573,-90.0759,90.0495,-89.926,-0.0582,-0.4935,0.0955,,
1780127646,68996763,right_base_state,right_joint_1,right_joint_2,right_joint_3,right_joint_4,right_joint_5,right_joint_6,right_joint_7,-90.4573,-90.0759,90.0495,-89.926,-0.0582,-0.4935,0.0955,,
1780127646,78745732,right_base_state,right_joint_1,right_joint_2,right_joint_3,right_joint_4,right_joint_5,right_joint_6,right_joint_7,-90.4573,-90.0759,90.0495,-89.926,-0.0582,-0.4935,0.0955,,
1780127646,88816384,right_base_state,right_joint_1,right_joint_2,right_joint_3,right_joint_4,right_joint_5,right_joint_6,right_joint_7,-90.4573,-90.0759,90.0495,-89.926,-0.0583,-0.4935,0.0955,,
1780127646,98883234,right_base_state,right_joint_1,right_joint_2,right_joint_3,right_joint_4,right_joint_5,right_joint_6,right_joint_7,-90.4573,-90.0759,90.0495,-89.926,-0.0583,-0.4935,0.0955,,
1780127646,108687482,right_base_state,right_joint_1,right_joint_2,right_joint_3,right_joint_4,right_joint_5,right_joint_6,right_joint_7,-90.4573,-90.0759,90.0495,-89.926,-0.0583,-0.4935,0.0955,,
1780127646,118794166,right_base_state,right_joint_1,right_joint_2,right_joint_3,right_joint_4,right_joint_5,right_joint_6,right_joint_7,-90.4573,-90.0759,90.0495,-89.926,-0.0582,-0.4935,0.0955,,
1780127646,129453762,right_base_state,right_joint_1,right_joint_2,right_joint_3,right_joint_4,right_joint_5,right_joint_6,right_joint_7,-90.4573,-90.0759,90.0495,-89.926,-0.0583,-0.4934,0.0955,,
1780127646,138901051,right_base_state,right_joint_1,right_joint_2,right_joint_3,right_joint_4,right_joint_5,right_joint_6,right_joint_7,-90.4573,-90.0759,90.0495,-89.926,-0.0583,-0.4934,0.0955,,
1780127646,148911261,right_base_state,right_joint_1,right_joint_2,right_joint_3,right_joint_4,right_joint_5,right_joint_6,right_joint_7,-90.4573,-90.0759,90.0495,-89.926,-0.0582,-0.4934,0.0955,,
1780127646,158871586,right_base_state,right_joint_1,right_joint_2,right_joint_3,right_joint_4,right_joint_5,right_joint_6,right_joint_7,-90.4573,-90.0759,90.0495,-89.926,-0.0582,-0.4935,0.0955,,
1780127646,168942436,right_base_state,right_joint_1,right_joint_2,right_joint_3,right_joint_4,right_joint_5,right_joint_6,right_joint_7,-90.4573,-90.0759,90.0495,-89.926,-0.0583,-0.4934,0.0955,,
1780127646,178892002,right_base_state,right_joint_1,right_joint_2,right_joint_3,right_joint_4,right_joint_5,right_joint_6,right_joint_7,-90.4573,-90.0759,90.0495,-89.926,-0.0583,-0.4935,0.0955,,
1780127646,188828386,right_base_state,right_joint_1,right_joint_2,right_joint_3,right_joint_4,right_joint_5,right_joint_6,right_joint_7,-90.4573,-90.0759,90.0495,-89.926,-0.0582,-0.4935,0.0955,,
1780127646,198801413,right_base_state,right_joint_1,right_joint_2,right_joint_3,right_joint_4,right_joint_5,right_joint_6,right_joint_7,-90.4573,-90.0759,90.0495,-89.926,-0.0582,-0.4935,0.0955,,
1780127646,208690791,right_base_state,right_joint_1,right_joint_2,right_joint_3,right_joint_4,right_joint_5,right_joint_6,right_joint_7,-90.4573,-90.0759,90.0495,-89.926,-0.0582,-0.4935,0.0955,,
1780127646,218764530,right_base_state,right_joint_1,right_joint_2,right_joint_3,right_joint_4,right_joint_5,right_joint_6,right_joint_7,-90.4573,-90.0759,90.0495,-89.926,-0.0582,-0.4934,0.0955,,
1780127646,229231126,right_base_state,right_joint_1,right_joint_2,right_joint_3,right_joint_4,right_joint_5,right_joint_6,right_joint_7,-90.4573,-90.0759,90.0495,-89.926,-0.0582,-0.4935,0.0955,,
1780127646,239004718,right_base_state,right_joint_1,right_joint_2,right_joint_3,right_joint_4,right_joint_5,right_joint_6,right_joint_7,-90.4573,-90.0759,90.0495,-89.926,-0.0582,-0.4935,0.0955,,
1780127646,248787758,right_base_state,right_joint_1,right_joint_2,right_joint_3,right_joint_4,right_joint_5,right_joint_6,right_joint_7,-90.4573,-90.0759,90.0495,-89.926,-0.0583,-0.4934,0.0955,,
1780127646,258691005,right_base_state,right_joint_1,right_joint_2,right_joint_3,right_joint_4,right_joint_5,right_joint_6,right_joint_7,-90.4573,-90.0759,90.0495,-89.926,-0.0583,-0.4935,0.0955,,
1780127646,268752266,right_base_state,right_joint_1,right_joint_2,right_joint_3,right_joint_4,right_joint_5,right_joint_6,right_joint_7,-90.4573,-90.0759,90.0495,-89.926,-0.0582,-0.4934,0.0955,,
1780127646,278795321,right_base_state,right_joint_1,right_joint_2,right_joint_3,right_joint_4,right_joint_5,right_joint_6,right_joint_7,-90.4573,-90.0759,90.0495,-89.926,-0.0582,-0.4935,0.0955,,
1780127646,289269772,right_base_state,right_joint_1,right_joint_2,right_joint_3,right_joint_4,right_joint_5,right_joint_6,right_joint_7,-90.4573,-90.0759,90.0495,-89.926,-0.0582,-0.4935,0.0955,,
1780127646,298856607,right_base_state,right_joint_1,right_joint_2,right_joint_3,right_joint_4,right_joint_5,right_joint_6,right_joint_7,-90.4573,-90.0759,90.0495,-89.926,-0.0582,-0.4934,0.0955,,
1780127646,308701184,right_base_state,right_joint_1,right_joint_2,right_joint_3,right_joint_4,right_joint_5,right_joint_6,right_joint_7,-90.4573,-90.0759,90.0495,-89.926,-0.0582,-0.4935,0.0955,,
1780127646,318740951,right_base_state,right_joint_1,right_joint_2,right_joint_3,right_joint_4,right_joint_5,right_joint_6,right_joint_7,-90.4573,-90.0759,90.0495,-89.926,-0.0582,-0.4935,0.0955,,
1780127646,328774591,right_base_state,right_joint_1,right_joint_2,right_joint_3,right_joint_4,right_joint_5,right_joint_6,right_joint_7,-90.4573,-90.0759,90.0495,-89.926,-0.0582,-0.4935,0.0955,,
1780127646,338779756,right_base_state,right_joint_1,right_joint_2,right_joint_3,right_joint_4,right_joint_5,right_joint_6,right_joint_7,-90.4573,-90.0759,90.0495,-89.926,-0.0583,-0.4934,0.0955,,
1780127646,348795972,right_base_state,right_joint_1,right_joint_2,right_joint_3,right_joint_4,right_joint_5,right_joint_6,right_joint_7,-90.4573,-90.0759,90.0495,-89.926,-0.0582,-0.4935,0.0955,,
1780127646,358685725,right_base_state,right_joint_1,right_joint_2,right_joint_3,right_joint_4,right_joint_5,right_joint_6,right_joint_7,-90.4573,-90.0759,90.0495,-89.926,-0.0582,-0.4935,0.0955,,
1780127646,368718222,right_base_state,right_joint_1,right_joint_2,right_joint_3,right_joint_4,right_joint_5,right_joint_6,right_joint_7,-90.4573,-90.0759,90.0495,-89.926,-0.0583,-0.4935,0.0955,,
1780127646,378870352,right_base_state,right_joint_1,right_joint_2,right_joint_3,right_joint_4,right_joint_5,right_joint_6,right_joint_7,-90.4573,-90.0759,90.0495,-89.926,-0.0582,-0.4934,0.0955,,
1780127646,388959801,right_base_state,right_joint_1,right_joint_2,right_joint_3,right_joint_4,right_joint_5,right_joint_6,right_joint_7,-90.4573,-90.0759,90.0495,-89.926,-0.0583,-0.4935,0.0955,,
1780127646,398946381,right_base_state,right_joint_1,right_joint_2,right_joint_3,right_joint_4,right_joint_5,right_joint_6,right_joint_7,-90.4573,-90.0759,90.0495,-89.926,-0.0583,-0.4935,0.0955,,
1780127646,408790407,right_base_state,right_joint_1,right_joint_2,right_joint_3,right_joint_4,right_joint_5,right_joint_6,right_joint_7,-90.4573,-90.0759,90.0495,-89.926,-0.0582,-0.4935,0.0955,,
1780127646,418837835,right_base_state,right_joint_1,right_joint_2,right_joint_3,right_joint_4,right_joint_5,right_joint_6,right_joint_7,-90.4573,-90.0759,90.0495,-89.926,-0.0583,-0.4935,0.0955,,
1780127646,428692486,right_base_state,right_joint_1,right_joint_2,right_joint_3,right_joint_4,right_joint_5,right_joint_6,right_joint_7,-90.4573,-90.0759,90.0495,-89.926,-0.0582,-0.4934,0.0955,,
1780127646,438857590,right_base_state,right_joint_1,right_joint_2,right_joint_3,right_joint_4,right_joint_5,right_joint_6,right_joint_7,-90.4573,-90.0759,90.0495,-89.926,-0.0582,-0.4935,0.0955,,
1780127646,449127509,right_base_state,right_joint_1,right_joint_2,right_joint_3,right_joint_4,right_joint_5,right_joint_6,right_joint_7,-90.4573,-90.0759,90.0495,-89.926,-0.0582,-0.4935,0.0955,,
1780127646,458687303,right_base_state,right_joint_1,right_joint_2,right_joint_3,right_joint_4,right_joint_5,right_joint_6,right_joint_7,-90.4573,-90.0759,90.0495,-89.926,-0.0582,-0.4934,0.0955,,
1780127646,468962109,right_base_state,right_joint_1,right_joint_2,right_joint_3,right_joint_4,right_joint_5,right_joint_6,right_joint_7,-90.4573,-90.0759,90.0495,-89.926,-0.0582,-0.4935,0.0955,,
1780127646,478825122,right_base_state,right_joint_1,right_joint_2,right_joint_3,right_joint_4,right_joint_5,right_joint_6,right_joint_7,-90.4573,-90.0759,90.0495,-89.926,-0.0582,-0.4935,0.0955,,
1780127646,488823334,right_base_state,right_joint_1,right_joint_2,right_joint_3,right_joint_4,right_joint_5,right_joint_6,right_joint_7,-90.4573,-90.0759,90.0495,-89.926,-0.0582,-0.4935,0.0955,,
1780127646,498916904,right_base_state,right_joint_1,right_joint_2,right_joint_3,right_joint_4,right_joint_5,right_joint_6,right_joint_7,-90.4573,-90.0759,90.0495,-89.926,-0.0582,-0.4934,0.0955,,
1780127646,508705526,right_base_state,right_joint_1,right_joint_2,right_joint_3,right_joint_4,right_joint_5,right_joint_6,right_joint_7,-90.4573,-90.0759,90.0495,-89.926,-0.0582,-0.4935,0.0955,,
1780127646,518731967,right_base_state,right_joint_1,right_joint_2,right_joint_3,right_joint_4,right_joint_5,right_joint_6,right_joint_7,-90.4573,-90.0759,90.0495,-89.926,-0.0582,-0.4935,0.0955,,
1780127646,528726796,right_base_state,right_joint_1,right_joint_2,right_joint_3,right_joint_4,right_joint_5,right_joint_6,right_joint_7,-90.4573,-90.0759,90.0495,-89.926,-0.0583,-0.4935,0.0955,,
1780127646,538884732,right_base_state,right_joint_1,right_joint_2,right_joint_3,right_joint_4,right_joint_5,right_joint_6,right_joint_7,-90.4573,-90.0759,90.0495,-89.926,-0.0582,-0.4935,0.0955,,
1780127646,548781107,right_base_state,right_joint_1,right_joint_2,right_joint_3,right_joint_4,right_joint_5,right_joint_6,right_joint_7,-90.4573,-90.0759,90.0495,-89.926,-0.0583,-0.4935,0.0955,,
1780127646,558695068,right_base_state,right_joint_1,right_joint_2,right_joint_3,right_joint_4,right_joint_5,right_joint_6,right_joint_7,-90.4573,-90.0759,90.0495,-89.926,-0.0583,-0.4935,0.0955,,
1780127646,568921555,right_base_state,right_joint_1,right_joint_2,right_joint_3,right_joint_4,right_joint_5,right_joint_6,right_joint_7,-90.4573,-90.0759,90.0495,-89.926,-0.0582,-0.4935,0.0955,,
1780127646,578900772,right_base_state,right_joint_1,right_joint_2,right_joint_3,right_joint_4,right_joint_5,right_joint_6,right_joint_7,-90.4573,-90.0759,90.0495,-89.926,-0.0582,-0.4935,0.0955,,
1780127646,588963098,right_base_state,right_joint_1,right_joint_2,right_joint_3,right_joint_4,right_joint_5,right_joint_6,right_joint_7,-90.4573,-90.0759,90.0495,-89.926,-0.0583,-0.4935,0.0955,,
1780127646,599005648,right_base_state,right_joint_1,right_joint_2,right_joint_3,right_joint_4,right_joint_5,right_joint_6,right_joint_7,-90.4573,-90.0759,90.0495,-89.9261,-0.0582,-0.4935,0.0955,,
1780127646,608699435,right_base_state,right_joint_1,right_joint_2,right_joint_3,right_joint_4,right_joint_5,right_joint_6,right_joint_7,-90.4573,-90.0759,90.0495,-89.926,-0.0583,-0.4935,0.0955,,
1780127646,618853085,right_base_state,right_joint_1,right_joint_2,right_joint_3,right_joint_4,right_joint_5,right_joint_6,right_joint_7,-90.4573,-90.0759,90.0495,-89.926,-0.0582,-0.4934,0.0955,,
1780127646,628740538,right_base_state,right_joint_1,right_joint_2,right_joint_3,right_joint_4,right_joint_5,right_joint_6,right_joint_7,-90.4573,-90.0759,90.0495,-89.926,-0.0582,-0.4934,0.0955,,
1780127646,639522311,right_base_state,right_joint_1,right_joint_2,right_joint_3,right_joint_4,right_joint_5,right_joint_6,right_joint_7,-90.4573,-90.0759,90.0495,-89.926,-0.0583,-0.4935,0.0955,,
1780127646,650550005,right_base_state,right_joint_1,right_joint_2,right_joint_3,right_joint_4,right_joint_5,right_joint_6,right_joint_7,-90.4573,-90.0759,90.0495,-89.926,-0.0582,-0.4934,0.0955,,
1780127646,658708780,right_base_state,right_joint_1,right_joint_2,right_joint_3,right_joint_4,right_joint_5,right_joint_6,right_joint_7,-90.4573,-90.0759,90.0495,-89.926,-0.0583,-0.4935,0.0955,,
1780127646,668722863,right_base_state,right_joint_1,right_joint_2,right_joint_3,right_joint_4,right_joint_5,right_joint_6,right_joint_7,-90.4573,-90.0759,90.0495,-89.926,-0.0582,-0.4935,0.0955,,
1780127646,678740212,right_base_state,right_joint_1,right_joint_2,right_joint_3,right_joint_4,right_joint_5,right_joint_6,right_joint_7,-90.4573,-90.0759,90.0495,-89.926,-0.0582,-0.4935,0.0955,,
1780127646,688952597,right_base_state,right_joint_1,right_joint_2,right_joint_3,right_joint_4,right_joint_5,right_joint_6,right_joint_7,-90.4573,-90.0759,90.0495,-89.926,-0.0582,-0.4935,0.0955,,
1780127646,699892331,right_base_state,right_joint_1,right_joint_2,right_joint_3,right_joint_4,right_joint_5,right_joint_6,right_joint_7,-90.4573,-90.0759,90.0495,-89.926,-0.0582,-0.4934,0.0955,,
1780127646,708681265,right_base_state,right_joint_1,right_joint_2,right_joint_3,right_joint_4,right_joint_5,right_joint_6,right_joint_7,-90.4573,-90.0759,90.0495,-89.926,-0.0583,-0.4934,0.0955,,
1780127646,718717767,right_base_state,right_joint_1,right_joint_2,right_joint_3,right_joint_4,right_joint_5,right_joint_6,right_joint_7,-90.4573,-90.0759,90.0495,-89.926,-0.0583,-0.4935,0.0955,,
1780127646,728798353,right_base_state,right_joint_1,right_joint_2,right_joint_3,right_joint_4,right_joint_5,right_joint_6,right_joint_7,-90.4573,-90.0759,90.0495,-89.926,-0.0582,-0.4935,0.0955,,
1780127646,738912880,right_base_state,right_joint_1,right_joint_2,right_joint_3,right_joint_4,right_joint_5,right_joint_6,right_joint_7,-90.4573,-90.0759,90.0495,-89.926,-0.0582,-0.4935,0.0955,,
1780127646,749068142,right_base_state,right_joint_1,right_joint_2,right_joint_3,right_joint_4,right_joint_5,right_joint_6,right_joint_7,-90.4573,-90.0759,90.0495,-89.926,-0.0582,-0.4935,0.0955,,
1780127646,758746024,right_base_state,right_joint_1,right_joint_2,right_joint_3,right_joint_4,right_joint_5,right_joint_6,right_joint_7,-90.4573,-90.0759,90.0495,-89.926,-0.0583,-0.4934,0.0955,,
1780127646,768779910,right_base_state,right_joint_1,right_joint_2,right_joint_3,right_joint_4,right_joint_5,right_joint_6,right_joint_7,-90.4573,-90.0759,90.0495,-89.926,-0.0583,-0.4935,0.0955,,
1780127646,778811380,right_base_state,right_joint_1,right_joint_2,right_joint_3,right_joint_4,right_joint_5,right_joint_6,right_joint_7,-90.4573,-90.0759,90.0495,-89.926,-0.0583,-0.4935,0.0955,,
1780127646,788816739,right_base_state,right_joint_1,right_joint_2,right_joint_3,right_joint_4,right_joint_5,right_joint_6,right_joint_7,-90.4573,-90.0759,90.0495,-89.926,-0.0582,-0.4935,0.0955,,
1780127646,798863766,right_base_state,right_joint_1,right_joint_2,right_joint_3,right_joint_4,right_joint_5,right_joint_6,right_joint_7,-90.4573,-90.0759,90.0495,-89.926,-0.0582,-0.4935,0.0955,,
1780127646,808685717,right_base_state,right_joint_1,right_joint_2,right_joint_3,right_joint_4,right_joint_5,right_joint_6,right_joint_7,-90.4573,-90.0759,90.0495,-89.926,-0.0583,-0.4935,0.0955,,
1780127646,818829522,right_base_state,right_joint_1,right_joint_2,right_joint_3,right_joint_4,right_joint_5,right_joint_6,right_joint_7,-90.4573,-90.0759,90.0495,-89.926,-0.0582,-0.4935,0.0955,,
1780127646,829003307,right_base_state,right_joint_1,right_joint_2,right_joint_3,right_joint_4,right_joint_5,right_joint_6,right_joint_7,-90.4573,-90.0759,90.0495,-89.926,-0.0583,-0.4935,0.0955,,
1780127646,838959195,right_base_state,right_joint_1,right_joint_2,right_joint_3,right_joint_4,right_joint_5,right_joint_6,right_joint_7,-90.4573,-90.0759,90.0495,-89.926,-0.0583,-0.4935,0.0955,,
1780127646,849146715,right_base_state,right_joint_1,right_joint_2,right_joint_3,right_joint_4,right_joint_5,right_joint_6,right_joint_7,-90.4573,-90.0759,90.0495,-89.926,-0.0582,-0.4935,0.0955,,
1780127646,858673968,right_base_state,right_joint_1,right_joint_2,right_joint_3,right_joint_4,right_joint_5,right_joint_6,right_joint_7,-90.4573,-90.0759,90.0495,-89.926,-0.0582,-0.4935,0.0955,,
1780127646,868966851,right_base_state,right_joint_1,right_joint_2,right_joint_3,right_joint_4,right_joint_5,right_joint_6,right_joint_7,-90.4573,-90.0759,90.0495,-89.926,-0.0582,-0.4935,0.0955,,
1780127646,881355594,right_base_state,right_joint_1,right_joint_2,right_joint_3,right_joint_4,right_joint_5,right_joint_6,right_joint_7,-90.4573,-90.0759,90.0495,-89.926,-0.0583,-0.4935,0.0955,,
1780127646,888735074,right_base_state,right_joint_1,right_joint_2,right_joint_3,right_joint_4,right_joint_5,right_joint_6,right_joint_7,-90.4573,-90.0759,90.0495,-89.926,-0.0582,-0.4935,0.0955,,
1780127646,898776773,right_base_state,right_joint_1,right_joint_2,right_joint_3,right_joint_4,right_joint_5,right_joint_6,right_joint_7,-90.4573,-90.0759,90.0495,-89.926,-0.0583,-0.4935,0.0955,,
1780127646,908688540,right_base_state,right_joint_1,right_joint_2,right_joint_3,right_joint_4,right_joint_5,right_joint_6,right_joint_7,-90.4573,-90.0759,90.0495,-89.926,-0.0582,-0.4935,0.0955,,
1780127646,918730421,right_base_state,right_joint_1,right_joint_2,right_joint_3,right_joint_4,right_joint_5,right_joint_6,right_joint_7,-90.4573,-90.0759,90.0495,-89.926,-0.0582,-0.4935,0.0955,,
1780127646,928792626,right_base_state,right_joint_1,right_joint_2,right_joint_3,right_joint_4,right_joint_5,right_joint_6,right_joint_7,-90.4573,-90.0759,90.0495,-89.926,-0.0582,-0.4935,0.0955,,
1780127646,938952198,right_base_state,right_joint_1,right_joint_2,right_joint_3,right_joint_4,right_joint_5,right_joint_6,right_joint_7,-90.4573,-90.0759,90.0495,-89.926,-0.0582,-0.4935,0.0955,,
1780127646,948864936,right_base_state,right_joint_1,right_joint_2,right_joint_3,right_joint_4,right_joint_5,right_joint_6,right_joint_7,-90.4573,-90.0759,90.0495,-89.926,-0.0582,-0.4934,0.0955,,
1780127646,958698600,right_base_state,right_joint_1,right_joint_2,right_joint_3,right_joint_4,right_joint_5,right_joint_6,right_joint_7,-90.4573,-90.0759,90.0495,-89.926,-0.0582,-0.4935,0.0955,,
1780127646,968770638,right_base_state,right_joint_1,right_joint_2,right_joint_3,right_joint_4,right_joint_5,right_joint_6,right_joint_7,-90.4573,-90.0759,90.0495,-89.926,-0.0582,-0.4935,0.0955,,
1780127646,978763362,right_base_state,right_joint_1,right_joint_2,right_joint_3,right_joint_4,right_joint_5,right_joint_6,right_joint_7,-90.4573,-90.0759,90.0495,-89.926,-0.0583,-0.4934,0.0955,,
1780127646,988864657,right_base_state,right_joint_1,right_joint_2,right_joint_3,right_joint_4,right_joint_5,right_joint_6,right_joint_7,-90.4573,-90.0759,90.0495,-89.926,-0.0583,-0.4934,0.0955,,
1780127646,998827287,right_base_state,right_joint_1,right_joint_2,right_joint_3,right_joint_4,right_joint_5,right_joint_6,right_joint_7,-90.4573,-90.0759,90.0495,-89.926,-0.0582,-0.4935,0.0955,,
1780127647,8678778,right_base_state,right_joint_1,right_joint_2,right_joint_3,right_joint_4,right_joint_5,right_joint_6,right_joint_7,-90.4573,-90.0759,90.0495,-89.926,-0.0583,-0.4935,0.0955,,
1780127647,18689846,right_base_state,right_joint_1,right_joint_2,right_joint_3,right_joint_4,right_joint_5,right_joint_6,right_joint_7,-90.4573,-90.0759,90.0495,-89.926,-0.0583,-0.4935,0.0955,,
1780127647,28785391,right_base_state,right_joint_1,right_joint_2,right_joint_3,right_joint_4,right_joint_5,right_joint_6,right_joint_7,-90.4573,-90.0759,90.0495,-89.926,-0.0582,-0.4935,0.0955,,
1780127647,39452086,right_base_state,right_joint_1,right_joint_2,right_joint_3,right_joint_4,right_joint_5,right_joint_6,right_joint_7,-90.4573,-90.0759,90.0495,-89.926,-0.0582,-0.4934,0.0955,,
1780127647,48843339,right_base_state,right_joint_1,right_joint_2,right_joint_3,right_joint_4,right_joint_5,right_joint_6,right_joint_7,-90.4573,-90.0759,90.0495,-89.926,-0.0583,-0.4935,0.0955,,
1780127647,58735087,right_base_state,right_joint_1,right_joint_2,right_joint_3,right_joint_4,right_joint_5,right_joint_6,right_joint_7,-90.4573,-90.0759,90.0495,-89.926,-0.0583,-0.4934,0.0955,,
1780127647,68756723,right_base_state,right_joint_1,right_joint_2,right_joint_3,right_joint_4,right_joint_5,right_joint_6,right_joint_7,-90.4573,-90.0759,90.0495,-89.926,-0.0583,-0.4935,0.0955,,
1780127647,78998946,right_base_state,right_joint_1,right_joint_2,right_joint_3,right_joint_4,right_joint_5,right_joint_6,right_joint_7,-90.4573,-90.0759,90.0495,-89.926,-0.0583,-0.4935,0.0955,,
1780127647,89642082,right_base_state,right_joint_1,right_joint_2,right_joint_3,right_joint_4,right_joint_5,right_joint_6,right_joint_7,-90.4573,-90.0759,90.0495,-89.926,-0.0583,-0.4935,0.0955,,
1780127647,98884655,right_base_state,right_joint_1,right_joint_2,right_joint_3,right_joint_4,right_joint_5,right_joint_6,right_joint_7,-90.4573,-90.0759,90.0495,-89.926,-0.0582,-0.4934,0.0955,,
1780127647,108718175,right_base_state,right_joint_1,right_joint_2,right_joint_3,right_joint_4,right_joint_5,right_joint_6,right_joint_7,-90.4573,-90.0759,90.0495,-89.926,-0.0583,-0.4934,0.0955,,
1780127647,118787916,right_base_state,right_joint_1,right_joint_2,right_joint_3,right_joint_4,right_joint_5,right_joint_6,right_joint_7,-90.4573,-90.0759,90.0495,-89.926,-0.0582,-0.4934,0.0955,,
1780127647,128819349,right_base_state,right_joint_1,right_joint_2,right_joint_3,right_joint_4,right_joint_5,right_joint_6,right_joint_7,-90.4573,-90.0759,90.0495,-89.926,-0.0582,-0.4935,0.0955,,
1780127647,138738019,right_base_state,right_joint_1,right_joint_2,right_joint_3,right_joint_4,right_joint_5,right_joint_6,right_joint_7,-90.4573,-90.0759,90.0495,-89.926,-0.0582,-0.4934,0.0955,,
1780127647,148861532,right_base_state,right_joint_1,right_joint_2,right_joint_3,right_joint_4,right_joint_5,right_joint_6,right_joint_7,-90.4573,-90.0759,90.0495,-89.926,-0.0583,-0.4935,0.0955,,
1780127647,158714028,right_base_state,right_joint_1,right_joint_2,right_joint_3,right_joint_4,right_joint_5,right_joint_6,right_joint_7,-90.4573,-90.0759,90.0495,-89.926,-0.0583,-0.4935,0.0955,,
1780127647,168780512,right_base_state,right_joint_1,right_joint_2,right_joint_3,right_joint_4,right_joint_5,right_joint_6,right_joint_7,-90.4573,-90.0759,90.0495,-89.926,-0.0582,-0.4935,0.0955,,
1780127647,178947487,right_base_state,right_joint_1,right_joint_2,right_joint_3,right_joint_4,right_joint_5,right_joint_6,right_joint_7,-90.4573,-90.0759,90.0495,-89.926,-0.0582,-0.4935,0.0955,,
1780127647,188882716,right_base_state,right_joint_1,right_joint_2,right_joint_3,right_joint_4,right_joint_5,right_joint_6,right_joint_7,-90.4573,-90.0759,90.0495,-89.926,-0.0582,-0.4934,0.0955,,
1780127647,198968454,right_base_state,right_joint_1,right_joint_2,right_joint_3,right_joint_4,right_joint_5,right_joint_6,right_joint_7,-90.4573,-90.0759,90.0495,-89.926,-0.0583,-0.4935,0.0955,,
1780127647,208691990,right_base_state,right_joint_1,right_joint_2,right_joint_3,right_joint_4,right_joint_5,right_joint_6,right_joint_7,-90.4573,-90.0759,90.0495,-89.926,-0.0583,-0.4935,0.0955,,
1780127647,218774141,right_base_state,right_joint_1,right_joint_2,right_joint_3,right_joint_4,right_joint_5,right_joint_6,right_joint_7,-90.4573,-90.0759,90.0495,-89.926,-0.0582,-0.4935,0.0955,,
1780127647,228799674,right_base_state,right_joint_1,right_joint_2,right_joint_3,right_joint_4,right_joint_5,right_joint_6,right_joint_7,-90.4573,-90.0759,90.0495,-89.926,-0.0582,-0.4935,0.0955,,
1780127647,238811865,right_base_state,right_joint_1,right_joint_2,right_joint_3,right_joint_4,right_joint_5,right_joint_6,right_joint_7,-90.4573,-90.0759,90.0495,-89.926,-0.0583,-0.4935,0.0955,,
1780127647,248753081,right_base_state,right_joint_1,right_joint_2,right_joint_3,right_joint_4,right_joint_5,right_joint_6,right_joint_7,-90.4573,-90.0759,90.0495,-89.926,-0.0582,-0.4934,0.0955,,
1780127647,258805444,right_base_state,right_joint_1,right_joint_2,right_joint_3,right_joint_4,right_joint_5,right_joint_6,right_joint_7,-90.4573,-90.0759,90.0495,-89.926,-0.0582,-0.4935,0.0955,,
1780127647,269597575,right_base_state,right_joint_1,right_joint_2,right_joint_3,right_joint_4,right_joint_5,right_joint_6,right_joint_7,-90.4573,-90.0759,90.0495,-89.926,-0.0582,-0.4935,0.0955,,
1780127647,278785581,right_base_state,right_joint_1,right_joint_2,right_joint_3,right_joint_4,right_joint_5,right_joint_6,right_joint_7,-90.4573,-90.0759,90.0495,-89.926,-0.0582,-0.4935,0.0955,,
1780127647,288845831,right_base_state,right_joint_1,right_joint_2,right_joint_3,right_joint_4,right_joint_5,right_joint_6,right_joint_7,-90.4573,-90.0759,90.0495,-89.926,-0.0582,-0.4934,0.0955,,
1780127647,298938807,right_base_state,right_joint_1,right_joint_2,right_joint_3,right_joint_4,right_joint_5,right_joint_6,right_joint_7,-90.4573,-90.0759,90.0495,-89.926,-0.0583,-0.4935,0.0955,,
1780127647,308688551,right_base_state,right_joint_1,right_joint_2,right_joint_3,right_joint_4,right_joint_5,right_joint_6,right_joint_7,-90.4573,-90.0759,90.0495,-89.926,-0.0583,-0.4934,0.0955,,
1780127647,319734654,right_base_state,right_joint_1,right_joint_2,right_joint_3,right_joint_4,right_joint_5,right_joint_6,right_joint_7,-90.4573,-90.0759,90.0495,-89.926,-0.0582,-0.4935,0.0955,,
1780127647,328785856,right_base_state,right_joint_1,right_joint_2,right_joint_3,right_joint_4,right_joint_5,right_joint_6,right_joint_7,-90.4573,-90.0759,90.0495,-89.926,-0.0582,-0.4935,0.0955,,
1780127647,338786556,right_base_state,right_joint_1,right_joint_2,right_joint_3,right_joint_4,right_joint_5,right_joint_6,right_joint_7,-90.4573,-90.0759,90.0495,-89.926,-0.0583,-0.4935,0.0955,,
1780127647,348909455,right_base_state,right_joint_1,right_joint_2,right_joint_3,right_joint_4,right_joint_5,right_joint_6,right_joint_7,-90.4573,-90.0759,90.0495,-89.926,-0.0582,-0.4935,0.0955,,
1780127647,358688233,right_base_state,right_joint_1,right_joint_2,right_joint_3,right_joint_4,right_joint_5,right_joint_6,right_joint_7,-90.4573,-90.0759,90.0495,-89.926,-0.0582,-0.4935,0.0955,,
1780127647,368893729,right_base_state,right_joint_1,right_joint_2,right_joint_3,right_joint_4,right_joint_5,right_joint_6,right_joint_7,-90.4573,-90.0759,90.0495,-89.926,-0.0582,-0.4935,0.0955,,
1780127647,378770979,right_base_state,right_joint_1,right_joint_2,right_joint_3,right_joint_4,right_joint_5,right_joint_6,right_joint_7,-90.4573,-90.0759,90.0495,-89.926,-0.0583,-0.4934,0.0955,,
1780127647,388853031,right_base_state,right_joint_1,right_joint_2,right_joint_3,right_joint_4,right_joint_5,right_joint_6,right_joint_7,-90.4573,-90.0759,90.0495,-89.926,-0.0582,-0.4935,0.0955,,
1780127647,398893327,right_base_state,right_joint_1,right_joint_2,right_joint_3,right_joint_4,right_joint_5,right_joint_6,right_joint_7,-90.4573,-90.0759,90.0495,-89.926,-0.0582,-0.4935,0.0955,,
1780127647,408720450,right_base_state,right_joint_1,right_joint_2,right_joint_3,right_joint_4,right_joint_5,right_joint_6,right_joint_7,-90.4573,-90.0759,90.0495,-89.926,-0.0582,-0.4935,0.0955,,
1780127647,418785918,right_base_state,right_joint_1,right_joint_2,right_joint_3,right_joint_4,right_joint_5,right_joint_6,right_joint_7,-90.4573,-90.0759,90.0495,-89.926,-0.0583,-0.4935,0.0955,,
1780127647,428947875,right_base_state,right_joint_1,right_joint_2,right_joint_3,right_joint_4,right_joint_5,right_joint_6,right_joint_7,-90.4573,-90.0759,90.0495,-89.926,-0.0583,-0.4935,0.0955,,
1780127647,438824793,right_base_state,right_joint_1,right_joint_2,right_joint_3,right_joint_4,right_joint_5,right_joint_6,right_joint_7,-90.4573,-90.0759,90.0495,-89.926,-0.0583,-0.4935,0.0955,,
1780127647,448802350,right_base_state,right_joint_1,right_joint_2,right_joint_3,right_joint_4,right_joint_5,right_joint_6,right_joint_7,-90.4573,-90.0759,90.0495,-89.926,-0.0583,-0.4934,0.0955,,
1780127647,458680874,right_base_state,right_joint_1,right_joint_2,right_joint_3,right_joint_4,right_joint_5,right_joint_6,right_joint_7,-90.4573,-90.0759,90.0495,-89.926,-0.0582,-0.4934,0.0955,,
1780127647,470450317,right_base_state,right_joint_1,right_joint_2,right_joint_3,right_joint_4,right_joint_5,right_joint_6,right_joint_7,-90.4573,-90.0759,90.0495,-89.926,-0.0582,-0.4935,0.0955,,
1780127647,478794590,right_base_state,right_joint_1,right_joint_2,right_joint_3,right_joint_4,right_joint_5,right_joint_6,right_joint_7,-90.4573,-90.0759,90.0495,-89.926,-0.0582,-0.4935,0.0955,,
1780127647,488791317,right_base_state,right_joint_1,right_joint_2,right_joint_3,right_joint_4,right_joint_5,right_joint_6,right_joint_7,-90.4573,-90.0759,90.0495,-89.926,-0.0582,-0.4935,0.0955,,
1780127647,498758869,right_base_state,right_joint_1,right_joint_2,right_joint_3,right_joint_4,right_joint_5,right_joint_6,right_joint_7,-90.4573,-90.0759,90.0495,-89.926,-0.0583,-0.4934,0.0955,,
1780127647,508641560,right_base_state,right_joint_1,right_joint_2,right_joint_3,right_joint_4,right_joint_5,right_joint_6,right_joint_7,-90.4573,-90.0759,90.0495,-89.926,-0.0582,-0.4934,0.0955,,
1780127647,518726723,right_base_state,right_joint_1,right_joint_2,right_joint_3,right_joint_4,right_joint_5,right_joint_6,right_joint_7,-90.4573,-90.0759,90.0495,-89.926,-0.0582,-0.4935,0.0955,,
1780127647,528779601,right_base_state,right_joint_1,right_joint_2,right_joint_3,right_joint_4,right_joint_5,right_joint_6,right_joint_7,-90.4573,-90.0759,90.0495,-89.926,-0.0583,-0.4935,0.0955,,
1780127647,538832521,right_base_state,right_joint_1,right_joint_2,right_joint_3,right_joint_4,right_joint_5,right_joint_6,right_joint_7,-90.4573,-90.0759,90.0495,-89.926,-0.0583,-0.4935,0.0955,,
1780127647,548838664,right_base_state,right_joint_1,right_joint_2,right_joint_3,right_joint_4,right_joint_5,right_joint_6,right_joint_7,-90.4573,-90.0759,90.0495,-89.926,-0.0582,-0.4934,0.0955,,
1780127647,558780707,right_base_state,right_joint_1,right_joint_2,right_joint_3,right_joint_4,right_joint_5,right_joint_6,right_joint_7,-90.4573,-90.0759,90.0495,-89.926,-0.0583,-0.4935,0.0955,,
1780127647,568731248,right_base_state,right_joint_1,right_joint_2,right_joint_3,right_joint_4,right_joint_5,right_joint_6,right_joint_7,-90.4573,-90.0759,90.0495,-89.926,-0.0582,-0.4935,0.0955,,
1780127647,578716770,right_base_state,right_joint_1,right_joint_2,right_joint_3,right_joint_4,right_joint_5,right_joint_6,right_joint_7,-90.4573,-90.0759,90.0495,-89.926,-0.0582,-0.4935,0.0955,,
1780127647,588779869,right_base_state,right_joint_1,right_joint_2,right_joint_3,right_joint_4,right_joint_5,right_joint_6,right_joint_7,-90.4573,-90.0759,90.0495,-89.926,-0.0583,-0.4935,0.0955,,
1780127647,598905412,right_base_state,right_joint_1,right_joint_2,right_joint_3,right_joint_4,right_joint_5,right_joint_6,right_joint_7,-90.4573,-90.0759,90.0495,-89.926,-0.0583,-0.4935,0.0955,,
1780127647,609046975,right_base_state,right_joint_1,right_joint_2,right_joint_3,right_joint_4,right_joint_5,right_joint_6,right_joint_7,-90.4573,-90.0759,90.0495,-89.926,-0.0582,-0.4935,0.0955,,
1780127647,618745093,right_base_state,right_joint_1,right_joint_2,right_joint_3,right_joint_4,right_joint_5,right_joint_6,right_joint_7,-90.4573,-90.0759,90.0495,-89.926,-0.0582,-0.4934,0.0955,,
1780127647,628823962,right_base_state,right_joint_1,right_joint_2,right_joint_3,right_joint_4,right_joint_5,right_joint_6,right_joint_7,-90.4573,-90.0759,90.0495,-89.926,-0.0582,-0.4935,0.0955,,
1780127647,638795496,right_base_state,right_joint_1,right_joint_2,right_joint_3,right_joint_4,right_joint_5,right_joint_6,right_joint_7,-90.4573,-90.0759,90.0495,-89.926,-0.0583,-0.4935,0.0955,,
1780127647,649010745,right_base_state,right_joint_1,right_joint_2,right_joint_3,right_joint_4,right_joint_5,right_joint_6,right_joint_7,-90.4573,-90.0759,90.0495,-89.926,-0.0582,-0.4934,0.0955,,
1780127647,658716986,right_base_state,right_joint_1,right_joint_2,right_joint_3,right_joint_4,right_joint_5,right_joint_6,right_joint_7,-90.4573,-90.0759,90.0495,-89.926,-0.0583,-0.4934,0.0955,,
1780127647,668798194,right_base_state,right_joint_1,right_joint_2,right_joint_3,right_joint_4,right_joint_5,right_joint_6,right_joint_7,-90.4573,-90.0759,90.0495,-89.926,-0.0582,-0.4935,0.0955,,
1780127647,678785643,right_base_state,right_joint_1,right_joint_2,right_joint_3,right_joint_4,right_joint_5,right_joint_6,right_joint_7,-90.4573,-90.0759,90.0495,-89.926,-0.0583,-0.4934,0.0955,,
1780127647,688826498,right_base_state,right_joint_1,right_joint_2,right_joint_3,right_joint_4,right_joint_5,right_joint_6,right_joint_7,-90.4573,-90.0759,90.0495,-89.926,-0.0582,-0.4935,0.0955,,
1780127647,698961754,right_base_state,right_joint_1,right_joint_2,right_joint_3,right_joint_4,right_joint_5,right_joint_6,right_joint_7,-90.4573,-90.0759,90.0495,-89.926,-0.0582,-0.4935,0.0955,,
1780127647,708698464,right_base_state,right_joint_1,right_joint_2,right_joint_3,right_joint_4,right_joint_5,right_joint_6,right_joint_7,-90.4573,-90.0759,90.0495,-89.926,-0.0582,-0.4935,0.0955,,
1780127647,718839215,right_base_state,right_joint_1,right_joint_2,right_joint_3,right_joint_4,right_joint_5,right_joint_6,right_joint_7,-90.4573,-90.0759,90.0495,-89.926,-0.0583,-0.4935,0.0955,,
1780127647,728764561,right_base_state,right_joint_1,right_joint_2,right_joint_3,right_joint_4,right_joint_5,right_joint_6,right_joint_7,-90.4573,-90.0759,90.0495,-89.926,-0.0583,-0.4935,0.0955,,
1780127647,738803522,right_base_state,right_joint_1,right_joint_2,right_joint_3,right_joint_4,right_joint_5,right_joint_6,right_joint_7,-90.4573,-90.0759,90.0495,-89.926,-0.0582,-0.4935,0.0955,,
1780127647,748877769,right_base_state,right_joint_1,right_joint_2,right_joint_3,right_joint_4,right_joint_5,right_joint_6,right_joint_7,-90.4573,-90.0759,90.0495,-89.926,-0.0583,-0.4934,0.0955,,
1780127647,758706084,right_base_state,right_joint_1,right_joint_2,right_joint_3,right_joint_4,right_joint_5,right_joint_6,right_joint_7,-90.4573,-90.0759,90.0495,-89.926,-0.0582,-0.4935,0.0955,,
1780127647,769072137,right_base_state,right_joint_1,right_joint_2,right_joint_3,right_joint_4,right_joint_5,right_joint_6,right_joint_7,-90.4573,-90.0759,90.0495,-89.926,-0.0583,-0.4935,0.0955,,
1780127647,778748567,right_base_state,right_joint_1,right_joint_2,right_joint_3,right_joint_4,right_joint_5,right_joint_6,right_joint_7,-90.4573,-90.0759,90.0495,-89.926,-0.0582,-0.4935,0.0955,,
1780127647,789527555,right_base_state,right_joint_1,right_joint_2,right_joint_3,right_joint_4,right_joint_5,right_joint_6,right_joint_7,-90.4573,-90.0759,90.0495,-89.926,-0.0582,-0.4935,0.0955,,
1780127647,799100638,right_base_state,right_joint_1,right_joint_2,right_joint_3,right_joint_4,right_joint_5,right_joint_6,right_joint_7,-90.4573,-90.0759,90.0495,-89.926,-0.0582,-0.4935,0.0955,,
1780127647,808713539,right_base_state,right_joint_1,right_joint_2,right_joint_3,right_joint_4,right_joint_5,right_joint_6,right_joint_7,-90.4573,-90.0759,90.0495,-89.926,-0.0582,-0.4935,0.0955,,
1780127647,818809278,right_base_state,right_joint_1,right_joint_2,right_joint_3,right_joint_4,right_joint_5,right_joint_6,right_joint_7,-90.4573,-90.0759,90.0495,-89.926,-0.0583,-0.4935,0.0955,,
1780127647,828931871,right_base_state,right_joint_1,right_joint_2,right_joint_3,right_joint_4,right_joint_5,right_joint_6,right_joint_7,-90.4573,-90.0759,90.0495,-89.926,-0.0583,-0.4934,0.0955,,
1780127647,838863702,right_base_state,right_joint_1,right_joint_2,right_joint_3,right_joint_4,right_joint_5,right_joint_6,right_joint_7,-90.4573,-90.0759,90.0495,-89.926,-0.0582,-0.4935,0.0955,,
1780127647,848813006,right_base_state,right_joint_1,right_joint_2,right_joint_3,right_joint_4,right_joint_5,right_joint_6,right_joint_7,-90.4573,-90.0759,90.0495,-89.926,-0.0582,-0.4934,0.0955,,
1780127647,858734122,right_base_state,right_joint_1,right_joint_2,right_joint_3,right_joint_4,right_joint_5,right_joint_6,right_joint_7,-90.4573,-90.0759,90.0495,-89.926,-0.0583,-0.4935,0.0955,,
1780127647,868730527,right_base_state,right_joint_1,right_joint_2,right_joint_3,right_joint_4,right_joint_5,right_joint_6,right_joint_7,-90.4573,-90.0759,90.0495,-89.926,-0.0583,-0.4934,0.0955,,
1780127647,878747586,right_base_state,right_joint_1,right_joint_2,right_joint_3,right_joint_4,right_joint_5,right_joint_6,right_joint_7,-90.4573,-90.0759,90.0495,-89.926,-0.0583,-0.4935,0.0955,,
1780127647,889131151,right_base_state,right_joint_1,right_joint_2,right_joint_3,right_joint_4,right_joint_5,right_joint_6,right_joint_7,-90.4573,-90.0759,90.0495,-89.926,-0.0582,-0.4934,0.0955,,
1780127647,899061144,right_base_state,right_joint_1,right_joint_2,right_joint_3,right_joint_4,right_joint_5,right_joint_6,right_joint_7,-90.4573,-90.0759,90.0495,-89.926,-0.0582,-0.4935,0.0955,,
1780127647,908738949,right_base_state,right_joint_1,right_joint_2,right_joint_3,right_joint_4,right_joint_5,right_joint_6,right_joint_7,-90.4573,-90.0759,90.0495,-89.926,-0.0583,-0.4935,0.0955,,
1780127647,919334719,right_base_state,right_joint_1,right_joint_2,right_joint_3,right_joint_4,right_joint_5,right_joint_6,right_joint_7,-90.4573,-90.0759,90.0495,-89.926,-0.0582,-0.4935,0.0955,,
1780127647,928761966,right_base_state,right_joint_1,right_joint_2,right_joint_3,right_joint_4,right_joint_5,right_joint_6,right_joint_7,-90.4573,-90.0759,90.0495,-89.926,-0.0582,-0.4935,0.0955,,
1780127647,938807641,right_base_state,right_joint_1,right_joint_2,right_joint_3,right_joint_4,right_joint_5,right_joint_6,right_joint_7,-90.4573,-90.0759,90.0495,-89.926,-0.0583,-0.4934,0.0955,,
1780127647,948702819,right_base_state,right_joint_1,right_joint_2,right_joint_3,right_joint_4,right_joint_5,right_joint_6,right_joint_7,-90.4573,-90.0759,90.0495,-89.926,-0.0582,-0.4934,0.0955,,
1780127647,958694740,right_base_state,right_joint_1,right_joint_2,right_joint_3,right_joint_4,right_joint_5,right_joint_6,right_joint_7,-90.4573,-90.0759,90.0495,-89.926,-0.0583,-0.4935,0.0955,,
1780127647,968716251,right_base_state,right_joint_1,right_joint_2,right_joint_3,right_joint_4,right_joint_5,right_joint_6,right_joint_7,-90.4573,-90.0759,90.0495,-89.926,-0.0583,-0.4935,0.0955,,
1780127647,978770643,right_base_state,right_joint_1,right_joint_2,right_joint_3,right_joint_4,right_joint_5,right_joint_6,right_joint_7,-90.4573,-90.0759,90.0495,-89.926,-0.0583,-0.4935,0.0955,,
1780127647,988836195,right_base_state,right_joint_1,right_joint_2,right_joint_3,right_joint_4,right_joint_5,right_joint_6,right_joint_7,-90.4573,-90.0759,90.0495,-89.926,-0.0582,-0.4934,0.0955,,
1780127647,998719224,right_base_state,right_joint_1,right_joint_2,right_joint_3,right_joint_4,right_joint_5,right_joint_6,right_joint_7,-90.4573,-90.0759,90.0495,-89.926,-0.0583,-0.4935,0.0955,,
1780127648,8884214,right_base_state,right_joint_1,right_joint_2,right_joint_3,right_joint_4,right_joint_5,right_joint_6,right_joint_7,-90.4573,-90.0759,90.0495,-89.926,-0.0583,-0.4935,0.0955,,
1780127648,18740000,right_base_state,right_joint_1,right_joint_2,right_joint_3,right_joint_4,right_joint_5,right_joint_6,right_joint_7,-90.4573,-90.0759,90.0495,-89.926,-0.0583,-0.4935,0.0955,,
1780127648,28689176,right_base_state,right_joint_1,right_joint_2,right_joint_3,right_joint_4,right_joint_5,right_joint_6,right_joint_7,-90.4573,-90.0759,90.0495,-89.926,-0.0582,-0.4935,0.0955,,
1780127648,38706850,right_base_state,right_joint_1,right_joint_2,right_joint_3,right_joint_4,right_joint_5,right_joint_6,right_joint_7,-90.4573,-90.0759,90.0495,-89.926,-0.0583,-0.4935,0.0955,,
1780127648,48689489,right_base_state,right_joint_1,right_joint_2,right_joint_3,right_joint_4,right_joint_5,right_joint_6,right_joint_7,-90.4573,-90.0759,90.0495,-89.926,-0.0582,-0.4935,0.0955,,
1780127648,58694129,right_base_state,right_joint_1,right_joint_2,right_joint_3,right_joint_4,right_joint_5,right_joint_6,right_joint_7,-90.4573,-90.0759,90.0495,-89.926,-0.0582,-0.4935,0.0955,,
1780127648,68700766,right_base_state,right_joint_1,right_joint_2,right_joint_3,right_joint_4,right_joint_5,right_joint_6,right_joint_7,-90.4573,-90.0759,90.0495,-89.926,-0.0582,-0.4935,0.0955,,
1780127648,78809822,right_base_state,right_joint_1,right_joint_2,right_joint_3,right_joint_4,right_joint_5,right_joint_6,right_joint_7,-90.4573,-90.0759,90.0495,-89.926,-0.0582,-0.4934,0.0955,,
1780127648,88732663,right_base_state,right_joint_1,right_joint_2,right_joint_3,right_joint_4,right_joint_5,right_joint_6,right_joint_7,-90.4573,-90.0759,90.0495,-89.926,-0.0583,-0.4934,0.0955,,
1780127648,99511611,right_base_state,right_joint_1,right_joint_2,right_joint_3,right_joint_4,right_joint_5,right_joint_6,right_joint_7,-90.4573,-90.0759,90.0495,-89.926,-0.0582,-0.4934,0.0955,,
1780127648,108744800,right_base_state,right_joint_1,right_joint_2,right_joint_3,right_joint_4,right_joint_5,right_joint_6,right_joint_7,-90.4573,-90.0759,90.0495,-89.926,-0.0582,-0.4935,0.0955,,
1780127648,118785874,right_base_state,right_joint_1,right_joint_2,right_joint_3,right_joint_4,right_joint_5,right_joint_6,right_joint_7,-90.4573,-90.0759,90.0495,-89.926,-0.0583,-0.4935,0.0955,,
1780127648,128718650,right_base_state,right_joint_1,right_joint_2,right_joint_3,right_joint_4,right_joint_5,right_joint_6,right_joint_7,-90.4573,-90.0759,90.0495,-89.926,-0.0583,-0.4935,0.0955,,
1780127648,138767496,right_base_state,right_joint_1,right_joint_2,right_joint_3,right_joint_4,right_joint_5,right_joint_6,right_joint_7,-90.4573,-90.0759,90.0495,-89.926,-0.0582,-0.4935,0.0955,,
1780127648,148937872,right_base_state,right_joint_1,right_joint_2,right_joint_3,right_joint_4,right_joint_5,right_joint_6,right_joint_7,-90.4573,-90.0759,90.0495,-89.926,-0.0582,-0.4935,0.0955,,
1780127648,158754527,right_base_state,right_joint_1,right_joint_2,right_joint_3,right_joint_4,right_joint_5,right_joint_6,right_joint_7,-90.4573,-90.0759,90.0495,-89.926,-0.0583,-0.4935,0.0955,,
1780127648,168990867,right_base_state,right_joint_1,right_joint_2,right_joint_3,right_joint_4,right_joint_5,right_joint_6,right_joint_7,-90.4573,-90.0759,90.0495,-89.926,-0.0582,-0.4934,0.0955,,
1780127648,178933762,right_base_state,right_joint_1,right_joint_2,right_joint_3,right_joint_4,right_joint_5,right_joint_6,right_joint_7,-90.4573,-90.0759,90.0495,-89.926,-0.0582,-0.4934,0.0955,,
1780127648,188955160,right_base_state,right_joint_1,right_joint_2,right_joint_3,right_joint_4,right_joint_5,right_joint_6,right_joint_7,-90.4573,-90.0759,90.0495,-89.926,-0.0582,-0.4935,0.0955,,
1780127648,198864508,right_base_state,right_joint_1,right_joint_2,right_joint_3,right_joint_4,right_joint_5,right_joint_6,right_joint_7,-90.4573,-90.0759,90.0495,-89.926,-0.0582,-0.4935,0.0955,,
1780127648,208711115,right_base_state,right_joint_1,right_joint_2,right_joint_3,right_joint_4,right_joint_5,right_joint_6,right_joint_7,-90.4573,-90.0759,90.0495,-89.926,-0.0582,-0.4935,0.0955,,
1780127648,218736814,right_base_state,right_joint_1,right_joint_2,right_joint_3,right_joint_4,right_joint_5,right_joint_6,right_joint_7,-90.4573,-90.0759,90.0495,-89.926,-0.0583,-0.4935,0.0955,,
1780127648,229091690,right_base_state,right_joint_1,right_joint_2,right_joint_3,right_joint_4,right_joint_5,right_joint_6,right_joint_7,-90.4573,-90.0759,90.0495,-89.926,-0.0582,-0.4935,0.0955,,
1780127648,240164167,right_base_state,right_joint_1,right_joint_2,right_joint_3,right_joint_4,right_joint_5,right_joint_6,right_joint_7,-90.4573,-90.0759,90.0495,-89.926,-0.0583,-0.4935,0.0955,,
1780127648,248836098,right_base_state,right_joint_1,right_joint_2,right_joint_3,right_joint_4,right_joint_5,right_joint_6,right_joint_7,-90.4573,-90.0759,90.0495,-89.926,-0.0583,-0.4934,0.0955,,
1780127648,258709450,right_base_state,right_joint_1,right_joint_2,right_joint_3,right_joint_4,right_joint_5,right_joint_6,right_joint_7,-90.4573,-90.0759,90.0495,-89.926,-0.0583,-0.4935,0.0955,,
1780127648,268732691,right_base_state,right_joint_1,right_joint_2,right_joint_3,right_joint_4,right_joint_5,right_joint_6,right_joint_7,-90.4573,-90.0759,90.0495,-89.926,-0.0582,-0.4935,0.0955,,
1780127648,278746175,right_base_state,right_joint_1,right_joint_2,right_joint_3,right_joint_4,right_joint_5,right_joint_6,right_joint_7,-90.4573,-90.0759,90.0495,-89.926,-0.0582,-0.4934,0.0955,,
1780127648,288764197,right_base_state,right_joint_1,right_joint_2,right_joint_3,right_joint_4,right_joint_5,right_joint_6,right_joint_7,-90.4573,-90.0759,90.0495,-89.926,-0.0583,-0.4935,0.0955,,
1780127648,298727172,right_base_state,right_joint_1,right_joint_2,right_joint_3,right_joint_4,right_joint_5,right_joint_6,right_joint_7,-90.4573,-90.0759,90.0495,-89.926,-0.0583,-0.4934,0.0955,,
1780127648,308908922,right_base_state,right_joint_1,right_joint_2,right_joint_3,right_joint_4,right_joint_5,right_joint_6,right_joint_7,-90.4573,-90.0759,90.0495,-89.926,-0.0582,-0.4935,0.0955,,
1780127648,318841022,right_base_state,right_joint_1,right_joint_2,right_joint_3,right_joint_4,right_joint_5,right_joint_6,right_joint_7,-90.4573,-90.0759,90.0495,-89.926,-0.0583,-0.4935,0.0955,,
1780127648,328810422,right_base_state,right_joint_1,right_joint_2,right_joint_3,right_joint_4,right_joint_5,right_joint_6,right_joint_7,-90.4573,-90.0759,90.0495,-89.926,-0.0582,-0.4934,0.0955,,
1780127648,339234148,right_base_state,right_joint_1,right_joint_2,right_joint_3,right_joint_4,right_joint_5,right_joint_6,right_joint_7,-90.4573,-90.0759,90.0495,-89.926,-0.0583,-0.4934,0.0955,,
1780127648,348974988,right_base_state,right_joint_1,right_joint_2,right_joint_3,right_joint_4,right_joint_5,right_joint_6,right_joint_7,-90.4573,-90.0759,90.0495,-89.926,-0.0582,-0.4934,0.0955,,
1780127648,358687289,right_base_state,right_joint_1,right_joint_2,right_joint_3,right_joint_4,right_joint_5,right_joint_6,right_joint_7,-90.4573,-90.0759,90.0495,-89.926,-0.0582,-0.4935,0.0955,,
1780127648,368753698,right_base_state,right_joint_1,right_joint_2,right_joint_3,right_joint_4,right_joint_5,right_joint_6,right_joint_7,-90.4573,-90.0759,90.0495,-89.926,-0.0583,-0.4935,0.0955,,
1780127648,378726332,right_base_state,right_joint_1,right_joint_2,right_joint_3,right_joint_4,right_joint_5,right_joint_6,right_joint_7,-90.4573,-90.0759,90.0495,-89.926,-0.0583,-0.4934,0.0955,,
1780127648,388780882,right_base_state,right_joint_1,right_joint_2,right_joint_3,right_joint_4,right_joint_5,right_joint_6,right_joint_7,-90.4573,-90.0759,90.0495,-89.926,-0.0583,-0.4935,0.0955,,
1780127648,398785823,right_base_state,right_joint_1,right_joint_2,right_joint_3,right_joint_4,right_joint_5,right_joint_6,right_joint_7,-90.4573,-90.0759,90.0495,-89.926,-0.0582,-0.4935,0.0955,,
1780127648,408702399,right_base_state,right_joint_1,right_joint_2,right_joint_3,right_joint_4,right_joint_5,right_joint_6,right_joint_7,-90.4573,-90.0759,90.0495,-89.926,-0.0583,-0.4934,0.0955,,
1780127648,418783316,right_base_state,right_joint_1,right_joint_2,right_joint_3,right_joint_4,right_joint_5,right_joint_6,right_joint_7,-90.4573,-90.0759,90.0495,-89.926,-0.0582,-0.4935,0.0955,,
1780127648,428985127,right_base_state,right_joint_1,right_joint_2,right_joint_3,right_joint_4,right_joint_5,right_joint_6,right_joint_7,-90.4573,-90.0759,90.0495,-89.926,-0.0583,-0.4935,0.0955,,
1780127648,438862641,right_base_state,right_joint_1,right_joint_2,right_joint_3,right_joint_4,right_joint_5,right_joint_6,right_joint_7,-90.4573,-90.0759,90.0495,-89.926,-0.0582,-0.4935,0.0955,,
1780127648,448932218,right_base_state,right_joint_1,right_joint_2,right_joint_3,right_joint_4,right_joint_5,right_joint_6,right_joint_7,-90.4573,-90.0759,90.0495,-89.926,-0.0583,-0.4935,0.0955,,
1780127648,460772730,right_base_state,right_joint_1,right_joint_2,right_joint_3,right_joint_4,right_joint_5,right_joint_6,right_joint_7,-90.4573,-90.0759,90.0495,-89.926,-0.0583,-0.4934,0.0955,,
1780127648,468741558,right_base_state,right_joint_1,right_joint_2,right_joint_3,right_joint_4,right_joint_5,right_joint_6,right_joint_7,-90.4573,-90.0759,90.0495,-89.926,-0.0582,-0.4935,0.0955,,
1780127648,478879851,right_base_state,right_joint_1,right_joint_2,right_joint_3,right_joint_4,right_joint_5,right_joint_6,right_joint_7,-90.4573,-90.0759,90.0495,-89.926,-0.0582,-0.4934,0.0955,,
1780127648,488776327,right_base_state,right_joint_1,right_joint_2,right_joint_3,right_joint_4,right_joint_5,right_joint_6,right_joint_7,-90.4573,-90.0759,90.0495,-89.926,-0.0583,-0.4935,0.0955,,
1780127648,498725034,right_base_state,right_joint_1,right_joint_2,right_joint_3,right_joint_4,right_joint_5,right_joint_6,right_joint_7,-90.4573,-90.0759,90.0495,-89.926,-0.0582,-0.4935,0.0955,,
1780127648,508685709,right_base_state,right_joint_1,right_joint_2,right_joint_3,right_joint_4,right_joint_5,right_joint_6,right_joint_7,-90.4573,-90.0759,90.0495,-89.926,-0.0583,-0.4935,0.0955,,
1780127648,518694367,right_base_state,right_joint_1,right_joint_2,right_joint_3,right_joint_4,right_joint_5,right_joint_6,right_joint_7,-90.4573,-90.0759,90.0495,-89.926,-0.0583,-0.4934,0.0955,,
1780127648,528837440,right_base_state,right_joint_1,right_joint_2,right_joint_3,right_joint_4,right_joint_5,right_joint_6,right_joint_7,-90.4573,-90.0759,90.0495,-89.926,-0.0582,-0.4935,0.0955,,
1780127648,538750536,right_base_state,right_joint_1,right_joint_2,right_joint_3,right_joint_4,right_joint_5,right_joint_6,right_joint_7,-90.4573,-90.0759,90.0495,-89.926,-0.0582,-0.4935,0.0955,,
1780127648,548806765,right_base_state,right_joint_1,right_joint_2,right_joint_3,right_joint_4,right_joint_5,right_joint_6,right_joint_7,-90.4573,-90.0759,90.0495,-89.926,-0.0583,-0.4935,0.0955,,
1780127648,558724332,right_base_state,right_joint_1,right_joint_2,right_joint_3,right_joint_4,right_joint_5,right_joint_6,right_joint_7,-90.4573,-90.0759,90.0495,-89.926,-0.0582,-0.4935,0.0955,,
1780127648,568739580,right_base_state,right_joint_1,right_joint_2,right_joint_3,right_joint_4,right_joint_5,right_joint_6,right_joint_7,-90.4573,-90.0759,90.0495,-89.926,-0.0583,-0.4934,0.0955,,
1780127648,578699762,right_base_state,right_joint_1,right_joint_2,right_joint_3,right_joint_4,right_joint_5,right_joint_6,right_joint_7,-90.4573,-90.0759,90.0495,-89.926,-0.0583,-0.4934,0.0955,,
1780127648,588829824,right_base_state,right_joint_1,right_joint_2,right_joint_3,right_joint_4,right_joint_5,right_joint_6,right_joint_7,-90.4573,-90.0759,90.0495,-89.926,-0.0582,-0.4935,0.0955,,
1780127648,598863733,right_base_state,right_joint_1,right_joint_2,right_joint_3,right_joint_4,right_joint_5,right_joint_6,right_joint_7,-90.4573,-90.0759,90.0495,-89.926,-0.0582,-0.4935,0.0955,,
1780127648,609200949,right_base_state,right_joint_1,right_joint_2,right_joint_3,right_joint_4,right_joint_5,right_joint_6,right_joint_7,-90.4573,-90.0759,90.0495,-89.926,-0.0583,-0.4935,0.0955,,
1780127648,618738026,right_base_state,right_joint_1,right_joint_2,right_joint_3,right_joint_4,right_joint_5,right_joint_6,right_joint_7,-90.4573,-90.0759,90.0495,-89.926,-0.0583,-0.4934,0.0955,,
1780127648,629116075,right_base_state,right_joint_1,right_joint_2,right_joint_3,right_joint_4,right_joint_5,right_joint_6,right_joint_7,-90.4573,-90.0759,90.0495,-89.926,-0.0582,-0.4935,0.0955,,
1780127648,639024944,right_base_state,right_joint_1,right_joint_2,right_joint_3,right_joint_4,right_joint_5,right_joint_6,right_joint_7,-90.4573,-90.0759,90.0495,-89.926,-0.0582,-0.4934,0.0955,,
1780127648,649124478,right_base_state,right_joint_1,right_joint_2,right_joint_3,right_joint_4,right_joint_5,right_joint_6,right_joint_7,-90.4573,-90.0759,90.0495,-89.926,-0.0583,-0.4934,0.0955,,
1780127648,658707295,right_base_state,right_joint_1,right_joint_2,right_joint_3,right_joint_4,right_joint_5,right_joint_6,right_joint_7,-90.4573,-90.0759,90.0495,-89.926,-0.0582,-0.4934,0.0955,,
1780127648,668798282,right_base_state,right_joint_1,right_joint_2,right_joint_3,right_joint_4,right_joint_5,right_joint_6,right_joint_7,-90.4573,-90.0759,90.0495,-89.926,-0.0582,-0.4935,0.0955,,
1780127648,678760252,right_base_state,right_joint_1,right_joint_2,right_joint_3,right_joint_4,right_joint_5,right_joint_6,right_joint_7,-90.4573,-90.0759,90.0495,-89.926,-0.0582,-0.4934,0.0955,,
1780127648,689039235,right_base_state,right_joint_1,right_joint_2,right_joint_3,right_joint_4,right_joint_5,right_joint_6,right_joint_7,-90.4573,-90.0759,90.0495,-89.926,-0.0583,-0.4935,0.0955,,
1780127648,698812885,right_base_state,right_joint_1,right_joint_2,right_joint_3,right_joint_4,right_joint_5,right_joint_6,right_joint_7,-90.4573,-90.0759,90.0495,-89.926,-0.0582,-0.4935,0.0955,,
1780127648,708683083,right_base_state,right_joint_1,right_joint_2,right_joint_3,right_joint_4,right_joint_5,right_joint_6,right_joint_7,-90.4573,-90.0759,90.0495,-89.926,-0.0583,-0.4934,0.0955,,
1780127648,718734174,right_base_state,right_joint_1,right_joint_2,right_joint_3,right_joint_4,right_joint_5,right_joint_6,right_joint_7,-90.4573,-90.0759,90.0495,-89.926,-0.0582,-0.4935,0.0955,,
1780127648,728735178,right_base_state,right_joint_1,right_joint_2,right_joint_3,right_joint_4,right_joint_5,right_joint_6,right_joint_7,-90.4573,-90.0759,90.0495,-89.926,-0.0582,-0.4935,0.0955,,
1780127648,738836241,right_base_state,right_joint_1,right_joint_2,right_joint_3,right_joint_4,right_joint_5,right_joint_6,right_joint_7,-90.4573,-90.0759,90.0495,-89.926,-0.0582,-0.4935,0.0955,,
1780127648,748941833,right_base_state,right_joint_1,right_joint_2,right_joint_3,right_joint_4,right_joint_5,right_joint_6,right_joint_7,-90.4573,-90.0759,90.0495,-89.926,-0.0583,-0.4935,0.0955,,
1780127648,758753422,right_base_state,right_joint_1,right_joint_2,right_joint_3,right_joint_4,right_joint_5,right_joint_6,right_joint_7,-90.4573,-90.0759,90.0495,-89.926,-0.0582,-0.4935,0.0955,,
1780127648,768771058,right_base_state,right_joint_1,right_joint_2,right_joint_3,right_joint_4,right_joint_5,right_joint_6,right_joint_7,-90.4573,-90.0759,90.0495,-89.926,-0.0583,-0.4934,0.0955,,
1780127648,778747476,right_base_state,right_joint_1,right_joint_2,right_joint_3,right_joint_4,right_joint_5,right_joint_6,right_joint_7,-90.4573,-90.0759,90.0495,-89.926,-0.0583,-0.4935,0.0955,,
1780127648,788745658,right_base_state,right_joint_1,right_joint_2,right_joint_3,right_joint_4,right_joint_5,right_joint_6,right_joint_7,-90.4573,-90.0759,90.0495,-89.926,-0.0582,-0.4935,0.0955,,
1780127648,798839274,right_base_state,right_joint_1,right_joint_2,right_joint_3,right_joint_4,right_joint_5,right_joint_6,right_joint_7,-90.4573,-90.0759,90.0495,-89.926,-0.0582,-0.4935,0.0955,,
1780127648,808916968,right_base_state,right_joint_1,right_joint_2,right_joint_3,right_joint_4,right_joint_5,right_joint_6,right_joint_7,-90.4573,-90.0759,90.0495,-89.926,-0.0582,-0.4934,0.0955,,
1780127648,818923626,right_base_state,right_joint_1,right_joint_2,right_joint_3,right_joint_4,right_joint_5,right_joint_6,right_joint_7,-90.4573,-90.0759,90.0495,-89.926,-0.0582,-0.4935,0.0955,,
1780127648,828884628,right_base_state,right_joint_1,right_joint_2,right_joint_3,right_joint_4,right_joint_5,right_joint_6,right_joint_7,-90.4573,-90.0759,90.0495,-89.926,-0.0583,-0.4935,0.0955,,
1780127648,838786115,right_base_state,right_joint_1,right_joint_2,right_joint_3,right_joint_4,right_joint_5,right_joint_6,right_joint_7,-90.4573,-90.0759,90.0495,-89.926,-0.0582,-0.4934,0.0955,,
1780127648,848818992,right_base_state,right_joint_1,right_joint_2,right_joint_3,right_joint_4,right_joint_5,right_joint_6,right_joint_7,-90.4573,-90.0759,90.0495,-89.926,-0.0583,-0.4935,0.0955,,
1780127648,858931348,right_base_state,right_joint_1,right_joint_2,right_joint_3,right_joint_4,right_joint_5,right_joint_6,right_joint_7,-90.4573,-90.0759,90.0495,-89.926,-0.0583,-0.4934,0.0955,,
1780127648,868779812,right_base_state,right_joint_1,right_joint_2,right_joint_3,right_joint_4,right_joint_5,right_joint_6,right_joint_7,-90.4573,-90.0759,90.0495,-89.926,-0.0582,-0.4935,0.0955,,
1780127648,878892637,right_base_state,right_joint_1,right_joint_2,right_joint_3,right_joint_4,right_joint_5,right_joint_6,right_joint_7,-90.4573,-90.0759,90.0495,-89.926,-0.0583,-0.4935,0.0955,,
1780127648,888849187,right_base_state,right_joint_1,right_joint_2,right_joint_3,right_joint_4,right_joint_5,right_joint_6,right_joint_7,-90.4573,-90.0759,90.0495,-89.926,-0.0583,-0.4935,0.0955,,
1780127648,898882212,right_base_state,right_joint_1,right_joint_2,right_joint_3,right_joint_4,right_joint_5,right_joint_6,right_joint_7,-90.4573,-90.0759,90.0495,-89.926,-0.0583,-0.4935,0.0955,,
1780127648,908690273,right_base_state,right_joint_1,right_joint_2,right_joint_3,right_joint_4,right_joint_5,right_joint_6,right_joint_7,-90.4573,-90.0759,90.0495,-89.926,-0.0583,-0.4935,0.0955,,
1780127648,918825932,right_base_state,right_joint_1,right_joint_2,right_joint_3,right_joint_4,right_joint_5,right_joint_6,right_joint_7,-90.4573,-90.0759,90.0495,-89.926,-0.0582,-0.4934,0.0955,,
1780127648,928713501,right_base_state,right_joint_1,right_joint_2,right_joint_3,right_joint_4,right_joint_5,right_joint_6,right_joint_7,-90.4573,-90.0759,90.0495,-89.926,-0.0583,-0.4934,0.0955,,
1780127648,938700747,right_base_state,right_joint_1,right_joint_2,right_joint_3,right_joint_4,right_joint_5,right_joint_6,right_joint_7,-90.4573,-90.0759,90.0495,-89.926,-0.0582,-0.4935,0.0955,,
1780127648,948690447,right_base_state,right_joint_1,right_joint_2,right_joint_3,right_joint_4,right_joint_5,right_joint_6,right_joint_7,-90.4573,-90.0759,90.0495,-89.926,-0.0582,-0.4935,0.0955,,
1780127648,958665432,right_base_state,right_joint_1,right_joint_2,right_joint_3,right_joint_4,right_joint_5,right_joint_6,right_joint_7,-90.4573,-90.0759,90.0495,-89.926,-0.0583,-0.4935,0.0955,,
1780127648,968768599,right_base_state,right_joint_1,right_joint_2,right_joint_3,right_joint_4,right_joint_5,right_joint_6,right_joint_7,-90.4573,-90.0759,90.0495,-89.926,-0.0582,-0.4934,0.0955,,
1780127648,978704942,right_base_state,right_joint_1,right_joint_2,right_joint_3,right_joint_4,right_joint_5,right_joint_6,right_joint_7,-90.4573,-90.0759,90.0495,-89.926,-0.0582,-0.4935,0.0955,,
1780127648,989938948,right_base_state,right_joint_1,right_joint_2,right_joint_3,right_joint_4,right_joint_5,right_joint_6,right_joint_7,-90.4573,-90.0759,90.0495,-89.926,-0.0582,-0.4935,0.0955,,
1780127648,998797407,right_base_state,right_joint_1,right_joint_2,right_joint_3,right_joint_4,right_joint_5,right_joint_6,right_joint_7,-90.4573,-90.0759,90.0495,-89.926,-0.0582,-0.4935,0.0955,,
1780127649,8684901,right_base_state,right_joint_1,right_joint_2,right_joint_3,right_joint_4,right_joint_5,right_joint_6,right_joint_7,-90.4573,-90.0759,90.0495,-89.926,-0.0583,-0.4935,0.0955,,
1780127649,18783452,right_base_state,right_joint_1,right_joint_2,right_joint_3,right_joint_4,right_joint_5,right_joint_6,right_joint_7,-90.4573,-90.0759,90.0495,-89.926,-0.0582,-0.4935,0.0955,,
1780127649,28949531,right_base_state,right_joint_1,right_joint_2,right_joint_3,right_joint_4,right_joint_5,right_joint_6,right_joint_7,-90.4573,-90.0759,90.0496,-89.926,-0.0582,-0.4935,0.0955,,
1780127649,38994988,right_base_state,right_joint_1,right_joint_2,right_joint_3,right_joint_4,right_joint_5,right_joint_6,right_joint_7,-90.4573,-90.0759,90.0495,-89.926,-0.0583,-0.4935,0.0955,,
1780127649,48912879,right_base_state,right_joint_1,right_joint_2,right_joint_3,right_joint_4,right_joint_5,right_joint_6,right_joint_7,-90.4573,-90.0759,90.0495,-89.926,-0.0582,-0.4935,0.0955,,
1780127649,58697605,right_base_state,right_joint_1,right_joint_2,right_joint_3,right_joint_4,right_joint_5,right_joint_6,right_joint_7,-90.4573,-90.0759,90.0495,-89.926,-0.0582,-0.4935,0.0955,,
1780127649,68843688,right_base_state,right_joint_1,right_joint_2,right_joint_3,right_joint_4,right_joint_5,right_joint_6,right_joint_7,-90.4573,-90.0759,90.0495,-89.926,-0.0582,-0.4935,0.0955,,
1780127649,78748995,right_base_state,right_joint_1,right_joint_2,right_joint_3,right_joint_4,right_joint_5,right_joint_6,right_joint_7,-90.4573,-90.0759,90.0495,-89.926,-0.0583,-0.4935,0.0955,,
1780127649,88721174,right_base_state,right_joint_1,right_joint_2,right_joint_3,right_joint_4,right_joint_5,right_joint_6,right_joint_7,-90.4573,-90.0759,90.0495,-89.926,-0.0582,-0.4935,0.0955,,
1780127649,99464786,right_base_state,right_joint_1,right_joint_2,right_joint_3,right_joint_4,right_joint_5,right_joint_6,right_joint_7,-90.4573,-90.0759,90.0495,-89.926,-0.0583,-0.4935,0.0955,,
1780127649,109004950,right_base_state,right_joint_1,right_joint_2,right_joint_3,right_joint_4,right_joint_5,right_joint_6,right_joint_7,-90.4573,-90.0759,90.0495,-89.926,-0.0582,-0.4934,0.0955,,
1780127649,118744924,right_base_state,right_joint_1,right_joint_2,right_joint_3,right_joint_4,right_joint_5,right_joint_6,right_joint_7,-90.4573,-90.0759,90.0495,-89.926,-0.0583,-0.4935,0.0955,,
1780127649,128847349,right_base_state,right_joint_1,right_joint_2,right_joint_3,right_joint_4,right_joint_5,right_joint_6,right_joint_7,-90.4573,-90.0759,90.0495,-89.926,-0.0582,-0.4935,0.0955,,
1780127649,139068941,right_base_state,right_joint_1,right_joint_2,right_joint_3,right_joint_4,right_joint_5,right_joint_6,right_joint_7,-90.4573,-90.0759,90.0495,-89.926,-0.0583,-0.4935,0.0955,,
1780127649,148915667,right_base_state,right_joint_1,right_joint_2,right_joint_3,right_joint_4,right_joint_5,right_joint_6,right_joint_7,-90.4573,-90.0759,90.0495,-89.926,-0.0582,-0.4935,0.0955,,
1780127649,158704374,right_base_state,right_joint_1,right_joint_2,right_joint_3,right_joint_4,right_joint_5,right_joint_6,right_joint_7,-90.4573,-90.0759,90.0495,-89.926,-0.0583,-0.4935,0.0955,,
1780127649,168828085,right_base_state,right_joint_1,right_joint_2,right_joint_3,right_joint_4,right_joint_5,right_joint_6,right_joint_7,-90.4573,-90.0759,90.0495,-89.926,-0.0583,-0.4934,0.0955,,
1780127649,179002072,right_base_state,right_joint_1,right_joint_2,right_joint_3,right_joint_4,right_joint_5,right_joint_6,right_joint_7,-90.4573,-90.0759,90.0495,-89.926,-0.0582,-0.4935,0.0955,,
1780127649,188893180,right_base_state,right_joint_1,right_joint_2,right_joint_3,right_joint_4,right_joint_5,right_joint_6,right_joint_7,-90.4573,-90.0759,90.0495,-89.926,-0.0583,-0.4934,0.0955,,
1780127649,198918620,right_base_state,right_joint_1,right_joint_2,right_joint_3,right_joint_4,right_joint_5,right_joint_6,right_joint_7,-90.4573,-90.0759,90.0495,-89.926,-0.0582,-0.4935,0.0955,,
1780127649,208834997,right_base_state,right_joint_1,right_joint_2,right_joint_3,right_joint_4,right_joint_5,right_joint_6,right_joint_7,-90.4573,-90.0759,90.0495,-89.926,-0.0583,-0.4935,0.0955,,
1780127649,218715446,right_base_state,right_joint_1,right_joint_2,right_joint_3,right_joint_4,right_joint_5,right_joint_6,right_joint_7,-90.4573,-90.0759,90.0495,-89.926,-0.0582,-0.4935,0.0955,,
1780127649,228753975,right_base_state,right_joint_1,right_joint_2,right_joint_3,right_joint_4,right_joint_5,right_joint_6,right_joint_7,-90.4573,-90.0759,90.0495,-89.926,-0.0583,-0.4935,0.0955,,
1780127649,238754549,right_base_state,right_joint_1,right_joint_2,right_joint_3,right_joint_4,right_joint_5,right_joint_6,right_joint_7,-90.4573,-90.0759,90.0495,-89.926,-0.0583,-0.4935,0.0955,,
1780127649,248731259,right_base_state,right_joint_1,right_joint_2,right_joint_3,right_joint_4,right_joint_5,right_joint_6,right_joint_7,-90.4573,-90.0759,90.0495,-89.926,-0.0582,-0.4935,0.0955,,
1780127649,259737502,right_base_state,right_joint_1,right_joint_2,right_joint_3,right_joint_4,right_joint_5,right_joint_6,right_joint_7,-90.4573,-90.0759,90.0495,-89.926,-0.0583,-0.4935,0.0955,,
1780127649,268738299,right_base_state,right_joint_1,right_joint_2,right_joint_3,right_joint_4,right_joint_5,right_joint_6,right_joint_7,-90.4573,-90.0759,90.0495,-89.926,-0.0583,-0.4935,0.0955,,
1780127649,278985705,right_base_state,right_joint_1,right_joint_2,right_joint_3,right_joint_4,right_joint_5,right_joint_6,right_joint_7,-90.4573,-90.0759,90.0495,-89.926,-0.0582,-0.4935,0.0955,,
1780127649,289021424,right_base_state,right_joint_1,right_joint_2,right_joint_3,right_joint_4,right_joint_5,right_joint_6,right_joint_7,-90.4573,-90.0759,90.0495,-89.926,-0.0583,-0.4934,0.0955,,
1780127649,298735420,right_base_state,right_joint_1,right_joint_2,right_joint_3,right_joint_4,right_joint_5,right_joint_6,right_joint_7,-90.4573,-90.0759,90.0495,-89.926,-0.0582,-0.4934,0.0955,,
1780127649,308696051,right_base_state,right_joint_1,right_joint_2,right_joint_3,right_joint_4,right_joint_5,right_joint_6,right_joint_7,-90.4573,-90.0759,90.0495,-89.926,-0.0582,-0.4935,0.0955,,
1780127649,318904817,right_base_state,right_joint_1,right_joint_2,right_joint_3,right_joint_4,right_joint_5,right_joint_6,right_joint_7,-90.4573,-90.0759,90.0495,-89.926,-0.0582,-0.4935,0.0955,,
1780127649,328882684,right_base_state,right_joint_1,right_joint_2,right_joint_3,right_joint_4,right_joint_5,right_joint_6,right_joint_7,-90.4573,-90.0759,90.0495,-89.926,-0.0582,-0.4934,0.0955,,
1780127649,338717375,right_base_state,right_joint_1,right_joint_2,right_joint_3,right_joint_4,right_joint_5,right_joint_6,right_joint_7,-90.4573,-90.0759,90.0495,-89.926,-0.0582,-0.4935,0.0955,,
1780127649,348951778,right_base_state,right_joint_1,right_joint_2,right_joint_3,right_joint_4,right_joint_5,right_joint_6,right_joint_7,-90.4573,-90.0759,90.0495,-89.926,-0.0582,-0.4935,0.0955,,
1780127649,358686279,right_base_state,right_joint_1,right_joint_2,right_joint_3,right_joint_4,right_joint_5,right_joint_6,right_joint_7,-90.4573,-90.0759,90.0495,-89.926,-0.0582,-0.4935,0.0955,,
1780127649,368754632,right_base_state,right_joint_1,right_joint_2,right_joint_3,right_joint_4,right_joint_5,right_joint_6,right_joint_7,-90.4573,-90.0759,90.0495,-89.926,-0.0582,-0.4934,0.0955,,
1780127649,378736692,right_base_state,right_joint_1,right_joint_2,right_joint_3,right_joint_4,right_joint_5,right_joint_6,right_joint_7,-90.4573,-90.0759,90.0495,-89.926,-0.0583,-0.4935,0.0955,,
1780127649,388728678,right_base_state,right_joint_1,right_joint_2,right_joint_3,right_joint_4,right_joint_5,right_joint_6,right_joint_7,-90.4573,-90.0759,90.0495,-89.926,-0.0582,-0.4934,0.0955,,
1780127649,398739532,right_base_state,right_joint_1,right_joint_2,right_joint_3,right_joint_4,right_joint_5,right_joint_6,right_joint_7,-90.4573,-90.0759,90.0495,-89.926,-0.0583,-0.4935,0.0955,,
1780127649,408727073,right_base_state,right_joint_1,right_joint_2,right_joint_3,right_joint_4,right_joint_5,right_joint_6,right_joint_7,-90.4573,-90.0759,90.0495,-89.926,-0.0582,-0.4935,0.0955,,
1780127649,418928260,right_base_state,right_joint_1,right_joint_2,right_joint_3,right_joint_4,right_joint_5,right_joint_6,right_joint_7,-90.4573,-90.0759,90.0495,-89.926,-0.0582,-0.4935,0.0955,,
1780127649,428985125,right_base_state,right_joint_1,right_joint_2,right_joint_3,right_joint_4,right_joint_5,right_joint_6,right_joint_7,-90.4573,-90.0759,90.0495,-89.926,-0.0582,-0.4935,0.0955,,
1780127649,438762817,right_base_state,right_joint_1,right_joint_2,right_joint_3,right_joint_4,right_joint_5,right_joint_6,right_joint_7,-90.4573,-90.0759,90.0495,-89.926,-0.0582,-0.4935,0.0955,,
1780127649,448733646,right_base_state,right_joint_1,right_joint_2,right_joint_3,right_joint_4,right_joint_5,right_joint_6,right_joint_7,-90.4573,-90.0759,90.0495,-89.926,-0.0583,-0.4934,0.0955,,
1780127649,458687811,right_base_state,right_joint_1,right_joint_2,right_joint_3,right_joint_4,right_joint_5,right_joint_6,right_joint_7,-90.4573,-90.0759,90.0495,-89.926,-0.0582,-0.4935,0.0955,,
1780127649,468695573,right_base_state,right_joint_1,right_joint_2,right_joint_3,right_joint_4,right_joint_5,right_joint_6,right_joint_7,-90.4573,-90.0759,90.0495,-89.926,-0.0582,-0.4935,0.0955,,
1780127649,478753446,right_base_state,right_joint_1,right_joint_2,right_joint_3,right_joint_4,right_joint_5,right_joint_6,right_joint_7,-90.4573,-90.0759,90.0495,-89.926,-0.0583,-0.4934,0.0955,,
1780127649,489031715,right_base_state,right_joint_1,right_joint_2,right_joint_3,right_joint_4,right_joint_5,right_joint_6,right_joint_7,-90.4573,-90.0759,90.0495,-89.926,-0.0582,-0.4934,0.0955,,
1780127649,498853657,right_base_state,right_joint_1,right_joint_2,right_joint_3,right_joint_4,right_joint_5,right_joint_6,right_joint_7,-90.4573,-90.0759,90.0495,-89.926,-0.0582,-0.4935,0.0955,,
1780127649,508679321,right_base_state,right_joint_1,right_joint_2,right_joint_3,right_joint_4,right_joint_5,right_joint_6,right_joint_7,-90.4573,-90.0759,90.0495,-89.926,-0.0582,-0.4935,0.0955,,
1780127649,518831906,right_base_state,right_joint_1,right_joint_2,right_joint_3,right_joint_4,right_joint_5,right_joint_6,right_joint_7,-90.4573,-90.0759,90.0495,-89.926,-0.0583,-0.4935,0.0955,,
1780127649,528817612,right_base_state,right_joint_1,right_joint_2,right_joint_3,right_joint_4,right_joint_5,right_joint_6,right_joint_7,-90.4573,-90.0759,90.0495,-89.926,-0.0583,-0.4934,0.0955,,
1780127649,538834081,right_base_state,right_joint_1,right_joint_2,right_joint_3,right_joint_4,right_joint_5,right_joint_6,right_joint_7,-90.4573,-90.0759,90.0495,-89.926,-0.0583,-0.4935,0.0955,,
1780127649,548949602,right_base_state,right_joint_1,right_joint_2,right_joint_3,right_joint_4,right_joint_5,right_joint_6,right_joint_7,-90.4573,-90.0759,90.0495,-89.926,-0.0582,-0.4935,0.0955,,
1780127649,558756494,right_base_state,right_joint_1,right_joint_2,right_joint_3,right_joint_4,right_joint_5,right_joint_6,right_joint_7,-90.4573,-90.0759,90.0495,-89.926,-0.0583,-0.4935,0.0955,,
1780127649,568952453,right_base_state,right_joint_1,right_joint_2,right_joint_3,right_joint_4,right_joint_5,right_joint_6,right_joint_7,-90.4573,-90.0759,90.0495,-89.926,-0.0582,-0.4935,0.0955,,
1780127649,578864572,right_base_state,right_joint_1,right_joint_2,right_joint_3,right_joint_4,right_joint_5,right_joint_6,right_joint_7,-90.4573,-90.0759,90.0495,-89.926,-0.0582,-0.4934,0.0955,,
1780127649,588813106,right_base_state,right_joint_1,right_joint_2,right_joint_3,right_joint_4,right_joint_5,right_joint_6,right_joint_7,-90.4573,-90.0759,90.0495,-89.926,-0.0583,-0.4934,0.0955,,
1780127649,598840042,right_base_state,right_joint_1,right_joint_2,right_joint_3,right_joint_4,right_joint_5,right_joint_6,right_joint_7,-90.4573,-90.0759,90.0495,-89.926,-0.0582,-0.4934,0.0955,,
1780127649,608776926,right_base_state,right_joint_1,right_joint_2,right_joint_3,right_joint_4,right_joint_5,right_joint_6,right_joint_7,-90.4573,-90.0759,90.0495,-89.926,-0.0582,-0.4935,0.0955,,
1780127649,618779404,right_base_state,right_joint_1,right_joint_2,right_joint_3,right_joint_4,right_joint_5,right_joint_6,right_joint_7,-90.4573,-90.0759,90.0495,-89.926,-0.0583,-0.4935,0.0955,,
1780127649,628828631,right_base_state,right_joint_1,right_joint_2,right_joint_3,right_joint_4,right_joint_5,right_joint_6,right_joint_7,-90.4573,-90.0759,90.0495,-89.926,-0.0582,-0.4935,0.0955,,
1780127649,638884385,right_base_state,right_joint_1,right_joint_2,right_joint_3,right_joint_4,right_joint_5,right_joint_6,right_joint_7,-90.4573,-90.0759,90.0495,-89.926,-0.0582,-0.4934,0.0955,,
1780127649,649048635,right_base_state,right_joint_1,right_joint_2,right_joint_3,right_joint_4,right_joint_5,right_joint_6,right_joint_7,-90.4573,-90.0759,90.0495,-89.926,-0.0583,-0.4934,0.0955,,
1780127649,658742492,right_base_state,right_joint_1,right_joint_2,right_joint_3,right_joint_4,right_joint_5,right_joint_6,right_joint_7,-90.4573,-90.0759,90.0495,-89.926,-0.0582,-0.4935,0.0955,,
1780127649,668925713,right_base_state,right_joint_1,right_joint_2,right_joint_3,right_joint_4,right_joint_5,right_joint_6,right_joint_7,-90.4573,-90.0759,90.0495,-89.926,-0.0583,-0.4934,0.0955,,
1780127649,678904682,right_base_state,right_joint_1,right_joint_2,right_joint_3,right_joint_4,right_joint_5,right_joint_6,right_joint_7,-90.4573,-90.0759,90.0495,-89.926,-0.0582,-0.4934,0.0955,,
1780127649,688833861,right_base_state,right_joint_1,right_joint_2,right_joint_3,right_joint_4,right_joint_5,right_joint_6,right_joint_7,-90.4573,-90.0759,90.0495,-89.926,-0.0583,-0.4935,0.0955,,
1780127649,698723599,right_base_state,right_joint_1,right_joint_2,right_joint_3,right_joint_4,right_joint_5,right_joint_6,right_joint_7,-90.4573,-90.0759,90.0495,-89.926,-0.0583,-0.4935,0.0955,,
1780127649,708683554,right_base_state,right_joint_1,right_joint_2,right_joint_3,right_joint_4,right_joint_5,right_joint_6,right_joint_7,-90.4573,-90.0759,90.0495,-89.926,-0.0582,-0.4935,0.0955,,
1780127649,718796614,right_base_state,right_joint_1,right_joint_2,right_joint_3,right_joint_4,right_joint_5,right_joint_6,right_joint_7,-90.4573,-90.0759,90.0495,-89.926,-0.0583,-0.4934,0.0955,,
1780127649,728817682,right_base_state,right_joint_1,right_joint_2,right_joint_3,right_joint_4,right_joint_5,right_joint_6,right_joint_7,-90.4573,-90.0759,90.0495,-89.926,-0.0583,-0.4935,0.0955,,
1780127649,738859467,right_base_state,right_joint_1,right_joint_2,right_joint_3,right_joint_4,right_joint_5,right_joint_6,right_joint_7,-90.4573,-90.0759,90.0495,-89.926,-0.0582,-0.4934,0.0955,,
1780127649,748715379,right_base_state,right_joint_1,right_joint_2,right_joint_3,right_joint_4,right_joint_5,right_joint_6,right_joint_7,-90.4573,-90.0759,90.0495,-89.926,-0.0582,-0.4935,0.0955,,
1780127649,758812630,right_base_state,right_joint_1,right_joint_2,right_joint_3,right_joint_4,right_joint_5,right_joint_6,right_joint_7,-90.4573,-90.0759,90.0495,-89.926,-0.0582,-0.4935,0.0955,,
1780127649,768982653,right_base_state,right_joint_1,right_joint_2,right_joint_3,right_joint_4,right_joint_5,right_joint_6,right_joint_7,-90.4573,-90.0759,90.0495,-89.926,-0.0582,-0.4934,0.0955,,
1780127649,778869489,right_base_state,right_joint_1,right_joint_2,right_joint_3,right_joint_4,right_joint_5,right_joint_6,right_joint_7,-90.4573,-90.0759,90.0495,-89.926,-0.0582,-0.4934,0.0955,,
1780127649,788767442,right_base_state,right_joint_1,right_joint_2,right_joint_3,right_joint_4,right_joint_5,right_joint_6,right_joint_7,-90.4573,-90.0759,90.0495,-89.926,-0.0582,-0.4935,0.0955,,
1780127649,798736962,right_base_state,right_joint_1,right_joint_2,right_joint_3,right_joint_4,right_joint_5,right_joint_6,right_joint_7,-90.4573,-90.0759,90.0495,-89.926,-0.0582,-0.4935,0.0955,,
1780127649,808688487,right_base_state,right_joint_1,right_joint_2,right_joint_3,right_joint_4,right_joint_5,right_joint_6,right_joint_7,-90.4573,-90.0759,90.0495,-89.926,-0.0583,-0.4935,0.0955,,
1780127649,818887799,right_base_state,right_joint_1,right_joint_2,right_joint_3,right_joint_4,right_joint_5,right_joint_6,right_joint_7,-90.4573,-90.0759,90.0495,-89.926,-0.0582,-0.4935,0.0955,,
1780127649,828819592,right_base_state,right_joint_1,right_joint_2,right_joint_3,right_joint_4,right_joint_5,right_joint_6,right_joint_7,-90.4573,-90.0759,90.0495,-89.926,-0.0582,-0.4935,0.0955,,
1780127649,838949000,right_base_state,right_joint_1,right_joint_2,right_joint_3,right_joint_4,right_joint_5,right_joint_6,right_joint_7,-90.4573,-90.0759,90.0495,-89.926,-0.0583,-0.4935,0.0955,,
1780127649,848811868,right_base_state,right_joint_1,right_joint_2,right_joint_3,right_joint_4,right_joint_5,right_joint_6,right_joint_7,-90.4573,-90.0759,90.0495,-89.926,-0.0583,-0.4935,0.0955,,
1780127649,859264953,right_base_state,right_joint_1,right_joint_2,right_joint_3,right_joint_4,right_joint_5,right_joint_6,right_joint_7,-90.4573,-90.0759,90.0495,-89.926,-0.0582,-0.4935,0.0955,,
1780127649,868772705,right_base_state,right_joint_1,right_joint_2,right_joint_3,right_joint_4,right_joint_5,right_joint_6,right_joint_7,-90.4573,-90.0759,90.0495,-89.926,-0.0582,-0.4935,0.0955,,
1780127649,878734256,right_base_state,right_joint_1,right_joint_2,right_joint_3,right_joint_4,right_joint_5,right_joint_6,right_joint_7,-90.4573,-90.0759,90.0495,-89.926,-0.0582,-0.4935,0.0955,,
1780127649,888718999,right_base_state,right_joint_1,right_joint_2,right_joint_3,right_joint_4,right_joint_5,right_joint_6,right_joint_7,-90.4573,-90.0759,90.0495,-89.926,-0.0582,-0.4935,0.0955,,
1780127649,898752623,right_base_state,right_joint_1,right_joint_2,right_joint_3,right_joint_4,right_joint_5,right_joint_6,right_joint_7,-90.4573,-90.0759,90.0495,-89.926,-0.0583,-0.4934,0.0955,,
1780127649,908686685,right_base_state,right_joint_1,right_joint_2,right_joint_3,right_joint_4,right_joint_5,right_joint_6,right_joint_7,-90.4573,-90.0759,90.0495,-89.926,-0.0582,-0.4935,0.0955,,
1780127649,918777631,right_base_state,right_joint_1,right_joint_2,right_joint_3,right_joint_4,right_joint_5,right_joint_6,right_joint_7,-90.4573,-90.0759,90.0495,-89.926,-0.0582,-0.4934,0.0955,,
1780127649,928720433,right_base_state,right_joint_1,right_joint_2,right_joint_3,right_joint_4,right_joint_5,right_joint_6,right_joint_7,-90.4573,-90.0759,90.0495,-89.926,-0.0583,-0.4934,0.0955,,
1780127649,938740839,right_base_state,right_joint_1,right_joint_2,right_joint_3,right_joint_4,right_joint_5,right_joint_6,right_joint_7,-90.4573,-90.0759,90.0495,-89.926,-0.0583,-0.4935,0.0955,,
1780127649,948887047,right_base_state,right_joint_1,right_joint_2,right_joint_3,right_joint_4,right_joint_5,right_joint_6,right_joint_7,-90.4573,-90.0759,90.0495,-89.926,-0.0583,-0.4935,0.0955,,
1780127649,958792402,right_base_state,right_joint_1,right_joint_2,right_joint_3,right_joint_4,right_joint_5,right_joint_6,right_joint_7,-90.4573,-90.0759,90.0495,-89.926,-0.0583,-0.4934,0.0955,,
1780127649,968743476,right_base_state,right_joint_1,right_joint_2,right_joint_3,right_joint_4,right_joint_5,right_joint_6,right_joint_7,-90.4573,-90.0759,90.0495,-89.926,-0.0582,-0.4935,0.0955,,
1780127649,978878217,right_base_state,right_joint_1,right_joint_2,right_joint_3,right_joint_4,right_joint_5,right_joint_6,right_joint_7,-90.4573,-90.0759,90.0495,-89.926,-0.0582,-0.4935,0.0955,,
1780127649,989428408,right_base_state,right_joint_1,right_joint_2,right_joint_3,right_joint_4,right_joint_5,right_joint_6,right_joint_7,-90.4573,-90.0759,90.0495,-89.926,-0.0582,-0.4935,0.0955,,
1780127649,999139318,right_base_state,right_joint_1,right_joint_2,right_joint_3,right_joint_4,right_joint_5,right_joint_6,right_joint_7,-90.4573,-90.0759,90.0495,-89.926,-0.0582,-0.4935,0.0955,,
1780127650,8694065,right_base_state,right_joint_1,right_joint_2,right_joint_3,right_joint_4,right_joint_5,right_joint_6,right_joint_7,-90.4573,-90.0759,90.0495,-89.926,-0.0582,-0.4935,0.0955,,
1780127650,18898781,right_base_state,right_joint_1,right_joint_2,right_joint_3,right_joint_4,right_joint_5,right_joint_6,right_joint_7,-90.4573,-90.0759,90.0495,-89.926,-0.0582,-0.4935,0.0955,,
1780127650,28948092,right_base_state,right_joint_1,right_joint_2,right_joint_3,right_joint_4,right_joint_5,right_joint_6,right_joint_7,-90.4573,-90.0759,90.0495,-89.926,-0.0583,-0.4935,0.0955,,
1780127650,38708460,right_base_state,right_joint_1,right_joint_2,right_joint_3,right_joint_4,right_joint_5,right_joint_6,right_joint_7,-90.4573,-90.0759,90.0495,-89.926,-0.0582,-0.4935,0.0955,,
1780127650,48785262,right_base_state,right_joint_1,right_joint_2,right_joint_3,right_joint_4,right_joint_5,right_joint_6,right_joint_7,-90.4573,-90.0759,90.0495,-89.926,-0.0582,-0.4935,0.0955,,
1780127650,58686609,right_base_state,right_joint_1,right_joint_2,right_joint_3,right_joint_4,right_joint_5,right_joint_6,right_joint_7,-90.4573,-90.0759,90.0495,-89.926,-0.0582,-0.4935,0.0955,,
1780127650,68711596,right_base_state,right_joint_1,right_joint_2,right_joint_3,right_joint_4,right_joint_5,right_joint_6,right_joint_7,-90.4573,-90.0759,90.0495,-89.926,-0.0583,-0.4935,0.0955,,
1780127650,78699421,right_base_state,right_joint_1,right_joint_2,right_joint_3,right_joint_4,right_joint_5,right_joint_6,right_joint_7,-90.4573,-90.0759,90.0495,-89.926,-0.0582,-0.4935,0.0955,,
1780127650,88741389,right_base_state,right_joint_1,right_joint_2,right_joint_3,right_joint_4,right_joint_5,right_joint_6,right_joint_7,-90.4573,-90.0759,90.0495,-89.926,-0.0582,-0.4935,0.0955,,
1780127650,100012181,right_base_state,right_joint_1,right_joint_2,right_joint_3,right_joint_4,right_joint_5,right_joint_6,right_joint_7,-90.4573,-90.0759,90.0495,-89.926,-0.0583,-0.4935,0.0955,,
1780127650,108685041,right_base_state,right_joint_1,right_joint_2,right_joint_3,right_joint_4,right_joint_5,right_joint_6,right_joint_7,-90.4573,-90.0759,90.0495,-89.926,-0.0582,-0.4935,0.0955,,
1780127650,118906287,right_base_state,right_joint_1,right_joint_2,right_joint_3,right_joint_4,right_joint_5,right_joint_6,right_joint_7,-90.4573,-90.0759,90.0495,-89.926,-0.0582,-0.4935,0.0955,,
1780127650,128969186,right_base_state,right_joint_1,right_joint_2,right_joint_3,right_joint_4,right_joint_5,right_joint_6,right_joint_7,-90.4573,-90.0759,90.0495,-89.926,-0.0583,-0.4934,0.0955,,
1780127650,138737481,right_base_state,right_joint_1,right_joint_2,right_joint_3,right_joint_4,right_joint_5,right_joint_6,right_joint_7,-90.4573,-90.0759,90.0495,-89.926,-0.0583,-0.4935,0.0955,,
1780127650,149036681,right_base_state,right_joint_1,right_joint_2,right_joint_3,right_joint_4,right_joint_5,right_joint_6,right_joint_7,-90.4573,-90.0759,90.0495,-89.926,-0.0583,-0.4935,0.0955,,
1780127650,158707197,right_base_state,right_joint_1,right_joint_2,right_joint_3,right_joint_4,right_joint_5,right_joint_6,right_joint_7,-90.4573,-90.0759,90.0495,-89.926,-0.0582,-0.4935,0.0955,,
1780127650,168773667,right_base_state,right_joint_1,right_joint_2,right_joint_3,right_joint_4,right_joint_5,right_joint_6,right_joint_7,-90.4573,-90.0759,90.0495,-89.926,-0.0582,-0.4935,0.0955,,
1780127650,178725966,right_base_state,right_joint_1,right_joint_2,right_joint_3,right_joint_4,right_joint_5,right_joint_6,right_joint_7,-90.4573,-90.0759,90.0495,-89.926,-0.0582,-0.4934,0.0955,,
1780127650,188806373,right_base_state,right_joint_1,right_joint_2,right_joint_3,right_joint_4,right_joint_5,right_joint_6,right_joint_7,-90.4573,-90.0759,90.0495,-89.926,-0.0582,-0.4935,0.0955,,
1780127650,198746383,right_base_state,right_joint_1,right_joint_2,right_joint_3,right_joint_4,right_joint_5,right_joint_6,right_joint_7,-90.4573,-90.0759,90.0495,-89.926,-0.0582,-0.4935,0.0955,,
1780127650,208747897,right_base_state,right_joint_1,right_joint_2,right_joint_3,right_joint_4,right_joint_5,right_joint_6,right_joint_7,-90.4573,-90.0759,90.0495,-89.926,-0.0582,-0.4935,0.0955,,
1780127650,218900638,right_base_state,right_joint_1,right_joint_2,right_joint_3,right_joint_4,right_joint_5,right_joint_6,right_joint_7,-90.4573,-90.0759,90.0495,-89.926,-0.0583,-0.4935,0.0955,,
1780127650,228835236,right_base_state,right_joint_1,right_joint_2,right_joint_3,right_joint_4,right_joint_5,right_joint_6,right_joint_7,-90.4573,-90.0759,90.0495,-89.926,-0.0582,-0.4934,0.0955,,
1780127650,238983633,right_base_state,right_joint_1,right_joint_2,right_joint_3,right_joint_4,right_joint_5,right_joint_6,right_joint_7,-90.4573,-90.0759,90.0495,-89.926,-0.0582,-0.4935,0.0955,,
1780127650,248764382,right_base_state,right_joint_1,right_joint_2,right_joint_3,right_joint_4,right_joint_5,right_joint_6,right_joint_7,-90.4573,-90.0759,90.0495,-89.926,-0.0583,-0.4935,0.0955,,
1780127650,259036615,right_base_state,right_joint_1,right_joint_2,right_joint_3,right_joint_4,right_joint_5,right_joint_6,right_joint_7,-90.4573,-90.0759,90.0495,-89.926,-0.0583,-0.4935,0.0955,,
1780127650,268687216,right_base_state,right_joint_1,right_joint_2,right_joint_3,right_joint_4,right_joint_5,right_joint_6,right_joint_7,-90.4573,-90.0759,90.0495,-89.926,-0.0582,-0.4934,0.0955,,
1780127650,278738145,right_base_state,right_joint_1,right_joint_2,right_joint_3,right_joint_4,right_joint_5,right_joint_6,right_joint_7,-90.4573,-90.0759,90.0495,-89.926,-0.0582,-0.4935,0.0955,,
1780127650,289211318,right_base_state,right_joint_1,right_joint_2,right_joint_3,right_joint_4,right_joint_5,right_joint_6,right_joint_7,-90.4573,-90.0759,90.0495,-89.926,-0.0582,-0.4935,0.0955,,
1780127650,299876970,right_base_state,right_joint_1,right_joint_2,right_joint_3,right_joint_4,right_joint_5,right_joint_6,right_joint_7,-90.4573,-90.0759,90.0495,-89.926,-0.0583,-0.4934,0.0955,,
1780127650,308757377,right_base_state,right_joint_1,right_joint_2,right_joint_3,right_joint_4,right_joint_5,right_joint_6,right_joint_7,-90.4573,-90.0759,90.0495,-89.926,-0.0582,-0.4935,0.0955,,
1780127650,319962372,right_base_state,right_joint_1,right_joint_2,right_joint_3,right_joint_4,right_joint_5,right_joint_6,right_joint_7,-90.4573,-90.0759,90.0495,-89.926,-0.0583,-0.4935,0.0955,,
1780127650,328796951,right_base_state,right_joint_1,right_joint_2,right_joint_3,right_joint_4,right_joint_5,right_joint_6,right_joint_7,-90.4573,-90.0759,90.0495,-89.926,-0.0583,-0.4934,0.0955,,
1780127650,338788656,right_base_state,right_joint_1,right_joint_2,right_joint_3,right_joint_4,right_joint_5,right_joint_6,right_joint_7,-90.4573,-90.0759,90.0495,-89.926,-0.0582,-0.4935,0.0955,,
1780127650,349056656,right_base_state,right_joint_1,right_joint_2,right_joint_3,right_joint_4,right_joint_5,right_joint_6,right_joint_7,-90.4573,-90.0759,90.0495,-89.926,-0.0582,-0.4935,0.0955,,
1780127650,358739669,right_base_state,right_joint_1,right_joint_2,right_joint_3,right_joint_4,right_joint_5,right_joint_6,right_joint_7,-90.4573,-90.0759,90.0495,-89.926,-0.0582,-0.4935,0.0955,,
1780127650,368805589,right_base_state,right_joint_1,right_joint_2,right_joint_3,right_joint_4,right_joint_5,right_joint_6,right_joint_7,-90.4573,-90.0759,90.0495,-89.926,-0.0583,-0.4934,0.0955,,
1780127650,378906722,right_base_state,right_joint_1,right_joint_2,right_joint_3,right_joint_4,right_joint_5,right_joint_6,right_joint_7,-90.4573,-90.0759,90.0495,-89.926,-0.0582,-0.4935,0.0955,,
1780127650,388869802,right_base_state,right_joint_1,right_joint_2,right_joint_3,right_joint_4,right_joint_5,right_joint_6,right_joint_7,-90.4573,-90.0759,90.0495,-89.926,-0.0583,-0.4935,0.0955,,
1780127650,398949687,right_base_state,right_joint_1,right_joint_2,right_joint_3,right_joint_4,right_joint_5,right_joint_6,right_joint_7,-90.4573,-90.0759,90.0495,-89.926,-0.0582,-0.4934,0.0955,,
1780127650,408654557,right_base_state,right_joint_1,right_joint_2,right_joint_3,right_joint_4,right_joint_5,right_joint_6,right_joint_7,-90.4573,-90.0759,90.0495,-89.926,-0.0582,-0.4935,0.0955,,
1780127650,418781870,right_base_state,right_joint_1,right_joint_2,right_joint_3,right_joint_4,right_joint_5,right_joint_6,right_joint_7,-90.4573,-90.0759,90.0495,-89.926,-0.0583,-0.4935,0.0955,,
1780127650,428743517,right_base_state,right_joint_1,right_joint_2,right_joint_3,right_joint_4,right_joint_5,right_joint_6,right_joint_7,-90.4573,-90.0759,90.0495,-89.926,-0.0582,-0.4934,0.0955,,
1780127650,438816840,right_base_state,right_joint_1,right_joint_2,right_joint_3,right_joint_4,right_joint_5,right_joint_6,right_joint_7,-90.4573,-90.0759,90.0495,-89.926,-0.0582,-0.4935,0.0955,,
1780127650,448848526,right_base_state,right_joint_1,right_joint_2,right_joint_3,right_joint_4,right_joint_5,right_joint_6,right_joint_7,-90.4573,-90.0759,90.0495,-89.926,-0.0582,-0.4935,0.0955,,
1780127650,458700332,right_base_state,right_joint_1,right_joint_2,right_joint_3,right_joint_4,right_joint_5,right_joint_6,right_joint_7,-90.4573,-90.0759,90.0495,-89.926,-0.0582,-0.4935,0.0955,,
1780127650,470491988,right_base_state,right_joint_1,right_joint_2,right_joint_3,right_joint_4,right_joint_5,right_joint_6,right_joint_7,-90.4573,-90.0759,90.0495,-89.926,-0.0582,-0.4934,0.0955,,
1780127650,479519653,right_base_state,right_joint_1,right_joint_2,right_joint_3,right_joint_4,right_joint_5,right_joint_6,right_joint_7,-90.4573,-90.0759,90.0495,-89.926,-0.0582,-0.4935,0.0955,,
1780127650,488805451,right_base_state,right_joint_1,right_joint_2,right_joint_3,right_joint_4,right_joint_5,right_joint_6,right_joint_7,-90.4573,-90.0759,90.0495,-89.926,-0.0582,-0.4934,0.0955,,
1780127650,499753963,right_base_state,right_joint_1,right_joint_2,right_joint_3,right_joint_4,right_joint_5,right_joint_6,right_joint_7,-90.4573,-90.0759,90.0495,-89.926,-0.0582,-0.4935,0.0955,,
1780127650,508675206,right_base_state,right_joint_1,right_joint_2,right_joint_3,right_joint_4,right_joint_5,right_joint_6,right_joint_7,-90.4573,-90.0759,90.0495,-89.926,-0.0582,-0.4935,0.0955,,
1780127650,518730136,right_base_state,right_joint_1,right_joint_2,right_joint_3,right_joint_4,right_joint_5,right_joint_6,right_joint_7,-90.4573,-90.0759,90.0495,-89.926,-0.0582,-0.4935,0.0955,,
1780127650,528724955,right_base_state,right_joint_1,right_joint_2,right_joint_3,right_joint_4,right_joint_5,right_joint_6,right_joint_7,-90.4573,-90.0759,90.0495,-89.926,-0.0582,-0.4935,0.0955,,
1780127650,538796749,right_base_state,right_joint_1,right_joint_2,right_joint_3,right_joint_4,right_joint_5,right_joint_6,right_joint_7,-90.4573,-90.0759,90.0495,-89.926,-0.0583,-0.4935,0.0955,,
1780127650,548873860,right_base_state,right_joint_1,right_joint_2,right_joint_3,right_joint_4,right_joint_5,right_joint_6,right_joint_7,-90.4573,-90.0759,90.0495,-89.926,-0.0582,-0.4934,0.0955,,
1780127650,558753850,right_base_state,right_joint_1,right_joint_2,right_joint_3,right_joint_4,right_joint_5,right_joint_6,right_joint_7,-90.4573,-90.0759,90.0495,-89.926,-0.0582,-0.4935,0.0955,,
1780127650,568855262,right_base_state,right_joint_1,right_joint_2,right_joint_3,right_joint_4,right_joint_5,right_joint_6,right_joint_7,-90.4573,-90.0759,90.0495,-89.926,-0.0582,-0.4935,0.0955,,
1780127650,578765425,right_base_state,right_joint_1,right_joint_2,right_joint_3,right_joint_4,right_joint_5,right_joint_6,right_joint_7,-90.4573,-90.0759,90.0495,-89.926,-0.0582,-0.4934,0.0955,,
1780127650,588720422,right_base_state,right_joint_1,right_joint_2,right_joint_3,right_joint_4,right_joint_5,right_joint_6,right_joint_7,-90.4573,-90.0759,90.0495,-89.926,-0.0582,-0.4935,0.0955,,
1780127650,598824555,right_base_state,right_joint_1,right_joint_2,right_joint_3,right_joint_4,right_joint_5,right_joint_6,right_joint_7,-90.4573,-90.0759,90.0495,-89.926,-0.0582,-0.4935,0.0955,,
1780127650,608749165,right_base_state,right_joint_1,right_joint_2,right_joint_3,right_joint_4,right_joint_5,right_joint_6,right_joint_7,-90.4573,-90.0759,90.0495,-89.926,-0.0582,-0.4935,0.0955,,
1780127650,618677021,right_base_state,right_joint_1,right_joint_2,right_joint_3,right_joint_4,right_joint_5,right_joint_6,right_joint_7,-90.4573,-90.0759,90.0495,-89.926,-0.0583,-0.4935,0.0955,,
1780127650,629272077,right_base_state,right_joint_1,right_joint_2,right_joint_3,right_joint_4,right_joint_5,right_joint_6,right_joint_7,-90.4573,-90.0759,90.0495,-89.926,-0.0583,-0.4934,0.0955,,
1780127650,638816687,right_base_state,right_joint_1,right_joint_2,right_joint_3,right_joint_4,right_joint_5,right_joint_6,right_joint_7,-90.4573,-90.0759,90.0495,-89.926,-0.0582,-0.4935,0.0955,,
1780127650,648825149,right_base_state,right_joint_1,right_joint_2,right_joint_3,right_joint_4,right_joint_5,right_joint_6,right_joint_7,-90.4573,-90.0759,90.0495,-89.926,-0.0583,-0.4935,0.0955,,
1780127650,658814353,right_base_state,right_joint_1,right_joint_2,right_joint_3,right_joint_4,right_joint_5,right_joint_6,right_joint_7,-90.4573,-90.0759,90.0495,-89.926,-0.0583,-0.4935,0.0955,,
1780127650,668743896,right_base_state,right_joint_1,right_joint_2,right_joint_3,right_joint_4,right_joint_5,right_joint_6,right_joint_7,-90.4573,-90.0759,90.0495,-89.926,-0.0582,-0.4935,0.0955,,
1780127650,678776301,right_base_state,right_joint_1,right_joint_2,right_joint_3,right_joint_4,right_joint_5,right_joint_6,right_joint_7,-90.4573,-90.0759,90.0495,-89.926,-0.0582,-0.4935,0.0955,,
1780127650,688746729,right_base_state,right_joint_1,right_joint_2,right_joint_3,right_joint_4,right_joint_5,right_joint_6,right_joint_7,-90.4573,-90.0759,90.0495,-89.926,-0.0583,-0.4935,0.0955,,
1780127650,701877831,right_base_state,right_joint_1,right_joint_2,right_joint_3,right_joint_4,right_joint_5,right_joint_6,right_joint_7,-90.4573,-90.0759,90.0495,-89.926,-0.0582,-0.4935,0.0955,,
1780127650,708686729,right_base_state,right_joint_1,right_joint_2,right_joint_3,right_joint_4,right_joint_5,right_joint_6,right_joint_7,-90.4573,-90.0759,90.0495,-89.926,-0.0582,-0.4935,0.0955,,
1780127650,718702846,right_base_state,right_joint_1,right_joint_2,right_joint_3,right_joint_4,right_joint_5,right_joint_6,right_joint_7,-90.4573,-90.0759,90.0495,-89.926,-0.0582,-0.4935,0.0955,,
1780127650,728865158,right_base_state,right_joint_1,right_joint_2,right_joint_3,right_joint_4,right_joint_5,right_joint_6,right_joint_7,-90.4573,-90.0759,90.0495,-89.926,-0.0582,-0.4935,0.0955,,
1780127650,738837635,right_base_state,right_joint_1,right_joint_2,right_joint_3,right_joint_4,right_joint_5,right_joint_6,right_joint_7,-90.4573,-90.0759,90.0495,-89.926,-0.0582,-0.4935,0.0955,,
1780127650,748974536,right_base_state,right_joint_1,right_joint_2,right_joint_3,right_joint_4,right_joint_5,right_joint_6,right_joint_7,-90.4573,-90.0759,90.0495,-89.926,-0.0583,-0.4935,0.0955,,
1780127650,758691419,right_base_state,right_joint_1,right_joint_2,right_joint_3,right_joint_4,right_joint_5,right_joint_6,right_joint_7,-90.4573,-90.0759,90.0495,-89.926,-0.0583,-0.4935,0.0955,,
1780127650,768818207,right_base_state,right_joint_1,right_joint_2,right_joint_3,right_joint_4,right_joint_5,right_joint_6,right_joint_7,-90.4573,-90.0759,90.0495,-89.926,-0.0582,-0.4935,0.0955,,
1780127650,778783625,right_base_state,right_joint_1,right_joint_2,right_joint_3,right_joint_4,right_joint_5,right_joint_6,right_joint_7,-90.4573,-90.0759,90.0495,-89.926,-0.0583,-0.4934,0.0955,,
1780127650,788717559,right_base_state,right_joint_1,right_joint_2,right_joint_3,right_joint_4,right_joint_5,right_joint_6,right_joint_7,-90.4573,-90.0759,90.0495,-89.926,-0.0583,-0.4934,0.0955,,
1780127650,799198536,right_base_state,right_joint_1,right_joint_2,right_joint_3,right_joint_4,right_joint_5,right_joint_6,right_joint_7,-90.4573,-90.0759,90.0495,-89.926,-0.0583,-0.4935,0.0955,,
1780127650,808912926,right_base_state,right_joint_1,right_joint_2,right_joint_3,right_joint_4,right_joint_5,right_joint_6,right_joint_7,-90.4573,-90.0759,90.0495,-89.926,-0.0582,-0.4935,0.0955,,
1780127650,818703915,right_base_state,right_joint_1,right_joint_2,right_joint_3,right_joint_4,right_joint_5,right_joint_6,right_joint_7,-90.4573,-90.0759,90.0495,-89.926,-0.0582,-0.4935,0.0955,,
1780127650,828779926,right_base_state,right_joint_1,right_joint_2,right_joint_3,right_joint_4,right_joint_5,right_joint_6,right_joint_7,-90.4573,-90.0759,90.0495,-89.926,-0.0582,-0.4935,0.0955,,
1780127650,838799904,right_base_state,right_joint_1,right_joint_2,right_joint_3,right_joint_4,right_joint_5,right_joint_6,right_joint_7,-90.4573,-90.0759,90.0495,-89.926,-0.0582,-0.4935,0.0955,,
1780127650,848772635,right_base_state,right_joint_1,right_joint_2,right_joint_3,right_joint_4,right_joint_5,right_joint_6,right_joint_7,-90.4573,-90.0759,90.0495,-89.926,-0.0583,-0.4935,0.0955,,
1780127650,858684633,right_base_state,right_joint_1,right_joint_2,right_joint_3,right_joint_4,right_joint_5,right_joint_6,right_joint_7,-90.4573,-90.0759,90.0495,-89.926,-0.0582,-0.4935,0.0955,,
1780127650,868687504,right_base_state,right_joint_1,right_joint_2,right_joint_3,right_joint_4,right_joint_5,right_joint_6,right_joint_7,-90.4573,-90.0759,90.0495,-89.926,-0.0582,-0.4935,0.0955,,
1780127650,878798200,right_base_state,right_joint_1,right_joint_2,right_joint_3,right_joint_4,right_joint_5,right_joint_6,right_joint_7,-90.4573,-90.0759,90.0495,-89.926,-0.0582,-0.4935,0.0955,,
1780127650,888988785,right_base_state,right_joint_1,right_joint_2,right_joint_3,right_joint_4,right_joint_5,right_joint_6,right_joint_7,-90.4573,-90.0759,90.0495,-89.926,-0.0583,-0.4934,0.0955,,
1780127650,898837488,right_base_state,right_joint_1,right_joint_2,right_joint_3,right_joint_4,right_joint_5,right_joint_6,right_joint_7,-90.4573,-90.0759,90.0495,-89.926,-0.0582,-0.4934,0.0955,,
1780127650,908680519,right_base_state,right_joint_1,right_joint_2,right_joint_3,right_joint_4,right_joint_5,right_joint_6,right_joint_7,-90.4573,-90.0759,90.0495,-89.926,-0.0583,-0.4935,0.0955,,
1780127650,918730451,right_base_state,right_joint_1,right_joint_2,right_joint_3,right_joint_4,right_joint_5,right_joint_6,right_joint_7,-90.4573,-90.0759,90.0495,-89.926,-0.0583,-0.4935,0.0955,,
1780127650,928888197,right_base_state,right_joint_1,right_joint_2,right_joint_3,right_joint_4,right_joint_5,right_joint_6,right_joint_7,-90.4573,-90.0759,90.0495,-89.926,-0.0583,-0.4935,0.0955,,
1780127650,939358973,right_base_state,right_joint_1,right_joint_2,right_joint_3,right_joint_4,right_joint_5,right_joint_6,right_joint_7,-90.4573,-90.0759,90.0495,-89.926,-0.0582,-0.4935,0.0955,,
1780127650,948815228,right_base_state,right_joint_1,right_joint_2,right_joint_3,right_joint_4,right_joint_5,right_joint_6,right_joint_7,-90.4573,-90.0759,90.0495,-89.926,-0.0582,-0.4935,0.0955,,
1780127650,958750867,right_base_state,right_joint_1,right_joint_2,right_joint_3,right_joint_4,right_joint_5,right_joint_6,right_joint_7,-90.4573,-90.0759,90.0495,-89.926,-0.0583,-0.4935,0.0955,,
1780127650,968690357,right_base_state,right_joint_1,right_joint_2,right_joint_3,right_joint_4,right_joint_5,right_joint_6,right_joint_7,-90.4573,-90.0759,90.0495,-89.926,-0.0582,-0.4935,0.0955,,
1780127650,978740133,right_base_state,right_joint_1,right_joint_2,right_joint_3,right_joint_4,right_joint_5,right_joint_6,right_joint_7,-90.4573,-90.0759,90.0495,-89.926,-0.0582,-0.4934,0.0955,,
1780127650,988845865,right_base_state,right_joint_1,right_joint_2,right_joint_3,right_joint_4,right_joint_5,right_joint_6,right_joint_7,-90.4573,-90.0759,90.0495,-89.926,-0.0583,-0.4935,0.0955,,
1780127650,998935446,right_base_state,right_joint_1,right_joint_2,right_joint_3,right_joint_4,right_joint_5,right_joint_6,right_joint_7,-90.4573,-90.0759,90.0495,-89.926,-0.0583,-0.4935,0.0955,,
1780127651,8676289,right_base_state,right_joint_1,right_joint_2,right_joint_3,right_joint_4,right_joint_5,right_joint_6,right_joint_7,-90.4573,-90.0759,90.0495,-89.926,-0.0582,-0.4935,0.0955,,
1780127651,18696692,right_base_state,right_joint_1,right_joint_2,right_joint_3,right_joint_4,right_joint_5,right_joint_6,right_joint_7,-90.4573,-90.0759,90.0495,-89.926,-0.0582,-0.4935,0.0955,,
1780127651,29185858,right_base_state,right_joint_1,right_joint_2,right_joint_3,right_joint_4,right_joint_5,right_joint_6,right_joint_7,-90.4573,-90.0759,90.0495,-89.926,-0.0583,-0.4934,0.0955,,
1780127651,39443133,right_base_state,right_joint_1,right_joint_2,right_joint_3,right_joint_4,right_joint_5,right_joint_6,right_joint_7,-90.4573,-90.0759,90.0495,-89.926,-0.0583,-0.4935,0.0955,,
1780127651,48810697,right_base_state,right_joint_1,right_joint_2,right_joint_3,right_joint_4,right_joint_5,right_joint_6,right_joint_7,-90.4573,-90.0759,90.0495,-89.926,-0.0583,-0.4935,0.0955,,
1780127651,58903682,right_base_state,right_joint_1,right_joint_2,right_joint_3,right_joint_4,right_joint_5,right_joint_6,right_joint_7,-90.4573,-90.0759,90.0495,-89.926,-0.0583,-0.4934,0.0955,,
1780127651,68737914,right_base_state,right_joint_1,right_joint_2,right_joint_3,right_joint_4,right_joint_5,right_joint_6,right_joint_7,-90.4573,-90.0759,90.0495,-89.926,-0.0582,-0.4935,0.0955,,
1780127651,78738787,right_base_state,right_joint_1,right_joint_2,right_joint_3,right_joint_4,right_joint_5,right_joint_6,right_joint_7,-90.4573,-90.0759,90.0495,-89.926,-0.0583,-0.4935,0.0955,,
1780127651,88879603,right_base_state,right_joint_1,right_joint_2,right_joint_3,right_joint_4,right_joint_5,right_joint_6,right_joint_7,-90.4573,-90.0759,90.0495,-89.926,-0.0583,-0.4934,0.0955,,
1780127651,98933361,right_base_state,right_joint_1,right_joint_2,right_joint_3,right_joint_4,right_joint_5,right_joint_6,right_joint_7,-90.4573,-90.0759,90.0495,-89.926,-0.0582,-0.4935,0.0955,,
1780127651,108672438,right_base_state,right_joint_1,right_joint_2,right_joint_3,right_joint_4,right_joint_5,right_joint_6,right_joint_7,-90.4573,-90.0759,90.0495,-89.926,-0.0582,-0.4935,0.0955,,
1780127651,118833282,right_base_state,right_joint_1,right_joint_2,right_joint_3,right_joint_4,right_joint_5,right_joint_6,right_joint_7,-90.4573,-90.0759,90.0495,-89.926,-0.0582,-0.4935,0.0955,,
1780127651,128738427,right_base_state,right_joint_1,right_joint_2,right_joint_3,right_joint_4,right_joint_5,right_joint_6,right_joint_7,-90.4573,-90.0759,90.0495,-89.926,-0.0582,-0.4935,0.0955,,
1780127651,138945941,right_base_state,right_joint_1,right_joint_2,right_joint_3,right_joint_4,right_joint_5,right_joint_6,right_joint_7,-90.4573,-90.0759,90.0495,-89.926,-0.0583,-0.4934,0.0955,,
1780127651,148960070,right_base_state,right_joint_1,right_joint_2,right_joint_3,right_joint_4,right_joint_5,right_joint_6,right_joint_7,-90.4573,-90.0759,90.0495,-89.926,-0.0582,-0.4934,0.0955,,
1780127651,158705884,right_base_state,right_joint_1,right_joint_2,right_joint_3,right_joint_4,right_joint_5,right_joint_6,right_joint_7,-90.4573,-90.0759,90.0495,-89.926,-0.0583,-0.4935,0.0955,,
1780127651,168873460,right_base_state,right_joint_1,right_joint_2,right_joint_3,right_joint_4,right_joint_5,right_joint_6,right_joint_7,-90.4573,-90.0759,90.0495,-89.926,-0.0583,-0.4934,0.0955,,
1780127651,178871049,right_base_state,right_joint_1,right_joint_2,right_joint_3,right_joint_4,right_joint_5,right_joint_6,right_joint_7,-90.4573,-90.0759,90.0495,-89.926,-0.0582,-0.4935,0.0955,,
1780127651,188993469,right_base_state,right_joint_1,right_joint_2,right_joint_3,right_joint_4,right_joint_5,right_joint_6,right_joint_7,-90.4573,-90.0759,90.0495,-89.926,-0.0582,-0.4935,0.0955,,
1780127651,198825867,right_base_state,right_joint_1,right_joint_2,right_joint_3,right_joint_4,right_joint_5,right_joint_6,right_joint_7,-90.4573,-90.0759,90.0495,-89.926,-0.0582,-0.4935,0.0955,,
1780127651,208676261,right_base_state,right_joint_1,right_joint_2,right_joint_3,right_joint_4,right_joint_5,right_joint_6,right_joint_7,-90.4573,-90.0759,90.0495,-89.926,-0.0583,-0.4935,0.0955,,
1780127651,218851075,right_base_state,right_joint_1,right_joint_2,right_joint_3,right_joint_4,right_joint_5,right_joint_6,right_joint_7,-90.4573,-90.0759,90.0495,-89.926,-0.0582,-0.4934,0.0955,,
1780127651,228879338,right_base_state,right_joint_1,right_joint_2,right_joint_3,right_joint_4,right_joint_5,right_joint_6,right_joint_7,-90.4573,-90.0759,90.0495,-89.926,-0.0582,-0.4934,0.0955,,
1780127651,238962908,right_base_state,right_joint_1,right_joint_2,right_joint_3,right_joint_4,right_joint_5,right_joint_6,right_joint_7,-90.4573,-90.0759,90.0495,-89.926,-0.0583,-0.4935,0.0955,,
1780127651,248924150,right_base_state,right_joint_1,right_joint_2,right_joint_3,right_joint_4,right_joint_5,right_joint_6,right_joint_7,-90.4573,-90.0759,90.0495,-89.926,-0.0582,-0.4935,0.0955,,
1780127651,258672030,right_base_state,right_joint_1,right_joint_2,right_joint_3,right_joint_4,right_joint_5,right_joint_6,right_joint_7,-90.4573,-90.0759,90.0495,-89.926,-0.0582,-0.4935,0.0955,,
1780127651,268731942,right_base_state,right_joint_1,right_joint_2,right_joint_3,right_joint_4,right_joint_5,right_joint_6,right_joint_7,-90.4573,-90.0759,90.0495,-89.926,-0.0583,-0.4935,0.0955,,
1780127651,278983696,right_base_state,right_joint_1,right_joint_2,right_joint_3,right_joint_4,right_joint_5,right_joint_6,right_joint_7,-90.4573,-90.0759,90.0495,-89.926,-0.0582,-0.4935,0.0955,,
1780127651,288816183,right_base_state,right_joint_1,right_joint_2,right_joint_3,right_joint_4,right_joint_5,right_joint_6,right_joint_7,-90.4573,-90.0759,90.0495,-89.926,-0.0583,-0.4934,0.0955,,
1780127651,298929356,right_base_state,right_joint_1,right_joint_2,right_joint_3,right_joint_4,right_joint_5,right_joint_6,right_joint_7,-90.4573,-90.0759,90.0495,-89.926,-0.0583,-0.4935,0.0955,,
1780127651,308757216,right_base_state,right_joint_1,right_joint_2,right_joint_3,right_joint_4,right_joint_5,right_joint_6,right_joint_7,-90.4573,-90.0759,90.0496,-89.926,-0.0583,-0.4934,0.0955,,
1780127651,318881642,right_base_state,right_joint_1,right_joint_2,right_joint_3,right_joint_4,right_joint_5,right_joint_6,right_joint_7,-90.4573,-90.0759,90.0495,-89.926,-0.0582,-0.4934,0.0955,,
1780127651,328836583,right_base_state,right_joint_1,right_joint_2,right_joint_3,right_joint_4,right_joint_5,right_joint_6,right_joint_7,-90.4573,-90.0759,90.0495,-89.926,-0.0582,-0.4935,0.0955,,
1780127651,338834647,right_base_state,right_joint_1,right_joint_2,right_joint_3,right_joint_4,right_joint_5,right_joint_6,right_joint_7,-90.4573,-90.0759,90.0495,-89.926,-0.0583,-0.4935,0.0955,,
1780127651,348712431,right_base_state,right_joint_1,right_joint_2,right_joint_3,right_joint_4,right_joint_5,right_joint_6,right_joint_7,-90.4573,-90.0759,90.0495,-89.926,-0.0582,-0.4934,0.0955,,
1780127651,358678021,right_base_state,right_joint_1,right_joint_2,right_joint_3,right_joint_4,right_joint_5,right_joint_6,right_joint_7,-90.4573,-90.0759,90.0495,-89.926,-0.0582,-0.4934,0.0955,,
1780127651,368778342,right_base_state,right_joint_1,right_joint_2,right_joint_3,right_joint_4,right_joint_5,right_joint_6,right_joint_7,-90.4573,-90.0759,90.0495,-89.926,-0.0583,-0.4934,0.0955,,
1780127651,379096127,right_base_state,right_joint_1,right_joint_2,right_joint_3,right_joint_4,right_joint_5,right_joint_6,right_joint_7,-90.4573,-90.0759,90.0495,-89.926,-0.0582,-0.4935,0.0955,,
1780127651,388934169,right_base_state,right_joint_1,right_joint_2,right_joint_3,right_joint_4,right_joint_5,right_joint_6,right_joint_7,-90.4573,-90.0759,90.0495,-89.926,-0.0582,-0.4935,0.0955,,
1780127651,399034845,right_base_state,right_joint_1,right_joint_2,right_joint_3,right_joint_4,right_joint_5,right_joint_6,right_joint_7,-90.4573,-90.0759,90.0495,-89.926,-0.0582,-0.4935,0.0955,,
1780127651,408699855,right_base_state,right_joint_1,right_joint_2,right_joint_3,right_joint_4,right_joint_5,right_joint_6,right_joint_7,-90.4573,-90.0759,90.0495,-89.926,-0.0583,-0.4935,0.0955,,
1780127651,418948734,right_base_state,right_joint_1,right_joint_2,right_joint_3,right_joint_4,right_joint_5,right_joint_6,right_joint_7,-90.4573,-90.0759,90.0495,-89.926,-0.0583,-0.4935,0.0955,,
1780127651,428986560,right_base_state,right_joint_1,right_joint_2,right_joint_3,right_joint_4,right_joint_5,right_joint_6,right_joint_7,-90.4573,-90.0759,90.0495,-89.926,-0.0583,-0.4935,0.0955,,
1780127651,439094605,right_base_state,right_joint_1,right_joint_2,right_joint_3,right_joint_4,right_joint_5,right_joint_6,right_joint_7,-90.4573,-90.0759,90.0495,-89.926,-0.0582,-0.4934,0.0955,,
1780127651,448865201,right_base_state,right_joint_1,right_joint_2,right_joint_3,right_joint_4,right_joint_5,right_joint_6,right_joint_7,-90.4573,-90.0759,90.0495,-89.926,-0.0582,-0.4935,0.0955,,
1780127651,458692387,right_base_state,right_joint_1,right_joint_2,right_joint_3,right_joint_4,right_joint_5,right_joint_6,right_joint_7,-90.4573,-90.0759,90.0495,-89.926,-0.0583,-0.4935,0.0955,,
1780127651,468753521,right_base_state,right_joint_1,right_joint_2,right_joint_3,right_joint_4,right_joint_5,right_joint_6,right_joint_7,-90.4573,-90.0759,90.0495,-89.926,-0.0583,-0.4934,0.0955,,
1780127651,478842720,right_base_state,right_joint_1,right_joint_2,right_joint_3,right_joint_4,right_joint_5,right_joint_6,right_joint_7,-90.4573,-90.0759,90.0495,-89.926,-0.0583,-0.4935,0.0955,,
1780127651,488764541,right_base_state,right_joint_1,right_joint_2,right_joint_3,right_joint_4,right_joint_5,right_joint_6,right_joint_7,-90.4573,-90.0759,90.0495,-89.926,-0.0582,-0.4935,0.0955,,
1780127651,499721944,right_base_state,right_joint_1,right_joint_2,right_joint_3,right_joint_4,right_joint_5,right_joint_6,right_joint_7,-90.4573,-90.0759,90.0495,-89.926,-0.0582,-0.4935,0.0955,,
1780127651,508725280,right_base_state,right_joint_1,right_joint_2,right_joint_3,right_joint_4,right_joint_5,right_joint_6,right_joint_7,-90.4573,-90.0759,90.0495,-89.926,-0.0582,-0.4934,0.0955,,
1780127651,518998675,right_base_state,right_joint_1,right_joint_2,right_joint_3,right_joint_4,right_joint_5,right_joint_6,right_joint_7,-90.4573,-90.0759,90.0495,-89.926,-0.0583,-0.4935,0.0955,,
1780127651,528813320,right_base_state,right_joint_1,right_joint_2,right_joint_3,right_joint_4,right_joint_5,right_joint_6,right_joint_7,-90.4573,-90.0759,90.0495,-89.926,-0.0582,-0.4935,0.0955,,
1780127651,538746177,right_base_state,right_joint_1,right_joint_2,right_joint_3,right_joint_4,right_joint_5,right_joint_6,right_joint_7,-90.4573,-90.0759,90.0495,-89.926,-0.0583,-0.4934,0.0955,,
1780127651,551442924,right_base_state,right_joint_1,right_joint_2,right_joint_3,right_joint_4,right_joint_5,right_joint_6,right_joint_7,-90.4573,-90.0759,90.0495,-89.926,-0.0583,-0.4935,0.0955,,
1780127651,558809576,right_base_state,right_joint_1,right_joint_2,right_joint_3,right_joint_4,right_joint_5,right_joint_6,right_joint_7,-90.4573,-90.0759,90.0495,-89.926,-0.0582,-0.4935,0.0955,,
1780127651,568831870,right_base_state,right_joint_1,right_joint_2,right_joint_3,right_joint_4,right_joint_5,right_joint_6,right_joint_7,-90.4573,-90.0759,90.0495,-89.926,-0.0582,-0.4935,0.0955,,
1780127651,578809681,right_base_state,right_joint_1,right_joint_2,right_joint_3,right_joint_4,right_joint_5,right_joint_6,right_joint_7,-90.4573,-90.0759,90.0495,-89.926,-0.0582,-0.4935,0.0955,,
1780127651,588828343,right_base_state,right_joint_1,right_joint_2,right_joint_3,right_joint_4,right_joint_5,right_joint_6,right_joint_7,-90.4573,-90.0759,90.0495,-89.926,-0.0583,-0.4934,0.0955,,
1780127651,599094096,right_base_state,right_joint_1,right_joint_2,right_joint_3,right_joint_4,right_joint_5,right_joint_6,right_joint_7,-90.4573,-90.0759,90.0495,-89.926,-0.0582,-0.4935,0.0955,,
1780127651,608670241,right_base_state,right_joint_1,right_joint_2,right_joint_3,right_joint_4,right_joint_5,right_joint_6,right_joint_7,-90.4573,-90.0759,90.0495,-89.926,-0.0582,-0.4935,0.0955,,
1780127651,618707926,right_base_state,right_joint_1,right_joint_2,right_joint_3,right_joint_4,right_joint_5,right_joint_6,right_joint_7,-90.4573,-90.0759,90.0495,-89.926,-0.0583,-0.4934,0.0955,,
1780127651,628760598,right_base_state,right_joint_1,right_joint_2,right_joint_3,right_joint_4,right_joint_5,right_joint_6,right_joint_7,-90.4573,-90.0759,90.0495,-89.926,-0.0582,-0.4935,0.0955,,
1780127651,638915969,right_base_state,right_joint_1,right_joint_2,right_joint_3,right_joint_4,right_joint_5,right_joint_6,right_joint_7,-90.4573,-90.0759,90.0495,-89.926,-0.0583,-0.4935,0.0955,,
1780127651,648849479,right_base_state,right_joint_1,right_joint_2,right_joint_3,right_joint_4,right_joint_5,right_joint_6,right_joint_7,-90.4573,-90.0759,90.0495,-89.926,-0.0582,-0.4935,0.0955,,
1780127651,658684325,right_base_state,right_joint_1,right_joint_2,right_joint_3,right_joint_4,right_joint_5,right_joint_6,right_joint_7,-90.4573,-90.0759,90.0495,-89.926,-0.0583,-0.4935,0.0955,,
1780127651,668707558,right_base_state,right_joint_1,right_joint_2,right_joint_3,right_joint_4,right_joint_5,right_joint_6,right_joint_7,-90.4573,-90.0759,90.0495,-89.926,-0.0582,-0.4935,0.0955,,
1780127651,678822041,right_base_state,right_joint_1,right_joint_2,right_joint_3,right_joint_4,right_joint_5,right_joint_6,right_joint_7,-90.4573,-90.0759,90.0495,-89.926,-0.0582,-0.4935,0.0955,,
1780127651,688918157,right_base_state,right_joint_1,right_joint_2,right_joint_3,right_joint_4,right_joint_5,right_joint_6,right_joint_7,-90.4573,-90.0759,90.0495,-89.926,-0.0582,-0.4935,0.0955,,
1780127651,698952263,right_base_state,right_joint_1,right_joint_2,right_joint_3,right_joint_4,right_joint_5,right_joint_6,right_joint_7,-90.4573,-90.0759,90.0495,-89.926,-0.0583,-0.4934,0.0955,,
1780127651,708725085,right_base_state,right_joint_1,right_joint_2,right_joint_3,right_joint_4,right_joint_5,right_joint_6,right_joint_7,-90.4573,-90.0759,90.0495,-89.926,-0.0583,-0.4934,0.0955,,
1780127651,718679039,right_base_state,right_joint_1,right_joint_2,right_joint_3,right_joint_4,right_joint_5,right_joint_6,right_joint_7,-90.4573,-90.0759,90.0495,-89.926,-0.0582,-0.4935,0.0955,,
1780127651,728864900,right_base_state,right_joint_1,right_joint_2,right_joint_3,right_joint_4,right_joint_5,right_joint_6,right_joint_7,-90.4573,-90.0759,90.0495,-89.926,-0.0582,-0.4935,0.0955,,
1780127651,738923040,right_base_state,right_joint_1,right_joint_2,right_joint_3,right_joint_4,right_joint_5,right_joint_6,right_joint_7,-90.4573,-90.0759,90.0495,-89.926,-0.0583,-0.4935,0.0955,,
1780127651,748996787,right_base_state,right_joint_1,right_joint_2,right_joint_3,right_joint_4,right_joint_5,right_joint_6,right_joint_7,-90.4573,-90.0759,90.0495,-89.926,-0.0582,-0.4934,0.0955,,
1780127651,758700338,right_base_state,right_joint_1,right_joint_2,right_joint_3,right_joint_4,right_joint_5,right_joint_6,right_joint_7,-90.4573,-90.0759,90.0495,-89.926,-0.0583,-0.4935,0.0955,,
1780127651,768777019,right_base_state,right_joint_1,right_joint_2,right_joint_3,right_joint_4,right_joint_5,right_joint_6,right_joint_7,-90.4573,-90.0759,90.0495,-89.926,-0.0582,-0.4934,0.0955,,
1780127651,778946825,right_base_state,right_joint_1,right_joint_2,right_joint_3,right_joint_4,right_joint_5,right_joint_6,right_joint_7,-90.4573,-90.0759,90.0495,-89.926,-0.0582,-0.4935,0.0955,,
1780127651,789069232,right_base_state,right_joint_1,right_joint_2,right_joint_3,right_joint_4,right_joint_5,right_joint_6,right_joint_7,-90.4573,-90.0759,90.0495,-89.926,-0.0582,-0.4935,0.0955,,
1780127651,798883900,right_base_state,right_joint_1,right_joint_2,right_joint_3,right_joint_4,right_joint_5,right_joint_6,right_joint_7,-90.4573,-90.0759,90.0495,-89.926,-0.0582,-0.4935,0.0955,,
1780127651,808673038,right_base_state,right_joint_1,right_joint_2,right_joint_3,right_joint_4,right_joint_5,right_joint_6,right_joint_7,-90.4573,-90.0759,90.0495,-89.926,-0.0583,-0.4934,0.0955,,
1780127651,818796500,right_base_state,right_joint_1,right_joint_2,right_joint_3,right_joint_4,right_joint_5,right_joint_6,right_joint_7,-90.4573,-90.0759,90.0495,-89.926,-0.0583,-0.4935,0.0955,,
1780127651,828826369,right_base_state,right_joint_1,right_joint_2,right_joint_3,right_joint_4,right_joint_5,right_joint_6,right_joint_7,-90.4573,-90.0759,90.0495,-89.926,-0.0582,-0.4935,0.0955,,
1780127651,839185948,right_base_state,right_joint_1,right_joint_2,right_joint_3,right_joint_4,right_joint_5,right_joint_6,right_joint_7,-90.4573,-90.0759,90.0495,-89.926,-0.0582,-0.4934,0.0955,,
1780127651,848766185,right_base_state,right_joint_1,right_joint_2,right_joint_3,right_joint_4,right_joint_5,right_joint_6,right_joint_7,-90.4573,-90.0759,90.0495,-89.926,-0.0582,-0.4935,0.0955,,
1780127651,858753992,right_base_state,right_joint_1,right_joint_2,right_joint_3,right_joint_4,right_joint_5,right_joint_6,right_joint_7,-90.4573,-90.0759,90.0495,-89.926,-0.0583,-0.4935,0.0955,,
1780127651,868727709,right_base_state,right_joint_1,right_joint_2,right_joint_3,right_joint_4,right_joint_5,right_joint_6,right_joint_7,-90.4573,-90.0759,90.0495,-89.926,-0.0582,-0.4935,0.0955,,
1780127651,878840736,right_base_state,right_joint_1,right_joint_2,right_joint_3,right_joint_4,right_joint_5,right_joint_6,right_joint_7,-90.4573,-90.0759,90.0495,-89.926,-0.0582,-0.4935,0.0955,,
1780127651,888923931,right_base_state,right_joint_1,right_joint_2,right_joint_3,right_joint_4,right_joint_5,right_joint_6,right_joint_7,-90.4573,-90.0759,90.0495,-89.926,-0.0583,-0.4935,0.0955,,
1780127651,898967030,right_base_state,right_joint_1,right_joint_2,right_joint_3,right_joint_4,right_joint_5,right_joint_6,right_joint_7,-90.4573,-90.0759,90.0495,-89.926,-0.0583,-0.4935,0.0955,,
1780127651,908674890,right_base_state,right_joint_1,right_joint_2,right_joint_3,right_joint_4,right_joint_5,right_joint_6,right_joint_7,-90.4573,-90.0759,90.0495,-89.926,-0.0582,-0.4934,0.0955,,
1780127651,919006524,right_base_state,right_joint_1,right_joint_2,right_joint_3,right_joint_4,right_joint_5,right_joint_6,right_joint_7,-90.4573,-90.0759,90.0495,-89.926,-0.0583,-0.4935,0.0955,,
1780127651,928735585,right_base_state,right_joint_1,right_joint_2,right_joint_3,right_joint_4,right_joint_5,right_joint_6,right_joint_7,-90.4573,-90.0759,90.0495,-89.926,-0.0583,-0.4935,0.0955,,
1780127651,938728231,right_base_state,right_joint_1,right_joint_2,right_joint_3,right_joint_4,right_joint_5,right_joint_6,right_joint_7,-90.4573,-90.0759,90.0495,-89.926,-0.0583,-0.4935,0.0955,,
1780127651,948921815,right_base_state,right_joint_1,right_joint_2,right_joint_3,right_joint_4,right_joint_5,right_joint_6,right_joint_7,-90.4573,-90.0759,90.0495,-89.926,-0.0582,-0.4935,0.0955,,
1780127651,958698531,right_base_state,right_joint_1,right_joint_2,right_joint_3,right_joint_4,right_joint_5,right_joint_6,right_joint_7,-90.4573,-90.0759,90.0495,-89.926,-0.0583,-0.4935,0.0955,,
1780127651,968812588,right_base_state,right_joint_1,right_joint_2,right_joint_3,right_joint_4,right_joint_5,right_joint_6,right_joint_7,-90.4573,-90.0759,90.0495,-89.926,-0.0583,-0.4934,0.0955,,
1780127651,978856875,right_base_state,right_joint_1,right_joint_2,right_joint_3,right_joint_4,right_joint_5,right_joint_6,right_joint_7,-90.4573,-90.0759,90.0495,-89.926,-0.0583,-0.4935,0.0955,,
1780127651,988941556,right_base_state,right_joint_1,right_joint_2,right_joint_3,right_joint_4,right_joint_5,right_joint_6,right_joint_7,-90.4573,-90.0759,90.0495,-89.926,-0.0583,-0.4935,0.0955,,
1780127651,998867481,right_base_state,right_joint_1,right_joint_2,right_joint_3,right_joint_4,right_joint_5,right_joint_6,right_joint_7,-90.4573,-90.0759,90.0495,-89.926,-0.0582,-0.4935,0.0955,,
1780127652,8666663,right_base_state,right_joint_1,right_joint_2,right_joint_3,right_joint_4,right_joint_5,right_joint_6,right_joint_7,-90.4573,-90.0759,90.0495,-89.926,-0.0583,-0.4934,0.0955,,
1780127652,18798008,right_base_state,right_joint_1,right_joint_2,right_joint_3,right_joint_4,right_joint_5,right_joint_6,right_joint_7,-90.4573,-90.0759,90.0495,-89.926,-0.0582,-0.4935,0.0955,,
1780127652,28936615,right_base_state,right_joint_1,right_joint_2,right_joint_3,right_joint_4,right_joint_5,right_joint_6,right_joint_7,-90.4573,-90.0759,90.0495,-89.926,-0.0583,-0.4935,0.0955,,
1780127652,39083153,right_base_state,right_joint_1,right_joint_2,right_joint_3,right_joint_4,right_joint_5,right_joint_6,right_joint_7,-90.4573,-90.0759,90.0495,-89.926,-0.0582,-0.4935,0.0955,,
1780127652,49031659,right_base_state,right_joint_1,right_joint_2,right_joint_3,right_joint_4,right_joint_5,right_joint_6,right_joint_7,-90.4573,-90.0759,90.0495,-89.926,-0.0583,-0.4934,0.0955,,
1780127652,58735019,right_base_state,right_joint_1,right_joint_2,right_joint_3,right_joint_4,right_joint_5,right_joint_6,right_joint_7,-90.4573,-90.0759,90.0495,-89.926,-0.0582,-0.4935,0.0955,,
1780127652,68992569,right_base_state,right_joint_1,right_joint_2,right_joint_3,right_joint_4,right_joint_5,right_joint_6,right_joint_7,-90.4573,-90.0759,90.0495,-89.926,-0.0583,-0.4935,0.0955,,
1780127652,78804317,right_base_state,right_joint_1,right_joint_2,right_joint_3,right_joint_4,right_joint_5,right_joint_6,right_joint_7,-90.4573,-90.0759,90.0495,-89.926,-0.0582,-0.4934,0.0955,,
1780127652,89026697,right_base_state,right_joint_1,right_joint_2,right_joint_3,right_joint_4,right_joint_5,right_joint_6,right_joint_7,-90.4573,-90.0759,90.0495,-89.926,-0.0582,-0.4935,0.0955,,
1780127652,98852318,right_base_state,right_joint_1,right_joint_2,right_joint_3,right_joint_4,right_joint_5,right_joint_6,right_joint_7,-90.4573,-90.0759,90.0495,-89.926,-0.0582,-0.4935,0.0955,,
1780127652,108684561,right_base_state,right_joint_1,right_joint_2,right_joint_3,right_joint_4,right_joint_5,right_joint_6,right_joint_7,-90.4573,-90.0759,90.0495,-89.926,-0.0583,-0.4935,0.0955,,
1780127652,118991865,right_base_state,right_joint_1,right_joint_2,right_joint_3,right_joint_4,right_joint_5,right_joint_6,right_joint_7,-90.4573,-90.0759,90.0495,-89.926,-0.0582,-0.4935,0.0955,,
1780127652,128932719,right_base_state,right_joint_1,right_joint_2,right_joint_3,right_joint_4,right_joint_5,right_joint_6,right_joint_7,-90.4573,-90.0759,90.0495,-89.926,-0.0583,-0.4935,0.0955,,
1780127652,138966104,right_base_state,right_joint_1,right_joint_2,right_joint_3,right_joint_4,right_joint_5,right_joint_6,right_joint_7,-90.4573,-90.0759,90.0495,-89.926,-0.0583,-0.4934,0.0955,,
1780127652,149009422,right_base_state,right_joint_1,right_joint_2,right_joint_3,right_joint_4,right_joint_5,right_joint_6,right_joint_7,-90.4573,-90.0759,90.0495,-89.926,-0.0582,-0.4935,0.0955,,
1780127652,158680555,right_base_state,right_joint_1,right_joint_2,right_joint_3,right_joint_4,right_joint_5,right_joint_6,right_joint_7,-90.4573,-90.0759,90.0495,-89.926,-0.0583,-0.4934,0.0955,,
1780127652,168843145,right_base_state,right_joint_1,right_joint_2,right_joint_3,right_joint_4,right_joint_5,right_joint_6,right_joint_7,-90.4573,-90.0759,90.0495,-89.926,-0.0583,-0.4935,0.0955,,
1780127652,179039853,right_base_state,right_joint_1,right_joint_2,right_joint_3,right_joint_4,right_joint_5,right_joint_6,right_joint_7,-90.4573,-90.0759,90.0495,-89.926,-0.0583,-0.4935,0.0955,,
1780127652,189439422,right_base_state,right_joint_1,right_joint_2,right_joint_3,right_joint_4,right_joint_5,right_joint_6,right_joint_7,-90.4573,-90.0759,90.0495,-89.926,-0.0582,-0.4935,0.0955,,
1780127652,198779052,right_base_state,right_joint_1,right_joint_2,right_joint_3,right_joint_4,right_joint_5,right_joint_6,right_joint_7,-90.4573,-90.0759,90.0495,-89.926,-0.0582,-0.4935,0.0955,,
1780127652,208806870,right_base_state,right_joint_1,right_joint_2,right_joint_3,right_joint_4,right_joint_5,right_joint_6,right_joint_7,-90.4573,-90.0759,90.0495,-89.926,-0.0583,-0.4934,0.0955,,
1780127652,218750307,right_base_state,right_joint_1,right_joint_2,right_joint_3,right_joint_4,right_joint_5,right_joint_6,right_joint_7,-90.4573,-90.0759,90.0495,-89.926,-0.0582,-0.4935,0.0955,,
1780127652,228794117,right_base_state,right_joint_1,right_joint_2,right_joint_3,right_joint_4,right_joint_5,right_joint_6,right_joint_7,-90.4573,-90.0759,90.0495,-89.926,-0.0582,-0.4935,0.0955,,
1780127652,239035203,right_base_state,right_joint_1,right_joint_2,right_joint_3,right_joint_4,right_joint_5,right_joint_6,right_joint_7,-90.4573,-90.0759,90.0495,-89.926,-0.0582,-0.4935,0.0955,,
1780127652,249031988,right_base_state,right_joint_1,right_joint_2,right_joint_3,right_joint_4,right_joint_5,right_joint_6,right_joint_7,-90.4573,-90.0759,90.0495,-89.926,-0.0582,-0.4935,0.0955,,
1780127652,258814972,right_base_state,right_joint_1,right_joint_2,right_joint_3,right_joint_4,right_joint_5,right_joint_6,right_joint_7,-90.4573,-90.0759,90.0495,-89.926,-0.0583,-0.4934,0.0955,,
1780127652,268777106,right_base_state,right_joint_1,right_joint_2,right_joint_3,right_joint_4,right_joint_5,right_joint_6,right_joint_7,-90.4573,-90.0759,90.0495,-89.926,-0.0582,-0.4935,0.0955,,
1780127652,279038526,right_base_state,right_joint_1,right_joint_2,right_joint_3,right_joint_4,right_joint_5,right_joint_6,right_joint_7,-90.4573,-90.0759,90.0495,-89.926,-0.0582,-0.4935,0.0955,,
1780127652,288821111,right_base_state,right_joint_1,right_joint_2,right_joint_3,right_joint_4,right_joint_5,right_joint_6,right_joint_7,-90.4573,-90.0759,90.0495,-89.926,-0.0583,-0.4935,0.0955,,
1780127652,298739456,right_base_state,right_joint_1,right_joint_2,right_joint_3,right_joint_4,right_joint_5,right_joint_6,right_joint_7,-90.4573,-90.0759,90.0495,-89.926,-0.0582,-0.4934,0.0955,,
1780127652,308687879,right_base_state,right_joint_1,right_joint_2,right_joint_3,right_joint_4,right_joint_5,right_joint_6,right_joint_7,-90.4573,-90.0759,90.0495,-89.926,-0.0582,-0.4935,0.0955,,
1780127652,319078441,right_base_state,right_joint_1,right_joint_2,right_joint_3,right_joint_4,right_joint_5,right_joint_6,right_joint_7,-90.4573,-90.0759,90.0495,-89.926,-0.0582,-0.4935,0.0955,,
1780127652,330527813,right_base_state,right_joint_1,right_joint_2,right_joint_3,right_joint_4,right_joint_5,right_joint_6,right_joint_7,-90.4573,-90.0759,90.0495,-89.926,-0.0583,-0.4934,0.0955,,
1780127652,338823349,right_base_state,right_joint_1,right_joint_2,right_joint_3,right_joint_4,right_joint_5,right_joint_6,right_joint_7,-90.4573,-90.0759,90.0495,-89.926,-0.0582,-0.4935,0.0955,,
1780127652,348796961,right_base_state,right_joint_1,right_joint_2,right_joint_3,right_joint_4,right_joint_5,right_joint_6,right_joint_7,-90.4573,-90.0759,90.0495,-89.926,-0.0582,-0.4934,0.0955,,
1780127652,358683543,right_base_state,right_joint_1,right_joint_2,right_joint_3,right_joint_4,right_joint_5,right_joint_6,right_joint_7,-90.4573,-90.0759,90.0495,-89.926,-0.0583,-0.4935,0.0955,,
1780127652,368964613,right_base_state,right_joint_1,right_joint_2,right_joint_3,right_joint_4,right_joint_5,right_joint_6,right_joint_7,-90.4573,-90.0759,90.0495,-89.926,-0.0582,-0.4935,0.0955,,
1780127652,378769726,right_base_state,right_joint_1,right_joint_2,right_joint_3,right_joint_4,right_joint_5,right_joint_6,right_joint_7,-90.4573,-90.0759,90.0495,-89.926,-0.0582,-0.4935,0.0955,,
1780127652,389562403,right_base_state,right_joint_1,right_joint_2,right_joint_3,right_joint_4,right_joint_5,right_joint_6,right_joint_7,-90.4573,-90.0759,90.0495,-89.926,-0.0583,-0.4935,0.0955,,
1780127652,399324634,right_base_state,right_joint_1,right_joint_2,right_joint_3,right_joint_4,right_joint_5,right_joint_6,right_joint_7,-90.4573,-90.0759,90.0495,-89.926,-0.0582,-0.4935,0.0955,,
1780127652,410746286,right_base_state,right_joint_1,right_joint_2,right_joint_3,right_joint_4,right_joint_5,right_joint_6,right_joint_7,-90.4573,-90.0759,90.0495,-89.926,-0.0582,-0.4935,0.0955,,
1780127652,418726845,right_base_state,right_joint_1,right_joint_2,right_joint_3,right_joint_4,right_joint_5,right_joint_6,right_joint_7,-90.4573,-90.0759,90.0495,-89.926,-0.0583,-0.4934,0.0955,,
1780127652,428821130,right_base_state,right_joint_1,right_joint_2,right_joint_3,right_joint_4,right_joint_5,right_joint_6,right_joint_7,-90.4573,-90.0759,90.0495,-89.926,-0.0582,-0.4935,0.0955,,
1780127652,438931722,right_base_state,right_joint_1,right_joint_2,right_joint_3,right_joint_4,right_joint_5,right_joint_6,right_joint_7,-90.4573,-90.0759,90.0495,-89.926,-0.0583,-0.4934,0.0955,,
1780127652,448795310,right_base_state,right_joint_1,right_joint_2,right_joint_3,right_joint_4,right_joint_5,right_joint_6,right_joint_7,-90.4573,-90.0759,90.0495,-89.926,-0.0583,-0.4934,0.0955,,
1780127652,458694983,right_base_state,right_joint_1,right_joint_2,right_joint_3,right_joint_4,right_joint_5,right_joint_6,right_joint_7,-90.4573,-90.0759,90.0495,-89.926,-0.0583,-0.4935,0.0955,,
1780127652,468682394,right_base_state,right_joint_1,right_joint_2,right_joint_3,right_joint_4,right_joint_5,right_joint_6,right_joint_7,-90.4573,-90.0759,90.0495,-89.926,-0.0582,-0.4934,0.0955,,
1780127652,478835504,right_base_state,right_joint_1,right_joint_2,right_joint_3,right_joint_4,right_joint_5,right_joint_6,right_joint_7,-90.4573,-90.0759,90.0495,-89.926,-0.0583,-0.4934,0.0955,,
1780127652,488783571,right_base_state,right_joint_1,right_joint_2,right_joint_3,right_joint_4,right_joint_5,right_joint_6,right_joint_7,-90.4573,-90.0759,90.0495,-89.926,-0.0583,-0.4935,0.0955,,
1780127652,499013205,right_base_state,right_joint_1,right_joint_2,right_joint_3,right_joint_4,right_joint_5,right_joint_6,right_joint_7,-90.4573,-90.0759,90.0495,-89.926,-0.0582,-0.4935,0.0955,,
1780127652,508865246,right_base_state,right_joint_1,right_joint_2,right_joint_3,right_joint_4,right_joint_5,right_joint_6,right_joint_7,-90.4573,-90.0759,90.0495,-89.926,-0.0582,-0.4935,0.0955,,
1780127652,518828194,right_base_state,right_joint_1,right_joint_2,right_joint_3,right_joint_4,right_joint_5,right_joint_6,right_joint_7,-90.4573,-90.0759,90.0495,-89.926,-0.0582,-0.4935,0.0955,,
1780127652,528858561,right_base_state,right_joint_1,right_joint_2,right_joint_3,right_joint_4,right_joint_5,right_joint_6,right_joint_7,-90.4573,-90.0759,90.0495,-89.926,-0.0583,-0.4934,0.0955,,
1780127652,538820114,right_base_state,right_joint_1,right_joint_2,right_joint_3,right_joint_4,right_joint_5,right_joint_6,right_joint_7,-90.4573,-90.0759,90.0495,-89.926,-0.0583,-0.4935,0.0955,,
1780127652,548730860,right_base_state,right_joint_1,right_joint_2,right_joint_3,right_joint_4,right_joint_5,right_joint_6,right_joint_7,-90.4573,-90.0759,90.0495,-89.926,-0.0582,-0.4935,0.0955,,
1780127652,558843819,right_base_state,right_joint_1,right_joint_2,right_joint_3,right_joint_4,right_joint_5,right_joint_6,right_joint_7,-90.4573,-90.0759,90.0495,-89.926,-0.0583,-0.4934,0.0955,,
1780127652,568878297,right_base_state,right_joint_1,right_joint_2,right_joint_3,right_joint_4,right_joint_5,right_joint_6,right_joint_7,-90.4573,-90.0759,90.0495,-89.926,-0.0583,-0.4934,0.0955,,
1780127652,578986648,right_base_state,right_joint_1,right_joint_2,right_joint_3,right_joint_4,right_joint_5,right_joint_6,right_joint_7,-90.4573,-90.0759,90.0495,-89.926,-0.0583,-0.4935,0.0955,,
1780127652,589013961,right_base_state,right_joint_1,right_joint_2,right_joint_3,right_joint_4,right_joint_5,right_joint_6,right_joint_7,-90.4573,-90.0759,90.0495,-89.926,-0.0583,-0.4935,0.0955,,
1780127652,598868650,right_base_state,right_joint_1,right_joint_2,right_joint_3,right_joint_4,right_joint_5,right_joint_6,right_joint_7,-90.4573,-90.0759,90.0495,-89.926,-0.0583,-0.4934,0.0955,,
1780127652,608674287,right_base_state,right_joint_1,right_joint_2,right_joint_3,right_joint_4,right_joint_5,right_joint_6,right_joint_7,-90.4573,-90.0759,90.0495,-89.926,-0.0583,-0.4935,0.0955,,
1780127652,618801300,right_base_state,right_joint_1,right_joint_2,right_joint_3,right_joint_4,right_joint_5,right_joint_6,right_joint_7,-90.4573,-90.0759,90.0495,-89.926,-0.0582,-0.4934,0.0955,,
1780127652,629298510,right_base_state,right_joint_1,right_joint_2,right_joint_3,right_joint_4,right_joint_5,right_joint_6,right_joint_7,-90.4573,-90.0759,90.0495,-89.926,-0.0582,-0.4935,0.0955,,
1780127652,638807070,right_base_state,right_joint_1,right_joint_2,right_joint_3,right_joint_4,right_joint_5,right_joint_6,right_joint_7,-90.4573,-90.0759,90.0495,-89.926,-0.0582,-0.4935,0.0955,,
1780127652,648977623,right_base_state,right_joint_1,right_joint_2,right_joint_3,right_joint_4,right_joint_5,right_joint_6,right_joint_7,-90.4573,-90.0759,90.0495,-89.926,-0.0582,-0.4935,0.0955,,
1780127652,658687593,right_base_state,right_joint_1,right_joint_2,right_joint_3,right_joint_4,right_joint_5,right_joint_6,right_joint_7,-90.4573,-90.0759,90.0495,-89.926,-0.0582,-0.4935,0.0955,,
1780127652,668671006,right_base_state,right_joint_1,right_joint_2,right_joint_3,right_joint_4,right_joint_5,right_joint_6,right_joint_7,-90.4573,-90.0759,90.0495,-89.926,-0.0582,-0.4935,0.0955,,
1780127652,678760022,right_base_state,right_joint_1,right_joint_2,right_joint_3,right_joint_4,right_joint_5,right_joint_6,right_joint_7,-90.4573,-90.0759,90.0495,-89.926,-0.0582,-0.4935,0.0955,,
1780127652,688898038,right_base_state,right_joint_1,right_joint_2,right_joint_3,right_joint_4,right_joint_5,right_joint_6,right_joint_7,-90.4573,-90.0759,90.0495,-89.926,-0.0582,-0.4935,0.0955,,
1780127652,698795039,right_base_state,right_joint_1,right_joint_2,right_joint_3,right_joint_4,right_joint_5,right_joint_6,right_joint_7,-90.4573,-90.0759,90.0495,-89.926,-0.0583,-0.4935,0.0955,,
1780127652,708679648,right_base_state,right_joint_1,right_joint_2,right_joint_3,right_joint_4,right_joint_5,right_joint_6,right_joint_7,-90.4573,-90.0759,90.0495,-89.926,-0.0582,-0.4935,0.0955,,
1780127652,718840547,right_base_state,right_joint_1,right_joint_2,right_joint_3,right_joint_4,right_joint_5,right_joint_6,right_joint_7,-90.4573,-90.0759,90.0495,-89.926,-0.0582,-0.4935,0.0955,,
1780127652,728710159,right_base_state,right_joint_1,right_joint_2,right_joint_3,right_joint_4,right_joint_5,right_joint_6,right_joint_7,-90.4573,-90.0759,90.0495,-89.926,-0.0583,-0.4935,0.0955,,
1780127652,738870805,right_base_state,right_joint_1,right_joint_2,right_joint_3,right_joint_4,right_joint_5,right_joint_6,right_joint_7,-90.4573,-90.0759,90.0495,-89.926,-0.0583,-0.4935,0.0955,,
1780127652,748932715,right_base_state,right_joint_1,right_joint_2,right_joint_3,right_joint_4,right_joint_5,right_joint_6,right_joint_7,-90.4573,-90.0759,90.0495,-89.926,-0.0583,-0.4935,0.0955,,
1780127652,758680780,right_base_state,right_joint_1,right_joint_2,right_joint_3,right_joint_4,right_joint_5,right_joint_6,right_joint_7,-90.4573,-90.0759,90.0495,-89.926,-0.0582,-0.4935,0.0955,,
1780127652,768718354,right_base_state,right_joint_1,right_joint_2,right_joint_3,right_joint_4,right_joint_5,right_joint_6,right_joint_7,-90.4573,-90.0759,90.0495,-89.926,-0.0583,-0.4934,0.0955,,
1780127652,778718514,right_base_state,right_joint_1,right_joint_2,right_joint_3,right_joint_4,right_joint_5,right_joint_6,right_joint_7,-90.4573,-90.0759,90.0495,-89.926,-0.0582,-0.4935,0.0955,,
1780127652,788804646,right_base_state,right_joint_1,right_joint_2,right_joint_3,right_joint_4,right_joint_5,right_joint_6,right_joint_7,-90.4573,-90.0759,90.0495,-89.926,-0.0583,-0.4935,0.0955,,
1780127652,798694541,right_base_state,right_joint_1,right_joint_2,right_joint_3,right_joint_4,right_joint_5,right_joint_6,right_joint_7,-90.4573,-90.0759,90.0495,-89.926,-0.0583,-0.4935,0.0955,,
1780127652,808684598,right_base_state,right_joint_1,right_joint_2,right_joint_3,right_joint_4,right_joint_5,right_joint_6,right_joint_7,-90.4573,-90.0759,90.0495,-89.926,-0.0582,-0.4934,0.0955,,
1780127652,818706059,right_base_state,right_joint_1,right_joint_2,right_joint_3,right_joint_4,right_joint_5,right_joint_6,right_joint_7,-90.4573,-90.0759,90.0495,-89.926,-0.0583,-0.4934,0.0955,,
1780127652,828858092,right_base_state,right_joint_1,right_joint_2,right_joint_3,right_joint_4,right_joint_5,right_joint_6,right_joint_7,-90.4573,-90.0759,90.0495,-89.926,-0.0583,-0.4935,0.0955,,
1780127652,838798960,right_base_state,right_joint_1,right_joint_2,right_joint_3,right_joint_4,right_joint_5,right_joint_6,right_joint_7,-90.4573,-90.0759,90.0495,-89.926,-0.0582,-0.4935,0.0955,,
1780127652,848698702,right_base_state,right_joint_1,right_joint_2,right_joint_3,right_joint_4,right_joint_5,right_joint_6,right_joint_7,-90.4573,-90.0759,90.0495,-89.926,-0.0582,-0.4935,0.0955,,
1780127652,859129654,right_base_state,right_joint_1,right_joint_2,right_joint_3,right_joint_4,right_joint_5,right_joint_6,right_joint_7,-90.4573,-90.0759,90.0495,-89.926,-0.0583,-0.4935,0.0955,,
1780127652,868764703,right_base_state,right_joint_1,right_joint_2,right_joint_3,right_joint_4,right_joint_5,right_joint_6,right_joint_7,-90.4573,-90.0759,90.0495,-89.926,-0.0583,-0.4935,0.0955,,
1780127652,879020906,right_base_state,right_joint_1,right_joint_2,right_joint_3,right_joint_4,right_joint_5,right_joint_6,right_joint_7,-90.4573,-90.0759,90.0495,-89.926,-0.0582,-0.4935,0.0955,,
1780127652,888870856,right_base_state,right_joint_1,right_joint_2,right_joint_3,right_joint_4,right_joint_5,right_joint_6,right_joint_7,-90.4573,-90.0759,90.0495,-89.926,-0.0583,-0.4935,0.0955,,
1780127652,898785296,right_base_state,right_joint_1,right_joint_2,right_joint_3,right_joint_4,right_joint_5,right_joint_6,right_joint_7,-90.4573,-90.0759,90.0495,-89.926,-0.0582,-0.4934,0.0955,,
1780127652,908692709,right_base_state,right_joint_1,right_joint_2,right_joint_3,right_joint_4,right_joint_5,right_joint_6,right_joint_7,-90.4573,-90.0759,90.0495,-89.926,-0.0583,-0.4934,0.0955,,
1780127652,919752510,right_base_state,right_joint_1,right_joint_2,right_joint_3,right_joint_4,right_joint_5,right_joint_6,right_joint_7,-90.4573,-90.0759,90.0495,-89.926,-0.0583,-0.4934,0.0955,,
1780127652,928789396,right_base_state,right_joint_1,right_joint_2,right_joint_3,right_joint_4,right_joint_5,right_joint_6,right_joint_7,-90.4573,-90.0759,90.0495,-89.926,-0.0583,-0.4935,0.0955,,
1780127652,939015247,right_base_state,right_joint_1,right_joint_2,right_joint_3,right_joint_4,right_joint_5,right_joint_6,right_joint_7,-90.4573,-90.0759,90.0495,-89.926,-0.0583,-0.4935,0.0955,,
1780127652,948838967,right_base_state,right_joint_1,right_joint_2,right_joint_3,right_joint_4,right_joint_5,right_joint_6,right_joint_7,-90.4573,-90.0759,90.0495,-89.926,-0.0583,-0.4935,0.0955,,
1780127652,958681348,right_base_state,right_joint_1,right_joint_2,right_joint_3,right_joint_4,right_joint_5,right_joint_6,right_joint_7,-90.4573,-90.0759,90.0495,-89.926,-0.0582,-0.4935,0.0955,,
1780127652,968795604,right_base_state,right_joint_1,right_joint_2,right_joint_3,right_joint_4,right_joint_5,right_joint_6,right_joint_7,-90.4573,-90.0759,90.0495,-89.926,-0.0582,-0.4935,0.0955,,
1780127652,978696270,right_base_state,right_joint_1,right_joint_2,right_joint_3,right_joint_4,right_joint_5,right_joint_6,right_joint_7,-90.4573,-90.0759,90.0495,-89.926,-0.0583,-0.4934,0.0955,,
1780127652,988752163,right_base_state,right_joint_1,right_joint_2,right_joint_3,right_joint_4,right_joint_5,right_joint_6,right_joint_7,-90.4573,-90.0759,90.0495,-89.926,-0.0582,-0.4935,0.0955,,
1780127652,998814493,right_base_state,right_joint_1,right_joint_2,right_joint_3,right_joint_4,right_joint_5,right_joint_6,right_joint_7,-90.4573,-90.0759,90.0495,-89.926,-0.0582,-0.4934,0.0955,,
1780127653,9068259,right_base_state,right_joint_1,right_joint_2,right_joint_3,right_joint_4,right_joint_5,right_joint_6,right_joint_7,-90.4573,-90.0759,90.0495,-89.926,-0.0583,-0.4934,0.0955,,
1780127653,18734716,right_base_state,right_joint_1,right_joint_2,right_joint_3,right_joint_4,right_joint_5,right_joint_6,right_joint_7,-90.4573,-90.0759,90.0495,-89.926,-0.0582,-0.4934,0.0955,,
1780127653,28761770,right_base_state,right_joint_1,right_joint_2,right_joint_3,right_joint_4,right_joint_5,right_joint_6,right_joint_7,-90.4573,-90.0759,90.0495,-89.926,-0.0583,-0.4934,0.0955,,
1780127653,38737402,right_base_state,right_joint_1,right_joint_2,right_joint_3,right_joint_4,right_joint_5,right_joint_6,right_joint_7,-90.4573,-90.0759,90.0495,-89.926,-0.0583,-0.4935,0.0955,,
1780127653,48716235,right_base_state,right_joint_1,right_joint_2,right_joint_3,right_joint_4,right_joint_5,right_joint_6,right_joint_7,-90.4573,-90.0759,90.0495,-89.926,-0.0582,-0.4935,0.0955,,
1780127653,58789512,right_base_state,right_joint_1,right_joint_2,right_joint_3,right_joint_4,right_joint_5,right_joint_6,right_joint_7,-90.4573,-90.0759,90.0495,-89.926,-0.0583,-0.4935,0.0955,,
1780127653,68778043,right_base_state,right_joint_1,right_joint_2,right_joint_3,right_joint_4,right_joint_5,right_joint_6,right_joint_7,-90.4573,-90.0759,90.0495,-89.926,-0.0582,-0.4935,0.0955,,
1780127653,78839624,right_base_state,right_joint_1,right_joint_2,right_joint_3,right_joint_4,right_joint_5,right_joint_6,right_joint_7,-90.4573,-90.0759,90.0495,-89.926,-0.0582,-0.4934,0.0955,,
1780127653,88807811,right_base_state,right_joint_1,right_joint_2,right_joint_3,right_joint_4,right_joint_5,right_joint_6,right_joint_7,-90.4573,-90.0759,90.0495,-89.926,-0.0582,-0.4934,0.0955,,
1780127653,98921446,right_base_state,right_joint_1,right_joint_2,right_joint_3,right_joint_4,right_joint_5,right_joint_6,right_joint_7,-90.4573,-90.0759,90.0495,-89.926,-0.0582,-0.4935,0.0955,,
1780127653,108832671,right_base_state,right_joint_1,right_joint_2,right_joint_3,right_joint_4,right_joint_5,right_joint_6,right_joint_7,-90.4573,-90.0759,90.0495,-89.926,-0.0583,-0.4935,0.0955,,
1780127653,118853708,right_base_state,right_joint_1,right_joint_2,right_joint_3,right_joint_4,right_joint_5,right_joint_6,right_joint_7,-90.4573,-90.0759,90.0495,-89.926,-0.0583,-0.4934,0.0955,,
1780127653,128777958,right_base_state,right_joint_1,right_joint_2,right_joint_3,right_joint_4,right_joint_5,right_joint_6,right_joint_7,-90.4573,-90.0759,90.0495,-89.926,-0.0583,-0.4935,0.0955,,
1780127653,138831726,right_base_state,right_joint_1,right_joint_2,right_joint_3,right_joint_4,right_joint_5,right_joint_6,right_joint_7,-90.4573,-90.0759,90.0495,-89.926,-0.0582,-0.4935,0.0955,,
1780127653,148870950,right_base_state,right_joint_1,right_joint_2,right_joint_3,right_joint_4,right_joint_5,right_joint_6,right_joint_7,-90.4573,-90.0759,90.0495,-89.926,-0.0582,-0.4935,0.0955,,
1780127653,158815083,right_base_state,right_joint_1,right_joint_2,right_joint_3,right_joint_4,right_joint_5,right_joint_6,right_joint_7,-90.4573,-90.0759,90.0495,-89.926,-0.0582,-0.4935,0.0955,,
1780127653,168837166,right_base_state,right_joint_1,right_joint_2,right_joint_3,right_joint_4,right_joint_5,right_joint_6,right_joint_7,-90.4573,-90.0759,90.0495,-89.926,-0.0583,-0.4935,0.0955,,
1780127653,178727364,right_base_state,right_joint_1,right_joint_2,right_joint_3,right_joint_4,right_joint_5,right_joint_6,right_joint_7,-90.4573,-90.0759,90.0495,-89.926,-0.0582,-0.4934,0.0955,,
1780127653,188780343,right_base_state,right_joint_1,right_joint_2,right_joint_3,right_joint_4,right_joint_5,right_joint_6,right_joint_7,-90.4573,-90.0759,90.0495,-89.926,-0.0583,-0.4935,0.0955,,
1780127653,198740889,right_base_state,right_joint_1,right_joint_2,right_joint_3,right_joint_4,right_joint_5,right_joint_6,right_joint_7,-90.4573,-90.0759,90.0495,-89.926,-0.0583,-0.4934,0.0955,,
1780127653,208716105,right_base_state,right_joint_1,right_joint_2,right_joint_3,right_joint_4,right_joint_5,right_joint_6,right_joint_7,-90.4573,-90.0759,90.0495,-89.926,-0.0582,-0.4935,0.0955,,
1780127653,219340071,right_base_state,right_joint_1,right_joint_2,right_joint_3,right_joint_4,right_joint_5,right_joint_6,right_joint_7,-90.4573,-90.0759,90.0495,-89.926,-0.0582,-0.4935,0.0955,,
1780127653,228746494,right_base_state,right_joint_1,right_joint_2,right_joint_3,right_joint_4,right_joint_5,right_joint_6,right_joint_7,-90.4573,-90.0759,90.0495,-89.926,-0.0583,-0.4934,0.0955,,
1780127653,238847274,right_base_state,right_joint_1,right_joint_2,right_joint_3,right_joint_4,right_joint_5,right_joint_6,right_joint_7,-90.4573,-90.0759,90.0495,-89.926,-0.0583,-0.4935,0.0955,,
1780127653,248778287,right_base_state,right_joint_1,right_joint_2,right_joint_3,right_joint_4,right_joint_5,right_joint_6,right_joint_7,-90.4573,-90.0759,90.0495,-89.926,-0.0582,-0.4935,0.0955,,
1780127653,258679929,right_base_state,right_joint_1,right_joint_2,right_joint_3,right_joint_4,right_joint_5,right_joint_6,right_joint_7,-90.4573,-90.0759,90.0495,-89.926,-0.0582,-0.4935,0.0955,,
1780127653,268768341,right_base_state,right_joint_1,right_joint_2,right_joint_3,right_joint_4,right_joint_5,right_joint_6,right_joint_7,-90.4573,-90.0759,90.0495,-89.926,-0.0582,-0.4935,0.0955,,
1780127653,278728354,right_base_state,right_joint_1,right_joint_2,right_joint_3,right_joint_4,right_joint_5,right_joint_6,right_joint_7,-90.4573,-90.0759,90.0495,-89.926,-0.0582,-0.4935,0.0955,,
1780127653,288822635,right_base_state,right_joint_1,right_joint_2,right_joint_3,right_joint_4,right_joint_5,right_joint_6,right_joint_7,-90.4573,-90.0759,90.0495,-89.926,-0.0582,-0.4934,0.0955,,
1780127653,300857954,right_base_state,right_joint_1,right_joint_2,right_joint_3,right_joint_4,right_joint_5,right_joint_6,right_joint_7,-90.4573,-90.0759,90.0495,-89.926,-0.0582,-0.4934,0.0955,,
1780127653,308963228,right_base_state,right_joint_1,right_joint_2,right_joint_3,right_joint_4,right_joint_5,right_joint_6,right_joint_7,-90.4573,-90.0759,90.0495,-89.926,-0.0582,-0.4934,0.0955,,
1780127653,318718834,right_base_state,right_joint_1,right_joint_2,right_joint_3,right_joint_4,right_joint_5,right_joint_6,right_joint_7,-90.4573,-90.0759,90.0495,-89.926,-0.0582,-0.4934,0.0955,,
1780127653,328778383,right_base_state,right_joint_1,right_joint_2,right_joint_3,right_joint_4,right_joint_5,right_joint_6,right_joint_7,-90.4573,-90.0759,90.0495,-89.926,-0.0583,-0.4934,0.0955,,
1780127653,339076168,right_base_state,right_joint_1,right_joint_2,right_joint_3,right_joint_4,right_joint_5,right_joint_6,right_joint_7,-90.4573,-90.0759,90.0495,-89.926,-0.0582,-0.4935,0.0955,,
1780127653,348841246,right_base_state,right_joint_1,right_joint_2,right_joint_3,right_joint_4,right_joint_5,right_joint_6,right_joint_7,-90.4573,-90.0759,90.0495,-89.926,-0.0583,-0.4935,0.0955,,
1780127653,358715101,right_base_state,right_joint_1,right_joint_2,right_joint_3,right_joint_4,right_joint_5,right_joint_6,right_joint_7,-90.4573,-90.0759,90.0495,-89.926,-0.0582,-0.4935,0.0955,,
1780127653,368851719,right_base_state,right_joint_1,right_joint_2,right_joint_3,right_joint_4,right_joint_5,right_joint_6,right_joint_7,-90.4573,-90.0759,90.0495,-89.926,-0.0583,-0.4935,0.0955,,
1780127653,378726944,right_base_state,right_joint_1,right_joint_2,right_joint_3,right_joint_4,right_joint_5,right_joint_6,right_joint_7,-90.4573,-90.0759,90.0495,-89.926,-0.0582,-0.4935,0.0955,,
1780127653,388860668,right_base_state,right_joint_1,right_joint_2,right_joint_3,right_joint_4,right_joint_5,right_joint_6,right_joint_7,-90.4573,-90.0759,90.0495,-89.926,-0.0582,-0.4935,0.0955,,
1780127653,399495905,right_base_state,right_joint_1,right_joint_2,right_joint_3,right_joint_4,right_joint_5,right_joint_6,right_joint_7,-90.4573,-90.0759,90.0495,-89.926,-0.0583,-0.4934,0.0955,,
1780127653,408771221,right_base_state,right_joint_1,right_joint_2,right_joint_3,right_joint_4,right_joint_5,right_joint_6,right_joint_7,-90.4573,-90.0759,90.0495,-89.926,-0.0582,-0.4934,0.0955,,
1780127653,419027630,right_base_state,right_joint_1,right_joint_2,right_joint_3,right_joint_4,right_joint_5,right_joint_6,right_joint_7,-90.4573,-90.0759,90.0495,-89.926,-0.0582,-0.4935,0.0955,,
1780127653,428860133,right_base_state,right_joint_1,right_joint_2,right_joint_3,right_joint_4,right_joint_5,right_joint_6,right_joint_7,-90.4573,-90.0759,90.0495,-89.926,-0.0582,-0.4934,0.0955,,
1780127653,438751844,right_base_state,right_joint_1,right_joint_2,right_joint_3,right_joint_4,right_joint_5,right_joint_6,right_joint_7,-90.4573,-90.0759,90.0495,-89.926,-0.0583,-0.4935,0.0955,,
1780127653,448784774,right_base_state,right_joint_1,right_joint_2,right_joint_3,right_joint_4,right_joint_5,right_joint_6,right_joint_7,-90.4573,-90.0759,90.0495,-89.926,-0.0583,-0.4935,0.0955,,
1780127653,458755141,right_base_state,right_joint_1,right_joint_2,right_joint_3,right_joint_4,right_joint_5,right_joint_6,right_joint_7,-90.4573,-90.0759,90.0495,-89.926,-0.0583,-0.4935,0.0955,,
1780127653,468771438,right_base_state,right_joint_1,right_joint_2,right_joint_3,right_joint_4,right_joint_5,right_joint_6,right_joint_7,-90.4573,-90.0759,90.0495,-89.926,-0.0582,-0.4934,0.0955,,
1780127653,478810418,right_base_state,right_joint_1,right_joint_2,right_joint_3,right_joint_4,right_joint_5,right_joint_6,right_joint_7,-90.4573,-90.0759,90.0495,-89.926,-0.0582,-0.4935,0.0955,,
1780127653,489279745,right_base_state,right_joint_1,right_joint_2,right_joint_3,right_joint_4,right_joint_5,right_joint_6,right_joint_7,-90.4573,-90.0759,90.0495,-89.926,-0.0582,-0.4935,0.0955,,
1780127653,498818194,right_base_state,right_joint_1,right_joint_2,right_joint_3,right_joint_4,right_joint_5,right_joint_6,right_joint_7,-90.4573,-90.0759,90.0495,-89.926,-0.0582,-0.4935,0.0955,,
1780127653,508799483,right_base_state,right_joint_1,right_joint_2,right_joint_3,right_joint_4,right_joint_5,right_joint_6,right_joint_7,-90.4573,-90.0759,90.0495,-89.926,-0.0583,-0.4935,0.0955,,
1780127653,518823912,right_base_state,right_joint_1,right_joint_2,right_joint_3,right_joint_4,right_joint_5,right_joint_6,right_joint_7,-90.4573,-90.0759,90.0495,-89.926,-0.0583,-0.4935,0.0955,,
1780127653,529851123,right_base_state,right_joint_1,right_joint_2,right_joint_3,right_joint_4,right_joint_5,right_joint_6,right_joint_7,-90.4573,-90.0759,90.0495,-89.926,-0.0582,-0.4935,0.0955,,
1780127653,538826760,right_base_state,right_joint_1,right_joint_2,right_joint_3,right_joint_4,right_joint_5,right_joint_6,right_joint_7,-90.4573,-90.0759,90.0495,-89.926,-0.0583,-0.4934,0.0955,,
1780127653,548731517,right_base_state,right_joint_1,right_joint_2,right_joint_3,right_joint_4,right_joint_5,right_joint_6,right_joint_7,-90.4573,-90.0759,90.0495,-89.926,-0.0583,-0.4934,0.0955,,
1780127653,558674181,right_base_state,right_joint_1,right_joint_2,right_joint_3,right_joint_4,right_joint_5,right_joint_6,right_joint_7,-90.4573,-90.0759,90.0495,-89.926,-0.0582,-0.4934,0.0955,,
1780127653,568967472,right_base_state,right_joint_1,right_joint_2,right_joint_3,right_joint_4,right_joint_5,right_joint_6,right_joint_7,-90.4573,-90.0759,90.0495,-89.926,-0.0582,-0.4934,0.0955,,
1780127653,578755664,right_base_state,right_joint_1,right_joint_2,right_joint_3,right_joint_4,right_joint_5,right_joint_6,right_joint_7,-90.4573,-90.0759,90.0495,-89.926,-0.0583,-0.4934,0.0955,,
1780127653,588788627,right_base_state,right_joint_1,right_joint_2,right_joint_3,right_joint_4,right_joint_5,right_joint_6,right_joint_7,-90.4573,-90.0759,90.0495,-89.926,-0.0583,-0.4935,0.0955,,
1780127653,598835489,right_base_state,right_joint_1,right_joint_2,right_joint_3,right_joint_4,right_joint_5,right_joint_6,right_joint_7,-90.4573,-90.0759,90.0495,-89.926,-0.0582,-0.4935,0.0955,,
1780127653,608716968,right_base_state,right_joint_1,right_joint_2,right_joint_3,right_joint_4,right_joint_5,right_joint_6,right_joint_7,-90.4573,-90.0759,90.0495,-89.926,-0.0582,-0.4935,0.0955,,
1780127653,618909059,right_base_state,right_joint_1,right_joint_2,right_joint_3,right_joint_4,right_joint_5,right_joint_6,right_joint_7,-90.4573,-90.0759,90.0495,-89.926,-0.0583,-0.4934,0.0955,,
1780127653,628912687,right_base_state,right_joint_1,right_joint_2,right_joint_3,right_joint_4,right_joint_5,right_joint_6,right_joint_7,-90.4573,-90.0759,90.0495,-89.926,-0.0582,-0.4935,0.0955,,
1780127653,638985767,right_base_state,right_joint_1,right_joint_2,right_joint_3,right_joint_4,right_joint_5,right_joint_6,right_joint_7,-90.4573,-90.0759,90.0495,-89.926,-0.0583,-0.4935,0.0955,,
1780127653,649038596,right_base_state,right_joint_1,right_joint_2,right_joint_3,right_joint_4,right_joint_5,right_joint_6,right_joint_7,-90.4573,-90.0759,90.0495,-89.926,-0.0582,-0.4935,0.0955,,
1780127653,658668157,right_base_state,right_joint_1,right_joint_2,right_joint_3,right_joint_4,right_joint_5,right_joint_6,right_joint_7,-90.4573,-90.0759,90.0495,-89.926,-0.0583,-0.4935,0.0955,,
1780127653,668727804,right_base_state,right_joint_1,right_joint_2,right_joint_3,right_joint_4,right_joint_5,right_joint_6,right_joint_7,-90.4573,-90.0759,90.0495,-89.926,-0.0583,-0.4935,0.0955,,
1780127653,678972089,right_base_state,right_joint_1,right_joint_2,right_joint_3,right_joint_4,right_joint_5,right_joint_6,right_joint_7,-90.4573,-90.0759,90.0495,-89.926,-0.0583,-0.4935,0.0955,,
1780127653,688768267,right_base_state,right_joint_1,right_joint_2,right_joint_3,right_joint_4,right_joint_5,right_joint_6,right_joint_7,-90.4573,-90.0759,90.0495,-89.926,-0.0582,-0.4935,0.0955,,
