1780128038,133774605,right_base_state,right_joint_1,right_joint_2,right_joint_3,right_joint_4,right_joint_5,right_joint_6,right_joint_7,-90.4573,-90.0759,90.0495,-89.926,-0.0582,-0.4935,0.0955,,
1780128038,143685630,right_base_state,right_joint_1,right_joint_2,right_joint_3,right_joint_4,right_joint_5,right_joint_6,right_joint_7,-90.4573,-90.0759,90.0495,-89.926,-0.0582,-0.4935,0.0955,,
1780128038,153677057,right_base_state,right_joint_1,right_joint_2,right_joint_3,right_joint_4,right_joint_5,right_joint_6,right_joint_7,-90.4573,-90.0759,90.0495,-89.926,-0.0582,-0.4935,0.0955,,
1780128038,163776550,right_base_state,right_joint_1,right_joint_2,right_joint_3,right_joint_4,right_joint_5,right_joint_6,right_joint_7,-90.4573,-90.0759,90.0495,-89.926,-0.0582,-0.4935,0.0955,,
1780128038,174049254,right_base_state,right_joint_1,right_joint_2,right_joint_3,right_joint_4,right_joint_5,right_joint_6,right_joint_7,-90.4573,-90.0759,90.0495,-89.926,-0.0583,-0.4935,0.0955,,
1780128038,183672967,right_base_state,right_joint_1,right_joint_2,right_joint_3,right_joint_4,right_joint_5,right_joint_6,right_joint_7,-90.4573,-90.0759,90.0495,-89.926,-0.0582,-0.4935,0.0955,,
1780128038,193766262,right_base_state,right_joint_1,right_joint_2,right_joint_3,right_joint_4,right_joint_5,right_joint_6,right_joint_7,-90.4573,-90.0759,90.0495,-89.926,-0.0582,-0.4935,0.0955,,
1780128038,203706524,right_base_state,right_joint_1,right_joint_2,right_joint_3,right_joint_4,right_joint_5,right_joint_6,right_joint_7,-90.4573,-90.0759,90.0495,-89.926,-0.0582,-0.4935,0.0955,,
1780128038,213664518,right_base_state,right_joint_1,right_joint_2,right_joint_3,right_joint_4,right_joint_5,right_joint_6,right_joint_7,-90.4573,-90.0759,90.0495,-89.926,-0.0583,-0.4935,0.0955,,
1780128038,223707566,right_base_state,right_joint_1,right_joint_2,right_joint_3,right_joint_4,right_joint_5,right_joint_6,right_joint_7,-90.4573,-90.0759,90.0495,-89.926,-0.0582,-0.4934,0.0955,,
1780128038,233748715,right_base_state,right_joint_1,right_joint_2,right_joint_3,right_joint_4,right_joint_5,right_joint_6,right_joint_7,-90.4573,-90.0759,90.0495,-89.926,-0.0582,-0.4935,0.0955,,
1780128038,243829110,right_base_state,right_joint_1,right_joint_2,right_joint_3,right_joint_4,right_joint_5,right_joint_6,right_joint_7,-90.4573,-90.0759,90.0495,-89.926,-0.0583,-0.4935,0.0955,,
1780128038,253823669,right_base_state,right_joint_1,right_joint_2,right_joint_3,right_joint_4,right_joint_5,right_joint_6,right_joint_7,-90.4573,-90.0759,90.0495,-89.926,-0.0582,-0.4935,0.0955,,
1780128038,263871003,right_base_state,right_joint_1,right_joint_2,right_joint_3,right_joint_4,right_joint_5,right_joint_6,right_joint_7,-90.4573,-90.0759,90.0495,-89.926,-0.0583,-0.4934,0.0955,,
1780128038,273849924,right_base_state,right_joint_1,right_joint_2,right_joint_3,right_joint_4,right_joint_5,right_joint_6,right_joint_7,-90.4573,-90.0759,90.0495,-89.926,-0.0582,-0.4935,0.0955,,
1780128038,283942954,right_base_state,right_joint_1,right_joint_2,right_joint_3,right_joint_4,right_joint_5,right_joint_6,right_joint_7,-90.4573,-90.0759,90.0495,-89.926,-0.0583,-0.4935,0.0955,,
1780128038,293863289,right_base_state,right_joint_1,right_joint_2,right_joint_3,right_joint_4,right_joint_5,right_joint_6,right_joint_7,-90.4573,-90.0759,90.0495,-89.926,-0.0582,-0.4934,0.0955,,
1780128038,303529140,right_base_state,right_joint_1,right_joint_2,right_joint_3,right_joint_4,right_joint_5,right_joint_6,right_joint_7,-90.4573,-90.0759,90.0495,-89.926,-0.0582,-0.4935,0.0955,,
1780128038,313806700,right_base_state,right_joint_1,right_joint_2,right_joint_3,right_joint_4,right_joint_5,right_joint_6,right_joint_7,-90.4573,-90.0759,90.0495,-89.926,-0.0583,-0.4935,0.0955,,
1780128038,323619922,right_base_state,right_joint_1,right_joint_2,right_joint_3,right_joint_4,right_joint_5,right_joint_6,right_joint_7,-90.4573,-90.0759,90.0495,-89.926,-0.0582,-0.4935,0.0955,,
1780128038,333748868,right_base_state,right_joint_1,right_joint_2,right_joint_3,right_joint_4,right_joint_5,right_joint_6,right_joint_7,-90.4573,-90.0759,90.0495,-89.926,-0.0583,-0.4935,0.0955,,
1780128038,343802516,right_base_state,right_joint_1,right_joint_2,right_joint_3,right_joint_4,right_joint_5,right_joint_6,right_joint_7,-90.4573,-90.0759,90.0495,-89.926,-0.0582,-0.4935,0.0955,,
1780128038,353630575,right_base_state,right_joint_1,right_joint_2,right_joint_3,right_joint_4,right_joint_5,right_joint_6,right_joint_7,-90.4573,-90.0759,90.0495,-89.926,-0.0583,-0.4935,0.0955,,
1780128038,364062882,right_base_state,right_joint_1,right_joint_2,right_joint_3,right_joint_4,right_joint_5,right_joint_6,right_joint_7,-90.4573,-90.0759,90.0495,-89.926,-0.0583,-0.4935,0.0955,,
1780128038,373765235,right_base_state,right_joint_1,right_joint_2,right_joint_3,right_joint_4,right_joint_5,right_joint_6,right_joint_7,-90.4573,-90.0759,90.0495,-89.926,-0.0582,-0.4935,0.0955,,
1780128038,383757699,right_base_state,right_joint_1,right_joint_2,right_joint_3,right_joint_4,right_joint_5,right_joint_6,right_joint_7,-90.4573,-90.0759,90.0495,-89.926,-0.0582,-0.4935,0.0955,,
1780128038,393672098,right_base_state,right_joint_1,right_joint_2,right_joint_3,right_joint_4,right_joint_5,right_joint_6,right_joint_7,-90.4573,-90.0759,90.0495,-89.926,-0.0583,-0.4935,0.0955,,
1780128038,404830904,right_base_state,right_joint_1,right_joint_2,right_joint_3,right_joint_4,right_joint_5,right_joint_6,right_joint_7,-90.4573,-90.0759,90.0495,-89.926,-0.0582,-0.4935,0.0955,,
1780128038,413954569,right_base_state,right_joint_1,right_joint_2,right_joint_3,right_joint_4,right_joint_5,right_joint_6,right_joint_7,-90.4573,-90.0759,90.0495,-89.926,-0.0583,-0.4934,0.0955,,
1780128038,424199957,right_base_state,right_joint_1,right_joint_2,right_joint_3,right_joint_4,right_joint_5,right_joint_6,right_joint_7,-90.4573,-90.0759,90.0495,-89.926,-0.0582,-0.4935,0.0955,,
1780128038,434157282,right_base_state,right_joint_1,right_joint_2,right_joint_3,right_joint_4,right_joint_5,right_joint_6,right_joint_7,-90.4573,-90.0759,90.0495,-89.926,-0.0582,-0.4935,0.0955,,
1780128038,444529352,right_base_state,right_joint_1,right_joint_2,right_joint_3,right_joint_4,right_joint_5,right_joint_6,right_joint_7,-90.4573,-90.0759,90.0495,-89.926,-0.0582,-0.4935,0.0955,,
1780128038,453610404,right_base_state,right_joint_1,right_joint_2,right_joint_3,right_joint_4,right_joint_5,right_joint_6,right_joint_7,-90.4573,-90.0759,90.0495,-89.926,-0.0582,-0.4934,0.0955,,
1780128038,463611738,right_base_state,right_joint_1,right_joint_2,right_joint_3,right_joint_4,right_joint_5,right_joint_6,right_joint_7,-90.4573,-90.0759,90.0495,-89.926,-0.0582,-0.4935,0.0955,,
1780128038,473747329,right_base_state,right_joint_1,right_joint_2,right_joint_3,right_joint_4,right_joint_5,right_joint_6,right_joint_7,-90.4573,-90.0759,90.0495,-89.926,-0.0582,-0.4935,0.0955,,
1780128038,483954231,right_base_state,right_joint_1,right_joint_2,right_joint_3,right_joint_4,right_joint_5,right_joint_6,right_joint_7,-90.4573,-90.0759,90.0495,-89.926,-0.0582,-0.4935,0.0955,,
1780128038,493807890,right_base_state,right_joint_1,right_joint_2,right_joint_3,right_joint_4,right_joint_5,right_joint_6,right_joint_7,-90.4573,-90.0759,90.0495,-89.926,-0.0583,-0.4935,0.0955,,
1780128038,503645835,right_base_state,right_joint_1,right_joint_2,right_joint_3,right_joint_4,right_joint_5,right_joint_6,right_joint_7,-90.4573,-90.0759,90.0495,-89.926,-0.0582,-0.4935,0.0955,,
1780128038,514006061,right_base_state,right_joint_1,right_joint_2,right_joint_3,right_joint_4,right_joint_5,right_joint_6,right_joint_7,-90.4573,-90.0759,90.0495,-89.926,-0.0583,-0.4935,0.0955,,
1780128038,523725586,right_base_state,right_joint_1,right_joint_2,right_joint_3,right_joint_4,right_joint_5,right_joint_6,right_joint_7,-90.4573,-90.0759,90.0495,-89.926,-0.0582,-0.4935,0.0955,,
1780128038,533718485,right_base_state,right_joint_1,right_joint_2,right_joint_3,right_joint_4,right_joint_5,right_joint_6,right_joint_7,-90.4573,-90.0759,90.0495,-89.926,-0.0582,-0.4935,0.0955,,
1780128038,543783148,right_base_state,right_joint_1,right_joint_2,right_joint_3,right_joint_4,right_joint_5,right_joint_6,right_joint_7,-90.4573,-90.0759,90.0495,-89.926,-0.0582,-0.4934,0.0955,,
1780128038,553581416,right_base_state,right_joint_1,right_joint_2,right_joint_3,right_joint_4,right_joint_5,right_joint_6,right_joint_7,-90.4573,-90.0759,90.0495,-89.926,-0.0583,-0.4935,0.0955,,
1780128038,563615472,right_base_state,right_joint_1,right_joint_2,right_joint_3,right_joint_4,right_joint_5,right_joint_6,right_joint_7,-90.4573,-90.0759,90.0495,-89.926,-0.0582,-0.4935,0.0955,,
1780128038,573685058,right_base_state,right_joint_1,right_joint_2,right_joint_3,right_joint_4,right_joint_5,right_joint_6,right_joint_7,-90.4573,-90.0759,90.0495,-89.926,-0.0582,-0.4935,0.0955,,
1780128038,584000291,right_base_state,right_joint_1,right_joint_2,right_joint_3,right_joint_4,right_joint_5,right_joint_6,right_joint_7,-90.4573,-90.0759,90.0495,-89.926,-0.0582,-0.4934,0.0955,,
1780128038,593966833,right_base_state,right_joint_1,right_joint_2,right_joint_3,right_joint_4,right_joint_5,right_joint_6,right_joint_7,-90.4573,-90.0759,90.0495,-89.926,-0.0582,-0.4935,0.0955,,
1780128038,603568738,right_base_state,right_joint_1,right_joint_2,right_joint_3,right_joint_4,right_joint_5,right_joint_6,right_joint_7,-90.4573,-90.0759,90.0495,-89.926,-0.0583,-0.4935,0.0955,,
1780128038,613589331,right_base_state,right_joint_1,right_joint_2,right_joint_3,right_joint_4,right_joint_5,right_joint_6,right_joint_7,-90.4573,-90.0759,90.0495,-89.926,-0.0582,-0.4935,0.0955,,
1780128038,623674563,right_base_state,right_joint_1,right_joint_2,right_joint_3,right_joint_4,right_joint_5,right_joint_6,right_joint_7,-90.4573,-90.0759,90.0495,-89.926,-0.0582,-0.4934,0.0955,,
1780128038,633679802,right_base_state,right_joint_1,right_joint_2,right_joint_3,right_joint_4,right_joint_5,right_joint_6,right_joint_7,-90.4573,-90.0759,90.0495,-89.926,-0.0582,-0.4935,0.0955,,
1780128038,643689454,right_base_state,right_joint_1,right_joint_2,right_joint_3,right_joint_4,right_joint_5,right_joint_6,right_joint_7,-90.4573,-90.0759,90.0495,-89.926,-0.0582,-0.4935,0.0955,,
1780128038,653583270,right_base_state,right_joint_1,right_joint_2,right_joint_3,right_joint_4,right_joint_5,right_joint_6,right_joint_7,-90.4573,-90.0759,90.0495,-89.926,-0.0582,-0.4935,0.0955,,
1780128038,666670038,right_base_state,right_joint_1,right_joint_2,right_joint_3,right_joint_4,right_joint_5,right_joint_6,right_joint_7,-90.4573,-90.0759,90.0495,-89.926,-0.0582,-0.4935,0.0955,,
1780128038,673861412,right_base_state,right_joint_1,right_joint_2,right_joint_3,right_joint_4,right_joint_5,right_joint_6,right_joint_7,-90.4573,-90.0759,90.0495,-89.926,-0.0582,-0.4935,0.0955,,
1780128038,683753010,right_base_state,right_joint_1,right_joint_2,right_joint_3,right_joint_4,right_joint_5,right_joint_6,right_joint_7,-90.4573,-90.0759,90.0495,-89.926,-0.0582,-0.4935,0.0955,,
1780128038,693722801,right_base_state,right_joint_1,right_joint_2,right_joint_3,right_joint_4,right_joint_5,right_joint_6,right_joint_7,-90.4573,-90.0759,90.0495,-89.926,-0.0582,-0.4935,0.0955,,
1780128038,703886758,right_base_state,right_joint_1,right_joint_2,right_joint_3,right_joint_4,right_joint_5,right_joint_6,right_joint_7,-90.4573,-90.0759,90.0495,-89.926,-0.0582,-0.4934,0.0955,,
1780128038,713589693,right_base_state,right_joint_1,right_joint_2,right_joint_3,right_joint_4,right_joint_5,right_joint_6,right_joint_7,-90.4573,-90.0759,90.0495,-89.926,-0.0582,-0.4935,0.0955,,
1780128038,723726881,right_base_state,right_joint_1,right_joint_2,right_joint_3,right_joint_4,right_joint_5,right_joint_6,right_joint_7,-90.4573,-90.0759,90.0495,-89.926,-0.0582,-0.4935,0.0955,,
1780128038,733699260,right_base_state,right_joint_1,right_joint_2,right_joint_3,right_joint_4,right_joint_5,right_joint_6,right_joint_7,-90.4573,-90.0759,90.0495,-89.926,-0.0583,-0.4935,0.0955,,
1780128038,744469385,right_base_state,right_joint_1,right_joint_2,right_joint_3,right_joint_4,right_joint_5,right_joint_6,right_joint_7,-90.4573,-90.0759,90.0495,-89.926,-0.0582,-0.4934,0.0955,,
1780128038,754858539,right_base_state,right_joint_1,right_joint_2,right_joint_3,right_joint_4,right_joint_5,right_joint_6,right_joint_7,-90.4573,-90.0759,90.0495,-89.926,-0.0583,-0.4934,0.0955,,
1780128038,763598421,right_base_state,right_joint_1,right_joint_2,right_joint_3,right_joint_4,right_joint_5,right_joint_6,right_joint_7,-90.4573,-90.0759,90.0495,-89.926,-0.0583,-0.4934,0.0955,,
1780128038,773665670,right_base_state,right_joint_1,right_joint_2,right_joint_3,right_joint_4,right_joint_5,right_joint_6,right_joint_7,-90.4573,-90.0759,90.0495,-89.926,-0.0583,-0.4935,0.0955,,
1780128038,783690515,right_base_state,right_joint_1,right_joint_2,right_joint_3,right_joint_4,right_joint_5,right_joint_6,right_joint_7,-90.4573,-90.0759,90.0495,-89.926,-0.0582,-0.4935,0.0955,,
1780128038,793787983,right_base_state,right_joint_1,right_joint_2,right_joint_3,right_joint_4,right_joint_5,right_joint_6,right_joint_7,-90.4573,-90.0759,90.0495,-89.926,-0.0583,-0.4934,0.0955,,
1780128038,803636620,right_base_state,right_joint_1,right_joint_2,right_joint_3,right_joint_4,right_joint_5,right_joint_6,right_joint_7,-90.4573,-90.0759,90.0495,-89.926,-0.0583,-0.4935,0.0955,,
1780128038,813695142,right_base_state,right_joint_1,right_joint_2,right_joint_3,right_joint_4,right_joint_5,right_joint_6,right_joint_7,-90.4573,-90.0759,90.0495,-89.926,-0.0582,-0.4935,0.0955,,
1780128038,823739557,right_base_state,right_joint_1,right_joint_2,right_joint_3,right_joint_4,right_joint_5,right_joint_6,right_joint_7,-90.4573,-90.0759,90.0495,-89.926,-0.0582,-0.4935,0.0955,,
1780128038,833738895,right_base_state,right_joint_1,right_joint_2,right_joint_3,right_joint_4,right_joint_5,right_joint_6,right_joint_7,-90.4573,-90.0759,90.0495,-89.926,-0.0582,-0.4934,0.0955,,
1780128038,843702657,right_base_state,right_joint_1,right_joint_2,right_joint_3,right_joint_4,right_joint_5,right_joint_6,right_joint_7,-90.4573,-90.0759,90.0495,-89.926,-0.0582,-0.4935,0.0955,,
1780128038,853606078,right_base_state,right_joint_1,right_joint_2,right_joint_3,right_joint_4,right_joint_5,right_joint_6,right_joint_7,-90.4573,-90.0759,90.0495,-89.926,-0.0582,-0.4935,0.0955,,
1780128038,863874370,right_base_state,right_joint_1,right_joint_2,right_joint_3,right_joint_4,right_joint_5,right_joint_6,right_joint_7,-90.4573,-90.0759,90.0495,-89.926,-0.0582,-0.4935,0.0955,,
1780128038,873670202,right_base_state,right_joint_1,right_joint_2,right_joint_3,right_joint_4,right_joint_5,right_joint_6,right_joint_7,-90.4573,-90.0759,90.0495,-89.926,-0.0582,-0.4935,0.0955,,
1780128038,884084651,right_base_state,right_joint_1,right_joint_2,right_joint_3,right_joint_4,right_joint_5,right_joint_6,right_joint_7,-90.4573,-90.0759,90.0495,-89.926,-0.0583,-0.4935,0.0955,,
1780128038,893972148,right_base_state,right_joint_1,right_joint_2,right_joint_3,right_joint_4,right_joint_5,right_joint_6,right_joint_7,-90.4573,-90.0759,90.0495,-89.926,-0.0582,-0.4934,0.0955,,
1780128038,904570595,right_base_state,right_joint_1,right_joint_2,right_joint_3,right_joint_4,right_joint_5,right_joint_6,right_joint_7,-90.4573,-90.0759,90.0495,-89.926,-0.0582,-0.4935,0.0955,,
1780128038,913643730,right_base_state,right_joint_1,right_joint_2,right_joint_3,right_joint_4,right_joint_5,right_joint_6,right_joint_7,-90.4573,-90.0759,90.0495,-89.926,-0.0583,-0.4934,0.0955,,
1780128038,923720499,right_base_state,right_joint_1,right_joint_2,right_joint_3,right_joint_4,right_joint_5,right_joint_6,right_joint_7,-90.4573,-90.0759,90.0495,-89.926,-0.0583,-0.4935,0.0955,,
1780128038,934840388,right_base_state,right_joint_1,right_joint_2,right_joint_3,right_joint_4,right_joint_5,right_joint_6,right_joint_7,-90.4573,-90.0759,90.0495,-89.926,-0.0583,-0.4935,0.0955,,
1780128038,943713141,right_base_state,right_joint_1,right_joint_2,right_joint_3,right_joint_4,right_joint_5,right_joint_6,right_joint_7,-90.4573,-90.0759,90.0495,-89.926,-0.0582,-0.4934,0.0955,,
1780128038,953736000,right_base_state,right_joint_1,right_joint_2,right_joint_3,right_joint_4,right_joint_5,right_joint_6,right_joint_7,-90.4573,-90.0759,90.0495,-89.926,-0.0583,-0.4935,0.0955,,
1780128038,963671109,right_base_state,right_joint_1,right_joint_2,right_joint_3,right_joint_4,right_joint_5,right_joint_6,right_joint_7,-90.4573,-90.0759,90.0495,-89.926,-0.0582,-0.4934,0.0955,,
1780128038,973643510,right_base_state,right_joint_1,right_joint_2,right_joint_3,right_joint_4,right_joint_5,right_joint_6,right_joint_7,-90.4573,-90.0759,90.0495,-89.926,-0.0583,-0.4935,0.0955,,
1780128038,983996459,right_base_state,right_joint_1,right_joint_2,right_joint_3,right_joint_4,right_joint_5,right_joint_6,right_joint_7,-90.4573,-90.0759,90.0495,-89.926,-0.0583,-0.4935,0.0955,,
1780128038,993862645,right_base_state,right_joint_1,right_joint_2,right_joint_3,right_joint_4,right_joint_5,right_joint_6,right_joint_7,-90.4573,-90.0759,90.0495,-89.926,-0.0582,-0.4934,0.0955,,
1780128039,3915974,right_base_state,right_joint_1,right_joint_2,right_joint_3,right_joint_4,right_joint_5,right_joint_6,right_joint_7,-90.4573,-90.0759,90.0495,-89.926,-0.0583,-0.4935,0.0955,,
1780128039,13728851,right_base_state,right_joint_1,right_joint_2,right_joint_3,right_joint_4,right_joint_5,right_joint_6,right_joint_7,-90.4573,-90.0759,90.0495,-89.926,-0.0582,-0.4934,0.0955,,
1780128039,23743285,right_base_state,right_joint_1,right_joint_2,right_joint_3,right_joint_4,right_joint_5,right_joint_6,right_joint_7,-90.4573,-90.0759,90.0495,-89.926,-0.0582,-0.4934,0.0955,,
1780128039,33817977,right_base_state,right_joint_1,right_joint_2,right_joint_3,right_joint_4,right_joint_5,right_joint_6,right_joint_7,-90.4573,-90.0759,90.0495,-89.926,-0.0582,-0.4934,0.0955,,
1780128039,43734678,right_base_state,right_joint_1,right_joint_2,right_joint_3,right_joint_4,right_joint_5,right_joint_6,right_joint_7,-90.4573,-90.0759,90.0495,-89.926,-0.0582,-0.4935,0.0955,,
1780128039,53572477,right_base_state,right_joint_1,right_joint_2,right_joint_3,right_joint_4,right_joint_5,right_joint_6,right_joint_7,-90.4573,-90.0759,90.0495,-89.926,-0.0582,-0.4935,0.0955,,
1780128039,63715998,right_base_state,right_joint_1,right_joint_2,right_joint_3,right_joint_4,right_joint_5,right_joint_6,right_joint_7,-90.4573,-90.0759,90.0495,-89.926,-0.0582,-0.4935,0.0955,,
1780128039,73723551,right_base_state,right_joint_1,right_joint_2,right_joint_3,right_joint_4,right_joint_5,right_joint_6,right_joint_7,-90.4573,-90.0759,90.0495,-89.926,-0.0582,-0.4935,0.0955,,
1780128039,83753841,right_base_state,right_joint_1,right_joint_2,right_joint_3,right_joint_4,right_joint_5,right_joint_6,right_joint_7,-90.4573,-90.0759,90.0495,-89.926,-0.0582,-0.4934,0.0955,,
1780128039,93755460,right_base_state,right_joint_1,right_joint_2,right_joint_3,right_joint_4,right_joint_5,right_joint_6,right_joint_7,-90.4573,-90.0759,90.0495,-89.926,-0.0583,-0.4934,0.0955,,
1780128039,103602722,right_base_state,right_joint_1,right_joint_2,right_joint_3,right_joint_4,right_joint_5,right_joint_6,right_joint_7,-90.4573,-90.0759,90.0495,-89.926,-0.0583,-0.4935,0.0955,,
1780128039,113588132,right_base_state,right_joint_1,right_joint_2,right_joint_3,right_joint_4,right_joint_5,right_joint_6,right_joint_7,-90.4573,-90.0759,90.0495,-89.926,-0.0582,-0.4935,0.0955,,
1780128039,123776459,right_base_state,right_joint_1,right_joint_2,right_joint_3,right_joint_4,right_joint_5,right_joint_6,right_joint_7,-90.4573,-90.0759,90.0495,-89.926,-0.0582,-0.4935,0.0955,,
1780128039,133653230,right_base_state,right_joint_1,right_joint_2,right_joint_3,right_joint_4,right_joint_5,right_joint_6,right_joint_7,-90.4573,-90.0759,90.0495,-89.926,-0.0582,-0.4935,0.0955,,
1780128039,143697354,right_base_state,right_joint_1,right_joint_2,right_joint_3,right_joint_4,right_joint_5,right_joint_6,right_joint_7,-90.4573,-90.0759,90.0495,-89.926,-0.0583,-0.4935,0.0955,,
1780128039,153589906,right_base_state,right_joint_1,right_joint_2,right_joint_3,right_joint_4,right_joint_5,right_joint_6,right_joint_7,-90.4573,-90.0759,90.0495,-89.926,-0.0582,-0.4935,0.0955,,
1780128039,163685736,right_base_state,right_joint_1,right_joint_2,right_joint_3,right_joint_4,right_joint_5,right_joint_6,right_joint_7,-90.4573,-90.0759,90.0495,-89.926,-0.0583,-0.4935,0.0955,,
1780128039,173690263,right_base_state,right_joint_1,right_joint_2,right_joint_3,right_joint_4,right_joint_5,right_joint_6,right_joint_7,-90.4573,-90.0759,90.0495,-89.926,-0.0582,-0.4935,0.0955,,
1780128039,184718627,right_base_state,right_joint_1,right_joint_2,right_joint_3,right_joint_4,right_joint_5,right_joint_6,right_joint_7,-90.4573,-90.0759,90.0495,-89.926,-0.0583,-0.4934,0.0955,,
1780128039,193785559,right_base_state,right_joint_1,right_joint_2,right_joint_3,right_joint_4,right_joint_5,right_joint_6,right_joint_7,-90.4573,-90.0759,90.0495,-89.926,-0.0583,-0.4934,0.0955,,
1780128039,205987491,right_base_state,right_joint_1,right_joint_2,right_joint_3,right_joint_4,right_joint_5,right_joint_6,right_joint_7,-90.4573,-90.0759,90.0495,-89.926,-0.0583,-0.4935,0.0955,,
1780128039,213605439,right_base_state,right_joint_1,right_joint_2,right_joint_3,right_joint_4,right_joint_5,right_joint_6,right_joint_7,-90.4573,-90.0759,90.0495,-89.926,-0.0582,-0.4935,0.0955,,
1780128039,223733735,right_base_state,right_joint_1,right_joint_2,right_joint_3,right_joint_4,right_joint_5,right_joint_6,right_joint_7,-90.4573,-90.0759,90.0495,-89.926,-0.0582,-0.4935,0.0955,,
1780128039,233860339,right_base_state,right_joint_1,right_joint_2,right_joint_3,right_joint_4,right_joint_5,right_joint_6,right_joint_7,-90.4573,-90.0759,90.0495,-89.926,-0.0582,-0.4934,0.0955,,
1780128039,243647502,right_base_state,right_joint_1,right_joint_2,right_joint_3,right_joint_4,right_joint_5,right_joint_6,right_joint_7,-90.4573,-90.0759,90.0495,-89.926,-0.0583,-0.4935,0.0955,,
1780128039,255055448,right_base_state,right_joint_1,right_joint_2,right_joint_3,right_joint_4,right_joint_5,right_joint_6,right_joint_7,-90.4573,-90.0759,90.0495,-89.926,-0.0583,-0.4935,0.0955,,
1780128039,263784062,right_base_state,right_joint_1,right_joint_2,right_joint_3,right_joint_4,right_joint_5,right_joint_6,right_joint_7,-90.4573,-90.0759,90.0495,-89.926,-0.0583,-0.4935,0.0955,,
1780128039,273730316,right_base_state,right_joint_1,right_joint_2,right_joint_3,right_joint_4,right_joint_5,right_joint_6,right_joint_7,-90.4573,-90.0759,90.0495,-89.926,-0.0582,-0.4935,0.0955,,
1780128039,283794495,right_base_state,right_joint_1,right_joint_2,right_joint_3,right_joint_4,right_joint_5,right_joint_6,right_joint_7,-90.4573,-90.0759,90.0495,-89.926,-0.0582,-0.4935,0.0955,,
1780128039,293929825,right_base_state,right_joint_1,right_joint_2,right_joint_3,right_joint_4,right_joint_5,right_joint_6,right_joint_7,-90.4573,-90.0759,90.0495,-89.926,-0.0583,-0.4935,0.0955,,
1780128039,303583967,right_base_state,right_joint_1,right_joint_2,right_joint_3,right_joint_4,right_joint_5,right_joint_6,right_joint_7,-90.4573,-90.0759,90.0495,-89.926,-0.0582,-0.4935,0.0955,,
1780128039,313593466,right_base_state,right_joint_1,right_joint_2,right_joint_3,right_joint_4,right_joint_5,right_joint_6,right_joint_7,-90.4573,-90.0759,90.0495,-89.926,-0.0582,-0.4935,0.0955,,
1780128039,324019812,right_base_state,right_joint_1,right_joint_2,right_joint_3,right_joint_4,right_joint_5,right_joint_6,right_joint_7,-90.4573,-90.0759,90.0495,-89.926,-0.0583,-0.4935,0.0955,,
1780128039,333684632,right_base_state,right_joint_1,right_joint_2,right_joint_3,right_joint_4,right_joint_5,right_joint_6,right_joint_7,-90.4573,-90.0759,90.0495,-89.926,-0.0583,-0.4935,0.0955,,
1780128039,343666097,right_base_state,right_joint_1,right_joint_2,right_joint_3,right_joint_4,right_joint_5,right_joint_6,right_joint_7,-90.4573,-90.0759,90.0495,-89.926,-0.0583,-0.4935,0.0955,,
1780128039,353618541,right_base_state,right_joint_1,right_joint_2,right_joint_3,right_joint_4,right_joint_5,right_joint_6,right_joint_7,-90.4573,-90.0759,90.0495,-89.926,-0.0583,-0.4935,0.0955,,
1780128039,364581666,right_base_state,right_joint_1,right_joint_2,right_joint_3,right_joint_4,right_joint_5,right_joint_6,right_joint_7,-90.4573,-90.0759,90.0495,-89.926,-0.0582,-0.4935,0.0955,,
1780128039,373681481,right_base_state,right_joint_1,right_joint_2,right_joint_3,right_joint_4,right_joint_5,right_joint_6,right_joint_7,-90.4573,-90.0759,90.0495,-89.926,-0.0582,-0.4935,0.0955,,
1780128039,384014699,right_base_state,right_joint_1,right_joint_2,right_joint_3,right_joint_4,right_joint_5,right_joint_6,right_joint_7,-90.4573,-90.0759,90.0495,-89.926,-0.0583,-0.4935,0.0955,,
1780128039,393725579,right_base_state,right_joint_1,right_joint_2,right_joint_3,right_joint_4,right_joint_5,right_joint_6,right_joint_7,-90.4573,-90.0759,90.0495,-89.926,-0.0583,-0.4935,0.0955,,
1780128039,403584308,right_base_state,right_joint_1,right_joint_2,right_joint_3,right_joint_4,right_joint_5,right_joint_6,right_joint_7,-90.4573,-90.0759,90.0495,-89.926,-0.0583,-0.4935,0.0955,,
1780128039,413622320,right_base_state,right_joint_1,right_joint_2,right_joint_3,right_joint_4,right_joint_5,right_joint_6,right_joint_7,-90.4573,-90.0759,90.0495,-89.926,-0.0582,-0.4935,0.0955,,
1780128039,423644408,right_base_state,right_joint_1,right_joint_2,right_joint_3,right_joint_4,right_joint_5,right_joint_6,right_joint_7,-90.4573,-90.0759,90.0495,-89.926,-0.0582,-0.4935,0.0955,,
1780128039,433720664,right_base_state,right_joint_1,right_joint_2,right_joint_3,right_joint_4,right_joint_5,right_joint_6,right_joint_7,-90.4573,-90.0759,90.0495,-89.926,-0.0583,-0.4935,0.0955,,
1780128039,443881381,right_base_state,right_joint_1,right_joint_2,right_joint_3,right_joint_4,right_joint_5,right_joint_6,right_joint_7,-90.4573,-90.0759,90.0495,-89.926,-0.0582,-0.4934,0.0955,,
1780128039,453513388,right_base_state,right_joint_1,right_joint_2,right_joint_3,right_joint_4,right_joint_5,right_joint_6,right_joint_7,-90.4573,-90.0759,90.0495,-89.926,-0.0583,-0.4934,0.0955,,
1780128039,463701746,right_base_state,right_joint_1,right_joint_2,right_joint_3,right_joint_4,right_joint_5,right_joint_6,right_joint_7,-90.4573,-90.0759,90.0495,-89.926,-0.0582,-0.4935,0.0955,,
1780128039,473713007,right_base_state,right_joint_1,right_joint_2,right_joint_3,right_joint_4,right_joint_5,right_joint_6,right_joint_7,-90.4573,-90.0759,90.0495,-89.926,-0.0583,-0.4935,0.0955,,
1780128039,483809738,right_base_state,right_joint_1,right_joint_2,right_joint_3,right_joint_4,right_joint_5,right_joint_6,right_joint_7,-90.4573,-90.0759,90.0495,-89.926,-0.0583,-0.4935,0.0955,,
1780128039,493962537,right_base_state,right_joint_1,right_joint_2,right_joint_3,right_joint_4,right_joint_5,right_joint_6,right_joint_7,-90.4573,-90.0759,90.0495,-89.926,-0.0582,-0.4935,0.0955,,
1780128039,503595747,right_base_state,right_joint_1,right_joint_2,right_joint_3,right_joint_4,right_joint_5,right_joint_6,right_joint_7,-90.4573,-90.0759,90.0495,-89.926,-0.0582,-0.4935,0.0955,,
1780128039,513626097,right_base_state,right_joint_1,right_joint_2,right_joint_3,right_joint_4,right_joint_5,right_joint_6,right_joint_7,-90.4573,-90.0759,90.0495,-89.926,-0.0582,-0.4935,0.0955,,
1780128039,523619543,right_base_state,right_joint_1,right_joint_2,right_joint_3,right_joint_4,right_joint_5,right_joint_6,right_joint_7,-90.4573,-90.0759,90.0495,-89.926,-0.0582,-0.4935,0.0955,,
1780128039,533682289,right_base_state,right_joint_1,right_joint_2,right_joint_3,right_joint_4,right_joint_5,right_joint_6,right_joint_7,-90.4573,-90.0759,90.0495,-89.926,-0.0582,-0.4935,0.0955,,
1780128039,543716094,right_base_state,right_joint_1,right_joint_2,right_joint_3,right_joint_4,right_joint_5,right_joint_6,right_joint_7,-90.4573,-90.0759,90.0495,-89.926,-0.0583,-0.4935,0.0955,,
1780128039,553967341,right_base_state,right_joint_1,right_joint_2,right_joint_3,right_joint_4,right_joint_5,right_joint_6,right_joint_7,-90.4573,-90.0759,90.0495,-89.926,-0.0582,-0.4935,0.0955,,
1780128039,563693196,right_base_state,right_joint_1,right_joint_2,right_joint_3,right_joint_4,right_joint_5,right_joint_6,right_joint_7,-90.4573,-90.0759,90.0495,-89.926,-0.0582,-0.4935,0.0955,,
1780128039,573876669,right_base_state,right_joint_1,right_joint_2,right_joint_3,right_joint_4,right_joint_5,right_joint_6,right_joint_7,-90.4573,-90.0759,90.0495,-89.926,-0.0583,-0.4935,0.0955,,
1780128039,583631645,right_base_state,right_joint_1,right_joint_2,right_joint_3,right_joint_4,right_joint_5,right_joint_6,right_joint_7,-90.4573,-90.0759,90.0495,-89.926,-0.0583,-0.4935,0.0955,,
1780128039,593661600,right_base_state,right_joint_1,right_joint_2,right_joint_3,right_joint_4,right_joint_5,right_joint_6,right_joint_7,-90.4573,-90.0759,90.0495,-89.926,-0.0582,-0.4935,0.0955,,
1780128039,603761498,right_base_state,right_joint_1,right_joint_2,right_joint_3,right_joint_4,right_joint_5,right_joint_6,right_joint_7,-90.4573,-90.0759,90.0495,-89.926,-0.0583,-0.4934,0.0955,,
1780128039,613578702,right_base_state,right_joint_1,right_joint_2,right_joint_3,right_joint_4,right_joint_5,right_joint_6,right_joint_7,-90.4573,-90.0759,90.0495,-89.926,-0.0582,-0.4935,0.0955,,
1780128039,623745430,right_base_state,right_joint_1,right_joint_2,right_joint_3,right_joint_4,right_joint_5,right_joint_6,right_joint_7,-90.4573,-90.0759,90.0495,-89.926,-0.0583,-0.4934,0.0955,,
1780128039,633615343,right_base_state,right_joint_1,right_joint_2,right_joint_3,right_joint_4,right_joint_5,right_joint_6,right_joint_7,-90.4573,-90.0759,90.0495,-89.926,-0.0582,-0.4935,0.0955,,
1780128039,643781712,right_base_state,right_joint_1,right_joint_2,right_joint_3,right_joint_4,right_joint_5,right_joint_6,right_joint_7,-90.4573,-90.0759,90.0495,-89.926,-0.0583,-0.4934,0.0955,,
1780128039,653689284,right_base_state,right_joint_1,right_joint_2,right_joint_3,right_joint_4,right_joint_5,right_joint_6,right_joint_7,-90.4573,-90.0759,90.0495,-89.926,-0.0582,-0.4935,0.0955,,
1780128039,663592370,right_base_state,right_joint_1,right_joint_2,right_joint_3,right_joint_4,right_joint_5,right_joint_6,right_joint_7,-90.4573,-90.0759,90.0495,-89.926,-0.0582,-0.4935,0.0955,,
1780128039,673729493,right_base_state,right_joint_1,right_joint_2,right_joint_3,right_joint_4,right_joint_5,right_joint_6,right_joint_7,-90.4573,-90.0759,90.0495,-89.926,-0.0583,-0.4934,0.0955,,
1780128039,683920387,right_base_state,right_joint_1,right_joint_2,right_joint_3,right_joint_4,right_joint_5,right_joint_6,right_joint_7,-90.4573,-90.0759,90.0495,-89.926,-0.0582,-0.4934,0.0955,,
1780128039,693792947,right_base_state,right_joint_1,right_joint_2,right_joint_3,right_joint_4,right_joint_5,right_joint_6,right_joint_7,-90.4573,-90.0759,90.0495,-89.926,-0.0582,-0.4935,0.0955,,
1780128039,703617824,right_base_state,right_joint_1,right_joint_2,right_joint_3,right_joint_4,right_joint_5,right_joint_6,right_joint_7,-90.4573,-90.0759,90.0495,-89.926,-0.0582,-0.4935,0.0955,,
1780128039,714721687,right_base_state,right_joint_1,right_joint_2,right_joint_3,right_joint_4,right_joint_5,right_joint_6,right_joint_7,-90.4573,-90.0759,90.0495,-89.926,-0.0583,-0.4935,0.0955,,
1780128039,723697103,right_base_state,right_joint_1,right_joint_2,right_joint_3,right_joint_4,right_joint_5,right_joint_6,right_joint_7,-90.4573,-90.0759,90.0495,-89.926,-0.0582,-0.4935,0.0955,,
1780128039,733742460,right_base_state,right_joint_1,right_joint_2,right_joint_3,right_joint_4,right_joint_5,right_joint_6,right_joint_7,-90.4573,-90.0759,90.0495,-89.926,-0.0582,-0.4935,0.0955,,
1780128039,743851372,right_base_state,right_joint_1,right_joint_2,right_joint_3,right_joint_4,right_joint_5,right_joint_6,right_joint_7,-90.4573,-90.0759,90.0495,-89.926,-0.0582,-0.4934,0.0955,,
1780128039,753553566,right_base_state,right_joint_1,right_joint_2,right_joint_3,right_joint_4,right_joint_5,right_joint_6,right_joint_7,-90.4573,-90.0759,90.0495,-89.926,-0.0582,-0.4935,0.0955,,
1780128039,763722496,right_base_state,right_joint_1,right_joint_2,right_joint_3,right_joint_4,right_joint_5,right_joint_6,right_joint_7,-90.4573,-90.0759,90.0495,-89.926,-0.0582,-0.4934,0.0955,,
1780128039,773712714,right_base_state,right_joint_1,right_joint_2,right_joint_3,right_joint_4,right_joint_5,right_joint_6,right_joint_7,-90.4573,-90.0759,90.0495,-89.9261,-0.0583,-0.4935,0.0955,,
1780128039,783766520,right_base_state,right_joint_1,right_joint_2,right_joint_3,right_joint_4,right_joint_5,right_joint_6,right_joint_7,-90.4573,-90.0759,90.0495,-89.926,-0.0583,-0.4934,0.0955,,
1780128039,793750230,right_base_state,right_joint_1,right_joint_2,right_joint_3,right_joint_4,right_joint_5,right_joint_6,right_joint_7,-90.4573,-90.0759,90.0495,-89.926,-0.0583,-0.4935,0.0955,,
1780128039,803659545,right_base_state,right_joint_1,right_joint_2,right_joint_3,right_joint_4,right_joint_5,right_joint_6,right_joint_7,-90.4573,-90.0759,90.0495,-89.926,-0.0582,-0.4935,0.0955,,
1780128039,813701941,right_base_state,right_joint_1,right_joint_2,right_joint_3,right_joint_4,right_joint_5,right_joint_6,right_joint_7,-90.4573,-90.0759,90.0495,-89.926,-0.0582,-0.4935,0.0955,,
1780128039,823785806,right_base_state,right_joint_1,right_joint_2,right_joint_3,right_joint_4,right_joint_5,right_joint_6,right_joint_7,-90.4573,-90.0759,90.0495,-89.926,-0.0582,-0.4935,0.0955,,
1780128039,833701970,right_base_state,right_joint_1,right_joint_2,right_joint_3,right_joint_4,right_joint_5,right_joint_6,right_joint_7,-90.4573,-90.0759,90.0495,-89.926,-0.0583,-0.4935,0.0955,,
1780128039,843727883,right_base_state,right_joint_1,right_joint_2,right_joint_3,right_joint_4,right_joint_5,right_joint_6,right_joint_7,-90.4573,-90.0759,90.0495,-89.926,-0.0582,-0.4934,0.0955,,
1780128039,853606766,right_base_state,right_joint_1,right_joint_2,right_joint_3,right_joint_4,right_joint_5,right_joint_6,right_joint_7,-90.4573,-90.0759,90.0495,-89.926,-0.0583,-0.4934,0.0955,,
1780128039,863666517,right_base_state,right_joint_1,right_joint_2,right_joint_3,right_joint_4,right_joint_5,right_joint_6,right_joint_7,-90.4573,-90.0759,90.0495,-89.926,-0.0583,-0.4935,0.0955,,
1780128039,873725259,right_base_state,right_joint_1,right_joint_2,right_joint_3,right_joint_4,right_joint_5,right_joint_6,right_joint_7,-90.4573,-90.0759,90.0495,-89.926,-0.0582,-0.4935,0.0955,,
1780128039,884009023,right_base_state,right_joint_1,right_joint_2,right_joint_3,right_joint_4,right_joint_5,right_joint_6,right_joint_7,-90.4573,-90.0759,90.0495,-89.926,-0.0583,-0.4935,0.0955,,
1780128039,893751749,right_base_state,right_joint_1,right_joint_2,right_joint_3,right_joint_4,right_joint_5,right_joint_6,right_joint_7,-90.4573,-90.0759,90.0495,-89.926,-0.0583,-0.4935,0.0955,,
1780128039,903644114,right_base_state,right_joint_1,right_joint_2,right_joint_3,right_joint_4,right_joint_5,right_joint_6,right_joint_7,-90.4573,-90.0759,90.0495,-89.926,-0.0582,-0.4935,0.0955,,
1780128039,913690237,right_base_state,right_joint_1,right_joint_2,right_joint_3,right_joint_4,right_joint_5,right_joint_6,right_joint_7,-90.4573,-90.0759,90.0495,-89.926,-0.0582,-0.4935,0.0955,,
1780128039,923688132,right_base_state,right_joint_1,right_joint_2,right_joint_3,right_joint_4,right_joint_5,right_joint_6,right_joint_7,-90.4573,-90.0759,90.0495,-89.926,-0.0583,-0.4935,0.0955,,
1780128039,933721710,right_base_state,right_joint_1,right_joint_2,right_joint_3,right_joint_4,right_joint_5,right_joint_6,right_joint_7,-90.4573,-90.0759,90.0495,-89.926,-0.0582,-0.4935,0.0955,,
1780128039,943893891,right_base_state,right_joint_1,right_joint_2,right_joint_3,right_joint_4,right_joint_5,right_joint_6,right_joint_7,-90.4573,-90.0759,90.0495,-89.926,-0.0583,-0.4934,0.0955,,
1780128039,953549363,right_base_state,right_joint_1,right_joint_2,right_joint_3,right_joint_4,right_joint_5,right_joint_6,right_joint_7,-90.4573,-90.0759,90.0495,-89.926,-0.0582,-0.4935,0.0955,,
1780128039,963634524,right_base_state,right_joint_1,right_joint_2,right_joint_3,right_joint_4,right_joint_5,right_joint_6,right_joint_7,-90.4573,-90.0759,90.0495,-89.926,-0.0582,-0.4934,0.0955,,
1780128039,973866808,right_base_state,right_joint_1,right_joint_2,right_joint_3,right_joint_4,right_joint_5,right_joint_6,right_joint_7,-90.4573,-90.0759,90.0495,-89.926,-0.0583,-0.4934,0.0955,,
1780128039,984030921,right_base_state,right_joint_1,right_joint_2,right_joint_3,right_joint_4,right_joint_5,right_joint_6,right_joint_7,-90.4573,-90.0759,90.0495,-89.926,-0.0582,-0.4934,0.0955,,
1780128039,993637235,right_base_state,right_joint_1,right_joint_2,right_joint_3,right_joint_4,right_joint_5,right_joint_6,right_joint_7,-90.4573,-90.0759,90.0495,-89.926,-0.0582,-0.4935,0.0955,,
1780128040,3635112,right_base_state,right_joint_1,right_joint_2,right_joint_3,right_joint_4,right_joint_5,right_joint_6,right_joint_7,-90.4573,-90.0759,90.0495,-89.926,-0.0583,-0.4934,0.0955,,
1780128040,13603247,right_base_state,right_joint_1,right_joint_2,right_joint_3,right_joint_4,right_joint_5,right_joint_6,right_joint_7,-90.4573,-90.0759,90.0495,-89.926,-0.0582,-0.4935,0.0955,,
1780128040,23759598,right_base_state,right_joint_1,right_joint_2,right_joint_3,right_joint_4,right_joint_5,right_joint_6,right_joint_7,-90.4573,-90.0759,90.0495,-89.926,-0.0583,-0.4935,0.0955,,
1780128040,33727476,right_base_state,right_joint_1,right_joint_2,right_joint_3,right_joint_4,right_joint_5,right_joint_6,right_joint_7,-90.4573,-90.0759,90.0495,-89.926,-0.0582,-0.4935,0.0955,,
1780128040,43765940,right_base_state,right_joint_1,right_joint_2,right_joint_3,right_joint_4,right_joint_5,right_joint_6,right_joint_7,-90.4573,-90.0759,90.0495,-89.926,-0.0582,-0.4935,0.0955,,
1780128040,53792911,right_base_state,right_joint_1,right_joint_2,right_joint_3,right_joint_4,right_joint_5,right_joint_6,right_joint_7,-90.4573,-90.0759,90.0495,-89.926,-0.0582,-0.4935,0.0955,,
1780128040,63596854,right_base_state,right_joint_1,right_joint_2,right_joint_3,right_joint_4,right_joint_5,right_joint_6,right_joint_7,-90.4573,-90.0759,90.0495,-89.926,-0.0582,-0.4935,0.0955,,
1780128040,73724746,right_base_state,right_joint_1,right_joint_2,right_joint_3,right_joint_4,right_joint_5,right_joint_6,right_joint_7,-90.4573,-90.0759,90.0495,-89.926,-0.0583,-0.4934,0.0955,,
1780128040,84343889,right_base_state,right_joint_1,right_joint_2,right_joint_3,right_joint_4,right_joint_5,right_joint_6,right_joint_7,-90.4573,-90.0759,90.0495,-89.926,-0.0583,-0.4934,0.0955,,
1780128040,93897068,right_base_state,right_joint_1,right_joint_2,right_joint_3,right_joint_4,right_joint_5,right_joint_6,right_joint_7,-90.4573,-90.0759,90.0495,-89.926,-0.0582,-0.4935,0.0955,,
1780128040,103526499,right_base_state,right_joint_1,right_joint_2,right_joint_3,right_joint_4,right_joint_5,right_joint_6,right_joint_7,-90.4573,-90.0759,90.0495,-89.926,-0.0582,-0.4935,0.0955,,
1780128040,113866163,right_base_state,right_joint_1,right_joint_2,right_joint_3,right_joint_4,right_joint_5,right_joint_6,right_joint_7,-90.4573,-90.0759,90.0495,-89.926,-0.0582,-0.4935,0.0955,,
1780128040,123863725,right_base_state,right_joint_1,right_joint_2,right_joint_3,right_joint_4,right_joint_5,right_joint_6,right_joint_7,-90.4573,-90.0759,90.0495,-89.926,-0.0583,-0.4934,0.0955,,
1780128040,133678799,right_base_state,right_joint_1,right_joint_2,right_joint_3,right_joint_4,right_joint_5,right_joint_6,right_joint_7,-90.4573,-90.0759,90.0496,-89.926,-0.0583,-0.4935,0.0955,,
1780128040,143693132,right_base_state,right_joint_1,right_joint_2,right_joint_3,right_joint_4,right_joint_5,right_joint_6,right_joint_7,-90.4573,-90.0759,90.0495,-89.926,-0.0583,-0.4935,0.0955,,
1780128040,153606756,right_base_state,right_joint_1,right_joint_2,right_joint_3,right_joint_4,right_joint_5,right_joint_6,right_joint_7,-90.4573,-90.0759,90.0495,-89.926,-0.0583,-0.4935,0.0955,,
1780128040,163960831,right_base_state,right_joint_1,right_joint_2,right_joint_3,right_joint_4,right_joint_5,right_joint_6,right_joint_7,-90.4573,-90.0759,90.0495,-89.926,-0.0582,-0.4935,0.0955,,
1780128040,173852230,right_base_state,right_joint_1,right_joint_2,right_joint_3,right_joint_4,right_joint_5,right_joint_6,right_joint_7,-90.4573,-90.0759,90.0495,-89.926,-0.0583,-0.4935,0.0955,,
1780128040,183751876,right_base_state,right_joint_1,right_joint_2,right_joint_3,right_joint_4,right_joint_5,right_joint_6,right_joint_7,-90.4573,-90.0759,90.0495,-89.926,-0.0583,-0.4934,0.0955,,
1780128040,193989681,right_base_state,right_joint_1,right_joint_2,right_joint_3,right_joint_4,right_joint_5,right_joint_6,right_joint_7,-90.4573,-90.0759,90.0495,-89.926,-0.0582,-0.4934,0.0955,,
1780128040,203637285,right_base_state,right_joint_1,right_joint_2,right_joint_3,right_joint_4,right_joint_5,right_joint_6,right_joint_7,-90.4573,-90.0759,90.0495,-89.926,-0.0583,-0.4935,0.0955,,
1780128040,213586678,right_base_state,right_joint_1,right_joint_2,right_joint_3,right_joint_4,right_joint_5,right_joint_6,right_joint_7,-90.4573,-90.0759,90.0495,-89.926,-0.0582,-0.4935,0.0955,,
1780128040,223729846,right_base_state,right_joint_1,right_joint_2,right_joint_3,right_joint_4,right_joint_5,right_joint_6,right_joint_7,-90.4573,-90.0759,90.0495,-89.926,-0.0583,-0.4935,0.0955,,
1780128040,233747235,right_base_state,right_joint_1,right_joint_2,right_joint_3,right_joint_4,right_joint_5,right_joint_6,right_joint_7,-90.4573,-90.0759,90.0495,-89.926,-0.0583,-0.4935,0.0955,,
1780128040,243877615,right_base_state,right_joint_1,right_joint_2,right_joint_3,right_joint_4,right_joint_5,right_joint_6,right_joint_7,-90.4573,-90.0759,90.0495,-89.926,-0.0582,-0.4935,0.0955,,
1780128040,253626213,right_base_state,right_joint_1,right_joint_2,right_joint_3,right_joint_4,right_joint_5,right_joint_6,right_joint_7,-90.4573,-90.0759,90.0495,-89.926,-0.0583,-0.4934,0.0955,,
1780128040,263606510,right_base_state,right_joint_1,right_joint_2,right_joint_3,right_joint_4,right_joint_5,right_joint_6,right_joint_7,-90.4573,-90.0759,90.0495,-89.926,-0.0582,-0.4935,0.0955,,
1780128040,273657981,right_base_state,right_joint_1,right_joint_2,right_joint_3,right_joint_4,right_joint_5,right_joint_6,right_joint_7,-90.4573,-90.0759,90.0495,-89.926,-0.0582,-0.4935,0.0955,,
1780128040,283683665,right_base_state,right_joint_1,right_joint_2,right_joint_3,right_joint_4,right_joint_5,right_joint_6,right_joint_7,-90.4573,-90.0759,90.0495,-89.926,-0.0582,-0.4934,0.0955,,
1780128040,293944139,right_base_state,right_joint_1,right_joint_2,right_joint_3,right_joint_4,right_joint_5,right_joint_6,right_joint_7,-90.4573,-90.0759,90.0495,-89.926,-0.0583,-0.4934,0.0955,,
1780128040,303608910,right_base_state,right_joint_1,right_joint_2,right_joint_3,right_joint_4,right_joint_5,right_joint_6,right_joint_7,-90.4573,-90.0759,90.0495,-89.926,-0.0583,-0.4935,0.0955,,
1780128040,313705880,right_base_state,right_joint_1,right_joint_2,right_joint_3,right_joint_4,right_joint_5,right_joint_6,right_joint_7,-90.4573,-90.0759,90.0495,-89.926,-0.0582,-0.4935,0.0955,,
1780128040,323769525,right_base_state,right_joint_1,right_joint_2,right_joint_3,right_joint_4,right_joint_5,right_joint_6,right_joint_7,-90.4573,-90.0759,90.0495,-89.926,-0.0582,-0.4935,0.0955,,
1780128040,333682141,right_base_state,right_joint_1,right_joint_2,right_joint_3,right_joint_4,right_joint_5,right_joint_6,right_joint_7,-90.4573,-90.0759,90.0495,-89.926,-0.0583,-0.4934,0.0955,,
1780128040,343839004,right_base_state,right_joint_1,right_joint_2,right_joint_3,right_joint_4,right_joint_5,right_joint_6,right_joint_7,-90.4573,-90.0759,90.0495,-89.926,-0.0583,-0.4934,0.0955,,
1780128040,353524685,right_base_state,right_joint_1,right_joint_2,right_joint_3,right_joint_4,right_joint_5,right_joint_6,right_joint_7,-90.4573,-90.0759,90.0495,-89.926,-0.0583,-0.4934,0.0955,,
1780128040,363578045,right_base_state,right_joint_1,right_joint_2,right_joint_3,right_joint_4,right_joint_5,right_joint_6,right_joint_7,-90.4573,-90.0759,90.0495,-89.926,-0.0582,-0.4934,0.0955,,
1780128040,373995044,right_base_state,right_joint_1,right_joint_2,right_joint_3,right_joint_4,right_joint_5,right_joint_6,right_joint_7,-90.4573,-90.0759,90.0495,-89.926,-0.0582,-0.4934,0.0955,,
1780128040,383854820,right_base_state,right_joint_1,right_joint_2,right_joint_3,right_joint_4,right_joint_5,right_joint_6,right_joint_7,-90.4573,-90.0759,90.0495,-89.926,-0.0582,-0.4934,0.0955,,
1780128040,393894254,right_base_state,right_joint_1,right_joint_2,right_joint_3,right_joint_4,right_joint_5,right_joint_6,right_joint_7,-90.4573,-90.0759,90.0495,-89.926,-0.0583,-0.4935,0.0955,,
1780128040,403647782,right_base_state,right_joint_1,right_joint_2,right_joint_3,right_joint_4,right_joint_5,right_joint_6,right_joint_7,-90.4573,-90.0759,90.0495,-89.926,-0.0582,-0.4935,0.0955,,
1780128040,413593894,right_base_state,right_joint_1,right_joint_2,right_joint_3,right_joint_4,right_joint_5,right_joint_6,right_joint_7,-90.4573,-90.0759,90.0495,-89.926,-0.0583,-0.4935,0.0955,,
1780128040,423661139,right_base_state,right_joint_1,right_joint_2,right_joint_3,right_joint_4,right_joint_5,right_joint_6,right_joint_7,-90.4573,-90.0759,90.0495,-89.926,-0.0582,-0.4935,0.0955,,
1780128040,433654589,right_base_state,right_joint_1,right_joint_2,right_joint_3,right_joint_4,right_joint_5,right_joint_6,right_joint_7,-90.4573,-90.0759,90.0495,-89.926,-0.0582,-0.4935,0.0955,,
1780128040,443739011,right_base_state,right_joint_1,right_joint_2,right_joint_3,right_joint_4,right_joint_5,right_joint_6,right_joint_7,-90.4573,-90.0759,90.0495,-89.926,-0.0582,-0.4935,0.0955,,
1780128040,453787001,right_base_state,right_joint_1,right_joint_2,right_joint_3,right_joint_4,right_joint_5,right_joint_6,right_joint_7,-90.4573,-90.0759,90.0495,-89.926,-0.0582,-0.4935,0.0955,,
1780128040,463697015,right_base_state,right_joint_1,right_joint_2,right_joint_3,right_joint_4,right_joint_5,right_joint_6,right_joint_7,-90.4573,-90.0759,90.0495,-89.926,-0.0582,-0.4935,0.0955,,
1780128040,473664364,right_base_state,right_joint_1,right_joint_2,right_joint_3,right_joint_4,right_joint_5,right_joint_6,right_joint_7,-90.4573,-90.0759,90.0495,-89.926,-0.0582,-0.4935,0.0955,,
1780128040,483714375,right_base_state,right_joint_1,right_joint_2,right_joint_3,right_joint_4,right_joint_5,right_joint_6,right_joint_7,-90.4573,-90.0759,90.0495,-89.926,-0.0582,-0.4934,0.0955,,
1780128040,493751202,right_base_state,right_joint_1,right_joint_2,right_joint_3,right_joint_4,right_joint_5,right_joint_6,right_joint_7,-90.4573,-90.0759,90.0495,-89.926,-0.0583,-0.4935,0.0955,,
1780128040,504677484,right_base_state,right_joint_1,right_joint_2,right_joint_3,right_joint_4,right_joint_5,right_joint_6,right_joint_7,-90.4573,-90.0759,90.0495,-89.926,-0.0582,-0.4935,0.0955,,
1780128040,513638054,right_base_state,right_joint_1,right_joint_2,right_joint_3,right_joint_4,right_joint_5,right_joint_6,right_joint_7,-90.4573,-90.0759,90.0495,-89.926,-0.0583,-0.4935,0.0955,,
1780128040,523633941,right_base_state,right_joint_1,right_joint_2,right_joint_3,right_joint_4,right_joint_5,right_joint_6,right_joint_7,-90.4573,-90.0759,90.0495,-89.926,-0.0583,-0.4935,0.0955,,
1780128040,534024292,right_base_state,right_joint_1,right_joint_2,right_joint_3,right_joint_4,right_joint_5,right_joint_6,right_joint_7,-90.4573,-90.0759,90.0495,-89.926,-0.0583,-0.4934,0.0955,,
1780128040,543792729,right_base_state,right_joint_1,right_joint_2,right_joint_3,right_joint_4,right_joint_5,right_joint_6,right_joint_7,-90.4573,-90.0759,90.0495,-89.926,-0.0582,-0.4935,0.0955,,
1780128040,553542594,right_base_state,right_joint_1,right_joint_2,right_joint_3,right_joint_4,right_joint_5,right_joint_6,right_joint_7,-90.4573,-90.0759,90.0495,-89.926,-0.0583,-0.4935,0.0955,,
1780128040,563790097,right_base_state,right_joint_1,right_joint_2,right_joint_3,right_joint_4,right_joint_5,right_joint_6,right_joint_7,-90.4573,-90.0759,90.0495,-89.926,-0.0583,-0.4935,0.0955,,
1780128040,573619510,right_base_state,right_joint_1,right_joint_2,right_joint_3,right_joint_4,right_joint_5,right_joint_6,right_joint_7,-90.4573,-90.0759,90.0495,-89.926,-0.0582,-0.4935,0.0955,,
1780128040,583616018,right_base_state,right_joint_1,right_joint_2,right_joint_3,right_joint_4,right_joint_5,right_joint_6,right_joint_7,-90.4573,-90.0759,90.0495,-89.926,-0.0582,-0.4935,0.0955,,
1780128040,593716916,right_base_state,right_joint_1,right_joint_2,right_joint_3,right_joint_4,right_joint_5,right_joint_6,right_joint_7,-90.4573,-90.0759,90.0495,-89.926,-0.0583,-0.4935,0.0955,,
1780128040,603593280,right_base_state,right_joint_1,right_joint_2,right_joint_3,right_joint_4,right_joint_5,right_joint_6,right_joint_7,-90.4573,-90.0759,90.0495,-89.926,-0.0583,-0.4935,0.0955,,
1780128040,613586849,right_base_state,right_joint_1,right_joint_2,right_joint_3,right_joint_4,right_joint_5,right_joint_6,right_joint_7,-90.4573,-90.0759,90.0495,-89.926,-0.0583,-0.4934,0.0955,,
1780128040,623634408,right_base_state,right_joint_1,right_joint_2,right_joint_3,right_joint_4,right_joint_5,right_joint_6,right_joint_7,-90.4573,-90.0759,90.0495,-89.926,-0.0583,-0.4935,0.0955,,
1780128040,633647495,right_base_state,right_joint_1,right_joint_2,right_joint_3,right_joint_4,right_joint_5,right_joint_6,right_joint_7,-90.4573,-90.0759,90.0495,-89.926,-0.0583,-0.4934,0.0955,,
1780128040,643794447,right_base_state,right_joint_1,right_joint_2,right_joint_3,right_joint_4,right_joint_5,right_joint_6,right_joint_7,-90.4573,-90.0759,90.0495,-89.926,-0.0583,-0.4935,0.0955,,
1780128040,653572906,right_base_state,right_joint_1,right_joint_2,right_joint_3,right_joint_4,right_joint_5,right_joint_6,right_joint_7,-90.4573,-90.0759,90.0495,-89.926,-0.0582,-0.4935,0.0955,,
1780128040,663731712,right_base_state,right_joint_1,right_joint_2,right_joint_3,right_joint_4,right_joint_5,right_joint_6,right_joint_7,-90.4573,-90.0759,90.0495,-89.926,-0.0583,-0.4935,0.0955,,
1780128040,674785970,right_base_state,right_joint_1,right_joint_2,right_joint_3,right_joint_4,right_joint_5,right_joint_6,right_joint_7,-90.4573,-90.0759,90.0495,-89.926,-0.0583,-0.4935,0.0955,,
1780128040,684129018,right_base_state,right_joint_1,right_joint_2,right_joint_3,right_joint_4,right_joint_5,right_joint_6,right_joint_7,-90.4573,-90.0759,90.0495,-89.926,-0.0583,-0.4935,0.0955,,
1780128040,693763775,right_base_state,right_joint_1,right_joint_2,right_joint_3,right_joint_4,right_joint_5,right_joint_6,right_joint_7,-90.4573,-90.0759,90.0495,-89.926,-0.0583,-0.4934,0.0955,,
1780128040,703668895,right_base_state,right_joint_1,right_joint_2,right_joint_3,right_joint_4,right_joint_5,right_joint_6,right_joint_7,-90.4573,-90.0759,90.0495,-89.926,-0.0582,-0.4935,0.0955,,
1780128040,715535256,right_base_state,right_joint_1,right_joint_2,right_joint_3,right_joint_4,right_joint_5,right_joint_6,right_joint_7,-90.4573,-90.0759,90.0495,-89.926,-0.0582,-0.4935,0.0955,,
1780128040,724186752,right_base_state,right_joint_1,right_joint_2,right_joint_3,right_joint_4,right_joint_5,right_joint_6,right_joint_7,-90.4573,-90.0759,90.0495,-89.926,-0.0583,-0.4935,0.0955,,
1780128040,733954059,right_base_state,right_joint_1,right_joint_2,right_joint_3,right_joint_4,right_joint_5,right_joint_6,right_joint_7,-90.4573,-90.0759,90.0495,-89.926,-0.0583,-0.4935,0.0955,,
1780128040,743783941,right_base_state,right_joint_1,right_joint_2,right_joint_3,right_joint_4,right_joint_5,right_joint_6,right_joint_7,-90.4573,-90.0759,90.0495,-89.926,-0.0582,-0.4935,0.0955,,
1780128040,753589533,right_base_state,right_joint_1,right_joint_2,right_joint_3,right_joint_4,right_joint_5,right_joint_6,right_joint_7,-90.4573,-90.0759,90.0495,-89.926,-0.0582,-0.4935,0.0955,,
1780128040,763691788,right_base_state,right_joint_1,right_joint_2,right_joint_3,right_joint_4,right_joint_5,right_joint_6,right_joint_7,-90.4573,-90.0759,90.0495,-89.926,-0.0583,-0.4935,0.0955,,
1780128040,773835476,right_base_state,right_joint_1,right_joint_2,right_joint_3,right_joint_4,right_joint_5,right_joint_6,right_joint_7,-90.4573,-90.0759,90.0495,-89.926,-0.0582,-0.4935,0.0955,,
1780128040,783629033,right_base_state,right_joint_1,right_joint_2,right_joint_3,right_joint_4,right_joint_5,right_joint_6,right_joint_7,-90.4573,-90.0759,90.0495,-89.926,-0.0583,-0.4935,0.0955,,
1780128040,793993556,right_base_state,right_joint_1,right_joint_2,right_joint_3,right_joint_4,right_joint_5,right_joint_6,right_joint_7,-90.4573,-90.0759,90.0495,-89.926,-0.0583,-0.4934,0.0955,,
1780128040,803665004,right_base_state,right_joint_1,right_joint_2,right_joint_3,right_joint_4,right_joint_5,right_joint_6,right_joint_7,-90.4573,-90.0759,90.0495,-89.926,-0.0583,-0.4935,0.0955,,
1780128040,813595377,right_base_state,right_joint_1,right_joint_2,right_joint_3,right_joint_4,right_joint_5,right_joint_6,right_joint_7,-90.4573,-90.0759,90.0495,-89.926,-0.0582,-0.4935,0.0955,,
1780128040,823766378,right_base_state,right_joint_1,right_joint_2,right_joint_3,right_joint_4,right_joint_5,right_joint_6,right_joint_7,-90.4573,-90.0759,90.0495,-89.926,-0.0583,-0.4935,0.0955,,
1780128040,833721248,right_base_state,right_joint_1,right_joint_2,right_joint_3,right_joint_4,right_joint_5,right_joint_6,right_joint_7,-90.4573,-90.0759,90.0495,-89.926,-0.0582,-0.4934,0.0955,,
1780128040,843793168,right_base_state,right_joint_1,right_joint_2,right_joint_3,right_joint_4,right_joint_5,right_joint_6,right_joint_7,-90.4573,-90.0759,90.0495,-89.926,-0.0583,-0.4935,0.0955,,
1780128040,853737826,right_base_state,right_joint_1,right_joint_2,right_joint_3,right_joint_4,right_joint_5,right_joint_6,right_joint_7,-90.4573,-90.0759,90.0495,-89.926,-0.0582,-0.4934,0.0955,,
1780128040,863755443,right_base_state,right_joint_1,right_joint_2,right_joint_3,right_joint_4,right_joint_5,right_joint_6,right_joint_7,-90.4573,-90.0759,90.0495,-89.926,-0.0583,-0.4935,0.0955,,
1780128040,873730024,right_base_state,right_joint_1,right_joint_2,right_joint_3,right_joint_4,right_joint_5,right_joint_6,right_joint_7,-90.4573,-90.0759,90.0495,-89.926,-0.0582,-0.4934,0.0955,,
1780128040,883814733,right_base_state,right_joint_1,right_joint_2,right_joint_3,right_joint_4,right_joint_5,right_joint_6,right_joint_7,-90.4573,-90.0759,90.0495,-89.926,-0.0582,-0.4935,0.0955,,
1780128040,893791960,right_base_state,right_joint_1,right_joint_2,right_joint_3,right_joint_4,right_joint_5,right_joint_6,right_joint_7,-90.4573,-90.0759,90.0495,-89.926,-0.0582,-0.4935,0.0955,,
1780128040,903846072,right_base_state,right_joint_1,right_joint_2,right_joint_3,right_joint_4,right_joint_5,right_joint_6,right_joint_7,-90.4573,-90.0759,90.0495,-89.926,-0.0582,-0.4935,0.0955,,
1780128040,913646832,right_base_state,right_joint_1,right_joint_2,right_joint_3,right_joint_4,right_joint_5,right_joint_6,right_joint_7,-90.4573,-90.0759,90.0495,-89.926,-0.0583,-0.4935,0.0955,,
1780128040,923631699,right_base_state,right_joint_1,right_joint_2,right_joint_3,right_joint_4,right_joint_5,right_joint_6,right_joint_7,-90.4573,-90.0759,90.0495,-89.926,-0.0582,-0.4934,0.0955,,
1780128040,933768939,right_base_state,right_joint_1,right_joint_2,right_joint_3,right_joint_4,right_joint_5,right_joint_6,right_joint_7,-90.4573,-90.0759,90.0495,-89.926,-0.0583,-0.4935,0.0955,,
1780128040,943748547,right_base_state,right_joint_1,right_joint_2,right_joint_3,right_joint_4,right_joint_5,right_joint_6,right_joint_7,-90.4573,-90.0759,90.0495,-89.926,-0.0582,-0.4934,0.0955,,
1780128040,953864634,right_base_state,right_joint_1,right_joint_2,right_joint_3,right_joint_4,right_joint_5,right_joint_6,right_joint_7,-90.4573,-90.0759,90.0495,-89.926,-0.0583,-0.4935,0.0955,,
1780128040,963729090,right_base_state,right_joint_1,right_joint_2,right_joint_3,right_joint_4,right_joint_5,right_joint_6,right_joint_7,-90.4573,-90.0759,90.0495,-89.926,-0.0582,-0.4935,0.0955,,
1780128040,973849168,right_base_state,right_joint_1,right_joint_2,right_joint_3,right_joint_4,right_joint_5,right_joint_6,right_joint_7,-90.4573,-90.0759,90.0495,-89.926,-0.0583,-0.4935,0.0955,,
1780128040,983888544,right_base_state,right_joint_1,right_joint_2,right_joint_3,right_joint_4,right_joint_5,right_joint_6,right_joint_7,-90.4573,-90.0759,90.0495,-89.926,-0.0583,-0.4935,0.0955,,
1780128040,993697485,right_base_state,right_joint_1,right_joint_2,right_joint_3,right_joint_4,right_joint_5,right_joint_6,right_joint_7,-90.4573,-90.0759,90.0495,-89.926,-0.0582,-0.4935,0.0955,,
1780128041,3670662,right_base_state,right_joint_1,right_joint_2,right_joint_3,right_joint_4,right_joint_5,right_joint_6,right_joint_7,-90.4573,-90.0759,90.0495,-89.926,-0.0583,-0.4934,0.0955,,
1780128041,13712635,right_base_state,right_joint_1,right_joint_2,right_joint_3,right_joint_4,right_joint_5,right_joint_6,right_joint_7,-90.4573,-90.0759,90.0495,-89.926,-0.0582,-0.4935,0.0955,,
1780128041,23732810,right_base_state,right_joint_1,right_joint_2,right_joint_3,right_joint_4,right_joint_5,right_joint_6,right_joint_7,-90.4573,-90.0759,90.0495,-89.926,-0.0583,-0.4935,0.0955,,
1780128041,33650263,right_base_state,right_joint_1,right_joint_2,right_joint_3,right_joint_4,right_joint_5,right_joint_6,right_joint_7,-90.4573,-90.0759,90.0495,-89.926,-0.0583,-0.4935,0.0955,,
1780128041,46194186,right_base_state,right_joint_1,right_joint_2,right_joint_3,right_joint_4,right_joint_5,right_joint_6,right_joint_7,-90.4573,-90.0759,90.0495,-89.926,-0.0582,-0.4935,0.0955,,
1780128041,53602052,right_base_state,right_joint_1,right_joint_2,right_joint_3,right_joint_4,right_joint_5,right_joint_6,right_joint_7,-90.4573,-90.0759,90.0495,-89.926,-0.0583,-0.4935,0.0955,,
1780128041,63967357,right_base_state,right_joint_1,right_joint_2,right_joint_3,right_joint_4,right_joint_5,right_joint_6,right_joint_7,-90.4573,-90.0759,90.0495,-89.926,-0.0583,-0.4935,0.0955,,
1780128041,73681036,right_base_state,right_joint_1,right_joint_2,right_joint_3,right_joint_4,right_joint_5,right_joint_6,right_joint_7,-90.4573,-90.0759,90.0495,-89.926,-0.0582,-0.4934,0.0955,,
1780128041,83671812,right_base_state,right_joint_1,right_joint_2,right_joint_3,right_joint_4,right_joint_5,right_joint_6,right_joint_7,-90.4573,-90.0759,90.0495,-89.926,-0.0583,-0.4934,0.0955,,
1780128041,93640303,right_base_state,right_joint_1,right_joint_2,right_joint_3,right_joint_4,right_joint_5,right_joint_6,right_joint_7,-90.4573,-90.0759,90.0495,-89.926,-0.0582,-0.4934,0.0955,,
1780128041,103640023,right_base_state,right_joint_1,right_joint_2,right_joint_3,right_joint_4,right_joint_5,right_joint_6,right_joint_7,-90.4573,-90.0759,90.0495,-89.926,-0.0582,-0.4934,0.0955,,
1780128041,113601609,right_base_state,right_joint_1,right_joint_2,right_joint_3,right_joint_4,right_joint_5,right_joint_6,right_joint_7,-90.4573,-90.0759,90.0495,-89.926,-0.0582,-0.4935,0.0955,,
1780128041,126097707,right_base_state,right_joint_1,right_joint_2,right_joint_3,right_joint_4,right_joint_5,right_joint_6,right_joint_7,-90.4573,-90.0759,90.0495,-89.926,-0.0582,-0.4935,0.0955,,
1780128041,133708366,right_base_state,right_joint_1,right_joint_2,right_joint_3,right_joint_4,right_joint_5,right_joint_6,right_joint_7,-90.4573,-90.0759,90.0495,-89.926,-0.0582,-0.4934,0.0955,,
1780128041,143829520,right_base_state,right_joint_1,right_joint_2,right_joint_3,right_joint_4,right_joint_5,right_joint_6,right_joint_7,-90.4573,-90.0759,90.0495,-89.926,-0.0583,-0.4935,0.0955,,
1780128041,153632042,right_base_state,right_joint_1,right_joint_2,right_joint_3,right_joint_4,right_joint_5,right_joint_6,right_joint_7,-90.4573,-90.0759,90.0495,-89.926,-0.0582,-0.4934,0.0955,,
1780128041,163590685,right_base_state,right_joint_1,right_joint_2,right_joint_3,right_joint_4,right_joint_5,right_joint_6,right_joint_7,-90.4573,-90.0759,90.0495,-89.926,-0.0582,-0.4934,0.0955,,
1780128041,173732773,right_base_state,right_joint_1,right_joint_2,right_joint_3,right_joint_4,right_joint_5,right_joint_6,right_joint_7,-90.4573,-90.0759,90.0495,-89.926,-0.0583,-0.4934,0.0955,,
1780128041,183993729,right_base_state,right_joint_1,right_joint_2,right_joint_3,right_joint_4,right_joint_5,right_joint_6,right_joint_7,-90.4573,-90.0759,90.0495,-89.926,-0.0583,-0.4935,0.0955,,
1780128041,193748813,right_base_state,right_joint_1,right_joint_2,right_joint_3,right_joint_4,right_joint_5,right_joint_6,right_joint_7,-90.4573,-90.0759,90.0495,-89.926,-0.0582,-0.4935,0.0955,,
1780128041,203740635,right_base_state,right_joint_1,right_joint_2,right_joint_3,right_joint_4,right_joint_5,right_joint_6,right_joint_7,-90.4573,-90.0759,90.0495,-89.926,-0.0582,-0.4934,0.0955,,
1780128041,213950646,right_base_state,right_joint_1,right_joint_2,right_joint_3,right_joint_4,right_joint_5,right_joint_6,right_joint_7,-90.4573,-90.0759,90.0495,-89.926,-0.0582,-0.4935,0.0955,,
1780128041,223550932,right_base_state,right_joint_1,right_joint_2,right_joint_3,right_joint_4,right_joint_5,right_joint_6,right_joint_7,-90.4573,-90.0759,90.0495,-89.926,-0.0583,-0.4934,0.0955,,
1780128041,234334574,right_base_state,right_joint_1,right_joint_2,right_joint_3,right_joint_4,right_joint_5,right_joint_6,right_joint_7,-90.4573,-90.0759,90.0495,-89.926,-0.0583,-0.4935,0.0955,,
1780128041,243745017,right_base_state,right_joint_1,right_joint_2,right_joint_3,right_joint_4,right_joint_5,right_joint_6,right_joint_7,-90.4573,-90.0759,90.0495,-89.926,-0.0583,-0.4935,0.0955,,
1780128041,253821262,right_base_state,right_joint_1,right_joint_2,right_joint_3,right_joint_4,right_joint_5,right_joint_6,right_joint_7,-90.4573,-90.0759,90.0495,-89.926,-0.0582,-0.4934,0.0955,,
1780128041,263614129,right_base_state,right_joint_1,right_joint_2,right_joint_3,right_joint_4,right_joint_5,right_joint_6,right_joint_7,-90.4573,-90.0759,90.0495,-89.926,-0.0583,-0.4935,0.0955,,
1780128041,273659498,right_base_state,right_joint_1,right_joint_2,right_joint_3,right_joint_4,right_joint_5,right_joint_6,right_joint_7,-90.4573,-90.0759,90.0495,-89.926,-0.0582,-0.4934,0.0955,,
1780128041,284153403,right_base_state,right_joint_1,right_joint_2,right_joint_3,right_joint_4,right_joint_5,right_joint_6,right_joint_7,-90.4573,-90.0759,90.0495,-89.926,-0.0582,-0.4935,0.0955,,
1780128041,294043191,right_base_state,right_joint_1,right_joint_2,right_joint_3,right_joint_4,right_joint_5,right_joint_6,right_joint_7,-90.4573,-90.0759,90.0495,-89.926,-0.0583,-0.4935,0.0955,,
1780128041,303549419,right_base_state,right_joint_1,right_joint_2,right_joint_3,right_joint_4,right_joint_5,right_joint_6,right_joint_7,-90.4573,-90.0759,90.0495,-89.926,-0.0582,-0.4935,0.0955,,
1780128041,313735636,right_base_state,right_joint_1,right_joint_2,right_joint_3,right_joint_4,right_joint_5,right_joint_6,right_joint_7,-90.4573,-90.0759,90.0495,-89.926,-0.0583,-0.4935,0.0955,,
1780128041,323868709,right_base_state,right_joint_1,right_joint_2,right_joint_3,right_joint_4,right_joint_5,right_joint_6,right_joint_7,-90.4573,-90.0759,90.0495,-89.926,-0.0582,-0.4935,0.0955,,
1780128041,333757178,right_base_state,right_joint_1,right_joint_2,right_joint_3,right_joint_4,right_joint_5,right_joint_6,right_joint_7,-90.4573,-90.0759,90.0495,-89.926,-0.0582,-0.4935,0.0955,,
1780128041,343711869,right_base_state,right_joint_1,right_joint_2,right_joint_3,right_joint_4,right_joint_5,right_joint_6,right_joint_7,-90.4573,-90.0759,90.0495,-89.926,-0.0582,-0.4935,0.0955,,
1780128041,353696815,right_base_state,right_joint_1,right_joint_2,right_joint_3,right_joint_4,right_joint_5,right_joint_6,right_joint_7,-90.4573,-90.0759,90.0495,-89.926,-0.0582,-0.4935,0.0955,,
1780128041,364143230,right_base_state,right_joint_1,right_joint_2,right_joint_3,right_joint_4,right_joint_5,right_joint_6,right_joint_7,-90.4573,-90.0759,90.0495,-89.926,-0.0582,-0.4934,0.0955,,
1780128041,373739658,right_base_state,right_joint_1,right_joint_2,right_joint_3,right_joint_4,right_joint_5,right_joint_6,right_joint_7,-90.4573,-90.0759,90.0495,-89.926,-0.0583,-0.4935,0.0955,,
1780128041,383675074,right_base_state,right_joint_1,right_joint_2,right_joint_3,right_joint_4,right_joint_5,right_joint_6,right_joint_7,-90.4573,-90.0759,90.0495,-89.926,-0.0582,-0.4934,0.0955,,
1780128041,393869362,right_base_state,right_joint_1,right_joint_2,right_joint_3,right_joint_4,right_joint_5,right_joint_6,right_joint_7,-90.4573,-90.0759,90.0495,-89.926,-0.0582,-0.4934,0.0955,,
1780128041,403625172,right_base_state,right_joint_1,right_joint_2,right_joint_3,right_joint_4,right_joint_5,right_joint_6,right_joint_7,-90.4573,-90.0759,90.0495,-89.926,-0.0582,-0.4935,0.0955,,
1780128041,413607537,right_base_state,right_joint_1,right_joint_2,right_joint_3,right_joint_4,right_joint_5,right_joint_6,right_joint_7,-90.4573,-90.0759,90.0495,-89.926,-0.0582,-0.4935,0.0955,,
1780128041,423661181,right_base_state,right_joint_1,right_joint_2,right_joint_3,right_joint_4,right_joint_5,right_joint_6,right_joint_7,-90.4573,-90.0759,90.0495,-89.926,-0.0583,-0.4935,0.0955,,
1780128041,433783376,right_base_state,right_joint_1,right_joint_2,right_joint_3,right_joint_4,right_joint_5,right_joint_6,right_joint_7,-90.4573,-90.0759,90.0495,-89.926,-0.0583,-0.4935,0.0955,,
1780128041,443743454,right_base_state,right_joint_1,right_joint_2,right_joint_3,right_joint_4,right_joint_5,right_joint_6,right_joint_7,-90.4573,-90.0759,90.0495,-89.926,-0.0582,-0.4935,0.0955,,
1780128041,453727742,right_base_state,right_joint_1,right_joint_2,right_joint_3,right_joint_4,right_joint_5,right_joint_6,right_joint_7,-90.4573,-90.0759,90.0495,-89.926,-0.0583,-0.4935,0.0955,,
1780128041,463601196,right_base_state,right_joint_1,right_joint_2,right_joint_3,right_joint_4,right_joint_5,right_joint_6,right_joint_7,-90.4573,-90.0759,90.0495,-89.926,-0.0582,-0.4934,0.0955,,
1780128041,473650585,right_base_state,right_joint_1,right_joint_2,right_joint_3,right_joint_4,right_joint_5,right_joint_6,right_joint_7,-90.4573,-90.0759,90.0495,-89.926,-0.0582,-0.4934,0.0955,,
1780128041,483716394,right_base_state,right_joint_1,right_joint_2,right_joint_3,right_joint_4,right_joint_5,right_joint_6,right_joint_7,-90.4573,-90.0759,90.0495,-89.926,-0.0582,-0.4935,0.0955,,
1780128041,493672806,right_base_state,right_joint_1,right_joint_2,right_joint_3,right_joint_4,right_joint_5,right_joint_6,right_joint_7,-90.4573,-90.0759,90.0495,-89.926,-0.0583,-0.4935,0.0955,,
1780128041,503583020,right_base_state,right_joint_1,right_joint_2,right_joint_3,right_joint_4,right_joint_5,right_joint_6,right_joint_7,-90.4573,-90.0759,90.0495,-89.926,-0.0582,-0.4935,0.0955,,
1780128041,513620536,right_base_state,right_joint_1,right_joint_2,right_joint_3,right_joint_4,right_joint_5,right_joint_6,right_joint_7,-90.4573,-90.0759,90.0495,-89.926,-0.0582,-0.4935,0.0955,,
1780128041,523846356,right_base_state,right_joint_1,right_joint_2,right_joint_3,right_joint_4,right_joint_5,right_joint_6,right_joint_7,-90.4573,-90.0759,90.0495,-89.926,-0.0582,-0.4935,0.0955,,
1780128041,533681351,right_base_state,right_joint_1,right_joint_2,right_joint_3,right_joint_4,right_joint_5,right_joint_6,right_joint_7,-90.4573,-90.0759,90.0495,-89.926,-0.0583,-0.4935,0.0955,,
1780128041,543879351,right_base_state,right_joint_1,right_joint_2,right_joint_3,right_joint_4,right_joint_5,right_joint_6,right_joint_7,-90.4573,-90.0759,90.0495,-89.926,-0.0582,-0.4935,0.0955,,
1780128041,553570932,right_base_state,right_joint_1,right_joint_2,right_joint_3,right_joint_4,right_joint_5,right_joint_6,right_joint_7,-90.4573,-90.0759,90.0495,-89.926,-0.0582,-0.4935,0.0955,,
1780128041,563782352,right_base_state,right_joint_1,right_joint_2,right_joint_3,right_joint_4,right_joint_5,right_joint_6,right_joint_7,-90.4573,-90.0759,90.0495,-89.926,-0.0582,-0.4934,0.0955,,
1780128041,573847362,right_base_state,right_joint_1,right_joint_2,right_joint_3,right_joint_4,right_joint_5,right_joint_6,right_joint_7,-90.4573,-90.0759,90.0495,-89.926,-0.0583,-0.4935,0.0955,,
1780128041,583750397,right_base_state,right_joint_1,right_joint_2,right_joint_3,right_joint_4,right_joint_5,right_joint_6,right_joint_7,-90.4573,-90.0759,90.0495,-89.926,-0.0582,-0.4934,0.0955,,
1780128041,593757603,right_base_state,right_joint_1,right_joint_2,right_joint_3,right_joint_4,right_joint_5,right_joint_6,right_joint_7,-90.4573,-90.0759,90.0495,-89.926,-0.0582,-0.4934,0.0955,,
1780128041,603587820,right_base_state,right_joint_1,right_joint_2,right_joint_3,right_joint_4,right_joint_5,right_joint_6,right_joint_7,-90.4573,-90.0759,90.0495,-89.926,-0.0582,-0.4934,0.0955,,
1780128041,613949627,right_base_state,right_joint_1,right_joint_2,right_joint_3,right_joint_4,right_joint_5,right_joint_6,right_joint_7,-90.4573,-90.0759,90.0495,-89.926,-0.0583,-0.4935,0.0955,,
1780128041,623702029,right_base_state,right_joint_1,right_joint_2,right_joint_3,right_joint_4,right_joint_5,right_joint_6,right_joint_7,-90.4573,-90.0759,90.0495,-89.926,-0.0582,-0.4935,0.0955,,
1780128041,633684308,right_base_state,right_joint_1,right_joint_2,right_joint_3,right_joint_4,right_joint_5,right_joint_6,right_joint_7,-90.4573,-90.0759,90.0495,-89.926,-0.0582,-0.4934,0.0955,,
1780128041,644233172,right_base_state,right_joint_1,right_joint_2,right_joint_3,right_joint_4,right_joint_5,right_joint_6,right_joint_7,-90.4573,-90.0759,90.0495,-89.926,-0.0583,-0.4935,0.0955,,
1780128041,653587430,right_base_state,right_joint_1,right_joint_2,right_joint_3,right_joint_4,right_joint_5,right_joint_6,right_joint_7,-90.4573,-90.0759,90.0495,-89.926,-0.0582,-0.4935,0.0955,,
1780128041,664669493,right_base_state,right_joint_1,right_joint_2,right_joint_3,right_joint_4,right_joint_5,right_joint_6,right_joint_7,-90.4573,-90.0759,90.0495,-89.926,-0.0582,-0.4935,0.0955,,
1780128041,673711877,right_base_state,right_joint_1,right_joint_2,right_joint_3,right_joint_4,right_joint_5,right_joint_6,right_joint_7,-90.4573,-90.0759,90.0495,-89.926,-0.0583,-0.4935,0.0955,,
1780128041,683838636,right_base_state,right_joint_1,right_joint_2,right_joint_3,right_joint_4,right_joint_5,right_joint_6,right_joint_7,-90.4573,-90.0759,90.0495,-89.926,-0.0582,-0.4935,0.0955,,
1780128041,693776740,right_base_state,right_joint_1,right_joint_2,right_joint_3,right_joint_4,right_joint_5,right_joint_6,right_joint_7,-90.4573,-90.0759,90.0495,-89.926,-0.0583,-0.4934,0.0955,,
1780128041,703575523,right_base_state,right_joint_1,right_joint_2,right_joint_3,right_joint_4,right_joint_5,right_joint_6,right_joint_7,-90.4573,-90.0759,90.0495,-89.926,-0.0583,-0.4935,0.0955,,
1780128041,713725715,right_base_state,right_joint_1,right_joint_2,right_joint_3,right_joint_4,right_joint_5,right_joint_6,right_joint_7,-90.4573,-90.0759,90.0495,-89.926,-0.0583,-0.4935,0.0955,,
1780128041,723770467,right_base_state,right_joint_1,right_joint_2,right_joint_3,right_joint_4,right_joint_5,right_joint_6,right_joint_7,-90.4573,-90.0759,90.0495,-89.926,-0.0583,-0.4934,0.0955,,
1780128041,733772945,right_base_state,right_joint_1,right_joint_2,right_joint_3,right_joint_4,right_joint_5,right_joint_6,right_joint_7,-90.4573,-90.0759,90.0495,-89.926,-0.0583,-0.4935,0.0955,,
1780128041,743828969,right_base_state,right_joint_1,right_joint_2,right_joint_3,right_joint_4,right_joint_5,right_joint_6,right_joint_7,-90.4573,-90.0759,90.0495,-89.926,-0.0582,-0.4934,0.0955,,
1780128041,753936404,right_base_state,right_joint_1,right_joint_2,right_joint_3,right_joint_4,right_joint_5,right_joint_6,right_joint_7,-90.4573,-90.0759,90.0495,-89.9261,-0.0583,-0.4934,0.0955,,
1780128041,763616405,right_base_state,right_joint_1,right_joint_2,right_joint_3,right_joint_4,right_joint_5,right_joint_6,right_joint_7,-90.4573,-90.0759,90.0495,-89.926,-0.0582,-0.4935,0.0955,,
1780128041,773642795,right_base_state,right_joint_1,right_joint_2,right_joint_3,right_joint_4,right_joint_5,right_joint_6,right_joint_7,-90.4573,-90.0759,90.0495,-89.926,-0.0582,-0.4935,0.0955,,
1780128041,783752626,right_base_state,right_joint_1,right_joint_2,right_joint_3,right_joint_4,right_joint_5,right_joint_6,right_joint_7,-90.4573,-90.0759,90.0495,-89.926,-0.0582,-0.4935,0.0955,,
1780128041,793746370,right_base_state,right_joint_1,right_joint_2,right_joint_3,right_joint_4,right_joint_5,right_joint_6,right_joint_7,-90.4573,-90.0759,90.0495,-89.926,-0.0582,-0.4935,0.0955,,
1780128041,803617280,right_base_state,right_joint_1,right_joint_2,right_joint_3,right_joint_4,right_joint_5,right_joint_6,right_joint_7,-90.4573,-90.0759,90.0495,-89.926,-0.0583,-0.4935,0.0955,,
1780128041,813671055,right_base_state,right_joint_1,right_joint_2,right_joint_3,right_joint_4,right_joint_5,right_joint_6,right_joint_7,-90.4573,-90.0759,90.0495,-89.926,-0.0582,-0.4934,0.0955,,
1780128041,823900736,right_base_state,right_joint_1,right_joint_2,right_joint_3,right_joint_4,right_joint_5,right_joint_6,right_joint_7,-90.4573,-90.0759,90.0495,-89.926,-0.0582,-0.4935,0.0955,,
1780128041,833873493,right_base_state,right_joint_1,right_joint_2,right_joint_3,right_joint_4,right_joint_5,right_joint_6,right_joint_7,-90.4573,-90.0759,90.0495,-89.926,-0.0583,-0.4934,0.0955,,
1780128041,843721540,right_base_state,right_joint_1,right_joint_2,right_joint_3,right_joint_4,right_joint_5,right_joint_6,right_joint_7,-90.4573,-90.0759,90.0495,-89.926,-0.0582,-0.4935,0.0955,,
1780128041,853830382,right_base_state,right_joint_1,right_joint_2,right_joint_3,right_joint_4,right_joint_5,right_joint_6,right_joint_7,-90.4573,-90.0759,90.0495,-89.926,-0.0583,-0.4935,0.0955,,
1780128041,863740281,right_base_state,right_joint_1,right_joint_2,right_joint_3,right_joint_4,right_joint_5,right_joint_6,right_joint_7,-90.4573,-90.0759,90.0495,-89.926,-0.0582,-0.4935,0.0955,,
1780128041,873597919,right_base_state,right_joint_1,right_joint_2,right_joint_3,right_joint_4,right_joint_5,right_joint_6,right_joint_7,-90.4573,-90.0759,90.0495,-89.926,-0.0583,-0.4935,0.0955,,
1780128041,883870313,right_base_state,right_joint_1,right_joint_2,right_joint_3,right_joint_4,right_joint_5,right_joint_6,right_joint_7,-90.4573,-90.0759,90.0495,-89.926,-0.0582,-0.4935,0.0955,,
1780128041,893848147,right_base_state,right_joint_1,right_joint_2,right_joint_3,right_joint_4,right_joint_5,right_joint_6,right_joint_7,-90.4573,-90.0759,90.0495,-89.926,-0.0583,-0.4935,0.0955,,
1780128041,903694480,right_base_state,right_joint_1,right_joint_2,right_joint_3,right_joint_4,right_joint_5,right_joint_6,right_joint_7,-90.4573,-90.0759,90.0495,-89.926,-0.0583,-0.4935,0.0955,,
1780128041,913598647,right_base_state,right_joint_1,right_joint_2,right_joint_3,right_joint_4,right_joint_5,right_joint_6,right_joint_7,-90.4573,-90.0759,90.0495,-89.926,-0.0582,-0.4935,0.0955,,
1780128041,923736628,right_base_state,right_joint_1,right_joint_2,right_joint_3,right_joint_4,right_joint_5,right_joint_6,right_joint_7,-90.4573,-90.0759,90.0495,-89.926,-0.0583,-0.4935,0.0955,,
1780128041,933675443,right_base_state,right_joint_1,right_joint_2,right_joint_3,right_joint_4,right_joint_5,right_joint_6,right_joint_7,-90.4573,-90.0759,90.0495,-89.926,-0.0582,-0.4934,0.0955,,
1780128041,943878749,right_base_state,right_joint_1,right_joint_2,right_joint_3,right_joint_4,right_joint_5,right_joint_6,right_joint_7,-90.4573,-90.0759,90.0495,-89.926,-0.0583,-0.4935,0.0955,,
1780128041,954477343,right_base_state,right_joint_1,right_joint_2,right_joint_3,right_joint_4,right_joint_5,right_joint_6,right_joint_7,-90.4573,-90.0759,90.0495,-89.926,-0.0583,-0.4935,0.0955,,
1780128041,963692220,right_base_state,right_joint_1,right_joint_2,right_joint_3,right_joint_4,right_joint_5,right_joint_6,right_joint_7,-90.4573,-90.0759,90.0495,-89.926,-0.0582,-0.4934,0.0955,,
1780128041,974602256,right_base_state,right_joint_1,right_joint_2,right_joint_3,right_joint_4,right_joint_5,right_joint_6,right_joint_7,-90.4573,-90.0759,90.0495,-89.926,-0.0583,-0.4934,0.0955,,
1780128041,985896964,right_base_state,right_joint_1,right_joint_2,right_joint_3,right_joint_4,right_joint_5,right_joint_6,right_joint_7,-90.4573,-90.0759,90.0495,-89.926,-0.0583,-0.4935,0.0955,,
1780128041,993779534,right_base_state,right_joint_1,right_joint_2,right_joint_3,right_joint_4,right_joint_5,right_joint_6,right_joint_7,-90.4573,-90.0759,90.0495,-89.926,-0.0582,-0.4935,0.0955,,
1780128042,3723165,right_base_state,right_joint_1,right_joint_2,right_joint_3,right_joint_4,right_joint_5,right_joint_6,right_joint_7,-90.4573,-90.0759,90.0495,-89.926,-0.0582,-0.4934,0.0955,,
1780128042,13763634,right_base_state,right_joint_1,right_joint_2,right_joint_3,right_joint_4,right_joint_5,right_joint_6,right_joint_7,-90.4573,-90.0759,90.0495,-89.926,-0.0583,-0.4934,0.0955,,
1780128042,23972571,right_base_state,right_joint_1,right_joint_2,right_joint_3,right_joint_4,right_joint_5,right_joint_6,right_joint_7,-90.4573,-90.0759,90.0495,-89.926,-0.0582,-0.4934,0.0955,,
1780128042,33688676,right_base_state,right_joint_1,right_joint_2,right_joint_3,right_joint_4,right_joint_5,right_joint_6,right_joint_7,-90.4573,-90.0759,90.0495,-89.926,-0.0583,-0.4935,0.0955,,
1780128042,43697489,right_base_state,right_joint_1,right_joint_2,right_joint_3,right_joint_4,right_joint_5,right_joint_6,right_joint_7,-90.4573,-90.0759,90.0495,-89.926,-0.0583,-0.4935,0.0955,,
1780128042,53667212,right_base_state,right_joint_1,right_joint_2,right_joint_3,right_joint_4,right_joint_5,right_joint_6,right_joint_7,-90.4573,-90.0759,90.0495,-89.926,-0.0583,-0.4935,0.0955,,
1780128042,63589698,right_base_state,right_joint_1,right_joint_2,right_joint_3,right_joint_4,right_joint_5,right_joint_6,right_joint_7,-90.4573,-90.0759,90.0495,-89.926,-0.0582,-0.4935,0.0955,,
1780128042,73774734,right_base_state,right_joint_1,right_joint_2,right_joint_3,right_joint_4,right_joint_5,right_joint_6,right_joint_7,-90.4573,-90.0759,90.0495,-89.926,-0.0582,-0.4935,0.0955,,
1780128042,85395261,right_base_state,right_joint_1,right_joint_2,right_joint_3,right_joint_4,right_joint_5,right_joint_6,right_joint_7,-90.4573,-90.0759,90.0495,-89.926,-0.0583,-0.4935,0.0955,,
1780128042,93754417,right_base_state,right_joint_1,right_joint_2,right_joint_3,right_joint_4,right_joint_5,right_joint_6,right_joint_7,-90.4573,-90.0759,90.0495,-89.926,-0.0583,-0.4935,0.0955,,
1780128042,104338438,right_base_state,right_joint_1,right_joint_2,right_joint_3,right_joint_4,right_joint_5,right_joint_6,right_joint_7,-90.4573,-90.0759,90.0495,-89.926,-0.0583,-0.4935,0.0955,,
1780128042,113840636,right_base_state,right_joint_1,right_joint_2,right_joint_3,right_joint_4,right_joint_5,right_joint_6,right_joint_7,-90.4573,-90.0759,90.0495,-89.926,-0.0583,-0.4934,0.0955,,
1780128042,123914360,right_base_state,right_joint_1,right_joint_2,right_joint_3,right_joint_4,right_joint_5,right_joint_6,right_joint_7,-90.4573,-90.0759,90.0495,-89.926,-0.0582,-0.4934,0.0955,,
1780128042,133737160,right_base_state,right_joint_1,right_joint_2,right_joint_3,right_joint_4,right_joint_5,right_joint_6,right_joint_7,-90.4573,-90.0759,90.0495,-89.926,-0.0582,-0.4934,0.0955,,
1780128042,143651717,right_base_state,right_joint_1,right_joint_2,right_joint_3,right_joint_4,right_joint_5,right_joint_6,right_joint_7,-90.4573,-90.0759,90.0495,-89.926,-0.0583,-0.4935,0.0955,,
1780128042,153561350,right_base_state,right_joint_1,right_joint_2,right_joint_3,right_joint_4,right_joint_5,right_joint_6,right_joint_7,-90.4573,-90.0759,90.0495,-89.926,-0.0582,-0.4935,0.0955,,
1780128042,163954249,right_base_state,right_joint_1,right_joint_2,right_joint_3,right_joint_4,right_joint_5,right_joint_6,right_joint_7,-90.4573,-90.0759,90.0495,-89.926,-0.0582,-0.4935,0.0955,,
1780128042,173583601,right_base_state,right_joint_1,right_joint_2,right_joint_3,right_joint_4,right_joint_5,right_joint_6,right_joint_7,-90.4573,-90.0759,90.0495,-89.926,-0.0582,-0.4934,0.0955,,
1780128042,183633834,right_base_state,right_joint_1,right_joint_2,right_joint_3,right_joint_4,right_joint_5,right_joint_6,right_joint_7,-90.4573,-90.0759,90.0495,-89.926,-0.0583,-0.4934,0.0955,,
1780128042,194127127,right_base_state,right_joint_1,right_joint_2,right_joint_3,right_joint_4,right_joint_5,right_joint_6,right_joint_7,-90.4573,-90.0759,90.0495,-89.926,-0.0582,-0.4935,0.0955,,
1780128042,203609274,right_base_state,right_joint_1,right_joint_2,right_joint_3,right_joint_4,right_joint_5,right_joint_6,right_joint_7,-90.4573,-90.0759,90.0495,-89.926,-0.0582,-0.4935,0.0955,,
1780128042,213811769,right_base_state,right_joint_1,right_joint_2,right_joint_3,right_joint_4,right_joint_5,right_joint_6,right_joint_7,-90.4573,-90.0759,90.0495,-89.926,-0.0582,-0.4935,0.0955,,
1780128042,223713463,right_base_state,right_joint_1,right_joint_2,right_joint_3,right_joint_4,right_joint_5,right_joint_6,right_joint_7,-90.4573,-90.0759,90.0495,-89.926,-0.0583,-0.4934,0.0955,,
1780128042,233708677,right_base_state,right_joint_1,right_joint_2,right_joint_3,right_joint_4,right_joint_5,right_joint_6,right_joint_7,-90.4573,-90.0759,90.0495,-89.926,-0.0583,-0.4934,0.0955,,
1780128042,243746422,right_base_state,right_joint_1,right_joint_2,right_joint_3,right_joint_4,right_joint_5,right_joint_6,right_joint_7,-90.4573,-90.0759,90.0495,-89.926,-0.0583,-0.4935,0.0955,,
1780128042,253574707,right_base_state,right_joint_1,right_joint_2,right_joint_3,right_joint_4,right_joint_5,right_joint_6,right_joint_7,-90.4573,-90.0759,90.0495,-89.926,-0.0583,-0.4934,0.0955,,
1780128042,263659853,right_base_state,right_joint_1,right_joint_2,right_joint_3,right_joint_4,right_joint_5,right_joint_6,right_joint_7,-90.4573,-90.0759,90.0495,-89.926,-0.0582,-0.4934,0.0955,,
1780128042,275261076,right_base_state,right_joint_1,right_joint_2,right_joint_3,right_joint_4,right_joint_5,right_joint_6,right_joint_7,-90.4573,-90.0759,90.0495,-89.926,-0.0583,-0.4935,0.0955,,
1780128042,283746043,right_base_state,right_joint_1,right_joint_2,right_joint_3,right_joint_4,right_joint_5,right_joint_6,right_joint_7,-90.4573,-90.0759,90.0495,-89.926,-0.0582,-0.4935,0.0955,,
1780128042,293834240,right_base_state,right_joint_1,right_joint_2,right_joint_3,right_joint_4,right_joint_5,right_joint_6,right_joint_7,-90.4573,-90.0759,90.0495,-89.926,-0.0582,-0.4935,0.0955,,
1780128042,303606373,right_base_state,right_joint_1,right_joint_2,right_joint_3,right_joint_4,right_joint_5,right_joint_6,right_joint_7,-90.4573,-90.0759,90.0495,-89.926,-0.0582,-0.4935,0.0955,,
1780128042,313720410,right_base_state,right_joint_1,right_joint_2,right_joint_3,right_joint_4,right_joint_5,right_joint_6,right_joint_7,-90.4573,-90.0759,90.0495,-89.926,-0.0582,-0.4935,0.0955,,
1780128042,324550031,right_base_state,right_joint_1,right_joint_2,right_joint_3,right_joint_4,right_joint_5,right_joint_6,right_joint_7,-90.4573,-90.0759,90.0495,-89.926,-0.0582,-0.4935,0.0955,,
1780128042,333646313,right_base_state,right_joint_1,right_joint_2,right_joint_3,right_joint_4,right_joint_5,right_joint_6,right_joint_7,-90.4573,-90.0759,90.0495,-89.926,-0.0583,-0.4935,0.0955,,
1780128042,344106282,right_base_state,right_joint_1,right_joint_2,right_joint_3,right_joint_4,right_joint_5,right_joint_6,right_joint_7,-90.4573,-90.0759,90.0495,-89.926,-0.0582,-0.4935,0.0955,,
1780128042,353774793,right_base_state,right_joint_1,right_joint_2,right_joint_3,right_joint_4,right_joint_5,right_joint_6,right_joint_7,-90.4573,-90.0759,90.0495,-89.926,-0.0582,-0.4934,0.0955,,
1780128042,363746281,right_base_state,right_joint_1,right_joint_2,right_joint_3,right_joint_4,right_joint_5,right_joint_6,right_joint_7,-90.4573,-90.0759,90.0495,-89.926,-0.0583,-0.4935,0.0955,,
1780128042,373710700,right_base_state,right_joint_1,right_joint_2,right_joint_3,right_joint_4,right_joint_5,right_joint_6,right_joint_7,-90.4573,-90.0759,90.0495,-89.926,-0.0583,-0.4934,0.0955,,
1780128042,383786104,right_base_state,right_joint_1,right_joint_2,right_joint_3,right_joint_4,right_joint_5,right_joint_6,right_joint_7,-90.4573,-90.0759,90.0495,-89.926,-0.0582,-0.4935,0.0955,,
1780128042,393661633,right_base_state,right_joint_1,right_joint_2,right_joint_3,right_joint_4,right_joint_5,right_joint_6,right_joint_7,-90.4573,-90.0759,90.0495,-89.926,-0.0583,-0.4935,0.0955,,
1780128042,403586116,right_base_state,right_joint_1,right_joint_2,right_joint_3,right_joint_4,right_joint_5,right_joint_6,right_joint_7,-90.4573,-90.0759,90.0495,-89.926,-0.0583,-0.4934,0.0955,,
1780128042,413666667,right_base_state,right_joint_1,right_joint_2,right_joint_3,right_joint_4,right_joint_5,right_joint_6,right_joint_7,-90.4573,-90.0759,90.0495,-89.926,-0.0582,-0.4935,0.0955,,
1780128042,423922298,right_base_state,right_joint_1,right_joint_2,right_joint_3,right_joint_4,right_joint_5,right_joint_6,right_joint_7,-90.4573,-90.0759,90.0495,-89.926,-0.0582,-0.4935,0.0955,,
1780128042,433719679,right_base_state,right_joint_1,right_joint_2,right_joint_3,right_joint_4,right_joint_5,right_joint_6,right_joint_7,-90.4573,-90.0759,90.0495,-89.926,-0.0583,-0.4935,0.0955,,
1780128042,443991745,right_base_state,right_joint_1,right_joint_2,right_joint_3,right_joint_4,right_joint_5,right_joint_6,right_joint_7,-90.4573,-90.0759,90.0495,-89.926,-0.0583,-0.4935,0.0955,,
1780128042,453656673,right_base_state,right_joint_1,right_joint_2,right_joint_3,right_joint_4,right_joint_5,right_joint_6,right_joint_7,-90.4573,-90.0759,90.0495,-89.926,-0.0582,-0.4935,0.0955,,
1780128042,463828033,right_base_state,right_joint_1,right_joint_2,right_joint_3,right_joint_4,right_joint_5,right_joint_6,right_joint_7,-90.4573,-90.0759,90.0495,-89.926,-0.0582,-0.4935,0.0955,,
1780128042,473789404,right_base_state,right_joint_1,right_joint_2,right_joint_3,right_joint_4,right_joint_5,right_joint_6,right_joint_7,-90.4573,-90.0759,90.0495,-89.926,-0.0582,-0.4935,0.0955,,
1780128042,483853925,right_base_state,right_joint_1,right_joint_2,right_joint_3,right_joint_4,right_joint_5,right_joint_6,right_joint_7,-90.4573,-90.0759,90.0495,-89.926,-0.0582,-0.4935,0.0955,,
1780128042,493749207,right_base_state,right_joint_1,right_joint_2,right_joint_3,right_joint_4,right_joint_5,right_joint_6,right_joint_7,-90.4573,-90.0759,90.0495,-89.926,-0.0582,-0.4935,0.0955,,
1780128042,503566853,right_base_state,right_joint_1,right_joint_2,right_joint_3,right_joint_4,right_joint_5,right_joint_6,right_joint_7,-90.4573,-90.0759,90.0495,-89.926,-0.0583,-0.4935,0.0955,,
1780128042,513624629,right_base_state,right_joint_1,right_joint_2,right_joint_3,right_joint_4,right_joint_5,right_joint_6,right_joint_7,-90.4573,-90.0759,90.0495,-89.926,-0.0582,-0.4934,0.0955,,
1780128042,523861238,right_base_state,right_joint_1,right_joint_2,right_joint_3,right_joint_4,right_joint_5,right_joint_6,right_joint_7,-90.4573,-90.0759,90.0495,-89.926,-0.0582,-0.4935,0.0955,,
1780128042,533857206,right_base_state,right_joint_1,right_joint_2,right_joint_3,right_joint_4,right_joint_5,right_joint_6,right_joint_7,-90.4573,-90.0759,90.0495,-89.926,-0.0583,-0.4935,0.0955,,
1780128042,543934671,right_base_state,right_joint_1,right_joint_2,right_joint_3,right_joint_4,right_joint_5,right_joint_6,right_joint_7,-90.4573,-90.0759,90.0495,-89.926,-0.0582,-0.4935,0.0955,,
1780128042,554023884,right_base_state,right_joint_1,right_joint_2,right_joint_3,right_joint_4,right_joint_5,right_joint_6,right_joint_7,-90.4573,-90.0759,90.0495,-89.926,-0.0582,-0.4934,0.0955,,
1780128042,563870042,right_base_state,right_joint_1,right_joint_2,right_joint_3,right_joint_4,right_joint_5,right_joint_6,right_joint_7,-90.4573,-90.0759,90.0495,-89.926,-0.0583,-0.4935,0.0955,,
1780128042,574144400,right_base_state,right_joint_1,right_joint_2,right_joint_3,right_joint_4,right_joint_5,right_joint_6,right_joint_7,-90.4573,-90.0759,90.0495,-89.926,-0.0583,-0.4935,0.0955,,
1780128042,583892147,right_base_state,right_joint_1,right_joint_2,right_joint_3,right_joint_4,right_joint_5,right_joint_6,right_joint_7,-90.4573,-90.0759,90.0495,-89.926,-0.0582,-0.4935,0.0955,,
1780128042,593809689,right_base_state,right_joint_1,right_joint_2,right_joint_3,right_joint_4,right_joint_5,right_joint_6,right_joint_7,-90.4573,-90.0759,90.0495,-89.926,-0.0583,-0.4935,0.0955,,
1780128042,603629302,right_base_state,right_joint_1,right_joint_2,right_joint_3,right_joint_4,right_joint_5,right_joint_6,right_joint_7,-90.4573,-90.0759,90.0495,-89.926,-0.0582,-0.4935,0.0955,,
1780128042,613615351,right_base_state,right_joint_1,right_joint_2,right_joint_3,right_joint_4,right_joint_5,right_joint_6,right_joint_7,-90.4573,-90.0759,90.0495,-89.926,-0.0583,-0.4935,0.0955,,
1780128042,623762368,right_base_state,right_joint_1,right_joint_2,right_joint_3,right_joint_4,right_joint_5,right_joint_6,right_joint_7,-90.4573,-90.0759,90.0495,-89.926,-0.0582,-0.4935,0.0955,,
1780128042,634907537,right_base_state,right_joint_1,right_joint_2,right_joint_3,right_joint_4,right_joint_5,right_joint_6,right_joint_7,-90.4573,-90.0759,90.0495,-89.926,-0.0582,-0.4935,0.0955,,
1780128042,643804224,right_base_state,right_joint_1,right_joint_2,right_joint_3,right_joint_4,right_joint_5,right_joint_6,right_joint_7,-90.4573,-90.0759,90.0495,-89.926,-0.0582,-0.4935,0.0955,,
1780128042,653608333,right_base_state,right_joint_1,right_joint_2,right_joint_3,right_joint_4,right_joint_5,right_joint_6,right_joint_7,-90.4573,-90.0759,90.0495,-89.926,-0.0582,-0.4934,0.0955,,
1780128042,663630597,right_base_state,right_joint_1,right_joint_2,right_joint_3,right_joint_4,right_joint_5,right_joint_6,right_joint_7,-90.4573,-90.0759,90.0495,-89.926,-0.0583,-0.4935,0.0955,,
1780128042,673643372,right_base_state,right_joint_1,right_joint_2,right_joint_3,right_joint_4,right_joint_5,right_joint_6,right_joint_7,-90.4573,-90.0759,90.0495,-89.926,-0.0583,-0.4934,0.0955,,
1780128042,683859403,right_base_state,right_joint_1,right_joint_2,right_joint_3,right_joint_4,right_joint_5,right_joint_6,right_joint_7,-90.4573,-90.0759,90.0495,-89.926,-0.0582,-0.4935,0.0955,,
1780128042,693760074,right_base_state,right_joint_1,right_joint_2,right_joint_3,right_joint_4,right_joint_5,right_joint_6,right_joint_7,-90.4573,-90.0759,90.0495,-89.926,-0.0583,-0.4935,0.0955,,
1780128042,703598517,right_base_state,right_joint_1,right_joint_2,right_joint_3,right_joint_4,right_joint_5,right_joint_6,right_joint_7,-90.4573,-90.0759,90.0495,-89.926,-0.0582,-0.4935,0.0955,,
1780128042,713714151,right_base_state,right_joint_1,right_joint_2,right_joint_3,right_joint_4,right_joint_5,right_joint_6,right_joint_7,-90.4573,-90.0759,90.0495,-89.926,-0.0582,-0.4935,0.0955,,
1780128042,723640114,right_base_state,right_joint_1,right_joint_2,right_joint_3,right_joint_4,right_joint_5,right_joint_6,right_joint_7,-90.4573,-90.0759,90.0495,-89.926,-0.0582,-0.4935,0.0955,,
1780128042,733786546,right_base_state,right_joint_1,right_joint_2,right_joint_3,right_joint_4,right_joint_5,right_joint_6,right_joint_7,-90.4573,-90.0759,90.0495,-89.926,-0.0583,-0.4935,0.0955,,
1780128042,743823269,right_base_state,right_joint_1,right_joint_2,right_joint_3,right_joint_4,right_joint_5,right_joint_6,right_joint_7,-90.4573,-90.0759,90.0495,-89.926,-0.0583,-0.4934,0.0955,,
1780128042,753628282,right_base_state,right_joint_1,right_joint_2,right_joint_3,right_joint_4,right_joint_5,right_joint_6,right_joint_7,-90.4573,-90.0759,90.0495,-89.926,-0.0583,-0.4935,0.0955,,
1780128042,764460678,right_base_state,right_joint_1,right_joint_2,right_joint_3,right_joint_4,right_joint_5,right_joint_6,right_joint_7,-90.4573,-90.0759,90.0495,-89.926,-0.0583,-0.4935,0.0955,,
1780128042,773824671,right_base_state,right_joint_1,right_joint_2,right_joint_3,right_joint_4,right_joint_5,right_joint_6,right_joint_7,-90.4573,-90.0759,90.0495,-89.926,-0.0582,-0.4934,0.0955,,
1780128042,784941907,right_base_state,right_joint_1,right_joint_2,right_joint_3,right_joint_4,right_joint_5,right_joint_6,right_joint_7,-90.4573,-90.0759,90.0495,-89.926,-0.0583,-0.4934,0.0955,,
1780128042,793967704,right_base_state,right_joint_1,right_joint_2,right_joint_3,right_joint_4,right_joint_5,right_joint_6,right_joint_7,-90.4573,-90.0759,90.0495,-89.926,-0.0582,-0.4935,0.0955,,
1780128042,803659751,right_base_state,right_joint_1,right_joint_2,right_joint_3,right_joint_4,right_joint_5,right_joint_6,right_joint_7,-90.4573,-90.0759,90.0495,-89.926,-0.0582,-0.4935,0.0955,,
1780128042,813675893,right_base_state,right_joint_1,right_joint_2,right_joint_3,right_joint_4,right_joint_5,right_joint_6,right_joint_7,-90.4573,-90.0759,90.0495,-89.926,-0.0583,-0.4935,0.0955,,
1780128042,823660222,right_base_state,right_joint_1,right_joint_2,right_joint_3,right_joint_4,right_joint_5,right_joint_6,right_joint_7,-90.4573,-90.0759,90.0495,-89.926,-0.0582,-0.4935,0.0955,,
1780128042,833695496,right_base_state,right_joint_1,right_joint_2,right_joint_3,right_joint_4,right_joint_5,right_joint_6,right_joint_7,-90.4573,-90.0759,90.0495,-89.926,-0.0582,-0.4934,0.0955,,
1780128042,843728306,right_base_state,right_joint_1,right_joint_2,right_joint_3,right_joint_4,right_joint_5,right_joint_6,right_joint_7,-90.4573,-90.0759,90.0495,-89.926,-0.0583,-0.4935,0.0955,,
1780128042,853595411,right_base_state,right_joint_1,right_joint_2,right_joint_3,right_joint_4,right_joint_5,right_joint_6,right_joint_7,-90.4573,-90.0759,90.0495,-89.926,-0.0582,-0.4934,0.0955,,
1780128042,863665327,right_base_state,right_joint_1,right_joint_2,right_joint_3,right_joint_4,right_joint_5,right_joint_6,right_joint_7,-90.4573,-90.0759,90.0495,-89.926,-0.0582,-0.4935,0.0955,,
1780128042,873688274,right_base_state,right_joint_1,right_joint_2,right_joint_3,right_joint_4,right_joint_5,right_joint_6,right_joint_7,-90.4573,-90.0759,90.0495,-89.926,-0.0582,-0.4935,0.0955,,
1780128042,883793196,right_base_state,right_joint_1,right_joint_2,right_joint_3,right_joint_4,right_joint_5,right_joint_6,right_joint_7,-90.4573,-90.0759,90.0495,-89.9261,-0.0582,-0.4935,0.0955,,
1780128042,893831960,right_base_state,right_joint_1,right_joint_2,right_joint_3,right_joint_4,right_joint_5,right_joint_6,right_joint_7,-90.4573,-90.0759,90.0495,-89.926,-0.0582,-0.4934,0.0955,,
1780128042,903589945,right_base_state,right_joint_1,right_joint_2,right_joint_3,right_joint_4,right_joint_5,right_joint_6,right_joint_7,-90.4573,-90.0759,90.0495,-89.926,-0.0582,-0.4934,0.0955,,
1780128042,913620737,right_base_state,right_joint_1,right_joint_2,right_joint_3,right_joint_4,right_joint_5,right_joint_6,right_joint_7,-90.4573,-90.0759,90.0495,-89.926,-0.0582,-0.4935,0.0955,,
1780128042,925447806,right_base_state,right_joint_1,right_joint_2,right_joint_3,right_joint_4,right_joint_5,right_joint_6,right_joint_7,-90.4573,-90.0759,90.0495,-89.926,-0.0582,-0.4935,0.0955,,
1780128042,933921968,right_base_state,right_joint_1,right_joint_2,right_joint_3,right_joint_4,right_joint_5,right_joint_6,right_joint_7,-90.4573,-90.0759,90.0495,-89.926,-0.0582,-0.4935,0.0955,,
1780128042,943772060,right_base_state,right_joint_1,right_joint_2,right_joint_3,right_joint_4,right_joint_5,right_joint_6,right_joint_7,-90.4573,-90.0759,90.0495,-89.926,-0.0582,-0.4934,0.0955,,
1780128042,954422870,right_base_state,right_joint_1,right_joint_2,right_joint_3,right_joint_4,right_joint_5,right_joint_6,right_joint_7,-90.4573,-90.0759,90.0495,-89.926,-0.0583,-0.4935,0.0955,,
1780128042,963757307,right_base_state,right_joint_1,right_joint_2,right_joint_3,right_joint_4,right_joint_5,right_joint_6,right_joint_7,-90.4573,-90.0759,90.0495,-89.926,-0.0583,-0.4934,0.0955,,
1780128042,973707100,right_base_state,right_joint_1,right_joint_2,right_joint_3,right_joint_4,right_joint_5,right_joint_6,right_joint_7,-90.4573,-90.0759,90.0495,-89.926,-0.0582,-0.4935,0.0955,,
1780128042,983759296,right_base_state,right_joint_1,right_joint_2,right_joint_3,right_joint_4,right_joint_5,right_joint_6,right_joint_7,-90.4573,-90.0759,90.0495,-89.926,-0.0582,-0.4935,0.0955,,
1780128042,993753366,right_base_state,right_joint_1,right_joint_2,right_joint_3,right_joint_4,right_joint_5,right_joint_6,right_joint_7,-90.4573,-90.0759,90.0495,-89.926,-0.0583,-0.4935,0.0955,,
1780128043,3988711,right_base_state,right_joint_1,right_joint_2,right_joint_3,right_joint_4,right_joint_5,right_joint_6,right_joint_7,-90.4573,-90.0759,90.0495,-89.926,-0.0582,-0.4935,0.0955,,
1780128043,13672445,right_base_state,right_joint_1,right_joint_2,right_joint_3,right_joint_4,right_joint_5,right_joint_6,right_joint_7,-90.4573,-90.0759,90.0495,-89.926,-0.0583,-0.4935,0.0955,,
1780128043,23860354,right_base_state,right_joint_1,right_joint_2,right_joint_3,right_joint_4,right_joint_5,right_joint_6,right_joint_7,-90.4573,-90.0759,90.0495,-89.926,-0.0582,-0.4935,0.0955,,
1780128043,33806283,right_base_state,right_joint_1,right_joint_2,right_joint_3,right_joint_4,right_joint_5,right_joint_6,right_joint_7,-90.4573,-90.0759,90.0495,-89.926,-0.0582,-0.4934,0.0955,,
1780128043,43853844,right_base_state,right_joint_1,right_joint_2,right_joint_3,right_joint_4,right_joint_5,right_joint_6,right_joint_7,-90.4573,-90.0759,90.0495,-89.926,-0.0582,-0.4935,0.0955,,
1780128043,53655725,right_base_state,right_joint_1,right_joint_2,right_joint_3,right_joint_4,right_joint_5,right_joint_6,right_joint_7,-90.4573,-90.0759,90.0495,-89.926,-0.0583,-0.4935,0.0955,,
1780128043,63658484,right_base_state,right_joint_1,right_joint_2,right_joint_3,right_joint_4,right_joint_5,right_joint_6,right_joint_7,-90.4573,-90.0759,90.0495,-89.926,-0.0583,-0.4935,0.0955,,
1780128043,73954068,right_base_state,right_joint_1,right_joint_2,right_joint_3,right_joint_4,right_joint_5,right_joint_6,right_joint_7,-90.4573,-90.0759,90.0495,-89.926,-0.0583,-0.4935,0.0955,,
1780128043,83689985,right_base_state,right_joint_1,right_joint_2,right_joint_3,right_joint_4,right_joint_5,right_joint_6,right_joint_7,-90.4573,-90.0759,90.0495,-89.926,-0.0582,-0.4935,0.0955,,
1780128043,93968814,right_base_state,right_joint_1,right_joint_2,right_joint_3,right_joint_4,right_joint_5,right_joint_6,right_joint_7,-90.4573,-90.0759,90.0495,-89.926,-0.0582,-0.4935,0.0955,,
1780128043,104414473,right_base_state,right_joint_1,right_joint_2,right_joint_3,right_joint_4,right_joint_5,right_joint_6,right_joint_7,-90.4573,-90.0759,90.0495,-89.926,-0.0583,-0.4935,0.0955,,
1780128043,113713097,right_base_state,right_joint_1,right_joint_2,right_joint_3,right_joint_4,right_joint_5,right_joint_6,right_joint_7,-90.4573,-90.0759,90.0495,-89.926,-0.0582,-0.4934,0.0955,,
1780128043,123716746,right_base_state,right_joint_1,right_joint_2,right_joint_3,right_joint_4,right_joint_5,right_joint_6,right_joint_7,-90.4573,-90.0759,90.0495,-89.926,-0.0582,-0.4934,0.0955,,
1780128043,134032636,right_base_state,right_joint_1,right_joint_2,right_joint_3,right_joint_4,right_joint_5,right_joint_6,right_joint_7,-90.4573,-90.0759,90.0495,-89.926,-0.0583,-0.4934,0.0955,,
1780128043,143745719,right_base_state,right_joint_1,right_joint_2,right_joint_3,right_joint_4,right_joint_5,right_joint_6,right_joint_7,-90.4573,-90.0759,90.0495,-89.926,-0.0583,-0.4934,0.0955,,
1780128043,153877079,right_base_state,right_joint_1,right_joint_2,right_joint_3,right_joint_4,right_joint_5,right_joint_6,right_joint_7,-90.4573,-90.0759,90.0495,-89.926,-0.0582,-0.4935,0.0955,,
1780128043,164091682,right_base_state,right_joint_1,right_joint_2,right_joint_3,right_joint_4,right_joint_5,right_joint_6,right_joint_7,-90.4573,-90.0759,90.0495,-89.926,-0.0582,-0.4934,0.0955,,
1780128043,173682558,right_base_state,right_joint_1,right_joint_2,right_joint_3,right_joint_4,right_joint_5,right_joint_6,right_joint_7,-90.4573,-90.0759,90.0495,-89.926,-0.0582,-0.4935,0.0955,,
1780128043,183680058,right_base_state,right_joint_1,right_joint_2,right_joint_3,right_joint_4,right_joint_5,right_joint_6,right_joint_7,-90.4573,-90.0759,90.0495,-89.926,-0.0582,-0.4935,0.0955,,
1780128043,193630043,right_base_state,right_joint_1,right_joint_2,right_joint_3,right_joint_4,right_joint_5,right_joint_6,right_joint_7,-90.4573,-90.0759,90.0495,-89.926,-0.0582,-0.4935,0.0955,,
1780128043,204049101,right_base_state,right_joint_1,right_joint_2,right_joint_3,right_joint_4,right_joint_5,right_joint_6,right_joint_7,-90.4573,-90.0759,90.0495,-89.926,-0.0582,-0.4934,0.0955,,
1780128043,213636666,right_base_state,right_joint_1,right_joint_2,right_joint_3,right_joint_4,right_joint_5,right_joint_6,right_joint_7,-90.4573,-90.0759,90.0495,-89.926,-0.0582,-0.4935,0.0955,,
1780128043,223682761,right_base_state,right_joint_1,right_joint_2,right_joint_3,right_joint_4,right_joint_5,right_joint_6,right_joint_7,-90.4573,-90.0759,90.0495,-89.926,-0.0583,-0.4934,0.0955,,
1780128043,233708561,right_base_state,right_joint_1,right_joint_2,right_joint_3,right_joint_4,right_joint_5,right_joint_6,right_joint_7,-90.4573,-90.0759,90.0496,-89.926,-0.0582,-0.4935,0.0955,,
1780128043,243815225,right_base_state,right_joint_1,right_joint_2,right_joint_3,right_joint_4,right_joint_5,right_joint_6,right_joint_7,-90.4573,-90.0759,90.0495,-89.926,-0.0582,-0.4935,0.0955,,
1780128043,253794795,right_base_state,right_joint_1,right_joint_2,right_joint_3,right_joint_4,right_joint_5,right_joint_6,right_joint_7,-90.4573,-90.0759,90.0495,-89.926,-0.0583,-0.4935,0.0955,,
1780128043,263858623,right_base_state,right_joint_1,right_joint_2,right_joint_3,right_joint_4,right_joint_5,right_joint_6,right_joint_7,-90.4573,-90.0759,90.0495,-89.926,-0.0582,-0.4935,0.0955,,
1780128043,273636117,right_base_state,right_joint_1,right_joint_2,right_joint_3,right_joint_4,right_joint_5,right_joint_6,right_joint_7,-90.4573,-90.0759,90.0495,-89.926,-0.0582,-0.4934,0.0955,,
1780128043,283836773,right_base_state,right_joint_1,right_joint_2,right_joint_3,right_joint_4,right_joint_5,right_joint_6,right_joint_7,-90.4573,-90.0759,90.0495,-89.926,-0.0582,-0.4935,0.0955,,
1780128043,293733371,right_base_state,right_joint_1,right_joint_2,right_joint_3,right_joint_4,right_joint_5,right_joint_6,right_joint_7,-90.4573,-90.0759,90.0495,-89.926,-0.0582,-0.4935,0.0955,,
1780128043,303575775,right_base_state,right_joint_1,right_joint_2,right_joint_3,right_joint_4,right_joint_5,right_joint_6,right_joint_7,-90.4573,-90.0759,90.0495,-89.926,-0.0582,-0.4935,0.0955,,
1780128043,313851513,right_base_state,right_joint_1,right_joint_2,right_joint_3,right_joint_4,right_joint_5,right_joint_6,right_joint_7,-90.4573,-90.0759,90.0495,-89.926,-0.0583,-0.4935,0.0955,,
1780128043,323913997,right_base_state,right_joint_1,right_joint_2,right_joint_3,right_joint_4,right_joint_5,right_joint_6,right_joint_7,-90.4573,-90.0759,90.0495,-89.926,-0.0582,-0.4935,0.0955,,
1780128043,333794135,right_base_state,right_joint_1,right_joint_2,right_joint_3,right_joint_4,right_joint_5,right_joint_6,right_joint_7,-90.4573,-90.0759,90.0495,-89.926,-0.0583,-0.4935,0.0955,,
1780128043,343877788,right_base_state,right_joint_1,right_joint_2,right_joint_3,right_joint_4,right_joint_5,right_joint_6,right_joint_7,-90.4573,-90.0759,90.0496,-89.926,-0.0583,-0.4934,0.0955,,
1780128043,353596387,right_base_state,right_joint_1,right_joint_2,right_joint_3,right_joint_4,right_joint_5,right_joint_6,right_joint_7,-90.4573,-90.0759,90.0495,-89.926,-0.0583,-0.4934,0.0955,,
1780128043,363927344,right_base_state,right_joint_1,right_joint_2,right_joint_3,right_joint_4,right_joint_5,right_joint_6,right_joint_7,-90.4573,-90.0759,90.0495,-89.926,-0.0582,-0.4935,0.0955,,
1780128043,373957294,right_base_state,right_joint_1,right_joint_2,right_joint_3,right_joint_4,right_joint_5,right_joint_6,right_joint_7,-90.4573,-90.0759,90.0495,-89.926,-0.0582,-0.4935,0.0955,,
1780128043,383738952,right_base_state,right_joint_1,right_joint_2,right_joint_3,right_joint_4,right_joint_5,right_joint_6,right_joint_7,-90.4573,-90.0759,90.0495,-89.926,-0.0583,-0.4934,0.0955,,
1780128043,393717908,right_base_state,right_joint_1,right_joint_2,right_joint_3,right_joint_4,right_joint_5,right_joint_6,right_joint_7,-90.4573,-90.0759,90.0495,-89.926,-0.0582,-0.4934,0.0955,,
1780128043,403530061,right_base_state,right_joint_1,right_joint_2,right_joint_3,right_joint_4,right_joint_5,right_joint_6,right_joint_7,-90.4573,-90.0759,90.0495,-89.926,-0.0583,-0.4935,0.0955,,
1780128043,413620922,right_base_state,right_joint_1,right_joint_2,right_joint_3,right_joint_4,right_joint_5,right_joint_6,right_joint_7,-90.4573,-90.0759,90.0495,-89.926,-0.0583,-0.4935,0.0955,,
1780128043,423679961,right_base_state,right_joint_1,right_joint_2,right_joint_3,right_joint_4,right_joint_5,right_joint_6,right_joint_7,-90.4573,-90.0759,90.0495,-89.926,-0.0582,-0.4935,0.0955,,
1780128043,433663610,right_base_state,right_joint_1,right_joint_2,right_joint_3,right_joint_4,right_joint_5,right_joint_6,right_joint_7,-90.4573,-90.0759,90.0495,-89.926,-0.0582,-0.4934,0.0955,,
1780128043,443959711,right_base_state,right_joint_1,right_joint_2,right_joint_3,right_joint_4,right_joint_5,right_joint_6,right_joint_7,-90.4573,-90.0759,90.0495,-89.926,-0.0582,-0.4935,0.0955,,
1780128043,453868450,right_base_state,right_joint_1,right_joint_2,right_joint_3,right_joint_4,right_joint_5,right_joint_6,right_joint_7,-90.4573,-90.0759,90.0495,-89.926,-0.0582,-0.4935,0.0955,,
1780128043,463798422,right_base_state,right_joint_1,right_joint_2,right_joint_3,right_joint_4,right_joint_5,right_joint_6,right_joint_7,-90.4573,-90.0759,90.0495,-89.926,-0.0582,-0.4934,0.0955,,
1780128043,473882049,right_base_state,right_joint_1,right_joint_2,right_joint_3,right_joint_4,right_joint_5,right_joint_6,right_joint_7,-90.4573,-90.0759,90.0495,-89.926,-0.0583,-0.4935,0.0955,,
1780128043,483853145,right_base_state,right_joint_1,right_joint_2,right_joint_3,right_joint_4,right_joint_5,right_joint_6,right_joint_7,-90.4573,-90.0759,90.0495,-89.926,-0.0582,-0.4934,0.0955,,
1780128043,494318034,right_base_state,right_joint_1,right_joint_2,right_joint_3,right_joint_4,right_joint_5,right_joint_6,right_joint_7,-90.4573,-90.0759,90.0495,-89.926,-0.0583,-0.4935,0.0955,,
1780128043,503565920,right_base_state,right_joint_1,right_joint_2,right_joint_3,right_joint_4,right_joint_5,right_joint_6,right_joint_7,-90.4573,-90.0759,90.0495,-89.926,-0.0582,-0.4935,0.0955,,
1780128043,513666892,right_base_state,right_joint_1,right_joint_2,right_joint_3,right_joint_4,right_joint_5,right_joint_6,right_joint_7,-90.4573,-90.0759,90.0495,-89.926,-0.0583,-0.4935,0.0955,,
1780128043,523698528,right_base_state,right_joint_1,right_joint_2,right_joint_3,right_joint_4,right_joint_5,right_joint_6,right_joint_7,-90.4573,-90.0759,90.0495,-89.926,-0.0582,-0.4935,0.0955,,
1780128043,533971629,right_base_state,right_joint_1,right_joint_2,right_joint_3,right_joint_4,right_joint_5,right_joint_6,right_joint_7,-90.4573,-90.0759,90.0495,-89.926,-0.0583,-0.4935,0.0955,,
1780128043,543889374,right_base_state,right_joint_1,right_joint_2,right_joint_3,right_joint_4,right_joint_5,right_joint_6,right_joint_7,-90.4573,-90.0759,90.0495,-89.926,-0.0582,-0.4935,0.0955,,
1780128043,553637945,right_base_state,right_joint_1,right_joint_2,right_joint_3,right_joint_4,right_joint_5,right_joint_6,right_joint_7,-90.4573,-90.0759,90.0495,-89.926,-0.0582,-0.4934,0.0955,,
1780128043,563629422,right_base_state,right_joint_1,right_joint_2,right_joint_3,right_joint_4,right_joint_5,right_joint_6,right_joint_7,-90.4573,-90.0759,90.0495,-89.926,-0.0583,-0.4934,0.0955,,
1780128043,573834454,right_base_state,right_joint_1,right_joint_2,right_joint_3,right_joint_4,right_joint_5,right_joint_6,right_joint_7,-90.4573,-90.0759,90.0495,-89.926,-0.0583,-0.4935,0.0955,,
1780128043,583762848,right_base_state,right_joint_1,right_joint_2,right_joint_3,right_joint_4,right_joint_5,right_joint_6,right_joint_7,-90.4573,-90.0759,90.0495,-89.926,-0.0583,-0.4935,0.0955,,
1780128043,593815664,right_base_state,right_joint_1,right_joint_2,right_joint_3,right_joint_4,right_joint_5,right_joint_6,right_joint_7,-90.4573,-90.0759,90.0495,-89.926,-0.0582,-0.4935,0.0955,,
1780128043,603656594,right_base_state,right_joint_1,right_joint_2,right_joint_3,right_joint_4,right_joint_5,right_joint_6,right_joint_7,-90.4573,-90.0759,90.0495,-89.926,-0.0582,-0.4935,0.0955,,
1780128043,613641307,right_base_state,right_joint_1,right_joint_2,right_joint_3,right_joint_4,right_joint_5,right_joint_6,right_joint_7,-90.4573,-90.0759,90.0495,-89.926,-0.0582,-0.4935,0.0955,,
1780128043,623708376,right_base_state,right_joint_1,right_joint_2,right_joint_3,right_joint_4,right_joint_5,right_joint_6,right_joint_7,-90.4573,-90.0759,90.0495,-89.926,-0.0583,-0.4934,0.0955,,
1780128043,633695888,right_base_state,right_joint_1,right_joint_2,right_joint_3,right_joint_4,right_joint_5,right_joint_6,right_joint_7,-90.4573,-90.0759,90.0495,-89.926,-0.0583,-0.4935,0.0955,,
1780128043,643787992,right_base_state,right_joint_1,right_joint_2,right_joint_3,right_joint_4,right_joint_5,right_joint_6,right_joint_7,-90.4573,-90.0759,90.0495,-89.926,-0.0583,-0.4934,0.0955,,
1780128043,653737052,right_base_state,right_joint_1,right_joint_2,right_joint_3,right_joint_4,right_joint_5,right_joint_6,right_joint_7,-90.4573,-90.0759,90.0495,-89.926,-0.0583,-0.4934,0.0955,,
1780128043,663646868,right_base_state,right_joint_1,right_joint_2,right_joint_3,right_joint_4,right_joint_5,right_joint_6,right_joint_7,-90.4573,-90.0759,90.0495,-89.926,-0.0583,-0.4935,0.0955,,
1780128043,673743746,right_base_state,right_joint_1,right_joint_2,right_joint_3,right_joint_4,right_joint_5,right_joint_6,right_joint_7,-90.4573,-90.0759,90.0495,-89.926,-0.0582,-0.4935,0.0955,,
1780128043,683727253,right_base_state,right_joint_1,right_joint_2,right_joint_3,right_joint_4,right_joint_5,right_joint_6,right_joint_7,-90.4573,-90.0759,90.0495,-89.926,-0.0583,-0.4935,0.0955,,
1780128043,693715654,right_base_state,right_joint_1,right_joint_2,right_joint_3,right_joint_4,right_joint_5,right_joint_6,right_joint_7,-90.4573,-90.0759,90.0495,-89.926,-0.0583,-0.4935,0.0955,,
1780128043,704106331,right_base_state,right_joint_1,right_joint_2,right_joint_3,right_joint_4,right_joint_5,right_joint_6,right_joint_7,-90.4573,-90.0759,90.0495,-89.926,-0.0582,-0.4935,0.0955,,
1780128043,713708881,right_base_state,right_joint_1,right_joint_2,right_joint_3,right_joint_4,right_joint_5,right_joint_6,right_joint_7,-90.4573,-90.0759,90.0495,-89.926,-0.0583,-0.4934,0.0955,,
1780128043,723624720,right_base_state,right_joint_1,right_joint_2,right_joint_3,right_joint_4,right_joint_5,right_joint_6,right_joint_7,-90.4573,-90.0759,90.0495,-89.926,-0.0583,-0.4934,0.0955,,
1780128043,733841116,right_base_state,right_joint_1,right_joint_2,right_joint_3,right_joint_4,right_joint_5,right_joint_6,right_joint_7,-90.4573,-90.0759,90.0495,-89.926,-0.0582,-0.4934,0.0955,,
1780128043,744063263,right_base_state,right_joint_1,right_joint_2,right_joint_3,right_joint_4,right_joint_5,right_joint_6,right_joint_7,-90.4573,-90.0759,90.0495,-89.926,-0.0582,-0.4934,0.0955,,
1780128043,753630273,right_base_state,right_joint_1,right_joint_2,right_joint_3,right_joint_4,right_joint_5,right_joint_6,right_joint_7,-90.4573,-90.0759,90.0495,-89.926,-0.0583,-0.4935,0.0955,,
1780128043,763658437,right_base_state,right_joint_1,right_joint_2,right_joint_3,right_joint_4,right_joint_5,right_joint_6,right_joint_7,-90.4573,-90.0759,90.0495,-89.926,-0.0582,-0.4934,0.0955,,
1780128043,773715300,right_base_state,right_joint_1,right_joint_2,right_joint_3,right_joint_4,right_joint_5,right_joint_6,right_joint_7,-90.4573,-90.0759,90.0495,-89.926,-0.0583,-0.4935,0.0955,,
1780128043,783967137,right_base_state,right_joint_1,right_joint_2,right_joint_3,right_joint_4,right_joint_5,right_joint_6,right_joint_7,-90.4573,-90.0759,90.0495,-89.926,-0.0582,-0.4935,0.0955,,
1780128043,793934754,right_base_state,right_joint_1,right_joint_2,right_joint_3,right_joint_4,right_joint_5,right_joint_6,right_joint_7,-90.4573,-90.0759,90.0495,-89.926,-0.0582,-0.4935,0.0955,,
1780128043,803640901,right_base_state,right_joint_1,right_joint_2,right_joint_3,right_joint_4,right_joint_5,right_joint_6,right_joint_7,-90.4573,-90.0759,90.0495,-89.926,-0.0582,-0.4935,0.0955,,
1780128043,813636631,right_base_state,right_joint_1,right_joint_2,right_joint_3,right_joint_4,right_joint_5,right_joint_6,right_joint_7,-90.4573,-90.0759,90.0495,-89.926,-0.0582,-0.4935,0.0955,,
1780128043,823672454,right_base_state,right_joint_1,right_joint_2,right_joint_3,right_joint_4,right_joint_5,right_joint_6,right_joint_7,-90.4573,-90.0759,90.0495,-89.926,-0.0583,-0.4935,0.0955,,
1780128043,833719160,right_base_state,right_joint_1,right_joint_2,right_joint_3,right_joint_4,right_joint_5,right_joint_6,right_joint_7,-90.4573,-90.0759,90.0495,-89.926,-0.0582,-0.4934,0.0955,,
1780128043,844040652,right_base_state,right_joint_1,right_joint_2,right_joint_3,right_joint_4,right_joint_5,right_joint_6,right_joint_7,-90.4573,-90.0759,90.0495,-89.926,-0.0582,-0.4935,0.0955,,
1780128043,854082235,right_base_state,right_joint_1,right_joint_2,right_joint_3,right_joint_4,right_joint_5,right_joint_6,right_joint_7,-90.4573,-90.0759,90.0495,-89.926,-0.0582,-0.4934,0.0955,,
1780128043,863709998,right_base_state,right_joint_1,right_joint_2,right_joint_3,right_joint_4,right_joint_5,right_joint_6,right_joint_7,-90.4573,-90.0759,90.0495,-89.926,-0.0582,-0.4935,0.0955,,
1780128043,873606135,right_base_state,right_joint_1,right_joint_2,right_joint_3,right_joint_4,right_joint_5,right_joint_6,right_joint_7,-90.4573,-90.0759,90.0495,-89.926,-0.0583,-0.4935,0.0955,,
1780128043,883669845,right_base_state,right_joint_1,right_joint_2,right_joint_3,right_joint_4,right_joint_5,right_joint_6,right_joint_7,-90.4573,-90.0759,90.0495,-89.926,-0.0583,-0.4934,0.0955,,
1780128043,893678356,right_base_state,right_joint_1,right_joint_2,right_joint_3,right_joint_4,right_joint_5,right_joint_6,right_joint_7,-90.4573,-90.0759,90.0495,-89.926,-0.0582,-0.4935,0.0955,,
1780128043,904566364,right_base_state,right_joint_1,right_joint_2,right_joint_3,right_joint_4,right_joint_5,right_joint_6,right_joint_7,-90.4573,-90.0759,90.0495,-89.926,-0.0583,-0.4935,0.0955,,
1780128043,913712679,right_base_state,right_joint_1,right_joint_2,right_joint_3,right_joint_4,right_joint_5,right_joint_6,right_joint_7,-90.4573,-90.0759,90.0496,-89.926,-0.0582,-0.4935,0.0955,,
1780128043,924019509,right_base_state,right_joint_1,right_joint_2,right_joint_3,right_joint_4,right_joint_5,right_joint_6,right_joint_7,-90.4573,-90.0759,90.0495,-89.926,-0.0582,-0.4935,0.0955,,
1780128043,933664085,right_base_state,right_joint_1,right_joint_2,right_joint_3,right_joint_4,right_joint_5,right_joint_6,right_joint_7,-90.4573,-90.0759,90.0495,-89.926,-0.0582,-0.4935,0.0955,,
1780128043,943700525,right_base_state,right_joint_1,right_joint_2,right_joint_3,right_joint_4,right_joint_5,right_joint_6,right_joint_7,-90.4573,-90.0759,90.0495,-89.926,-0.0582,-0.4934,0.0955,,
1780128043,953692264,right_base_state,right_joint_1,right_joint_2,right_joint_3,right_joint_4,right_joint_5,right_joint_6,right_joint_7,-90.4573,-90.0759,90.0495,-89.926,-0.0582,-0.4934,0.0955,,
1780128043,963678491,right_base_state,right_joint_1,right_joint_2,right_joint_3,right_joint_4,right_joint_5,right_joint_6,right_joint_7,-90.4573,-90.0759,90.0495,-89.926,-0.0582,-0.4935,0.0955,,
1780128043,973886011,right_base_state,right_joint_1,right_joint_2,right_joint_3,right_joint_4,right_joint_5,right_joint_6,right_joint_7,-90.4573,-90.0759,90.0495,-89.926,-0.0583,-0.4935,0.0955,,
1780128043,983770000,right_base_state,right_joint_1,right_joint_2,right_joint_3,right_joint_4,right_joint_5,right_joint_6,right_joint_7,-90.4573,-90.0759,90.0495,-89.926,-0.0582,-0.4935,0.0955,,
1780128043,993847091,right_base_state,right_joint_1,right_joint_2,right_joint_3,right_joint_4,right_joint_5,right_joint_6,right_joint_7,-90.4573,-90.0759,90.0495,-89.926,-0.0583,-0.4935,0.0955,,
1780128044,3603450,right_base_state,right_joint_1,right_joint_2,right_joint_3,right_joint_4,right_joint_5,right_joint_6,right_joint_7,-90.4573,-90.0759,90.0495,-89.926,-0.0583,-0.4934,0.0955,,
1780128044,13698616,right_base_state,right_joint_1,right_joint_2,right_joint_3,right_joint_4,right_joint_5,right_joint_6,right_joint_7,-90.4573,-90.0759,90.0495,-89.926,-0.0582,-0.4935,0.0955,,
1780128044,23946625,right_base_state,right_joint_1,right_joint_2,right_joint_3,right_joint_4,right_joint_5,right_joint_6,right_joint_7,-90.4573,-90.0759,90.0495,-89.926,-0.0583,-0.4934,0.0955,,
1780128044,33611306,right_base_state,right_joint_1,right_joint_2,right_joint_3,right_joint_4,right_joint_5,right_joint_6,right_joint_7,-90.4573,-90.0759,90.0495,-89.926,-0.0583,-0.4935,0.0955,,
1780128044,43659820,right_base_state,right_joint_1,right_joint_2,right_joint_3,right_joint_4,right_joint_5,right_joint_6,right_joint_7,-90.4573,-90.0759,90.0495,-89.926,-0.0583,-0.4934,0.0955,,
1780128044,53758234,right_base_state,right_joint_1,right_joint_2,right_joint_3,right_joint_4,right_joint_5,right_joint_6,right_joint_7,-90.4573,-90.0759,90.0495,-89.926,-0.0582,-0.4935,0.0955,,
1780128044,63602464,right_base_state,right_joint_1,right_joint_2,right_joint_3,right_joint_4,right_joint_5,right_joint_6,right_joint_7,-90.4573,-90.0759,90.0495,-89.926,-0.0583,-0.4935,0.0955,,
1780128044,73681909,right_base_state,right_joint_1,right_joint_2,right_joint_3,right_joint_4,right_joint_5,right_joint_6,right_joint_7,-90.4573,-90.0759,90.0495,-89.926,-0.0583,-0.4935,0.0955,,
1780128044,83779951,right_base_state,right_joint_1,right_joint_2,right_joint_3,right_joint_4,right_joint_5,right_joint_6,right_joint_7,-90.4573,-90.0759,90.0495,-89.926,-0.0582,-0.4935,0.0955,,
1780128044,93653534,right_base_state,right_joint_1,right_joint_2,right_joint_3,right_joint_4,right_joint_5,right_joint_6,right_joint_7,-90.4573,-90.0759,90.0495,-89.926,-0.0583,-0.4935,0.0955,,
1780128044,103548136,right_base_state,right_joint_1,right_joint_2,right_joint_3,right_joint_4,right_joint_5,right_joint_6,right_joint_7,-90.4573,-90.0759,90.0495,-89.926,-0.0582,-0.4935,0.0955,,
1780128044,113592298,right_base_state,right_joint_1,right_joint_2,right_joint_3,right_joint_4,right_joint_5,right_joint_6,right_joint_7,-90.4573,-90.0759,90.0495,-89.926,-0.0582,-0.4935,0.0955,,
1780128044,123712087,right_base_state,right_joint_1,right_joint_2,right_joint_3,right_joint_4,right_joint_5,right_joint_6,right_joint_7,-90.4573,-90.0759,90.0495,-89.926,-0.0583,-0.4935,0.0955,,
1780128044,133702901,right_base_state,right_joint_1,right_joint_2,right_joint_3,right_joint_4,right_joint_5,right_joint_6,right_joint_7,-90.4573,-90.0759,90.0495,-89.926,-0.0583,-0.4935,0.0955,,
1780128044,143869862,right_base_state,right_joint_1,right_joint_2,right_joint_3,right_joint_4,right_joint_5,right_joint_6,right_joint_7,-90.4573,-90.0759,90.0495,-89.926,-0.0583,-0.4935,0.0955,,
1780128044,153799186,right_base_state,right_joint_1,right_joint_2,right_joint_3,right_joint_4,right_joint_5,right_joint_6,right_joint_7,-90.4573,-90.0759,90.0495,-89.926,-0.0582,-0.4935,0.0955,,
1780128044,163633342,right_base_state,right_joint_1,right_joint_2,right_joint_3,right_joint_4,right_joint_5,right_joint_6,right_joint_7,-90.4573,-90.0759,90.0495,-89.926,-0.0583,-0.4934,0.0955,,
1780128044,173705801,right_base_state,right_joint_1,right_joint_2,right_joint_3,right_joint_4,right_joint_5,right_joint_6,right_joint_7,-90.4573,-90.0759,90.0495,-89.926,-0.0583,-0.4935,0.0955,,
1780128044,183738660,right_base_state,right_joint_1,right_joint_2,right_joint_3,right_joint_4,right_joint_5,right_joint_6,right_joint_7,-90.4573,-90.0759,90.0495,-89.926,-0.0583,-0.4934,0.0955,,
1780128044,193680324,right_base_state,right_joint_1,right_joint_2,right_joint_3,right_joint_4,right_joint_5,right_joint_6,right_joint_7,-90.4573,-90.0759,90.0495,-89.926,-0.0583,-0.4935,0.0955,,
1780128044,203589043,right_base_state,right_joint_1,right_joint_2,right_joint_3,right_joint_4,right_joint_5,right_joint_6,right_joint_7,-90.4573,-90.0759,90.0495,-89.926,-0.0582,-0.4934,0.0955,,
1780128044,213656548,right_base_state,right_joint_1,right_joint_2,right_joint_3,right_joint_4,right_joint_5,right_joint_6,right_joint_7,-90.4573,-90.0759,90.0495,-89.926,-0.0582,-0.4935,0.0955,,
1780128044,223655435,right_base_state,right_joint_1,right_joint_2,right_joint_3,right_joint_4,right_joint_5,right_joint_6,right_joint_7,-90.4573,-90.0759,90.0495,-89.926,-0.0583,-0.4934,0.0955,,
1780128044,233779115,right_base_state,right_joint_1,right_joint_2,right_joint_3,right_joint_4,right_joint_5,right_joint_6,right_joint_7,-90.4573,-90.0759,90.0495,-89.926,-0.0583,-0.4934,0.0955,,
1780128044,243859268,right_base_state,right_joint_1,right_joint_2,right_joint_3,right_joint_4,right_joint_5,right_joint_6,right_joint_7,-90.4573,-90.0759,90.0495,-89.926,-0.0583,-0.4934,0.0955,,
1780128044,253619630,right_base_state,right_joint_1,right_joint_2,right_joint_3,right_joint_4,right_joint_5,right_joint_6,right_joint_7,-90.4573,-90.0759,90.0495,-89.926,-0.0582,-0.4935,0.0955,,
1780128044,263818984,right_base_state,right_joint_1,right_joint_2,right_joint_3,right_joint_4,right_joint_5,right_joint_6,right_joint_7,-90.4573,-90.0759,90.0495,-89.926,-0.0582,-0.4934,0.0955,,
1780128044,273749325,right_base_state,right_joint_1,right_joint_2,right_joint_3,right_joint_4,right_joint_5,right_joint_6,right_joint_7,-90.4573,-90.0759,90.0495,-89.926,-0.0583,-0.4935,0.0955,,
1780128044,283726048,right_base_state,right_joint_1,right_joint_2,right_joint_3,right_joint_4,right_joint_5,right_joint_6,right_joint_7,-90.4573,-90.0759,90.0495,-89.926,-0.0582,-0.4935,0.0955,,
1780128044,293680922,right_base_state,right_joint_1,right_joint_2,right_joint_3,right_joint_4,right_joint_5,right_joint_6,right_joint_7,-90.4573,-90.0759,90.0495,-89.926,-0.0582,-0.4934,0.0955,,
1780128044,303644318,right_base_state,right_joint_1,right_joint_2,right_joint_3,right_joint_4,right_joint_5,right_joint_6,right_joint_7,-90.4573,-90.0759,90.0495,-89.926,-0.0583,-0.4935,0.0955,,
1780128044,313788379,right_base_state,right_joint_1,right_joint_2,right_joint_3,right_joint_4,right_joint_5,right_joint_6,right_joint_7,-90.4573,-90.0759,90.0495,-89.926,-0.0582,-0.4934,0.0955,,
1780128044,323709128,right_base_state,right_joint_1,right_joint_2,right_joint_3,right_joint_4,right_joint_5,right_joint_6,right_joint_7,-90.4573,-90.0759,90.0495,-89.926,-0.0583,-0.4934,0.0955,,
1780128044,333736594,right_base_state,right_joint_1,right_joint_2,right_joint_3,right_joint_4,right_joint_5,right_joint_6,right_joint_7,-90.4573,-90.0759,90.0495,-89.926,-0.0582,-0.4935,0.0955,,
1780128044,343734281,right_base_state,right_joint_1,right_joint_2,right_joint_3,right_joint_4,right_joint_5,right_joint_6,right_joint_7,-90.4573,-90.0759,90.0495,-89.926,-0.0582,-0.4934,0.0955,,
1780128044,353616856,right_base_state,right_joint_1,right_joint_2,right_joint_3,right_joint_4,right_joint_5,right_joint_6,right_joint_7,-90.4573,-90.0759,90.0495,-89.926,-0.0583,-0.4935,0.0955,,
1780128044,363692569,right_base_state,right_joint_1,right_joint_2,right_joint_3,right_joint_4,right_joint_5,right_joint_6,right_joint_7,-90.4573,-90.0759,90.0495,-89.926,-0.0582,-0.4935,0.0955,,
1780128044,373697757,right_base_state,right_joint_1,right_joint_2,right_joint_3,right_joint_4,right_joint_5,right_joint_6,right_joint_7,-90.4573,-90.0759,90.0495,-89.926,-0.0583,-0.4934,0.0955,,
1780128044,383663589,right_base_state,right_joint_1,right_joint_2,right_joint_3,right_joint_4,right_joint_5,right_joint_6,right_joint_7,-90.4573,-90.0759,90.0495,-89.926,-0.0583,-0.4935,0.0955,,
1780128044,393741900,right_base_state,right_joint_1,right_joint_2,right_joint_3,right_joint_4,right_joint_5,right_joint_6,right_joint_7,-90.4573,-90.0759,90.0495,-89.926,-0.0582,-0.4935,0.0955,,
1780128044,403544118,right_base_state,right_joint_1,right_joint_2,right_joint_3,right_joint_4,right_joint_5,right_joint_6,right_joint_7,-90.4573,-90.0759,90.0495,-89.926,-0.0583,-0.4934,0.0955,,
1780128044,413590842,right_base_state,right_joint_1,right_joint_2,right_joint_3,right_joint_4,right_joint_5,right_joint_6,right_joint_7,-90.4573,-90.0759,90.0495,-89.926,-0.0583,-0.4934,0.0955,,
1780128044,423810172,right_base_state,right_joint_1,right_joint_2,right_joint_3,right_joint_4,right_joint_5,right_joint_6,right_joint_7,-90.4573,-90.0759,90.0495,-89.926,-0.0583,-0.4935,0.0955,,
1780128044,433895891,right_base_state,right_joint_1,right_joint_2,right_joint_3,right_joint_4,right_joint_5,right_joint_6,right_joint_7,-90.4573,-90.0759,90.0495,-89.926,-0.0583,-0.4934,0.0955,,
1780128044,443884714,right_base_state,right_joint_1,right_joint_2,right_joint_3,right_joint_4,right_joint_5,right_joint_6,right_joint_7,-90.4573,-90.0759,90.0495,-89.926,-0.0583,-0.4935,0.0955,,
1780128044,453905641,right_base_state,right_joint_1,right_joint_2,right_joint_3,right_joint_4,right_joint_5,right_joint_6,right_joint_7,-90.4573,-90.0759,90.0495,-89.926,-0.0582,-0.4934,0.0955,,
1780128044,463898726,right_base_state,right_joint_1,right_joint_2,right_joint_3,right_joint_4,right_joint_5,right_joint_6,right_joint_7,-90.4573,-90.0759,90.0495,-89.926,-0.0582,-0.4935,0.0955,,
1780128044,473691446,right_base_state,right_joint_1,right_joint_2,right_joint_3,right_joint_4,right_joint_5,right_joint_6,right_joint_7,-90.4573,-90.0759,90.0496,-89.926,-0.0582,-0.4934,0.0955,,
1780128044,483720289,right_base_state,right_joint_1,right_joint_2,right_joint_3,right_joint_4,right_joint_5,right_joint_6,right_joint_7,-90.4573,-90.0759,90.0495,-89.926,-0.0582,-0.4935,0.0955,,
1780128044,493697995,right_base_state,right_joint_1,right_joint_2,right_joint_3,right_joint_4,right_joint_5,right_joint_6,right_joint_7,-90.4573,-90.0759,90.0495,-89.926,-0.0582,-0.4935,0.0955,,
1780128044,503758496,right_base_state,right_joint_1,right_joint_2,right_joint_3,right_joint_4,right_joint_5,right_joint_6,right_joint_7,-90.4573,-90.0759,90.0495,-89.926,-0.0582,-0.4935,0.0955,,
1780128044,513733727,right_base_state,right_joint_1,right_joint_2,right_joint_3,right_joint_4,right_joint_5,right_joint_6,right_joint_7,-90.4573,-90.0759,90.0495,-89.926,-0.0583,-0.4935,0.0955,,
1780128044,523728585,right_base_state,right_joint_1,right_joint_2,right_joint_3,right_joint_4,right_joint_5,right_joint_6,right_joint_7,-90.4573,-90.0759,90.0495,-89.926,-0.0582,-0.4934,0.0955,,
1780128044,533719013,right_base_state,right_joint_1,right_joint_2,right_joint_3,right_joint_4,right_joint_5,right_joint_6,right_joint_7,-90.4573,-90.0759,90.0495,-89.926,-0.0583,-0.4934,0.0955,,
1780128044,543842318,right_base_state,right_joint_1,right_joint_2,right_joint_3,right_joint_4,right_joint_5,right_joint_6,right_joint_7,-90.4573,-90.0759,90.0495,-89.926,-0.0582,-0.4934,0.0955,,
1780128044,553930333,right_base_state,right_joint_1,right_joint_2,right_joint_3,right_joint_4,right_joint_5,right_joint_6,right_joint_7,-90.4573,-90.0759,90.0495,-89.926,-0.0582,-0.4935,0.0955,,
1780128044,563751891,right_base_state,right_joint_1,right_joint_2,right_joint_3,right_joint_4,right_joint_5,right_joint_6,right_joint_7,-90.4573,-90.0759,90.0495,-89.926,-0.0582,-0.4934,0.0955,,
1780128044,573762515,right_base_state,right_joint_1,right_joint_2,right_joint_3,right_joint_4,right_joint_5,right_joint_6,right_joint_7,-90.4573,-90.0759,90.0495,-89.926,-0.0582,-0.4935,0.0955,,
1780128044,584905498,right_base_state,right_joint_1,right_joint_2,right_joint_3,right_joint_4,right_joint_5,right_joint_6,right_joint_7,-90.4573,-90.0759,90.0495,-89.926,-0.0583,-0.4935,0.0955,,
1780128044,593753042,right_base_state,right_joint_1,right_joint_2,right_joint_3,right_joint_4,right_joint_5,right_joint_6,right_joint_7,-90.4573,-90.0759,90.0495,-89.926,-0.0583,-0.4934,0.0955,,
1780128044,603762921,right_base_state,right_joint_1,right_joint_2,right_joint_3,right_joint_4,right_joint_5,right_joint_6,right_joint_7,-90.4573,-90.0759,90.0495,-89.926,-0.0583,-0.4934,0.0955,,
1780128044,613651007,right_base_state,right_joint_1,right_joint_2,right_joint_3,right_joint_4,right_joint_5,right_joint_6,right_joint_7,-90.4573,-90.0759,90.0495,-89.926,-0.0582,-0.4935,0.0955,,
1780128044,623661409,right_base_state,right_joint_1,right_joint_2,right_joint_3,right_joint_4,right_joint_5,right_joint_6,right_joint_7,-90.4573,-90.0759,90.0495,-89.926,-0.0582,-0.4935,0.0955,,
1780128044,633674418,right_base_state,right_joint_1,right_joint_2,right_joint_3,right_joint_4,right_joint_5,right_joint_6,right_joint_7,-90.4573,-90.0759,90.0495,-89.926,-0.0582,-0.4935,0.0955,,
1780128044,643755698,right_base_state,right_joint_1,right_joint_2,right_joint_3,right_joint_4,right_joint_5,right_joint_6,right_joint_7,-90.4573,-90.0759,90.0495,-89.926,-0.0583,-0.4935,0.0955,,
1780128044,653588111,right_base_state,right_joint_1,right_joint_2,right_joint_3,right_joint_4,right_joint_5,right_joint_6,right_joint_7,-90.4573,-90.0759,90.0495,-89.926,-0.0583,-0.4935,0.0955,,
1780128044,663627970,right_base_state,right_joint_1,right_joint_2,right_joint_3,right_joint_4,right_joint_5,right_joint_6,right_joint_7,-90.4573,-90.0759,90.0495,-89.926,-0.0583,-0.4935,0.0955,,
1780128044,673713646,right_base_state,right_joint_1,right_joint_2,right_joint_3,right_joint_4,right_joint_5,right_joint_6,right_joint_7,-90.4573,-90.0759,90.0495,-89.926,-0.0582,-0.4935,0.0955,,
1780128044,683697812,right_base_state,right_joint_1,right_joint_2,right_joint_3,right_joint_4,right_joint_5,right_joint_6,right_joint_7,-90.4573,-90.0759,90.0495,-89.926,-0.0582,-0.4935,0.0955,,
1780128044,693789232,right_base_state,right_joint_1,right_joint_2,right_joint_3,right_joint_4,right_joint_5,right_joint_6,right_joint_7,-90.4573,-90.0759,90.0495,-89.926,-0.0582,-0.4935,0.0955,,
1780128044,703596383,right_base_state,right_joint_1,right_joint_2,right_joint_3,right_joint_4,right_joint_5,right_joint_6,right_joint_7,-90.4573,-90.0759,90.0495,-89.926,-0.0583,-0.4934,0.0955,,
1780128044,713707461,right_base_state,right_joint_1,right_joint_2,right_joint_3,right_joint_4,right_joint_5,right_joint_6,right_joint_7,-90.4573,-90.0759,90.0495,-89.926,-0.0582,-0.4935,0.0955,,
1780128044,723659681,right_base_state,right_joint_1,right_joint_2,right_joint_3,right_joint_4,right_joint_5,right_joint_6,right_joint_7,-90.4573,-90.0759,90.0495,-89.926,-0.0583,-0.4934,0.0955,,
1780128044,733628209,right_base_state,right_joint_1,right_joint_2,right_joint_3,right_joint_4,right_joint_5,right_joint_6,right_joint_7,-90.4573,-90.0759,90.0495,-89.926,-0.0582,-0.4935,0.0955,,
1780128044,745076038,right_base_state,right_joint_1,right_joint_2,right_joint_3,right_joint_4,right_joint_5,right_joint_6,right_joint_7,-90.4573,-90.0759,90.0495,-89.926,-0.0582,-0.4935,0.0955,,
1780128044,753581862,right_base_state,right_joint_1,right_joint_2,right_joint_3,right_joint_4,right_joint_5,right_joint_6,right_joint_7,-90.4573,-90.0759,90.0495,-89.926,-0.0583,-0.4934,0.0955,,
1780128044,763588501,right_base_state,right_joint_1,right_joint_2,right_joint_3,right_joint_4,right_joint_5,right_joint_6,right_joint_7,-90.4573,-90.0759,90.0495,-89.926,-0.0582,-0.4934,0.0955,,
1780128044,773834738,right_base_state,right_joint_1,right_joint_2,right_joint_3,right_joint_4,right_joint_5,right_joint_6,right_joint_7,-90.4573,-90.0759,90.0495,-89.926,-0.0583,-0.4934,0.0955,,
1780128044,783907999,right_base_state,right_joint_1,right_joint_2,right_joint_3,right_joint_4,right_joint_5,right_joint_6,right_joint_7,-90.4573,-90.0759,90.0495,-89.926,-0.0582,-0.4935,0.0955,,
1780128044,793991565,right_base_state,right_joint_1,right_joint_2,right_joint_3,right_joint_4,right_joint_5,right_joint_6,right_joint_7,-90.4573,-90.0759,90.0495,-89.926,-0.0582,-0.4935,0.0955,,
1780128044,803630480,right_base_state,right_joint_1,right_joint_2,right_joint_3,right_joint_4,right_joint_5,right_joint_6,right_joint_7,-90.4573,-90.0759,90.0495,-89.926,-0.0583,-0.4934,0.0955,,
1780128044,813790103,right_base_state,right_joint_1,right_joint_2,right_joint_3,right_joint_4,right_joint_5,right_joint_6,right_joint_7,-90.4573,-90.0759,90.0495,-89.926,-0.0582,-0.4935,0.0955,,
1780128044,823874489,right_base_state,right_joint_1,right_joint_2,right_joint_3,right_joint_4,right_joint_5,right_joint_6,right_joint_7,-90.4573,-90.0759,90.0495,-89.926,-0.0582,-0.4934,0.0955,,
1780128044,833752138,right_base_state,right_joint_1,right_joint_2,right_joint_3,right_joint_4,right_joint_5,right_joint_6,right_joint_7,-90.4573,-90.0759,90.0495,-89.926,-0.0582,-0.4935,0.0955,,
1780128044,843838625,right_base_state,right_joint_1,right_joint_2,right_joint_3,right_joint_4,right_joint_5,right_joint_6,right_joint_7,-90.4573,-90.0759,90.0495,-89.926,-0.0582,-0.4934,0.0955,,
1780128044,853592761,right_base_state,right_joint_1,right_joint_2,right_joint_3,right_joint_4,right_joint_5,right_joint_6,right_joint_7,-90.4573,-90.0759,90.0495,-89.926,-0.0582,-0.4935,0.0955,,
1780128044,863727739,right_base_state,right_joint_1,right_joint_2,right_joint_3,right_joint_4,right_joint_5,right_joint_6,right_joint_7,-90.4573,-90.0759,90.0495,-89.926,-0.0582,-0.4935,0.0955,,
1780128044,873706723,right_base_state,right_joint_1,right_joint_2,right_joint_3,right_joint_4,right_joint_5,right_joint_6,right_joint_7,-90.4573,-90.0759,90.0495,-89.926,-0.0583,-0.4934,0.0955,,
1780128044,884376668,right_base_state,right_joint_1,right_joint_2,right_joint_3,right_joint_4,right_joint_5,right_joint_6,right_joint_7,-90.4573,-90.0759,90.0495,-89.926,-0.0582,-0.4935,0.0955,,
1780128044,893764831,right_base_state,right_joint_1,right_joint_2,right_joint_3,right_joint_4,right_joint_5,right_joint_6,right_joint_7,-90.4573,-90.0759,90.0495,-89.926,-0.0583,-0.4935,0.0955,,
1780128044,903550397,right_base_state,right_joint_1,right_joint_2,right_joint_3,right_joint_4,right_joint_5,right_joint_6,right_joint_7,-90.4573,-90.0759,90.0495,-89.926,-0.0582,-0.4934,0.0955,,
1780128044,913642796,right_base_state,right_joint_1,right_joint_2,right_joint_3,right_joint_4,right_joint_5,right_joint_6,right_joint_7,-90.4573,-90.0759,90.0495,-89.926,-0.0583,-0.4935,0.0955,,
1780128044,923733227,right_base_state,right_joint_1,right_joint_2,right_joint_3,right_joint_4,right_joint_5,right_joint_6,right_joint_7,-90.4573,-90.0759,90.0495,-89.926,-0.0582,-0.4935,0.0955,,
1780128044,933840229,right_base_state,right_joint_1,right_joint_2,right_joint_3,right_joint_4,right_joint_5,right_joint_6,right_joint_7,-90.4573,-90.0759,90.0495,-89.926,-0.0582,-0.4934,0.0955,,
1780128044,944176330,right_base_state,right_joint_1,right_joint_2,right_joint_3,right_joint_4,right_joint_5,right_joint_6,right_joint_7,-90.4573,-90.0759,90.0495,-89.926,-0.0583,-0.4935,0.0955,,
1780128044,954164095,right_base_state,right_joint_1,right_joint_2,right_joint_3,right_joint_4,right_joint_5,right_joint_6,right_joint_7,-90.4573,-90.0759,90.0495,-89.926,-0.0582,-0.4935,0.0955,,
1780128044,963641302,right_base_state,right_joint_1,right_joint_2,right_joint_3,right_joint_4,right_joint_5,right_joint_6,right_joint_7,-90.4573,-90.0759,90.0495,-89.926,-0.0583,-0.4935,0.0955,,
1780128044,973771697,right_base_state,right_joint_1,right_joint_2,right_joint_3,right_joint_4,right_joint_5,right_joint_6,right_joint_7,-90.4573,-90.0759,90.0495,-89.926,-0.0582,-0.4934,0.0955,,
1780128044,983817827,right_base_state,right_joint_1,right_joint_2,right_joint_3,right_joint_4,right_joint_5,right_joint_6,right_joint_7,-90.4573,-90.0759,90.0495,-89.926,-0.0583,-0.4934,0.0955,,
1780128044,993849591,right_base_state,right_joint_1,right_joint_2,right_joint_3,right_joint_4,right_joint_5,right_joint_6,right_joint_7,-90.4573,-90.0759,90.0495,-89.926,-0.0583,-0.4934,0.0955,,
1780128045,3595955,right_base_state,right_joint_1,right_joint_2,right_joint_3,right_joint_4,right_joint_5,right_joint_6,right_joint_7,-90.4573,-90.0759,90.0495,-89.926,-0.0583,-0.4935,0.0955,,
1780128045,13678553,right_base_state,right_joint_1,right_joint_2,right_joint_3,right_joint_4,right_joint_5,right_joint_6,right_joint_7,-90.4573,-90.0759,90.0495,-89.926,-0.0583,-0.4935,0.0955,,
1780128045,23856832,right_base_state,right_joint_1,right_joint_2,right_joint_3,right_joint_4,right_joint_5,right_joint_6,right_joint_7,-90.4573,-90.0759,90.0495,-89.926,-0.0582,-0.4935,0.0955,,
1780128045,33728361,right_base_state,right_joint_1,right_joint_2,right_joint_3,right_joint_4,right_joint_5,right_joint_6,right_joint_7,-90.4573,-90.0759,90.0495,-89.926,-0.0583,-0.4934,0.0955,,
1780128045,43972849,right_base_state,right_joint_1,right_joint_2,right_joint_3,right_joint_4,right_joint_5,right_joint_6,right_joint_7,-90.4573,-90.0759,90.0495,-89.926,-0.0583,-0.4935,0.0955,,
1780128045,53685667,right_base_state,right_joint_1,right_joint_2,right_joint_3,right_joint_4,right_joint_5,right_joint_6,right_joint_7,-90.4573,-90.0759,90.0495,-89.926,-0.0583,-0.4935,0.0955,,
1780128045,63757349,right_base_state,right_joint_1,right_joint_2,right_joint_3,right_joint_4,right_joint_5,right_joint_6,right_joint_7,-90.4573,-90.0759,90.0495,-89.926,-0.0582,-0.4935,0.0955,,
1780128045,73914125,right_base_state,right_joint_1,right_joint_2,right_joint_3,right_joint_4,right_joint_5,right_joint_6,right_joint_7,-90.4573,-90.0759,90.0495,-89.926,-0.0583,-0.4934,0.0955,,
1780128045,85034091,right_base_state,right_joint_1,right_joint_2,right_joint_3,right_joint_4,right_joint_5,right_joint_6,right_joint_7,-90.4573,-90.0759,90.0495,-89.926,-0.0583,-0.4935,0.0955,,
1780128045,93766487,right_base_state,right_joint_1,right_joint_2,right_joint_3,right_joint_4,right_joint_5,right_joint_6,right_joint_7,-90.4573,-90.0759,90.0495,-89.926,-0.0583,-0.4935,0.0955,,
1780128045,103677815,right_base_state,right_joint_1,right_joint_2,right_joint_3,right_joint_4,right_joint_5,right_joint_6,right_joint_7,-90.4573,-90.0759,90.0495,-89.926,-0.0583,-0.4934,0.0955,,
1780128045,113728006,right_base_state,right_joint_1,right_joint_2,right_joint_3,right_joint_4,right_joint_5,right_joint_6,right_joint_7,-90.4573,-90.0759,90.0495,-89.926,-0.0583,-0.4934,0.0955,,
1780128045,123710951,right_base_state,right_joint_1,right_joint_2,right_joint_3,right_joint_4,right_joint_5,right_joint_6,right_joint_7,-90.4573,-90.0759,90.0495,-89.926,-0.0582,-0.4934,0.0955,,
1780128045,134029473,right_base_state,right_joint_1,right_joint_2,right_joint_3,right_joint_4,right_joint_5,right_joint_6,right_joint_7,-90.4573,-90.0759,90.0495,-89.926,-0.0583,-0.4934,0.0955,,
1780128045,144875992,right_base_state,right_joint_1,right_joint_2,right_joint_3,right_joint_4,right_joint_5,right_joint_6,right_joint_7,-90.4573,-90.0759,90.0495,-89.926,-0.0583,-0.4935,0.0955,,
1780128045,153583502,right_base_state,right_joint_1,right_joint_2,right_joint_3,right_joint_4,right_joint_5,right_joint_6,right_joint_7,-90.4573,-90.0759,90.0495,-89.926,-0.0583,-0.4935,0.0955,,
1780128045,163621259,right_base_state,right_joint_1,right_joint_2,right_joint_3,right_joint_4,right_joint_5,right_joint_6,right_joint_7,-90.4573,-90.0759,90.0495,-89.926,-0.0582,-0.4934,0.0955,,
1780128045,173688449,right_base_state,right_joint_1,right_joint_2,right_joint_3,right_joint_4,right_joint_5,right_joint_6,right_joint_7,-90.4573,-90.0759,90.0495,-89.926,-0.0582,-0.4935,0.0955,,
1780128045,184625147,right_base_state,right_joint_1,right_joint_2,right_joint_3,right_joint_4,right_joint_5,right_joint_6,right_joint_7,-90.4573,-90.0759,90.0495,-89.926,-0.0582,-0.4934,0.0955,,
1780128045,193841502,right_base_state,right_joint_1,right_joint_2,right_joint_3,right_joint_4,right_joint_5,right_joint_6,right_joint_7,-90.4573,-90.0759,90.0495,-89.926,-0.0582,-0.4934,0.0955,,
1780128045,203643529,right_base_state,right_joint_1,right_joint_2,right_joint_3,right_joint_4,right_joint_5,right_joint_6,right_joint_7,-90.4573,-90.0759,90.0495,-89.926,-0.0582,-0.4935,0.0955,,
1780128045,213730949,right_base_state,right_joint_1,right_joint_2,right_joint_3,right_joint_4,right_joint_5,right_joint_6,right_joint_7,-90.4573,-90.0759,90.0495,-89.926,-0.0583,-0.4935,0.0955,,
1780128045,223707843,right_base_state,right_joint_1,right_joint_2,right_joint_3,right_joint_4,right_joint_5,right_joint_6,right_joint_7,-90.4573,-90.0759,90.0495,-89.926,-0.0582,-0.4934,0.0955,,
1780128045,233760426,right_base_state,right_joint_1,right_joint_2,right_joint_3,right_joint_4,right_joint_5,right_joint_6,right_joint_7,-90.4573,-90.0759,90.0495,-89.926,-0.0582,-0.4935,0.0955,,
1780128045,243905398,right_base_state,right_joint_1,right_joint_2,right_joint_3,right_joint_4,right_joint_5,right_joint_6,right_joint_7,-90.4573,-90.0759,90.0495,-89.926,-0.0582,-0.4935,0.0955,,
1780128045,253619821,right_base_state,right_joint_1,right_joint_2,right_joint_3,right_joint_4,right_joint_5,right_joint_6,right_joint_7,-90.4573,-90.0759,90.0495,-89.926,-0.0582,-0.4935,0.0955,,
1780128045,263883890,right_base_state,right_joint_1,right_joint_2,right_joint_3,right_joint_4,right_joint_5,right_joint_6,right_joint_7,-90.4573,-90.0759,90.0495,-89.926,-0.0582,-0.4935,0.0955,,
1780128045,273677926,right_base_state,right_joint_1,right_joint_2,right_joint_3,right_joint_4,right_joint_5,right_joint_6,right_joint_7,-90.4573,-90.0759,90.0495,-89.926,-0.0582,-0.4935,0.0955,,
1780128045,283643724,right_base_state,right_joint_1,right_joint_2,right_joint_3,right_joint_4,right_joint_5,right_joint_6,right_joint_7,-90.4573,-90.0759,90.0495,-89.926,-0.0582,-0.4934,0.0955,,
1780128045,293687232,right_base_state,right_joint_1,right_joint_2,right_joint_3,right_joint_4,right_joint_5,right_joint_6,right_joint_7,-90.4573,-90.0759,90.0495,-89.926,-0.0582,-0.4935,0.0955,,
1780128045,303835335,right_base_state,right_joint_1,right_joint_2,right_joint_3,right_joint_4,right_joint_5,right_joint_6,right_joint_7,-90.4573,-90.0759,90.0495,-89.926,-0.0583,-0.4935,0.0955,,
1780128045,313719976,right_base_state,right_joint_1,right_joint_2,right_joint_3,right_joint_4,right_joint_5,right_joint_6,right_joint_7,-90.4573,-90.0759,90.0495,-89.926,-0.0582,-0.4935,0.0955,,
1780128045,324052641,right_base_state,right_joint_1,right_joint_2,right_joint_3,right_joint_4,right_joint_5,right_joint_6,right_joint_7,-90.4573,-90.0759,90.0495,-89.926,-0.0582,-0.4935,0.0955,,
1780128045,333781666,right_base_state,right_joint_1,right_joint_2,right_joint_3,right_joint_4,right_joint_5,right_joint_6,right_joint_7,-90.4573,-90.0759,90.0495,-89.926,-0.0582,-0.4935,0.0955,,
1780128045,343681036,right_base_state,right_joint_1,right_joint_2,right_joint_3,right_joint_4,right_joint_5,right_joint_6,right_joint_7,-90.4573,-90.0759,90.0495,-89.926,-0.0582,-0.4935,0.0955,,
1780128045,354104417,right_base_state,right_joint_1,right_joint_2,right_joint_3,right_joint_4,right_joint_5,right_joint_6,right_joint_7,-90.4573,-90.0759,90.0495,-89.926,-0.0582,-0.4935,0.0955,,
1780128045,363752280,right_base_state,right_joint_1,right_joint_2,right_joint_3,right_joint_4,right_joint_5,right_joint_6,right_joint_7,-90.4573,-90.0759,90.0495,-89.926,-0.0583,-0.4935,0.0955,,
1780128045,373767496,right_base_state,right_joint_1,right_joint_2,right_joint_3,right_joint_4,right_joint_5,right_joint_6,right_joint_7,-90.4573,-90.0759,90.0495,-89.926,-0.0582,-0.4935,0.0955,,
1780128045,383872273,right_base_state,right_joint_1,right_joint_2,right_joint_3,right_joint_4,right_joint_5,right_joint_6,right_joint_7,-90.4573,-90.0759,90.0495,-89.926,-0.0583,-0.4935,0.0955,,
1780128045,393748854,right_base_state,right_joint_1,right_joint_2,right_joint_3,right_joint_4,right_joint_5,right_joint_6,right_joint_7,-90.4573,-90.0759,90.0495,-89.926,-0.0583,-0.4935,0.0955,,
1780128045,403628290,right_base_state,right_joint_1,right_joint_2,right_joint_3,right_joint_4,right_joint_5,right_joint_6,right_joint_7,-90.4573,-90.0759,90.0495,-89.926,-0.0582,-0.4934,0.0955,,
1780128045,413734465,right_base_state,right_joint_1,right_joint_2,right_joint_3,right_joint_4,right_joint_5,right_joint_6,right_joint_7,-90.4573,-90.0759,90.0495,-89.926,-0.0583,-0.4935,0.0955,,
1780128045,423803884,right_base_state,right_joint_1,right_joint_2,right_joint_3,right_joint_4,right_joint_5,right_joint_6,right_joint_7,-90.4573,-90.0759,90.0495,-89.926,-0.0583,-0.4935,0.0955,,
1780128045,433685360,right_base_state,right_joint_1,right_joint_2,right_joint_3,right_joint_4,right_joint_5,right_joint_6,right_joint_7,-90.4573,-90.0759,90.0495,-89.926,-0.0582,-0.4935,0.0955,,
1780128045,443700591,right_base_state,right_joint_1,right_joint_2,right_joint_3,right_joint_4,right_joint_5,right_joint_6,right_joint_7,-90.4573,-90.0759,90.0495,-89.926,-0.0583,-0.4935,0.0955,,
1780128045,453618264,right_base_state,right_joint_1,right_joint_2,right_joint_3,right_joint_4,right_joint_5,right_joint_6,right_joint_7,-90.4573,-90.0759,90.0495,-89.926,-0.0582,-0.4935,0.0955,,
1780128045,463818390,right_base_state,right_joint_1,right_joint_2,right_joint_3,right_joint_4,right_joint_5,right_joint_6,right_joint_7,-90.4573,-90.0759,90.0495,-89.926,-0.0583,-0.4935,0.0955,,
1780128045,473822930,right_base_state,right_joint_1,right_joint_2,right_joint_3,right_joint_4,right_joint_5,right_joint_6,right_joint_7,-90.4573,-90.0759,90.0495,-89.926,-0.0582,-0.4935,0.0955,,
1780128045,483884965,right_base_state,right_joint_1,right_joint_2,right_joint_3,right_joint_4,right_joint_5,right_joint_6,right_joint_7,-90.4573,-90.0759,90.0495,-89.926,-0.0583,-0.4935,0.0955,,
1780128045,493882781,right_base_state,right_joint_1,right_joint_2,right_joint_3,right_joint_4,right_joint_5,right_joint_6,right_joint_7,-90.4573,-90.0759,90.0495,-89.926,-0.0583,-0.4934,0.0955,,
1780128045,503588139,right_base_state,right_joint_1,right_joint_2,right_joint_3,right_joint_4,right_joint_5,right_joint_6,right_joint_7,-90.4573,-90.0759,90.0495,-89.926,-0.0582,-0.4934,0.0955,,
1780128045,513579999,right_base_state,right_joint_1,right_joint_2,right_joint_3,right_joint_4,right_joint_5,right_joint_6,right_joint_7,-90.4573,-90.0759,90.0495,-89.926,-0.0583,-0.4935,0.0955,,
1780128045,523712237,right_base_state,right_joint_1,right_joint_2,right_joint_3,right_joint_4,right_joint_5,right_joint_6,right_joint_7,-90.4573,-90.0759,90.0495,-89.926,-0.0582,-0.4935,0.0955,,
1780128045,533690536,right_base_state,right_joint_1,right_joint_2,right_joint_3,right_joint_4,right_joint_5,right_joint_6,right_joint_7,-90.4573,-90.0759,90.0495,-89.926,-0.0582,-0.4935,0.0955,,
1780128045,543934188,right_base_state,right_joint_1,right_joint_2,right_joint_3,right_joint_4,right_joint_5,right_joint_6,right_joint_7,-90.4573,-90.0759,90.0495,-89.926,-0.0582,-0.4935,0.0955,,
1780128045,553959705,right_base_state,right_joint_1,right_joint_2,right_joint_3,right_joint_4,right_joint_5,right_joint_6,right_joint_7,-90.4573,-90.0759,90.0495,-89.926,-0.0582,-0.4935,0.0955,,
1780128045,564008515,right_base_state,right_joint_1,right_joint_2,right_joint_3,right_joint_4,right_joint_5,right_joint_6,right_joint_7,-90.4573,-90.0759,90.0495,-89.926,-0.0583,-0.4935,0.0955,,
1780128045,573716199,right_base_state,right_joint_1,right_joint_2,right_joint_3,right_joint_4,right_joint_5,right_joint_6,right_joint_7,-90.4573,-90.0759,90.0495,-89.926,-0.0582,-0.4935,0.0955,,
1780128045,585011625,right_base_state,right_joint_1,right_joint_2,right_joint_3,right_joint_4,right_joint_5,right_joint_6,right_joint_7,-90.4573,-90.0759,90.0495,-89.926,-0.0582,-0.4935,0.0955,,
1780128045,594322141,right_base_state,right_joint_1,right_joint_2,right_joint_3,right_joint_4,right_joint_5,right_joint_6,right_joint_7,-90.4573,-90.0759,90.0495,-89.926,-0.0582,-0.4934,0.0955,,
1780128045,603917452,right_base_state,right_joint_1,right_joint_2,right_joint_3,right_joint_4,right_joint_5,right_joint_6,right_joint_7,-90.4573,-90.0759,90.0495,-89.926,-0.0583,-0.4935,0.0955,,
1780128045,613628904,right_base_state,right_joint_1,right_joint_2,right_joint_3,right_joint_4,right_joint_5,right_joint_6,right_joint_7,-90.4573,-90.0759,90.0495,-89.926,-0.0582,-0.4935,0.0955,,
1780128045,623760688,right_base_state,right_joint_1,right_joint_2,right_joint_3,right_joint_4,right_joint_5,right_joint_6,right_joint_7,-90.4573,-90.0759,90.0495,-89.926,-0.0583,-0.4934,0.0955,,
1780128045,633769713,right_base_state,right_joint_1,right_joint_2,right_joint_3,right_joint_4,right_joint_5,right_joint_6,right_joint_7,-90.4573,-90.0759,90.0495,-89.926,-0.0582,-0.4935,0.0955,,
1780128045,643793135,right_base_state,right_joint_1,right_joint_2,right_joint_3,right_joint_4,right_joint_5,right_joint_6,right_joint_7,-90.4573,-90.0759,90.0495,-89.926,-0.0582,-0.4935,0.0955,,
1780128045,653772150,right_base_state,right_joint_1,right_joint_2,right_joint_3,right_joint_4,right_joint_5,right_joint_6,right_joint_7,-90.4573,-90.0759,90.0495,-89.926,-0.0582,-0.4935,0.0955,,
1780128045,663694341,right_base_state,right_joint_1,right_joint_2,right_joint_3,right_joint_4,right_joint_5,right_joint_6,right_joint_7,-90.4573,-90.0759,90.0495,-89.926,-0.0583,-0.4935,0.0955,,
1780128045,673679207,right_base_state,right_joint_1,right_joint_2,right_joint_3,right_joint_4,right_joint_5,right_joint_6,right_joint_7,-90.4573,-90.0759,90.0495,-89.926,-0.0582,-0.4935,0.0955,,
1780128045,685097988,right_base_state,right_joint_1,right_joint_2,right_joint_3,right_joint_4,right_joint_5,right_joint_6,right_joint_7,-90.4573,-90.0759,90.0495,-89.926,-0.0583,-0.4935,0.0955,,
1780128045,693742971,right_base_state,right_joint_1,right_joint_2,right_joint_3,right_joint_4,right_joint_5,right_joint_6,right_joint_7,-90.4573,-90.0759,90.0495,-89.926,-0.0582,-0.4935,0.0955,,
1780128045,703652291,right_base_state,right_joint_1,right_joint_2,right_joint_3,right_joint_4,right_joint_5,right_joint_6,right_joint_7,-90.4573,-90.0759,90.0495,-89.926,-0.0582,-0.4935,0.0955,,
1780128045,714313591,right_base_state,right_joint_1,right_joint_2,right_joint_3,right_joint_4,right_joint_5,right_joint_6,right_joint_7,-90.4573,-90.0759,90.0495,-89.926,-0.0583,-0.4935,0.0955,,
1780128045,723677439,right_base_state,right_joint_1,right_joint_2,right_joint_3,right_joint_4,right_joint_5,right_joint_6,right_joint_7,-90.4573,-90.0759,90.0495,-89.926,-0.0582,-0.4934,0.0955,,
1780128045,733832269,right_base_state,right_joint_1,right_joint_2,right_joint_3,right_joint_4,right_joint_5,right_joint_6,right_joint_7,-90.4573,-90.0759,90.0495,-89.926,-0.0583,-0.4935,0.0955,,
1780128045,743953700,right_base_state,right_joint_1,right_joint_2,right_joint_3,right_joint_4,right_joint_5,right_joint_6,right_joint_7,-90.4573,-90.0759,90.0495,-89.926,-0.0582,-0.4935,0.0955,,
1780128045,753724537,right_base_state,right_joint_1,right_joint_2,right_joint_3,right_joint_4,right_joint_5,right_joint_6,right_joint_7,-90.4573,-90.0759,90.0495,-89.926,-0.0582,-0.4935,0.0955,,
1780128045,763729720,right_base_state,right_joint_1,right_joint_2,right_joint_3,right_joint_4,right_joint_5,right_joint_6,right_joint_7,-90.4573,-90.0759,90.0495,-89.926,-0.0582,-0.4935,0.0955,,
1780128045,773747550,right_base_state,right_joint_1,right_joint_2,right_joint_3,right_joint_4,right_joint_5,right_joint_6,right_joint_7,-90.4573,-90.0759,90.0495,-89.926,-0.0583,-0.4935,0.0955,,
1780128045,783910696,right_base_state,right_joint_1,right_joint_2,right_joint_3,right_joint_4,right_joint_5,right_joint_6,right_joint_7,-90.4573,-90.0759,90.0495,-89.926,-0.0582,-0.4935,0.0955,,
1780128045,793632155,right_base_state,right_joint_1,right_joint_2,right_joint_3,right_joint_4,right_joint_5,right_joint_6,right_joint_7,-90.4573,-90.0759,90.0495,-89.926,-0.0583,-0.4934,0.0955,,
1780128045,803572958,right_base_state,right_joint_1,right_joint_2,right_joint_3,right_joint_4,right_joint_5,right_joint_6,right_joint_7,-90.4573,-90.0759,90.0495,-89.926,-0.0583,-0.4935,0.0955,,
1780128045,813702682,right_base_state,right_joint_1,right_joint_2,right_joint_3,right_joint_4,right_joint_5,right_joint_6,right_joint_7,-90.4573,-90.0759,90.0495,-89.926,-0.0583,-0.4935,0.0955,,
1780128045,823664901,right_base_state,right_joint_1,right_joint_2,right_joint_3,right_joint_4,right_joint_5,right_joint_6,right_joint_7,-90.4573,-90.0759,90.0495,-89.926,-0.0582,-0.4935,0.0955,,
1780128045,833642140,right_base_state,right_joint_1,right_joint_2,right_joint_3,right_joint_4,right_joint_5,right_joint_6,right_joint_7,-90.4573,-90.0759,90.0495,-89.926,-0.0582,-0.4935,0.0955,,
1780128045,843780764,right_base_state,right_joint_1,right_joint_2,right_joint_3,right_joint_4,right_joint_5,right_joint_6,right_joint_7,-90.4573,-90.0759,90.0495,-89.926,-0.0583,-0.4934,0.0955,,
1780128045,853687604,right_base_state,right_joint_1,right_joint_2,right_joint_3,right_joint_4,right_joint_5,right_joint_6,right_joint_7,-90.4573,-90.0759,90.0495,-89.926,-0.0583,-0.4935,0.0955,,
1780128045,864243198,right_base_state,right_joint_1,right_joint_2,right_joint_3,right_joint_4,right_joint_5,right_joint_6,right_joint_7,-90.4573,-90.0759,90.0495,-89.926,-0.0582,-0.4934,0.0955,,
1780128045,873685943,right_base_state,right_joint_1,right_joint_2,right_joint_3,right_joint_4,right_joint_5,right_joint_6,right_joint_7,-90.4573,-90.0759,90.0495,-89.926,-0.0582,-0.4935,0.0955,,
1780128045,883713588,right_base_state,right_joint_1,right_joint_2,right_joint_3,right_joint_4,right_joint_5,right_joint_6,right_joint_7,-90.4573,-90.0759,90.0495,-89.926,-0.0583,-0.4935,0.0955,,
1780128045,893857117,right_base_state,right_joint_1,right_joint_2,right_joint_3,right_joint_4,right_joint_5,right_joint_6,right_joint_7,-90.4573,-90.0759,90.0495,-89.926,-0.0582,-0.4935,0.0955,,
1780128045,903587022,right_base_state,right_joint_1,right_joint_2,right_joint_3,right_joint_4,right_joint_5,right_joint_6,right_joint_7,-90.4573,-90.0759,90.0495,-89.926,-0.0582,-0.4934,0.0955,,
1780128045,913605320,right_base_state,right_joint_1,right_joint_2,right_joint_3,right_joint_4,right_joint_5,right_joint_6,right_joint_7,-90.4573,-90.0759,90.0495,-89.926,-0.0582,-0.4934,0.0955,,
1780128045,923956977,right_base_state,right_joint_1,right_joint_2,right_joint_3,right_joint_4,right_joint_5,right_joint_6,right_joint_7,-90.4573,-90.0759,90.0495,-89.926,-0.0582,-0.4935,0.0955,,
1780128045,933719272,right_base_state,right_joint_1,right_joint_2,right_joint_3,right_joint_4,right_joint_5,right_joint_6,right_joint_7,-90.4573,-90.0759,90.0495,-89.926,-0.0582,-0.4934,0.0955,,
1780128045,943727590,right_base_state,right_joint_1,right_joint_2,right_joint_3,right_joint_4,right_joint_5,right_joint_6,right_joint_7,-90.4573,-90.0759,90.0495,-89.926,-0.0582,-0.4934,0.0955,,
1780128045,953675565,right_base_state,right_joint_1,right_joint_2,right_joint_3,right_joint_4,right_joint_5,right_joint_6,right_joint_7,-90.4573,-90.0759,90.0495,-89.926,-0.0583,-0.4935,0.0955,,
1780128045,964287471,right_base_state,right_joint_1,right_joint_2,right_joint_3,right_joint_4,right_joint_5,right_joint_6,right_joint_7,-90.4573,-90.0759,90.0495,-89.926,-0.0583,-0.4935,0.0955,,
1780128045,973717242,right_base_state,right_joint_1,right_joint_2,right_joint_3,right_joint_4,right_joint_5,right_joint_6,right_joint_7,-90.4573,-90.0759,90.0495,-89.926,-0.0582,-0.4935,0.0955,,
1780128045,984902891,right_base_state,right_joint_1,right_joint_2,right_joint_3,right_joint_4,right_joint_5,right_joint_6,right_joint_7,-90.4573,-90.0759,90.0495,-89.926,-0.0582,-0.4935,0.0955,,
1780128045,993714647,right_base_state,right_joint_1,right_joint_2,right_joint_3,right_joint_4,right_joint_5,right_joint_6,right_joint_7,-90.4573,-90.0759,90.0495,-89.926,-0.0582,-0.4935,0.0955,,
1780128046,3867584,right_base_state,right_joint_1,right_joint_2,right_joint_3,right_joint_4,right_joint_5,right_joint_6,right_joint_7,-90.4573,-90.0759,90.0495,-89.926,-0.0582,-0.4935,0.0955,,
1780128046,13645779,right_base_state,right_joint_1,right_joint_2,right_joint_3,right_joint_4,right_joint_5,right_joint_6,right_joint_7,-90.4573,-90.0759,90.0495,-89.926,-0.0583,-0.4935,0.0955,,
1780128046,23881773,right_base_state,right_joint_1,right_joint_2,right_joint_3,right_joint_4,right_joint_5,right_joint_6,right_joint_7,-90.4573,-90.0759,90.0495,-89.926,-0.0582,-0.4935,0.0955,,
1780128046,33673672,right_base_state,right_joint_1,right_joint_2,right_joint_3,right_joint_4,right_joint_5,right_joint_6,right_joint_7,-90.4573,-90.0759,90.0495,-89.926,-0.0582,-0.4935,0.0955,,
1780128046,43696988,right_base_state,right_joint_1,right_joint_2,right_joint_3,right_joint_4,right_joint_5,right_joint_6,right_joint_7,-90.4573,-90.0759,90.0495,-89.926,-0.0583,-0.4935,0.0955,,
1780128046,53555940,right_base_state,right_joint_1,right_joint_2,right_joint_3,right_joint_4,right_joint_5,right_joint_6,right_joint_7,-90.4573,-90.0759,90.0495,-89.926,-0.0582,-0.4934,0.0955,,
1780128046,63676623,right_base_state,right_joint_1,right_joint_2,right_joint_3,right_joint_4,right_joint_5,right_joint_6,right_joint_7,-90.4573,-90.0759,90.0495,-89.926,-0.0582,-0.4935,0.0955,,
1780128046,73640011,right_base_state,right_joint_1,right_joint_2,right_joint_3,right_joint_4,right_joint_5,right_joint_6,right_joint_7,-90.4573,-90.0759,90.0495,-89.926,-0.0583,-0.4935,0.0955,,
1780128046,84194790,right_base_state,right_joint_1,right_joint_2,right_joint_3,right_joint_4,right_joint_5,right_joint_6,right_joint_7,-90.4573,-90.0759,90.0495,-89.926,-0.0582,-0.4935,0.0955,,
1780128046,93747738,right_base_state,right_joint_1,right_joint_2,right_joint_3,right_joint_4,right_joint_5,right_joint_6,right_joint_7,-90.4573,-90.0759,90.0495,-89.926,-0.0582,-0.4935,0.0955,,
1780128046,103726793,right_base_state,right_joint_1,right_joint_2,right_joint_3,right_joint_4,right_joint_5,right_joint_6,right_joint_7,-90.4573,-90.0759,90.0495,-89.926,-0.0582,-0.4935,0.0955,,
1780128046,113707366,right_base_state,right_joint_1,right_joint_2,right_joint_3,right_joint_4,right_joint_5,right_joint_6,right_joint_7,-90.4573,-90.0759,90.0495,-89.926,-0.0583,-0.4935,0.0955,,
1780128046,123712681,right_base_state,right_joint_1,right_joint_2,right_joint_3,right_joint_4,right_joint_5,right_joint_6,right_joint_7,-90.4573,-90.0759,90.0495,-89.926,-0.0582,-0.4935,0.0955,,
1780128046,133692168,right_base_state,right_joint_1,right_joint_2,right_joint_3,right_joint_4,right_joint_5,right_joint_6,right_joint_7,-90.4573,-90.0759,90.0495,-89.926,-0.0582,-0.4935,0.0955,,
1780128046,143914063,right_base_state,right_joint_1,right_joint_2,right_joint_3,right_joint_4,right_joint_5,right_joint_6,right_joint_7,-90.4573,-90.0759,90.0495,-89.926,-0.0582,-0.4935,0.0955,,
1780128046,153674319,right_base_state,right_joint_1,right_joint_2,right_joint_3,right_joint_4,right_joint_5,right_joint_6,right_joint_7,-90.4573,-90.0759,90.0495,-89.926,-0.0583,-0.4935,0.0955,,
1780128046,163719230,right_base_state,right_joint_1,right_joint_2,right_joint_3,right_joint_4,right_joint_5,right_joint_6,right_joint_7,-90.4573,-90.0759,90.0495,-89.926,-0.0582,-0.4935,0.0955,,
1780128046,173646733,right_base_state,right_joint_1,right_joint_2,right_joint_3,right_joint_4,right_joint_5,right_joint_6,right_joint_7,-90.4573,-90.0759,90.0495,-89.926,-0.0582,-0.4935,0.0955,,
1780128046,183627149,right_base_state,right_joint_1,right_joint_2,right_joint_3,right_joint_4,right_joint_5,right_joint_6,right_joint_7,-90.4573,-90.0759,90.0495,-89.926,-0.0582,-0.4935,0.0955,,
1780128046,194316058,right_base_state,right_joint_1,right_joint_2,right_joint_3,right_joint_4,right_joint_5,right_joint_6,right_joint_7,-90.4573,-90.0759,90.0495,-89.926,-0.0582,-0.4934,0.0955,,
1780128046,203764630,right_base_state,right_joint_1,right_joint_2,right_joint_3,right_joint_4,right_joint_5,right_joint_6,right_joint_7,-90.4573,-90.0759,90.0495,-89.926,-0.0582,-0.4935,0.0955,,
1780128046,214135517,right_base_state,right_joint_1,right_joint_2,right_joint_3,right_joint_4,right_joint_5,right_joint_6,right_joint_7,-90.4573,-90.0759,90.0495,-89.926,-0.0583,-0.4935,0.0955,,
1780128046,223737408,right_base_state,right_joint_1,right_joint_2,right_joint_3,right_joint_4,right_joint_5,right_joint_6,right_joint_7,-90.4573,-90.0759,90.0495,-89.926,-0.0582,-0.4934,0.0955,,
1780128046,233808634,right_base_state,right_joint_1,right_joint_2,right_joint_3,right_joint_4,right_joint_5,right_joint_6,right_joint_7,-90.4573,-90.0759,90.0495,-89.926,-0.0583,-0.4934,0.0955,,
1780128046,243867031,right_base_state,right_joint_1,right_joint_2,right_joint_3,right_joint_4,right_joint_5,right_joint_6,right_joint_7,-90.4573,-90.0759,90.0495,-89.926,-0.0583,-0.4934,0.0955,,
1780128046,253594148,right_base_state,right_joint_1,right_joint_2,right_joint_3,right_joint_4,right_joint_5,right_joint_6,right_joint_7,-90.4573,-90.0759,90.0495,-89.926,-0.0583,-0.4935,0.0955,,
1780128046,263749024,right_base_state,right_joint_1,right_joint_2,right_joint_3,right_joint_4,right_joint_5,right_joint_6,right_joint_7,-90.4573,-90.0759,90.0495,-89.926,-0.0582,-0.4935,0.0955,,
1780128046,273793116,right_base_state,right_joint_1,right_joint_2,right_joint_3,right_joint_4,right_joint_5,right_joint_6,right_joint_7,-90.4573,-90.0759,90.0495,-89.9261,-0.0583,-0.4935,0.0955,,
1780128046,283776126,right_base_state,right_joint_1,right_joint_2,right_joint_3,right_joint_4,right_joint_5,right_joint_6,right_joint_7,-90.4573,-90.0759,90.0495,-89.926,-0.0583,-0.4935,0.0955,,
1780128046,294069430,right_base_state,right_joint_1,right_joint_2,right_joint_3,right_joint_4,right_joint_5,right_joint_6,right_joint_7,-90.4573,-90.0759,90.0495,-89.926,-0.0582,-0.4935,0.0955,,
1780128046,304607848,right_base_state,right_joint_1,right_joint_2,right_joint_3,right_joint_4,right_joint_5,right_joint_6,right_joint_7,-90.4573,-90.0759,90.0495,-89.926,-0.0583,-0.4935,0.0955,,
1780128046,313651856,right_base_state,right_joint_1,right_joint_2,right_joint_3,right_joint_4,right_joint_5,right_joint_6,right_joint_7,-90.4573,-90.0759,90.0495,-89.926,-0.0583,-0.4935,0.0955,,
1780128046,323731003,right_base_state,right_joint_1,right_joint_2,right_joint_3,right_joint_4,right_joint_5,right_joint_6,right_joint_7,-90.4573,-90.0759,90.0495,-89.926,-0.0582,-0.4935,0.0955,,
1780128046,333747422,right_base_state,right_joint_1,right_joint_2,right_joint_3,right_joint_4,right_joint_5,right_joint_6,right_joint_7,-90.4573,-90.0759,90.0495,-89.926,-0.0583,-0.4935,0.0955,,
1780128046,343772321,right_base_state,right_joint_1,right_joint_2,right_joint_3,right_joint_4,right_joint_5,right_joint_6,right_joint_7,-90.4573,-90.0759,90.0495,-89.926,-0.0582,-0.4935,0.0955,,
1780128046,353641293,right_base_state,right_joint_1,right_joint_2,right_joint_3,right_joint_4,right_joint_5,right_joint_6,right_joint_7,-90.4573,-90.0759,90.0495,-89.926,-0.0583,-0.4935,0.0955,,
1780128046,363633288,right_base_state,right_joint_1,right_joint_2,right_joint_3,right_joint_4,right_joint_5,right_joint_6,right_joint_7,-90.4573,-90.0759,90.0495,-89.926,-0.0583,-0.4934,0.0955,,
1780128046,373719929,right_base_state,right_joint_1,right_joint_2,right_joint_3,right_joint_4,right_joint_5,right_joint_6,right_joint_7,-90.4573,-90.0759,90.0495,-89.926,-0.0583,-0.4935,0.0955,,
1780128046,383824564,right_base_state,right_joint_1,right_joint_2,right_joint_3,right_joint_4,right_joint_5,right_joint_6,right_joint_7,-90.4573,-90.0759,90.0495,-89.926,-0.0583,-0.4934,0.0955,,
1780128046,394631709,right_base_state,right_joint_1,right_joint_2,right_joint_3,right_joint_4,right_joint_5,right_joint_6,right_joint_7,-90.4573,-90.0759,90.0495,-89.926,-0.0582,-0.4935,0.0955,,
1780128046,403557871,right_base_state,right_joint_1,right_joint_2,right_joint_3,right_joint_4,right_joint_5,right_joint_6,right_joint_7,-90.4573,-90.0759,90.0495,-89.926,-0.0582,-0.4935,0.0955,,
1780128046,413615417,right_base_state,right_joint_1,right_joint_2,right_joint_3,right_joint_4,right_joint_5,right_joint_6,right_joint_7,-90.4573,-90.0759,90.0495,-89.926,-0.0582,-0.4934,0.0955,,
1780128046,423626671,right_base_state,right_joint_1,right_joint_2,right_joint_3,right_joint_4,right_joint_5,right_joint_6,right_joint_7,-90.4573,-90.0759,90.0495,-89.926,-0.0583,-0.4934,0.0955,,
1780128046,433691379,right_base_state,right_joint_1,right_joint_2,right_joint_3,right_joint_4,right_joint_5,right_joint_6,right_joint_7,-90.4573,-90.0759,90.0495,-89.926,-0.0583,-0.4935,0.0955,,
1780128046,443672790,right_base_state,right_joint_1,right_joint_2,right_joint_3,right_joint_4,right_joint_5,right_joint_6,right_joint_7,-90.4573,-90.0759,90.0495,-89.926,-0.0582,-0.4935,0.0955,,
1780128046,453757303,right_base_state,right_joint_1,right_joint_2,right_joint_3,right_joint_4,right_joint_5,right_joint_6,right_joint_7,-90.4573,-90.0759,90.0495,-89.926,-0.0582,-0.4935,0.0955,,
1780128046,463658186,right_base_state,right_joint_1,right_joint_2,right_joint_3,right_joint_4,right_joint_5,right_joint_6,right_joint_7,-90.4573,-90.0759,90.0495,-89.926,-0.0583,-0.4934,0.0955,,
1780128046,473635886,right_base_state,right_joint_1,right_joint_2,right_joint_3,right_joint_4,right_joint_5,right_joint_6,right_joint_7,-90.4573,-90.0759,90.0495,-89.926,-0.0582,-0.4935,0.0955,,
1780128046,483777196,right_base_state,right_joint_1,right_joint_2,right_joint_3,right_joint_4,right_joint_5,right_joint_6,right_joint_7,-90.4573,-90.0759,90.0495,-89.926,-0.0582,-0.4935,0.0955,,
1780128046,493745534,right_base_state,right_joint_1,right_joint_2,right_joint_3,right_joint_4,right_joint_5,right_joint_6,right_joint_7,-90.4573,-90.0759,90.0495,-89.926,-0.0583,-0.4934,0.0955,,
1780128046,503570399,right_base_state,right_joint_1,right_joint_2,right_joint_3,right_joint_4,right_joint_5,right_joint_6,right_joint_7,-90.4573,-90.0759,90.0495,-89.926,-0.0582,-0.4935,0.0955,,
1780128046,513833637,right_base_state,right_joint_1,right_joint_2,right_joint_3,right_joint_4,right_joint_5,right_joint_6,right_joint_7,-90.4573,-90.0759,90.0495,-89.926,-0.0582,-0.4934,0.0955,,
1780128046,523850144,right_base_state,right_joint_1,right_joint_2,right_joint_3,right_joint_4,right_joint_5,right_joint_6,right_joint_7,-90.4573,-90.0759,90.0495,-89.926,-0.0582,-0.4935,0.0955,,
1780128046,533728638,right_base_state,right_joint_1,right_joint_2,right_joint_3,right_joint_4,right_joint_5,right_joint_6,right_joint_7,-90.4573,-90.0759,90.0495,-89.926,-0.0582,-0.4935,0.0955,,
1780128046,543746575,right_base_state,right_joint_1,right_joint_2,right_joint_3,right_joint_4,right_joint_5,right_joint_6,right_joint_7,-90.4573,-90.0759,90.0495,-89.926,-0.0583,-0.4935,0.0955,,
1780128046,553943462,right_base_state,right_joint_1,right_joint_2,right_joint_3,right_joint_4,right_joint_5,right_joint_6,right_joint_7,-90.4573,-90.0759,90.0495,-89.926,-0.0583,-0.4934,0.0955,,
1780128046,563656656,right_base_state,right_joint_1,right_joint_2,right_joint_3,right_joint_4,right_joint_5,right_joint_6,right_joint_7,-90.4573,-90.0759,90.0495,-89.926,-0.0582,-0.4935,0.0955,,
1780128046,573673158,right_base_state,right_joint_1,right_joint_2,right_joint_3,right_joint_4,right_joint_5,right_joint_6,right_joint_7,-90.4573,-90.0759,90.0495,-89.926,-0.0582,-0.4935,0.0955,,
1780128046,584120845,right_base_state,right_joint_1,right_joint_2,right_joint_3,right_joint_4,right_joint_5,right_joint_6,right_joint_7,-90.4573,-90.0759,90.0495,-89.926,-0.0582,-0.4935,0.0955,,
1780128046,593709342,right_base_state,right_joint_1,right_joint_2,right_joint_3,right_joint_4,right_joint_5,right_joint_6,right_joint_7,-90.4573,-90.0759,90.0495,-89.926,-0.0582,-0.4934,0.0955,,
1780128046,603600143,right_base_state,right_joint_1,right_joint_2,right_joint_3,right_joint_4,right_joint_5,right_joint_6,right_joint_7,-90.4573,-90.0759,90.0495,-89.926,-0.0582,-0.4935,0.0955,,
1780128046,613944021,right_base_state,right_joint_1,right_joint_2,right_joint_3,right_joint_4,right_joint_5,right_joint_6,right_joint_7,-90.4573,-90.0759,90.0495,-89.926,-0.0583,-0.4934,0.0955,,
1780128046,623740123,right_base_state,right_joint_1,right_joint_2,right_joint_3,right_joint_4,right_joint_5,right_joint_6,right_joint_7,-90.4573,-90.0759,90.0495,-89.926,-0.0583,-0.4935,0.0955,,
1780128046,633699748,right_base_state,right_joint_1,right_joint_2,right_joint_3,right_joint_4,right_joint_5,right_joint_6,right_joint_7,-90.4573,-90.0759,90.0495,-89.926,-0.0582,-0.4935,0.0955,,
1780128046,643840559,right_base_state,right_joint_1,right_joint_2,right_joint_3,right_joint_4,right_joint_5,right_joint_6,right_joint_7,-90.4573,-90.0759,90.0495,-89.926,-0.0582,-0.4935,0.0955,,
1780128046,653596255,right_base_state,right_joint_1,right_joint_2,right_joint_3,right_joint_4,right_joint_5,right_joint_6,right_joint_7,-90.4573,-90.0759,90.0495,-89.926,-0.0582,-0.4935,0.0955,,
1780128046,663835396,right_base_state,right_joint_1,right_joint_2,right_joint_3,right_joint_4,right_joint_5,right_joint_6,right_joint_7,-90.4573,-90.0759,90.0495,-89.926,-0.0583,-0.4934,0.0955,,
1780128046,673819319,right_base_state,right_joint_1,right_joint_2,right_joint_3,right_joint_4,right_joint_5,right_joint_6,right_joint_7,-90.4573,-90.0759,90.0495,-89.926,-0.0583,-0.4935,0.0955,,
1780128046,683755928,right_base_state,right_joint_1,right_joint_2,right_joint_3,right_joint_4,right_joint_5,right_joint_6,right_joint_7,-90.4573,-90.0759,90.0495,-89.926,-0.0582,-0.4935,0.0955,,
1780128046,693884281,right_base_state,right_joint_1,right_joint_2,right_joint_3,right_joint_4,right_joint_5,right_joint_6,right_joint_7,-90.4573,-90.0759,90.0495,-89.926,-0.0583,-0.4935,0.0955,,
1780128046,703636759,right_base_state,right_joint_1,right_joint_2,right_joint_3,right_joint_4,right_joint_5,right_joint_6,right_joint_7,-90.4573,-90.0759,90.0495,-89.926,-0.0582,-0.4935,0.0955,,
1780128046,713703009,right_base_state,right_joint_1,right_joint_2,right_joint_3,right_joint_4,right_joint_5,right_joint_6,right_joint_7,-90.4573,-90.0759,90.0495,-89.926,-0.0583,-0.4935,0.0955,,
1780128046,724554743,right_base_state,right_joint_1,right_joint_2,right_joint_3,right_joint_4,right_joint_5,right_joint_6,right_joint_7,-90.4573,-90.0759,90.0495,-89.926,-0.0582,-0.4935,0.0955,,
1780128046,733849705,right_base_state,right_joint_1,right_joint_2,right_joint_3,right_joint_4,right_joint_5,right_joint_6,right_joint_7,-90.4573,-90.0759,90.0495,-89.926,-0.0583,-0.4935,0.0955,,
1780128046,743814744,right_base_state,right_joint_1,right_joint_2,right_joint_3,right_joint_4,right_joint_5,right_joint_6,right_joint_7,-90.4573,-90.0759,90.0495,-89.926,-0.0583,-0.4934,0.0955,,
1780128046,753688882,right_base_state,right_joint_1,right_joint_2,right_joint_3,right_joint_4,right_joint_5,right_joint_6,right_joint_7,-90.4573,-90.0759,90.0495,-89.926,-0.0582,-0.4935,0.0955,,
1780128046,763712159,right_base_state,right_joint_1,right_joint_2,right_joint_3,right_joint_4,right_joint_5,right_joint_6,right_joint_7,-90.4573,-90.0759,90.0495,-89.926,-0.0583,-0.4935,0.0955,,
1780128046,773824048,right_base_state,right_joint_1,right_joint_2,right_joint_3,right_joint_4,right_joint_5,right_joint_6,right_joint_7,-90.4573,-90.0759,90.0495,-89.9261,-0.0583,-0.4935,0.0955,,
1780128046,783933643,right_base_state,right_joint_1,right_joint_2,right_joint_3,right_joint_4,right_joint_5,right_joint_6,right_joint_7,-90.4573,-90.0759,90.0495,-89.926,-0.0583,-0.4934,0.0955,,
1780128046,793772350,right_base_state,right_joint_1,right_joint_2,right_joint_3,right_joint_4,right_joint_5,right_joint_6,right_joint_7,-90.4573,-90.0759,90.0495,-89.926,-0.0583,-0.4935,0.0955,,
1780128046,803727268,right_base_state,right_joint_1,right_joint_2,right_joint_3,right_joint_4,right_joint_5,right_joint_6,right_joint_7,-90.4573,-90.0759,90.0495,-89.926,-0.0582,-0.4934,0.0955,,
1780128046,813677171,right_base_state,right_joint_1,right_joint_2,right_joint_3,right_joint_4,right_joint_5,right_joint_6,right_joint_7,-90.4573,-90.0759,90.0495,-89.926,-0.0582,-0.4934,0.0955,,
1780128046,823634342,right_base_state,right_joint_1,right_joint_2,right_joint_3,right_joint_4,right_joint_5,right_joint_6,right_joint_7,-90.4573,-90.0759,90.0495,-89.926,-0.0583,-0.4935,0.0955,,
1780128046,833604590,right_base_state,right_joint_1,right_joint_2,right_joint_3,right_joint_4,right_joint_5,right_joint_6,right_joint_7,-90.4573,-90.0759,90.0495,-89.926,-0.0582,-0.4935,0.0955,,
1780128046,843724044,right_base_state,right_joint_1,right_joint_2,right_joint_3,right_joint_4,right_joint_5,right_joint_6,right_joint_7,-90.4573,-90.0759,90.0495,-89.926,-0.0583,-0.4935,0.0955,,
1780128046,853868362,right_base_state,right_joint_1,right_joint_2,right_joint_3,right_joint_4,right_joint_5,right_joint_6,right_joint_7,-90.4573,-90.0759,90.0495,-89.926,-0.0583,-0.4935,0.0955,,
1780128046,863629825,right_base_state,right_joint_1,right_joint_2,right_joint_3,right_joint_4,right_joint_5,right_joint_6,right_joint_7,-90.4573,-90.0759,90.0495,-89.926,-0.0582,-0.4935,0.0955,,
1780128046,873599285,right_base_state,right_joint_1,right_joint_2,right_joint_3,right_joint_4,right_joint_5,right_joint_6,right_joint_7,-90.4573,-90.0759,90.0495,-89.926,-0.0583,-0.4935,0.0955,,
1780128046,883685944,right_base_state,right_joint_1,right_joint_2,right_joint_3,right_joint_4,right_joint_5,right_joint_6,right_joint_7,-90.4573,-90.0759,90.0495,-89.926,-0.0583,-0.4935,0.0955,,
1780128046,893683643,right_base_state,right_joint_1,right_joint_2,right_joint_3,right_joint_4,right_joint_5,right_joint_6,right_joint_7,-90.4573,-90.0759,90.0495,-89.926,-0.0583,-0.4935,0.0955,,
1780128046,903586868,right_base_state,right_joint_1,right_joint_2,right_joint_3,right_joint_4,right_joint_5,right_joint_6,right_joint_7,-90.4573,-90.0759,90.0495,-89.926,-0.0582,-0.4935,0.0955,,
1780128046,913594296,right_base_state,right_joint_1,right_joint_2,right_joint_3,right_joint_4,right_joint_5,right_joint_6,right_joint_7,-90.4573,-90.0759,90.0495,-89.926,-0.0582,-0.4934,0.0955,,
1780128046,923896262,right_base_state,right_joint_1,right_joint_2,right_joint_3,right_joint_4,right_joint_5,right_joint_6,right_joint_7,-90.4573,-90.0759,90.0495,-89.926,-0.0582,-0.4934,0.0955,,
1780128046,933997274,right_base_state,right_joint_1,right_joint_2,right_joint_3,right_joint_4,right_joint_5,right_joint_6,right_joint_7,-90.4573,-90.0759,90.0495,-89.926,-0.0582,-0.4935,0.0955,,
1780128046,943999260,right_base_state,right_joint_1,right_joint_2,right_joint_3,right_joint_4,right_joint_5,right_joint_6,right_joint_7,-90.4573,-90.0759,90.0495,-89.926,-0.0582,-0.4935,0.0955,,
1780128046,953609531,right_base_state,right_joint_1,right_joint_2,right_joint_3,right_joint_4,right_joint_5,right_joint_6,right_joint_7,-90.4573,-90.0759,90.0495,-89.926,-0.0583,-0.4935,0.0955,,
1780128046,963690254,right_base_state,right_joint_1,right_joint_2,right_joint_3,right_joint_4,right_joint_5,right_joint_6,right_joint_7,-90.4573,-90.0759,90.0495,-89.926,-0.0583,-0.4935,0.0955,,
1780128046,973701570,right_base_state,right_joint_1,right_joint_2,right_joint_3,right_joint_4,right_joint_5,right_joint_6,right_joint_7,-90.4573,-90.0759,90.0495,-89.926,-0.0582,-0.4935,0.0955,,
1780128046,984261767,right_base_state,right_joint_1,right_joint_2,right_joint_3,right_joint_4,right_joint_5,right_joint_6,right_joint_7,-90.4573,-90.0759,90.0495,-89.926,-0.0583,-0.4935,0.0955,,
1780128046,993749923,right_base_state,right_joint_1,right_joint_2,right_joint_3,right_joint_4,right_joint_5,right_joint_6,right_joint_7,-90.4573,-90.0759,90.0495,-89.926,-0.0583,-0.4935,0.0955,,
1780128047,3804532,right_base_state,right_joint_1,right_joint_2,right_joint_3,right_joint_4,right_joint_5,right_joint_6,right_joint_7,-90.4573,-90.0759,90.0495,-89.926,-0.0582,-0.4935,0.0955,,
1780128047,14413401,right_base_state,right_joint_1,right_joint_2,right_joint_3,right_joint_4,right_joint_5,right_joint_6,right_joint_7,-90.4573,-90.0759,90.0495,-89.926,-0.0582,-0.4935,0.0955,,
1780128047,23745714,right_base_state,right_joint_1,right_joint_2,right_joint_3,right_joint_4,right_joint_5,right_joint_6,right_joint_7,-90.4573,-90.0759,90.0495,-89.926,-0.0583,-0.4935,0.0955,,
1780128047,33890824,right_base_state,right_joint_1,right_joint_2,right_joint_3,right_joint_4,right_joint_5,right_joint_6,right_joint_7,-90.4573,-90.0759,90.0495,-89.926,-0.0582,-0.4935,0.0955,,
1780128047,43779443,right_base_state,right_joint_1,right_joint_2,right_joint_3,right_joint_4,right_joint_5,right_joint_6,right_joint_7,-90.4573,-90.0759,90.0495,-89.926,-0.0582,-0.4935,0.0955,,
1780128047,53621290,right_base_state,right_joint_1,right_joint_2,right_joint_3,right_joint_4,right_joint_5,right_joint_6,right_joint_7,-90.4573,-90.0759,90.0495,-89.926,-0.0583,-0.4935,0.0955,,
1780128047,63653352,right_base_state,right_joint_1,right_joint_2,right_joint_3,right_joint_4,right_joint_5,right_joint_6,right_joint_7,-90.4573,-90.0759,90.0495,-89.926,-0.0582,-0.4935,0.0955,,
1780128047,74133694,right_base_state,right_joint_1,right_joint_2,right_joint_3,right_joint_4,right_joint_5,right_joint_6,right_joint_7,-90.4573,-90.0759,90.0495,-89.926,-0.0583,-0.4935,0.0955,,
1780128047,84957303,right_base_state,right_joint_1,right_joint_2,right_joint_3,right_joint_4,right_joint_5,right_joint_6,right_joint_7,-90.4573,-90.0759,90.0495,-89.926,-0.0583,-0.4934,0.0955,,
1780128047,93741648,right_base_state,right_joint_1,right_joint_2,right_joint_3,right_joint_4,right_joint_5,right_joint_6,right_joint_7,-90.4573,-90.0759,90.0495,-89.926,-0.0583,-0.4935,0.0955,,
1780128047,103608495,right_base_state,right_joint_1,right_joint_2,right_joint_3,right_joint_4,right_joint_5,right_joint_6,right_joint_7,-90.4573,-90.0759,90.0495,-89.926,-0.0583,-0.4934,0.0955,,
1780128047,113781511,right_base_state,right_joint_1,right_joint_2,right_joint_3,right_joint_4,right_joint_5,right_joint_6,right_joint_7,-90.4573,-90.0759,90.0495,-89.926,-0.0583,-0.4934,0.0955,,
1780128047,123637876,right_base_state,right_joint_1,right_joint_2,right_joint_3,right_joint_4,right_joint_5,right_joint_6,right_joint_7,-90.4573,-90.0759,90.0495,-89.926,-0.0582,-0.4935,0.0955,,
1780128047,133775823,right_base_state,right_joint_1,right_joint_2,right_joint_3,right_joint_4,right_joint_5,right_joint_6,right_joint_7,-90.4573,-90.0759,90.0495,-89.926,-0.0582,-0.4935,0.0955,,
1780128047,143897630,right_base_state,right_joint_1,right_joint_2,right_joint_3,right_joint_4,right_joint_5,right_joint_6,right_joint_7,-90.4573,-90.0759,90.0495,-89.926,-0.0582,-0.4935,0.0955,,
1780128047,153582933,right_base_state,right_joint_1,right_joint_2,right_joint_3,right_joint_4,right_joint_5,right_joint_6,right_joint_7,-90.4573,-90.0759,90.0495,-89.926,-0.0583,-0.4935,0.0955,,
1780128047,164084617,right_base_state,right_joint_1,right_joint_2,right_joint_3,right_joint_4,right_joint_5,right_joint_6,right_joint_7,-90.4573,-90.0759,90.0495,-89.926,-0.0583,-0.4935,0.0955,,
1780128047,173744885,right_base_state,right_joint_1,right_joint_2,right_joint_3,right_joint_4,right_joint_5,right_joint_6,right_joint_7,-90.4573,-90.0759,90.0495,-89.926,-0.0582,-0.4935,0.0955,,
1780128047,183931925,right_base_state,right_joint_1,right_joint_2,right_joint_3,right_joint_4,right_joint_5,right_joint_6,right_joint_7,-90.4573,-90.0759,90.0495,-89.926,-0.0583,-0.4935,0.0955,,
1780128047,193717185,right_base_state,right_joint_1,right_joint_2,right_joint_3,right_joint_4,right_joint_5,right_joint_6,right_joint_7,-90.4573,-90.0759,90.0495,-89.926,-0.0582,-0.4935,0.0955,,
1780128047,203696827,right_base_state,right_joint_1,right_joint_2,right_joint_3,right_joint_4,right_joint_5,right_joint_6,right_joint_7,-90.4573,-90.0759,90.0495,-89.926,-0.0583,-0.4935,0.0955,,
1780128047,213673539,right_base_state,right_joint_1,right_joint_2,right_joint_3,right_joint_4,right_joint_5,right_joint_6,right_joint_7,-90.4573,-90.0759,90.0495,-89.926,-0.0582,-0.4935,0.0955,,
1780128047,223668885,right_base_state,right_joint_1,right_joint_2,right_joint_3,right_joint_4,right_joint_5,right_joint_6,right_joint_7,-90.4573,-90.0759,90.0495,-89.926,-0.0582,-0.4935,0.0955,,
1780128047,233745235,right_base_state,right_joint_1,right_joint_2,right_joint_3,right_joint_4,right_joint_5,right_joint_6,right_joint_7,-90.4573,-90.0759,90.0495,-89.926,-0.0583,-0.4935,0.0955,,
1780128047,244047178,right_base_state,right_joint_1,right_joint_2,right_joint_3,right_joint_4,right_joint_5,right_joint_6,right_joint_7,-90.4573,-90.0759,90.0495,-89.926,-0.0582,-0.4935,0.0955,,
1780128047,253670147,right_base_state,right_joint_1,right_joint_2,right_joint_3,right_joint_4,right_joint_5,right_joint_6,right_joint_7,-90.4573,-90.0759,90.0495,-89.926,-0.0582,-0.4935,0.0955,,
1780128047,263648656,right_base_state,right_joint_1,right_joint_2,right_joint_3,right_joint_4,right_joint_5,right_joint_6,right_joint_7,-90.4573,-90.0759,90.0495,-89.926,-0.0583,-0.4935,0.0955,,
1780128047,273599938,right_base_state,right_joint_1,right_joint_2,right_joint_3,right_joint_4,right_joint_5,right_joint_6,right_joint_7,-90.4573,-90.0759,90.0495,-89.926,-0.0582,-0.4935,0.0955,,
1780128047,283755560,right_base_state,right_joint_1,right_joint_2,right_joint_3,right_joint_4,right_joint_5,right_joint_6,right_joint_7,-90.4573,-90.0759,90.0495,-89.926,-0.0583,-0.4934,0.0955,,
1780128047,293887865,right_base_state,right_joint_1,right_joint_2,right_joint_3,right_joint_4,right_joint_5,right_joint_6,right_joint_7,-90.4573,-90.0759,90.0495,-89.926,-0.0582,-0.4935,0.0955,,
1780128047,303570971,right_base_state,right_joint_1,right_joint_2,right_joint_3,right_joint_4,right_joint_5,right_joint_6,right_joint_7,-90.4573,-90.0759,90.0495,-89.926,-0.0583,-0.4934,0.0955,,
1780128047,313894462,right_base_state,right_joint_1,right_joint_2,right_joint_3,right_joint_4,right_joint_5,right_joint_6,right_joint_7,-90.4573,-90.0759,90.0495,-89.926,-0.0583,-0.4934,0.0955,,
1780128047,323699135,right_base_state,right_joint_1,right_joint_2,right_joint_3,right_joint_4,right_joint_5,right_joint_6,right_joint_7,-90.4573,-90.0759,90.0495,-89.926,-0.0583,-0.4934,0.0955,,
1780128047,333841940,right_base_state,right_joint_1,right_joint_2,right_joint_3,right_joint_4,right_joint_5,right_joint_6,right_joint_7,-90.4573,-90.0759,90.0495,-89.926,-0.0582,-0.4934,0.0955,,
1780128047,343687562,right_base_state,right_joint_1,right_joint_2,right_joint_3,right_joint_4,right_joint_5,right_joint_6,right_joint_7,-90.4573,-90.0759,90.0495,-89.926,-0.0583,-0.4934,0.0955,,
1780128047,353952774,right_base_state,right_joint_1,right_joint_2,right_joint_3,right_joint_4,right_joint_5,right_joint_6,right_joint_7,-90.4573,-90.0759,90.0495,-89.926,-0.0582,-0.4935,0.0955,,
1780128047,363778245,right_base_state,right_joint_1,right_joint_2,right_joint_3,right_joint_4,right_joint_5,right_joint_6,right_joint_7,-90.4573,-90.0759,90.0495,-89.926,-0.0583,-0.4934,0.0955,,
1780128047,373682104,right_base_state,right_joint_1,right_joint_2,right_joint_3,right_joint_4,right_joint_5,right_joint_6,right_joint_7,-90.4573,-90.0759,90.0495,-89.926,-0.0583,-0.4934,0.0955,,
1780128047,383654457,right_base_state,right_joint_1,right_joint_2,right_joint_3,right_joint_4,right_joint_5,right_joint_6,right_joint_7,-90.4573,-90.0759,90.0495,-89.926,-0.0583,-0.4935,0.0955,,
1780128047,393923172,right_base_state,right_joint_1,right_joint_2,right_joint_3,right_joint_4,right_joint_5,right_joint_6,right_joint_7,-90.4573,-90.0759,90.0495,-89.926,-0.0583,-0.4935,0.0955,,
1780128047,403600685,right_base_state,right_joint_1,right_joint_2,right_joint_3,right_joint_4,right_joint_5,right_joint_6,right_joint_7,-90.4573,-90.0759,90.0495,-89.926,-0.0582,-0.4934,0.0955,,
1780128047,413982705,right_base_state,right_joint_1,right_joint_2,right_joint_3,right_joint_4,right_joint_5,right_joint_6,right_joint_7,-90.4573,-90.0759,90.0495,-89.926,-0.0582,-0.4935,0.0955,,
1780128047,423623081,right_base_state,right_joint_1,right_joint_2,right_joint_3,right_joint_4,right_joint_5,right_joint_6,right_joint_7,-90.4573,-90.0759,90.0495,-89.926,-0.0582,-0.4934,0.0955,,
1780128047,433731010,right_base_state,right_joint_1,right_joint_2,right_joint_3,right_joint_4,right_joint_5,right_joint_6,right_joint_7,-90.4573,-90.0759,90.0495,-89.926,-0.0583,-0.4935,0.0955,,
1780128047,443889330,right_base_state,right_joint_1,right_joint_2,right_joint_3,right_joint_4,right_joint_5,right_joint_6,right_joint_7,-90.4573,-90.0759,90.0495,-89.926,-0.0583,-0.4935,0.0955,,
1780128047,453632375,right_base_state,right_joint_1,right_joint_2,right_joint_3,right_joint_4,right_joint_5,right_joint_6,right_joint_7,-90.4573,-90.0759,90.0495,-89.926,-0.0582,-0.4935,0.0955,,
1780128047,463696426,right_base_state,right_joint_1,right_joint_2,right_joint_3,right_joint_4,right_joint_5,right_joint_6,right_joint_7,-90.4573,-90.0759,90.0495,-89.926,-0.0582,-0.4935,0.0955,,
1780128047,473859223,right_base_state,right_joint_1,right_joint_2,right_joint_3,right_joint_4,right_joint_5,right_joint_6,right_joint_7,-90.4573,-90.0759,90.0495,-89.926,-0.0582,-0.4935,0.0955,,
1780128047,483699672,right_base_state,right_joint_1,right_joint_2,right_joint_3,right_joint_4,right_joint_5,right_joint_6,right_joint_7,-90.4573,-90.0759,90.0495,-89.926,-0.0582,-0.4935,0.0955,,
1780128047,493723821,right_base_state,right_joint_1,right_joint_2,right_joint_3,right_joint_4,right_joint_5,right_joint_6,right_joint_7,-90.4573,-90.0759,90.0495,-89.926,-0.0583,-0.4935,0.0955,,
1780128047,503518865,right_base_state,right_joint_1,right_joint_2,right_joint_3,right_joint_4,right_joint_5,right_joint_6,right_joint_7,-90.4573,-90.0759,90.0495,-89.926,-0.0582,-0.4934,0.0955,,
1780128047,513720460,right_base_state,right_joint_1,right_joint_2,right_joint_3,right_joint_4,right_joint_5,right_joint_6,right_joint_7,-90.4573,-90.0759,90.0495,-89.926,-0.0582,-0.4935,0.0955,,
1780128047,523681005,right_base_state,right_joint_1,right_joint_2,right_joint_3,right_joint_4,right_joint_5,right_joint_6,right_joint_7,-90.4573,-90.0759,90.0495,-89.926,-0.0583,-0.4935,0.0955,,
1780128047,533732756,right_base_state,right_joint_1,right_joint_2,right_joint_3,right_joint_4,right_joint_5,right_joint_6,right_joint_7,-90.4573,-90.0759,90.0495,-89.926,-0.0582,-0.4935,0.0955,,
1780128047,543673790,right_base_state,right_joint_1,right_joint_2,right_joint_3,right_joint_4,right_joint_5,right_joint_6,right_joint_7,-90.4573,-90.0759,90.0495,-89.926,-0.0582,-0.4935,0.0955,,
1780128047,553626803,right_base_state,right_joint_1,right_joint_2,right_joint_3,right_joint_4,right_joint_5,right_joint_6,right_joint_7,-90.4573,-90.0759,90.0495,-89.926,-0.0582,-0.4935,0.0955,,
1780128047,563617415,right_base_state,right_joint_1,right_joint_2,right_joint_3,right_joint_4,right_joint_5,right_joint_6,right_joint_7,-90.4573,-90.0759,90.0495,-89.926,-0.0582,-0.4935,0.0955,,
1780128047,573808169,right_base_state,right_joint_1,right_joint_2,right_joint_3,right_joint_4,right_joint_5,right_joint_6,right_joint_7,-90.4573,-90.0759,90.0495,-89.926,-0.0582,-0.4935,0.0955,,
1780128047,583727392,right_base_state,right_joint_1,right_joint_2,right_joint_3,right_joint_4,right_joint_5,right_joint_6,right_joint_7,-90.4573,-90.0759,90.0495,-89.926,-0.0582,-0.4934,0.0955,,
1780128047,593897385,right_base_state,right_joint_1,right_joint_2,right_joint_3,right_joint_4,right_joint_5,right_joint_6,right_joint_7,-90.4573,-90.0759,90.0495,-89.926,-0.0582,-0.4935,0.0955,,
1780128047,603704159,right_base_state,right_joint_1,right_joint_2,right_joint_3,right_joint_4,right_joint_5,right_joint_6,right_joint_7,-90.4573,-90.0759,90.0495,-89.926,-0.0583,-0.4935,0.0955,,
1780128047,615370381,right_base_state,right_joint_1,right_joint_2,right_joint_3,right_joint_4,right_joint_5,right_joint_6,right_joint_7,-90.4573,-90.0759,90.0495,-89.926,-0.0583,-0.4935,0.0955,,
1780128047,623764753,right_base_state,right_joint_1,right_joint_2,right_joint_3,right_joint_4,right_joint_5,right_joint_6,right_joint_7,-90.4573,-90.0759,90.0495,-89.926,-0.0582,-0.4935,0.0955,,
1780128047,634095305,right_base_state,right_joint_1,right_joint_2,right_joint_3,right_joint_4,right_joint_5,right_joint_6,right_joint_7,-90.4573,-90.0759,90.0495,-89.926,-0.0583,-0.4935,0.0955,,
1780128047,643800863,right_base_state,right_joint_1,right_joint_2,right_joint_3,right_joint_4,right_joint_5,right_joint_6,right_joint_7,-90.4573,-90.0759,90.0495,-89.926,-0.0582,-0.4935,0.0955,,
1780128047,653604549,right_base_state,right_joint_1,right_joint_2,right_joint_3,right_joint_4,right_joint_5,right_joint_6,right_joint_7,-90.4573,-90.0759,90.0495,-89.926,-0.0583,-0.4934,0.0955,,
1780128047,663611721,right_base_state,right_joint_1,right_joint_2,right_joint_3,right_joint_4,right_joint_5,right_joint_6,right_joint_7,-90.4573,-90.0759,90.0495,-89.926,-0.0583,-0.4934,0.0955,,
1780128047,673670325,right_base_state,right_joint_1,right_joint_2,right_joint_3,right_joint_4,right_joint_5,right_joint_6,right_joint_7,-90.4573,-90.0759,90.0495,-89.926,-0.0583,-0.4935,0.0955,,
1780128047,684543701,right_base_state,right_joint_1,right_joint_2,right_joint_3,right_joint_4,right_joint_5,right_joint_6,right_joint_7,-90.4573,-90.0759,90.0495,-89.926,-0.0583,-0.4935,0.0955,,
1780128047,693787719,right_base_state,right_joint_1,right_joint_2,right_joint_3,right_joint_4,right_joint_5,right_joint_6,right_joint_7,-90.4573,-90.0759,90.0495,-89.926,-0.0583,-0.4935,0.0955,,
1780128047,703650565,right_base_state,right_joint_1,right_joint_2,right_joint_3,right_joint_4,right_joint_5,right_joint_6,right_joint_7,-90.4573,-90.0759,90.0495,-89.926,-0.0582,-0.4934,0.0955,,
1780128047,713624830,right_base_state,right_joint_1,right_joint_2,right_joint_3,right_joint_4,right_joint_5,right_joint_6,right_joint_7,-90.4573,-90.0759,90.0495,-89.926,-0.0583,-0.4934,0.0955,,
1780128047,723739354,right_base_state,right_joint_1,right_joint_2,right_joint_3,right_joint_4,right_joint_5,right_joint_6,right_joint_7,-90.4573,-90.0759,90.0495,-89.926,-0.0583,-0.4935,0.0955,,
1780128047,733756426,right_base_state,right_joint_1,right_joint_2,right_joint_3,right_joint_4,right_joint_5,right_joint_6,right_joint_7,-90.4573,-90.0759,90.0495,-89.926,-0.0583,-0.4934,0.0955,,
1780128047,743839691,right_base_state,right_joint_1,right_joint_2,right_joint_3,right_joint_4,right_joint_5,right_joint_6,right_joint_7,-90.4573,-90.0759,90.0495,-89.926,-0.0583,-0.4935,0.0955,,
1780128047,753573338,right_base_state,right_joint_1,right_joint_2,right_joint_3,right_joint_4,right_joint_5,right_joint_6,right_joint_7,-90.4573,-90.0759,90.0495,-89.926,-0.0583,-0.4935,0.0955,,
1780128047,764257626,right_base_state,right_joint_1,right_joint_2,right_joint_3,right_joint_4,right_joint_5,right_joint_6,right_joint_7,-90.4573,-90.0759,90.0495,-89.926,-0.0582,-0.4935,0.0955,,
1780128047,775298090,right_base_state,right_joint_1,right_joint_2,right_joint_3,right_joint_4,right_joint_5,right_joint_6,right_joint_7,-90.4573,-90.0759,90.0495,-89.926,-0.0583,-0.4935,0.0955,,
1780128047,783766833,right_base_state,right_joint_1,right_joint_2,right_joint_3,right_joint_4,right_joint_5,right_joint_6,right_joint_7,-90.4573,-90.0759,90.0495,-89.926,-0.0582,-0.4935,0.0955,,
1780128047,793804056,right_base_state,right_joint_1,right_joint_2,right_joint_3,right_joint_4,right_joint_5,right_joint_6,right_joint_7,-90.4573,-90.0759,90.0495,-89.926,-0.0582,-0.4935,0.0955,,
1780128047,803587634,right_base_state,right_joint_1,right_joint_2,right_joint_3,right_joint_4,right_joint_5,right_joint_6,right_joint_7,-90.4573,-90.0759,90.0495,-89.926,-0.0582,-0.4935,0.0955,,
1780128047,813732996,right_base_state,right_joint_1,right_joint_2,right_joint_3,right_joint_4,right_joint_5,right_joint_6,right_joint_7,-90.4573,-90.0759,90.0495,-89.926,-0.0583,-0.4935,0.0955,,
1780128047,823700201,right_base_state,right_joint_1,right_joint_2,right_joint_3,right_joint_4,right_joint_5,right_joint_6,right_joint_7,-90.4573,-90.0759,90.0495,-89.926,-0.0583,-0.4935,0.0955,,
1780128047,833640741,right_base_state,right_joint_1,right_joint_2,right_joint_3,right_joint_4,right_joint_5,right_joint_6,right_joint_7,-90.4573,-90.0759,90.0495,-89.926,-0.0583,-0.4934,0.0955,,
1780128047,843667139,right_base_state,right_joint_1,right_joint_2,right_joint_3,right_joint_4,right_joint_5,right_joint_6,right_joint_7,-90.4573,-90.0759,90.0495,-89.926,-0.0582,-0.4935,0.0955,,
1780128047,853626341,right_base_state,right_joint_1,right_joint_2,right_joint_3,right_joint_4,right_joint_5,right_joint_6,right_joint_7,-90.4573,-90.0759,90.0495,-89.926,-0.0582,-0.4935,0.0955,,
1780128047,863720670,right_base_state,right_joint_1,right_joint_2,right_joint_3,right_joint_4,right_joint_5,right_joint_6,right_joint_7,-90.4573,-90.0759,90.0495,-89.926,-0.0583,-0.4934,0.0955,,
1780128047,873782732,right_base_state,right_joint_1,right_joint_2,right_joint_3,right_joint_4,right_joint_5,right_joint_6,right_joint_7,-90.4573,-90.0759,90.0495,-89.926,-0.0583,-0.4934,0.0955,,
1780128047,883847989,right_base_state,right_joint_1,right_joint_2,right_joint_3,right_joint_4,right_joint_5,right_joint_6,right_joint_7,-90.4573,-90.0759,90.0495,-89.926,-0.0583,-0.4935,0.0955,,
1780128047,893807720,right_base_state,right_joint_1,right_joint_2,right_joint_3,right_joint_4,right_joint_5,right_joint_6,right_joint_7,-90.4573,-90.0759,90.0495,-89.926,-0.0582,-0.4935,0.0955,,
1780128047,903597680,right_base_state,right_joint_1,right_joint_2,right_joint_3,right_joint_4,right_joint_5,right_joint_6,right_joint_7,-90.4573,-90.0759,90.0495,-89.926,-0.0583,-0.4934,0.0955,,
1780128047,913781453,right_base_state,right_joint_1,right_joint_2,right_joint_3,right_joint_4,right_joint_5,right_joint_6,right_joint_7,-90.4573,-90.0759,90.0495,-89.926,-0.0583,-0.4935,0.0955,,
1780128047,924500291,right_base_state,right_joint_1,right_joint_2,right_joint_3,right_joint_4,right_joint_5,right_joint_6,right_joint_7,-90.4573,-90.0759,90.0495,-89.926,-0.0582,-0.4935,0.0955,,
1780128047,933703935,right_base_state,right_joint_1,right_joint_2,right_joint_3,right_joint_4,right_joint_5,right_joint_6,right_joint_7,-90.4573,-90.0759,90.0495,-89.926,-0.0582,-0.4934,0.0955,,
1780128047,943898597,right_base_state,right_joint_1,right_joint_2,right_joint_3,right_joint_4,right_joint_5,right_joint_6,right_joint_7,-90.4573,-90.0759,90.0495,-89.926,-0.0582,-0.4934,0.0955,,
1780128047,954744903,right_base_state,right_joint_1,right_joint_2,right_joint_3,right_joint_4,right_joint_5,right_joint_6,right_joint_7,-90.4573,-90.0759,90.0495,-89.926,-0.0582,-0.4935,0.0955,,
1780128047,963639960,right_base_state,right_joint_1,right_joint_2,right_joint_3,right_joint_4,right_joint_5,right_joint_6,right_joint_7,-90.4573,-90.0759,90.0495,-89.926,-0.0582,-0.4935,0.0955,,
1780128047,973657607,right_base_state,right_joint_1,right_joint_2,right_joint_3,right_joint_4,right_joint_5,right_joint_6,right_joint_7,-90.4573,-90.0759,90.0495,-89.926,-0.0583,-0.4935,0.0955,,
1780128047,983724111,right_base_state,right_joint_1,right_joint_2,right_joint_3,right_joint_4,right_joint_5,right_joint_6,right_joint_7,-90.4573,-90.0759,90.0495,-89.926,-0.0582,-0.4934,0.0955,,
1780128047,993690174,right_base_state,right_joint_1,right_joint_2,right_joint_3,right_joint_4,right_joint_5,right_joint_6,right_joint_7,-90.4573,-90.0759,90.0495,-89.926,-0.0582,-0.4935,0.0955,,
1780128048,3548736,right_base_state,right_joint_1,right_joint_2,right_joint_3,right_joint_4,right_joint_5,right_joint_6,right_joint_7,-90.4573,-90.0759,90.0495,-89.926,-0.0583,-0.4935,0.0955,,
1780128048,13799051,right_base_state,right_joint_1,right_joint_2,right_joint_3,right_joint_4,right_joint_5,right_joint_6,right_joint_7,-90.4573,-90.0759,90.0495,-89.926,-0.0582,-0.4935,0.0955,,
1780128048,23919483,right_base_state,right_joint_1,right_joint_2,right_joint_3,right_joint_4,right_joint_5,right_joint_6,right_joint_7,-90.4573,-90.0759,90.0495,-89.926,-0.0583,-0.4934,0.0955,,
1780128048,33693196,right_base_state,right_joint_1,right_joint_2,right_joint_3,right_joint_4,right_joint_5,right_joint_6,right_joint_7,-90.4573,-90.0759,90.0495,-89.926,-0.0582,-0.4934,0.0955,,
1780128048,43687167,right_base_state,right_joint_1,right_joint_2,right_joint_3,right_joint_4,right_joint_5,right_joint_6,right_joint_7,-90.4573,-90.0759,90.0495,-89.926,-0.0583,-0.4935,0.0955,,
1780128048,53999714,right_base_state,right_joint_1,right_joint_2,right_joint_3,right_joint_4,right_joint_5,right_joint_6,right_joint_7,-90.4573,-90.0759,90.0495,-89.926,-0.0582,-0.4935,0.0955,,
1780128048,63617578,right_base_state,right_joint_1,right_joint_2,right_joint_3,right_joint_4,right_joint_5,right_joint_6,right_joint_7,-90.4573,-90.0759,90.0495,-89.926,-0.0582,-0.4935,0.0955,,
1780128048,74476835,right_base_state,right_joint_1,right_joint_2,right_joint_3,right_joint_4,right_joint_5,right_joint_6,right_joint_7,-90.4573,-90.0759,90.0495,-89.926,-0.0583,-0.4935,0.0955,,
1780128048,83655878,right_base_state,right_joint_1,right_joint_2,right_joint_3,right_joint_4,right_joint_5,right_joint_6,right_joint_7,-90.4573,-90.0759,90.0495,-89.926,-0.0583,-0.4935,0.0955,,
1780128048,93693022,right_base_state,right_joint_1,right_joint_2,right_joint_3,right_joint_4,right_joint_5,right_joint_6,right_joint_7,-90.4573,-90.0759,90.0495,-89.926,-0.0582,-0.4935,0.0955,,
1780128048,103804962,right_base_state,right_joint_1,right_joint_2,right_joint_3,right_joint_4,right_joint_5,right_joint_6,right_joint_7,-90.4573,-90.0759,90.0495,-89.926,-0.0583,-0.4935,0.0955,,
1780128048,113637650,right_base_state,right_joint_1,right_joint_2,right_joint_3,right_joint_4,right_joint_5,right_joint_6,right_joint_7,-90.4573,-90.0759,90.0495,-89.926,-0.0582,-0.4934,0.0955,,
1780128048,123753804,right_base_state,right_joint_1,right_joint_2,right_joint_3,right_joint_4,right_joint_5,right_joint_6,right_joint_7,-90.4573,-90.0759,90.0495,-89.926,-0.0582,-0.4935,0.0955,,
1780128048,133778268,right_base_state,right_joint_1,right_joint_2,right_joint_3,right_joint_4,right_joint_5,right_joint_6,right_joint_7,-90.4573,-90.0759,90.0495,-89.926,-0.0582,-0.4935,0.0955,,
1780128048,143788295,right_base_state,right_joint_1,right_joint_2,right_joint_3,right_joint_4,right_joint_5,right_joint_6,right_joint_7,-90.4573,-90.0759,90.0495,-89.926,-0.0582,-0.4934,0.0955,,
1780128048,153693835,right_base_state,right_joint_1,right_joint_2,right_joint_3,right_joint_4,right_joint_5,right_joint_6,right_joint_7,-90.4573,-90.0759,90.0495,-89.926,-0.0582,-0.4935,0.0955,,
1780128048,163625630,right_base_state,right_joint_1,right_joint_2,right_joint_3,right_joint_4,right_joint_5,right_joint_6,right_joint_7,-90.4573,-90.0759,90.0495,-89.926,-0.0582,-0.4935,0.0955,,
1780128048,173641286,right_base_state,right_joint_1,right_joint_2,right_joint_3,right_joint_4,right_joint_5,right_joint_6,right_joint_7,-90.4573,-90.0759,90.0495,-89.926,-0.0583,-0.4935,0.0955,,
1780128048,183808353,right_base_state,right_joint_1,right_joint_2,right_joint_3,right_joint_4,right_joint_5,right_joint_6,right_joint_7,-90.4573,-90.0759,90.0495,-89.926,-0.0583,-0.4935,0.0955,,
1780128048,193841317,right_base_state,right_joint_1,right_joint_2,right_joint_3,right_joint_4,right_joint_5,right_joint_6,right_joint_7,-90.4573,-90.0759,90.0495,-89.926,-0.0582,-0.4935,0.0955,,
1780128048,204453107,right_base_state,right_joint_1,right_joint_2,right_joint_3,right_joint_4,right_joint_5,right_joint_6,right_joint_7,-90.4573,-90.0759,90.0495,-89.926,-0.0582,-0.4934,0.0955,,
1780128048,215193903,right_base_state,right_joint_1,right_joint_2,right_joint_3,right_joint_4,right_joint_5,right_joint_6,right_joint_7,-90.4573,-90.0759,90.0495,-89.926,-0.0583,-0.4935,0.0955,,
1780128048,223699753,right_base_state,right_joint_1,right_joint_2,right_joint_3,right_joint_4,right_joint_5,right_joint_6,right_joint_7,-90.4573,-90.0759,90.0495,-89.926,-0.0582,-0.4935,0.0955,,
1780128048,234067536,right_base_state,right_joint_1,right_joint_2,right_joint_3,right_joint_4,right_joint_5,right_joint_6,right_joint_7,-90.4573,-90.0759,90.0495,-89.926,-0.0582,-0.4935,0.0955,,
1780128048,243842410,right_base_state,right_joint_1,right_joint_2,right_joint_3,right_joint_4,right_joint_5,right_joint_6,right_joint_7,-90.4573,-90.0759,90.0495,-89.926,-0.0583,-0.4934,0.0955,,
1780128048,254148550,right_base_state,right_joint_1,right_joint_2,right_joint_3,right_joint_4,right_joint_5,right_joint_6,right_joint_7,-90.4573,-90.0759,90.0495,-89.926,-0.0582,-0.4935,0.0955,,
1780128048,263600128,right_base_state,right_joint_1,right_joint_2,right_joint_3,right_joint_4,right_joint_5,right_joint_6,right_joint_7,-90.4573,-90.0759,90.0495,-89.926,-0.0582,-0.4935,0.0955,,
1780128048,273739010,right_base_state,right_joint_1,right_joint_2,right_joint_3,right_joint_4,right_joint_5,right_joint_6,right_joint_7,-90.4573,-90.0759,90.0495,-89.926,-0.0583,-0.4934,0.0955,,
1780128048,283716429,right_base_state,right_joint_1,right_joint_2,right_joint_3,right_joint_4,right_joint_5,right_joint_6,right_joint_7,-90.4573,-90.0759,90.0495,-89.926,-0.0582,-0.4935,0.0955,,
1780128048,293804539,right_base_state,right_joint_1,right_joint_2,right_joint_3,right_joint_4,right_joint_5,right_joint_6,right_joint_7,-90.4573,-90.0759,90.0495,-89.926,-0.0583,-0.4935,0.0955,,
1780128048,303568483,right_base_state,right_joint_1,right_joint_2,right_joint_3,right_joint_4,right_joint_5,right_joint_6,right_joint_7,-90.4573,-90.0759,90.0495,-89.926,-0.0583,-0.4935,0.0955,,
1780128048,313615423,right_base_state,right_joint_1,right_joint_2,right_joint_3,right_joint_4,right_joint_5,right_joint_6,right_joint_7,-90.4573,-90.0759,90.0495,-89.926,-0.0583,-0.4935,0.0955,,
1780128048,323632093,right_base_state,right_joint_1,right_joint_2,right_joint_3,right_joint_4,right_joint_5,right_joint_6,right_joint_7,-90.4573,-90.0759,90.0495,-89.926,-0.0582,-0.4935,0.0955,,
1780128048,333673547,right_base_state,right_joint_1,right_joint_2,right_joint_3,right_joint_4,right_joint_5,right_joint_6,right_joint_7,-90.4573,-90.0759,90.0495,-89.926,-0.0582,-0.4935,0.0955,,
1780128048,343801850,right_base_state,right_joint_1,right_joint_2,right_joint_3,right_joint_4,right_joint_5,right_joint_6,right_joint_7,-90.4573,-90.0759,90.0495,-89.926,-0.0582,-0.4935,0.0955,,
1780128048,353958194,right_base_state,right_joint_1,right_joint_2,right_joint_3,right_joint_4,right_joint_5,right_joint_6,right_joint_7,-90.4573,-90.0759,90.0495,-89.926,-0.0582,-0.4935,0.0955,,
1780128048,363764641,right_base_state,right_joint_1,right_joint_2,right_joint_3,right_joint_4,right_joint_5,right_joint_6,right_joint_7,-90.4573,-90.0759,90.0495,-89.926,-0.0583,-0.4935,0.0955,,
1780128048,375556548,right_base_state,right_joint_1,right_joint_2,right_joint_3,right_joint_4,right_joint_5,right_joint_6,right_joint_7,-90.4573,-90.0759,90.0495,-89.926,-0.0582,-0.4934,0.0955,,
1780128048,383821206,right_base_state,right_joint_1,right_joint_2,right_joint_3,right_joint_4,right_joint_5,right_joint_6,right_joint_7,-90.4573,-90.0759,90.0495,-89.926,-0.0583,-0.4935,0.0955,,
1780128048,393761524,right_base_state,right_joint_1,right_joint_2,right_joint_3,right_joint_4,right_joint_5,right_joint_6,right_joint_7,-90.4573,-90.0759,90.0495,-89.926,-0.0583,-0.4935,0.0955,,
1780128048,403599629,right_base_state,right_joint_1,right_joint_2,right_joint_3,right_joint_4,right_joint_5,right_joint_6,right_joint_7,-90.4573,-90.0759,90.0495,-89.926,-0.0583,-0.4934,0.0955,,
1780128048,413703183,right_base_state,right_joint_1,right_joint_2,right_joint_3,right_joint_4,right_joint_5,right_joint_6,right_joint_7,-90.4573,-90.0759,90.0495,-89.926,-0.0583,-0.4935,0.0955,,
1780128048,423643552,right_base_state,right_joint_1,right_joint_2,right_joint_3,right_joint_4,right_joint_5,right_joint_6,right_joint_7,-90.4573,-90.0759,90.0495,-89.926,-0.0583,-0.4934,0.0955,,
1780128048,433824590,right_base_state,right_joint_1,right_joint_2,right_joint_3,right_joint_4,right_joint_5,right_joint_6,right_joint_7,-90.4573,-90.0759,90.0495,-89.926,-0.0583,-0.4934,0.0955,,
1780128048,443654474,right_base_state,right_joint_1,right_joint_2,right_joint_3,right_joint_4,right_joint_5,right_joint_6,right_joint_7,-90.4573,-90.0759,90.0495,-89.926,-0.0582,-0.4935,0.0955,,
1780128048,453564630,right_base_state,right_joint_1,right_joint_2,right_joint_3,right_joint_4,right_joint_5,right_joint_6,right_joint_7,-90.4573,-90.0759,90.0495,-89.926,-0.0582,-0.4935,0.0955,,
1780128048,463705476,right_base_state,right_joint_1,right_joint_2,right_joint_3,right_joint_4,right_joint_5,right_joint_6,right_joint_7,-90.4573,-90.0759,90.0495,-89.926,-0.0582,-0.4934,0.0955,,
1780128048,473651822,right_base_state,right_joint_1,right_joint_2,right_joint_3,right_joint_4,right_joint_5,right_joint_6,right_joint_7,-90.4573,-90.0759,90.0495,-89.926,-0.0583,-0.4935,0.0955,,
1780128048,483752556,right_base_state,right_joint_1,right_joint_2,right_joint_3,right_joint_4,right_joint_5,right_joint_6,right_joint_7,-90.4573,-90.0759,90.0495,-89.926,-0.0583,-0.4935,0.0955,,
1780128048,493797230,right_base_state,right_joint_1,right_joint_2,right_joint_3,right_joint_4,right_joint_5,right_joint_6,right_joint_7,-90.4573,-90.0759,90.0495,-89.926,-0.0582,-0.4934,0.0955,,
1780128048,505437056,right_base_state,right_joint_1,right_joint_2,right_joint_3,right_joint_4,right_joint_5,right_joint_6,right_joint_7,-90.4573,-90.0759,90.0495,-89.926,-0.0583,-0.4935,0.0955,,
1780128048,513605980,right_base_state,right_joint_1,right_joint_2,right_joint_3,right_joint_4,right_joint_5,right_joint_6,right_joint_7,-90.4573,-90.0759,90.0495,-89.926,-0.0583,-0.4934,0.0955,,
1780128048,523631021,right_base_state,right_joint_1,right_joint_2,right_joint_3,right_joint_4,right_joint_5,right_joint_6,right_joint_7,-90.4573,-90.0759,90.0495,-89.926,-0.0583,-0.4935,0.0955,,
1780128048,533715770,right_base_state,right_joint_1,right_joint_2,right_joint_3,right_joint_4,right_joint_5,right_joint_6,right_joint_7,-90.4573,-90.0759,90.0495,-89.926,-0.0582,-0.4935,0.0955,,
1780128048,543752872,right_base_state,right_joint_1,right_joint_2,right_joint_3,right_joint_4,right_joint_5,right_joint_6,right_joint_7,-90.4573,-90.0759,90.0495,-89.926,-0.0582,-0.4935,0.0955,,
1780128048,553607122,right_base_state,right_joint_1,right_joint_2,right_joint_3,right_joint_4,right_joint_5,right_joint_6,right_joint_7,-90.4573,-90.0759,90.0495,-89.926,-0.0583,-0.4934,0.0955,,
1780128048,563698797,right_base_state,right_joint_1,right_joint_2,right_joint_3,right_joint_4,right_joint_5,right_joint_6,right_joint_7,-90.4573,-90.0759,90.0495,-89.926,-0.0582,-0.4935,0.0955,,
1780128048,573770027,right_base_state,right_joint_1,right_joint_2,right_joint_3,right_joint_4,right_joint_5,right_joint_6,right_joint_7,-90.4573,-90.0759,90.0495,-89.926,-0.0582,-0.4935,0.0955,,
1780128048,584045006,right_base_state,right_joint_1,right_joint_2,right_joint_3,right_joint_4,right_joint_5,right_joint_6,right_joint_7,-90.4573,-90.0759,90.0495,-89.926,-0.0583,-0.4934,0.0955,,
1780128048,593717770,right_base_state,right_joint_1,right_joint_2,right_joint_3,right_joint_4,right_joint_5,right_joint_6,right_joint_7,-90.4573,-90.0759,90.0495,-89.926,-0.0583,-0.4934,0.0955,,
1780128048,603596626,right_base_state,right_joint_1,right_joint_2,right_joint_3,right_joint_4,right_joint_5,right_joint_6,right_joint_7,-90.4573,-90.0759,90.0495,-89.926,-0.0582,-0.4935,0.0955,,
1780128048,613765177,right_base_state,right_joint_1,right_joint_2,right_joint_3,right_joint_4,right_joint_5,right_joint_6,right_joint_7,-90.4573,-90.0759,90.0495,-89.926,-0.0583,-0.4935,0.0955,,
1780128048,623619437,right_base_state,right_joint_1,right_joint_2,right_joint_3,right_joint_4,right_joint_5,right_joint_6,right_joint_7,-90.4573,-90.0759,90.0495,-89.926,-0.0583,-0.4935,0.0955,,
1780128048,633769046,right_base_state,right_joint_1,right_joint_2,right_joint_3,right_joint_4,right_joint_5,right_joint_6,right_joint_7,-90.4573,-90.0759,90.0495,-89.926,-0.0583,-0.4935,0.0955,,
1780128048,643773952,right_base_state,right_joint_1,right_joint_2,right_joint_3,right_joint_4,right_joint_5,right_joint_6,right_joint_7,-90.4573,-90.0759,90.0495,-89.926,-0.0583,-0.4934,0.0955,,
1780128048,653582617,right_base_state,right_joint_1,right_joint_2,right_joint_3,right_joint_4,right_joint_5,right_joint_6,right_joint_7,-90.4573,-90.0759,90.0495,-89.926,-0.0583,-0.4934,0.0955,,
1780128048,663644683,right_base_state,right_joint_1,right_joint_2,right_joint_3,right_joint_4,right_joint_5,right_joint_6,right_joint_7,-90.4573,-90.0759,90.0495,-89.926,-0.0582,-0.4935,0.0955,,
1780128048,673591158,right_base_state,right_joint_1,right_joint_2,right_joint_3,right_joint_4,right_joint_5,right_joint_6,right_joint_7,-90.4573,-90.0759,90.0495,-89.9261,-0.0583,-0.4934,0.0955,,
1780128048,683775810,right_base_state,right_joint_1,right_joint_2,right_joint_3,right_joint_4,right_joint_5,right_joint_6,right_joint_7,-90.4573,-90.0759,90.0495,-89.926,-0.0583,-0.4935,0.0955,,
1780128048,693809505,right_base_state,right_joint_1,right_joint_2,right_joint_3,right_joint_4,right_joint_5,right_joint_6,right_joint_7,-90.4573,-90.0759,90.0495,-89.926,-0.0582,-0.4935,0.0955,,
1780128048,703649637,right_base_state,right_joint_1,right_joint_2,right_joint_3,right_joint_4,right_joint_5,right_joint_6,right_joint_7,-90.4573,-90.0759,90.0495,-89.926,-0.0583,-0.4935,0.0955,,
1780128048,713632878,right_base_state,right_joint_1,right_joint_2,right_joint_3,right_joint_4,right_joint_5,right_joint_6,right_joint_7,-90.4573,-90.0759,90.0495,-89.926,-0.0582,-0.4935,0.0955,,
1780128048,723643403,right_base_state,right_joint_1,right_joint_2,right_joint_3,right_joint_4,right_joint_5,right_joint_6,right_joint_7,-90.4573,-90.0759,90.0495,-89.926,-0.0582,-0.4935,0.0955,,
1780128048,733705754,right_base_state,right_joint_1,right_joint_2,right_joint_3,right_joint_4,right_joint_5,right_joint_6,right_joint_7,-90.4573,-90.0759,90.0495,-89.926,-0.0583,-0.4934,0.0955,,
1780128048,743816864,right_base_state,right_joint_1,right_joint_2,right_joint_3,right_joint_4,right_joint_5,right_joint_6,right_joint_7,-90.4573,-90.0759,90.0495,-89.926,-0.0583,-0.4935,0.0955,,
1780128048,753649955,right_base_state,right_joint_1,right_joint_2,right_joint_3,right_joint_4,right_joint_5,right_joint_6,right_joint_7,-90.4573,-90.0759,90.0495,-89.926,-0.0582,-0.4935,0.0955,,
1780128048,763648747,right_base_state,right_joint_1,right_joint_2,right_joint_3,right_joint_4,right_joint_5,right_joint_6,right_joint_7,-90.4573,-90.0759,90.0495,-89.926,-0.0582,-0.4935,0.0955,,
1780128048,773603039,right_base_state,right_joint_1,right_joint_2,right_joint_3,right_joint_4,right_joint_5,right_joint_6,right_joint_7,-90.4573,-90.0759,90.0495,-89.926,-0.0583,-0.4934,0.0955,,
1780128048,783912150,right_base_state,right_joint_1,right_joint_2,right_joint_3,right_joint_4,right_joint_5,right_joint_6,right_joint_7,-90.4573,-90.0759,90.0495,-89.926,-0.0582,-0.4935,0.0955,,
1780128048,793789339,right_base_state,right_joint_1,right_joint_2,right_joint_3,right_joint_4,right_joint_5,right_joint_6,right_joint_7,-90.4573,-90.0759,90.0495,-89.926,-0.0582,-0.4935,0.0955,,
1780128048,803574409,right_base_state,right_joint_1,right_joint_2,right_joint_3,right_joint_4,right_joint_5,right_joint_6,right_joint_7,-90.4573,-90.0759,90.0495,-89.926,-0.0582,-0.4934,0.0955,,
1780128048,814528700,right_base_state,right_joint_1,right_joint_2,right_joint_3,right_joint_4,right_joint_5,right_joint_6,right_joint_7,-90.4573,-90.0759,90.0495,-89.926,-0.0582,-0.4934,0.0955,,
1780128048,824355143,right_base_state,right_joint_1,right_joint_2,right_joint_3,right_joint_4,right_joint_5,right_joint_6,right_joint_7,-90.4573,-90.0759,90.0495,-89.926,-0.0583,-0.4935,0.0955,,
1780128048,833711783,right_base_state,right_joint_1,right_joint_2,right_joint_3,right_joint_4,right_joint_5,right_joint_6,right_joint_7,-90.4573,-90.0759,90.0495,-89.926,-0.0582,-0.4935,0.0955,,
1780128048,843916053,right_base_state,right_joint_1,right_joint_2,right_joint_3,right_joint_4,right_joint_5,right_joint_6,right_joint_7,-90.4573,-90.0759,90.0495,-89.926,-0.0582,-0.4935,0.0955,,
1780128048,853946400,right_base_state,right_joint_1,right_joint_2,right_joint_3,right_joint_4,right_joint_5,right_joint_6,right_joint_7,-90.4573,-90.0759,90.0495,-89.926,-0.0582,-0.4935,0.0955,,
1780128048,863697501,right_base_state,right_joint_1,right_joint_2,right_joint_3,right_joint_4,right_joint_5,right_joint_6,right_joint_7,-90.4573,-90.0759,90.0495,-89.926,-0.0583,-0.4935,0.0955,,
1780128048,873748438,right_base_state,right_joint_1,right_joint_2,right_joint_3,right_joint_4,right_joint_5,right_joint_6,right_joint_7,-90.4573,-90.0759,90.0495,-89.926,-0.0582,-0.4934,0.0955,,
1780128048,884193451,right_base_state,right_joint_1,right_joint_2,right_joint_3,right_joint_4,right_joint_5,right_joint_6,right_joint_7,-90.4573,-90.0759,90.0495,-89.926,-0.0582,-0.4935,0.0955,,
1780128048,893720842,right_base_state,right_joint_1,right_joint_2,right_joint_3,right_joint_4,right_joint_5,right_joint_6,right_joint_7,-90.4573,-90.0759,90.0495,-89.926,-0.0583,-0.4935,0.0955,,
1780128048,903561227,right_base_state,right_joint_1,right_joint_2,right_joint_3,right_joint_4,right_joint_5,right_joint_6,right_joint_7,-90.4573,-90.0759,90.0495,-89.926,-0.0582,-0.4934,0.0955,,
1780128048,913841638,right_base_state,right_joint_1,right_joint_2,right_joint_3,right_joint_4,right_joint_5,right_joint_6,right_joint_7,-90.4573,-90.0759,90.0495,-89.926,-0.0582,-0.4934,0.0955,,
1780128048,923780091,right_base_state,right_joint_1,right_joint_2,right_joint_3,right_joint_4,right_joint_5,right_joint_6,right_joint_7,-90.4573,-90.0759,90.0495,-89.926,-0.0583,-0.4935,0.0955,,
1780128048,933742021,right_base_state,right_joint_1,right_joint_2,right_joint_3,right_joint_4,right_joint_5,right_joint_6,right_joint_7,-90.4573,-90.0759,90.0495,-89.926,-0.0582,-0.4934,0.0955,,
1780128048,943764180,right_base_state,right_joint_1,right_joint_2,right_joint_3,right_joint_4,right_joint_5,right_joint_6,right_joint_7,-90.4573,-90.0759,90.0495,-89.926,-0.0582,-0.4935,0.0955,,
1780128048,953646301,right_base_state,right_joint_1,right_joint_2,right_joint_3,right_joint_4,right_joint_5,right_joint_6,right_joint_7,-90.4573,-90.0759,90.0495,-89.926,-0.0583,-0.4934,0.0955,,
1780128048,963962861,right_base_state,right_joint_1,right_joint_2,right_joint_3,right_joint_4,right_joint_5,right_joint_6,right_joint_7,-90.4573,-90.0759,90.0495,-89.926,-0.0582,-0.4935,0.0955,,
1780128048,973940499,right_base_state,right_joint_1,right_joint_2,right_joint_3,right_joint_4,right_joint_5,right_joint_6,right_joint_7,-90.4573,-90.0759,90.0495,-89.926,-0.0582,-0.4935,0.0955,,
1780128048,984024181,right_base_state,right_joint_1,right_joint_2,right_joint_3,right_joint_4,right_joint_5,right_joint_6,right_joint_7,-90.4573,-90.0759,90.0495,-89.926,-0.0582,-0.4935,0.0955,,
1780128048,994669399,right_base_state,right_joint_1,right_joint_2,right_joint_3,right_joint_4,right_joint_5,right_joint_6,right_joint_7,-90.4573,-90.0759,90.0495,-89.926,-0.0582,-0.4935,0.0955,,
1780128049,3668625,right_base_state,right_joint_1,right_joint_2,right_joint_3,right_joint_4,right_joint_5,right_joint_6,right_joint_7,-90.4573,-90.0759,90.0495,-89.926,-0.0582,-0.4934,0.0955,,
1780128049,13714213,right_base_state,right_joint_1,right_joint_2,right_joint_3,right_joint_4,right_joint_5,right_joint_6,right_joint_7,-90.4573,-90.0759,90.0495,-89.926,-0.0583,-0.4934,0.0955,,
1780128049,23655986,right_base_state,right_joint_1,right_joint_2,right_joint_3,right_joint_4,right_joint_5,right_joint_6,right_joint_7,-90.4573,-90.0759,90.0495,-89.926,-0.0583,-0.4935,0.0955,,
1780128049,33645545,right_base_state,right_joint_1,right_joint_2,right_joint_3,right_joint_4,right_joint_5,right_joint_6,right_joint_7,-90.4573,-90.0759,90.0495,-89.926,-0.0582,-0.4935,0.0955,,
1780128049,44577492,right_base_state,right_joint_1,right_joint_2,right_joint_3,right_joint_4,right_joint_5,right_joint_6,right_joint_7,-90.4573,-90.0759,90.0495,-89.926,-0.0582,-0.4935,0.0955,,
1780128049,53544928,right_base_state,right_joint_1,right_joint_2,right_joint_3,right_joint_4,right_joint_5,right_joint_6,right_joint_7,-90.4573,-90.0759,90.0495,-89.926,-0.0583,-0.4935,0.0955,,
1780128049,63705588,right_base_state,right_joint_1,right_joint_2,right_joint_3,right_joint_4,right_joint_5,right_joint_6,right_joint_7,-90.4573,-90.0759,90.0495,-89.926,-0.0583,-0.4935,0.0955,,
1780128049,74482667,right_base_state,right_joint_1,right_joint_2,right_joint_3,right_joint_4,right_joint_5,right_joint_6,right_joint_7,-90.4573,-90.0759,90.0495,-89.926,-0.0582,-0.4935,0.0955,,
1780128049,83772207,right_base_state,right_joint_1,right_joint_2,right_joint_3,right_joint_4,right_joint_5,right_joint_6,right_joint_7,-90.4573,-90.0759,90.0495,-89.926,-0.0582,-0.4934,0.0955,,
1780128049,94167737,right_base_state,right_joint_1,right_joint_2,right_joint_3,right_joint_4,right_joint_5,right_joint_6,right_joint_7,-90.4573,-90.0759,90.0495,-89.926,-0.0583,-0.4935,0.0955,,
1780128049,103631584,right_base_state,right_joint_1,right_joint_2,right_joint_3,right_joint_4,right_joint_5,right_joint_6,right_joint_7,-90.4573,-90.0759,90.0495,-89.926,-0.0582,-0.4935,0.0955,,
1780128049,113600199,right_base_state,right_joint_1,right_joint_2,right_joint_3,right_joint_4,right_joint_5,right_joint_6,right_joint_7,-90.4573,-90.0759,90.0495,-89.926,-0.0582,-0.4935,0.0955,,
1780128049,123651376,right_base_state,right_joint_1,right_joint_2,right_joint_3,right_joint_4,right_joint_5,right_joint_6,right_joint_7,-90.4573,-90.0759,90.0495,-89.926,-0.0582,-0.4935,0.0955,,
1780128049,133840177,right_base_state,right_joint_1,right_joint_2,right_joint_3,right_joint_4,right_joint_5,right_joint_6,right_joint_7,-90.4573,-90.0759,90.0495,-89.926,-0.0582,-0.4934,0.0955,,
1780128049,143974213,right_base_state,right_joint_1,right_joint_2,right_joint_3,right_joint_4,right_joint_5,right_joint_6,right_joint_7,-90.4573,-90.0759,90.0495,-89.926,-0.0583,-0.4935,0.0955,,
1780128049,153681655,right_base_state,right_joint_1,right_joint_2,right_joint_3,right_joint_4,right_joint_5,right_joint_6,right_joint_7,-90.4573,-90.0759,90.0495,-89.926,-0.0583,-0.4935,0.0955,,
1780128049,163658274,right_base_state,right_joint_1,right_joint_2,right_joint_3,right_joint_4,right_joint_5,right_joint_6,right_joint_7,-90.4573,-90.0759,90.0495,-89.926,-0.0582,-0.4935,0.0955,,
1780128049,173845836,right_base_state,right_joint_1,right_joint_2,right_joint_3,right_joint_4,right_joint_5,right_joint_6,right_joint_7,-90.4573,-90.0759,90.0495,-89.926,-0.0583,-0.4935,0.0955,,
1780128049,184343860,right_base_state,right_joint_1,right_joint_2,right_joint_3,right_joint_4,right_joint_5,right_joint_6,right_joint_7,-90.4573,-90.0759,90.0495,-89.926,-0.0583,-0.4935,0.0955,,
1780128049,196072415,right_base_state,right_joint_1,right_joint_2,right_joint_3,right_joint_4,right_joint_5,right_joint_6,right_joint_7,-90.4573,-90.0759,90.0495,-89.926,-0.0583,-0.4935,0.0955,,
1780128049,203631926,right_base_state,right_joint_1,right_joint_2,right_joint_3,right_joint_4,right_joint_5,right_joint_6,right_joint_7,-90.4573,-90.0759,90.0495,-89.926,-0.0583,-0.4935,0.0955,,
1780128049,213711301,right_base_state,right_joint_1,right_joint_2,right_joint_3,right_joint_4,right_joint_5,right_joint_6,right_joint_7,-90.4573,-90.0759,90.0495,-89.926,-0.0583,-0.4934,0.0955,,
1780128049,223755288,right_base_state,right_joint_1,right_joint_2,right_joint_3,right_joint_4,right_joint_5,right_joint_6,right_joint_7,-90.4573,-90.0759,90.0495,-89.926,-0.0583,-0.4934,0.0955,,
1780128049,233734882,right_base_state,right_joint_1,right_joint_2,right_joint_3,right_joint_4,right_joint_5,right_joint_6,right_joint_7,-90.4573,-90.0759,90.0495,-89.926,-0.0582,-0.4935,0.0955,,
1780128049,243759736,right_base_state,right_joint_1,right_joint_2,right_joint_3,right_joint_4,right_joint_5,right_joint_6,right_joint_7,-90.4573,-90.0759,90.0495,-89.926,-0.0583,-0.4935,0.0955,,
1780128049,253661725,right_base_state,right_joint_1,right_joint_2,right_joint_3,right_joint_4,right_joint_5,right_joint_6,right_joint_7,-90.4573,-90.0759,90.0495,-89.926,-0.0582,-0.4935,0.0955,,
1780128049,263669323,right_base_state,right_joint_1,right_joint_2,right_joint_3,right_joint_4,right_joint_5,right_joint_6,right_joint_7,-90.4573,-90.0759,90.0495,-89.926,-0.0582,-0.4935,0.0955,,
1780128049,273738761,right_base_state,right_joint_1,right_joint_2,right_joint_3,right_joint_4,right_joint_5,right_joint_6,right_joint_7,-90.4573,-90.0759,90.0495,-89.926,-0.0582,-0.4935,0.0955,,
1780128049,283754990,right_base_state,right_joint_1,right_joint_2,right_joint_3,right_joint_4,right_joint_5,right_joint_6,right_joint_7,-90.4573,-90.0759,90.0495,-89.926,-0.0583,-0.4935,0.0955,,
1780128049,293672666,right_base_state,right_joint_1,right_joint_2,right_joint_3,right_joint_4,right_joint_5,right_joint_6,right_joint_7,-90.4573,-90.0759,90.0495,-89.926,-0.0582,-0.4935,0.0955,,
1780128049,304466043,right_base_state,right_joint_1,right_joint_2,right_joint_3,right_joint_4,right_joint_5,right_joint_6,right_joint_7,-90.4573,-90.0759,90.0495,-89.926,-0.0583,-0.4935,0.0955,,
1780128049,313591862,right_base_state,right_joint_1,right_joint_2,right_joint_3,right_joint_4,right_joint_5,right_joint_6,right_joint_7,-90.4573,-90.0759,90.0495,-89.926,-0.0582,-0.4934,0.0955,,
1780128049,323691428,right_base_state,right_joint_1,right_joint_2,right_joint_3,right_joint_4,right_joint_5,right_joint_6,right_joint_7,-90.4573,-90.0759,90.0495,-89.926,-0.0582,-0.4934,0.0955,,
1780128049,333628263,right_base_state,right_joint_1,right_joint_2,right_joint_3,right_joint_4,right_joint_5,right_joint_6,right_joint_7,-90.4573,-90.0759,90.0495,-89.926,-0.0583,-0.4935,0.0955,,
1780128049,343639759,right_base_state,right_joint_1,right_joint_2,right_joint_3,right_joint_4,right_joint_5,right_joint_6,right_joint_7,-90.4573,-90.0759,90.0495,-89.926,-0.0582,-0.4935,0.0955,,
1780128049,353587710,right_base_state,right_joint_1,right_joint_2,right_joint_3,right_joint_4,right_joint_5,right_joint_6,right_joint_7,-90.4573,-90.0759,90.0495,-89.926,-0.0583,-0.4935,0.0955,,
1780128049,363971956,right_base_state,right_joint_1,right_joint_2,right_joint_3,right_joint_4,right_joint_5,right_joint_6,right_joint_7,-90.4573,-90.0759,90.0495,-89.926,-0.0583,-0.4935,0.0955,,
1780128049,373655374,right_base_state,right_joint_1,right_joint_2,right_joint_3,right_joint_4,right_joint_5,right_joint_6,right_joint_7,-90.4573,-90.0759,90.0495,-89.926,-0.0582,-0.4935,0.0955,,
1780128049,383925270,right_base_state,right_joint_1,right_joint_2,right_joint_3,right_joint_4,right_joint_5,right_joint_6,right_joint_7,-90.4573,-90.0759,90.0495,-89.926,-0.0582,-0.4934,0.0955,,
1780128049,393782795,right_base_state,right_joint_1,right_joint_2,right_joint_3,right_joint_4,right_joint_5,right_joint_6,right_joint_7,-90.4573,-90.0759,90.0495,-89.926,-0.0583,-0.4934,0.0955,,
1780128049,403720220,right_base_state,right_joint_1,right_joint_2,right_joint_3,right_joint_4,right_joint_5,right_joint_6,right_joint_7,-90.4573,-90.0759,90.0495,-89.926,-0.0583,-0.4935,0.0955,,
1780128049,413627928,right_base_state,right_joint_1,right_joint_2,right_joint_3,right_joint_4,right_joint_5,right_joint_6,right_joint_7,-90.4573,-90.0759,90.0495,-89.926,-0.0583,-0.4935,0.0955,,
1780128049,423742387,right_base_state,right_joint_1,right_joint_2,right_joint_3,right_joint_4,right_joint_5,right_joint_6,right_joint_7,-90.4573,-90.0759,90.0495,-89.926,-0.0582,-0.4935,0.0955,,
1780128049,433678093,right_base_state,right_joint_1,right_joint_2,right_joint_3,right_joint_4,right_joint_5,right_joint_6,right_joint_7,-90.4573,-90.0759,90.0495,-89.926,-0.0582,-0.4934,0.0955,,
1780128049,444035411,right_base_state,right_joint_1,right_joint_2,right_joint_3,right_joint_4,right_joint_5,right_joint_6,right_joint_7,-90.4573,-90.0759,90.0495,-89.926,-0.0582,-0.4935,0.0955,,
1780128049,454934188,right_base_state,right_joint_1,right_joint_2,right_joint_3,right_joint_4,right_joint_5,right_joint_6,right_joint_7,-90.4573,-90.0759,90.0495,-89.926,-0.0582,-0.4935,0.0955,,
1780128049,463624894,right_base_state,right_joint_1,right_joint_2,right_joint_3,right_joint_4,right_joint_5,right_joint_6,right_joint_7,-90.4573,-90.0759,90.0495,-89.926,-0.0582,-0.4935,0.0955,,
1780128049,473685590,right_base_state,right_joint_1,right_joint_2,right_joint_3,right_joint_4,right_joint_5,right_joint_6,right_joint_7,-90.4573,-90.0759,90.0495,-89.926,-0.0582,-0.4935,0.0955,,
1780128049,483746004,right_base_state,right_joint_1,right_joint_2,right_joint_3,right_joint_4,right_joint_5,right_joint_6,right_joint_7,-90.4573,-90.0759,90.0495,-89.926,-0.0583,-0.4934,0.0955,,
1780128049,493701226,right_base_state,right_joint_1,right_joint_2,right_joint_3,right_joint_4,right_joint_5,right_joint_6,right_joint_7,-90.4573,-90.0759,90.0495,-89.926,-0.0582,-0.4935,0.0955,,
1780128049,503693972,right_base_state,right_joint_1,right_joint_2,right_joint_3,right_joint_4,right_joint_5,right_joint_6,right_joint_7,-90.4573,-90.0759,90.0495,-89.926,-0.0583,-0.4934,0.0955,,
1780128049,513604621,right_base_state,right_joint_1,right_joint_2,right_joint_3,right_joint_4,right_joint_5,right_joint_6,right_joint_7,-90.4573,-90.0759,90.0495,-89.926,-0.0582,-0.4934,0.0955,,
1780128049,523839342,right_base_state,right_joint_1,right_joint_2,right_joint_3,right_joint_4,right_joint_5,right_joint_6,right_joint_7,-90.4573,-90.0759,90.0495,-89.926,-0.0582,-0.4934,0.0955,,
1780128049,533982346,right_base_state,right_joint_1,right_joint_2,right_joint_3,right_joint_4,right_joint_5,right_joint_6,right_joint_7,-90.4573,-90.0759,90.0495,-89.926,-0.0582,-0.4935,0.0955,,
1780128049,543882708,right_base_state,right_joint_1,right_joint_2,right_joint_3,right_joint_4,right_joint_5,right_joint_6,right_joint_7,-90.4573,-90.0759,90.0496,-89.926,-0.0583,-0.4934,0.0955,,
1780128049,553697350,right_base_state,right_joint_1,right_joint_2,right_joint_3,right_joint_4,right_joint_5,right_joint_6,right_joint_7,-90.4573,-90.0759,90.0495,-89.926,-0.0583,-0.4935,0.0955,,
1780128049,563747272,right_base_state,right_joint_1,right_joint_2,right_joint_3,right_joint_4,right_joint_5,right_joint_6,right_joint_7,-90.4573,-90.0759,90.0495,-89.926,-0.0582,-0.4934,0.0955,,
1780128049,573797000,right_base_state,right_joint_1,right_joint_2,right_joint_3,right_joint_4,right_joint_5,right_joint_6,right_joint_7,-90.4573,-90.0759,90.0495,-89.926,-0.0583,-0.4934,0.0955,,
1780128049,584096809,right_base_state,right_joint_1,right_joint_2,right_joint_3,right_joint_4,right_joint_5,right_joint_6,right_joint_7,-90.4573,-90.0759,90.0495,-89.926,-0.0582,-0.4935,0.0955,,
1780128049,593902756,right_base_state,right_joint_1,right_joint_2,right_joint_3,right_joint_4,right_joint_5,right_joint_6,right_joint_7,-90.4573,-90.0759,90.0495,-89.926,-0.0582,-0.4935,0.0955,,
1780128049,603578528,right_base_state,right_joint_1,right_joint_2,right_joint_3,right_joint_4,right_joint_5,right_joint_6,right_joint_7,-90.4573,-90.0759,90.0495,-89.926,-0.0583,-0.4935,0.0955,,
1780128049,614406139,right_base_state,right_joint_1,right_joint_2,right_joint_3,right_joint_4,right_joint_5,right_joint_6,right_joint_7,-90.4573,-90.0759,90.0495,-89.926,-0.0582,-0.4935,0.0955,,
1780128049,623800699,right_base_state,right_joint_1,right_joint_2,right_joint_3,right_joint_4,right_joint_5,right_joint_6,right_joint_7,-90.4573,-90.0759,90.0495,-89.926,-0.0582,-0.4935,0.0955,,
1780128049,633670487,right_base_state,right_joint_1,right_joint_2,right_joint_3,right_joint_4,right_joint_5,right_joint_6,right_joint_7,-90.4573,-90.0759,90.0495,-89.926,-0.0583,-0.4934,0.0955,,
1780128049,643706201,right_base_state,right_joint_1,right_joint_2,right_joint_3,right_joint_4,right_joint_5,right_joint_6,right_joint_7,-90.4573,-90.0759,90.0495,-89.926,-0.0582,-0.4935,0.0955,,
1780128049,653640618,right_base_state,right_joint_1,right_joint_2,right_joint_3,right_joint_4,right_joint_5,right_joint_6,right_joint_7,-90.4573,-90.0759,90.0495,-89.926,-0.0583,-0.4935,0.0955,,
1780128049,663763684,right_base_state,right_joint_1,right_joint_2,right_joint_3,right_joint_4,right_joint_5,right_joint_6,right_joint_7,-90.4573,-90.0759,90.0495,-89.926,-0.0582,-0.4935,0.0955,,
1780128049,673744357,right_base_state,right_joint_1,right_joint_2,right_joint_3,right_joint_4,right_joint_5,right_joint_6,right_joint_7,-90.4573,-90.0759,90.0495,-89.926,-0.0583,-0.4935,0.0955,,
1780128049,684311205,right_base_state,right_joint_1,right_joint_2,right_joint_3,right_joint_4,right_joint_5,right_joint_6,right_joint_7,-90.4573,-90.0759,90.0495,-89.926,-0.0582,-0.4935,0.0955,,
1780128049,693952054,right_base_state,right_joint_1,right_joint_2,right_joint_3,right_joint_4,right_joint_5,right_joint_6,right_joint_7,-90.4573,-90.0759,90.0495,-89.926,-0.0582,-0.4935,0.0955,,
1780128049,703572395,right_base_state,right_joint_1,right_joint_2,right_joint_3,right_joint_4,right_joint_5,right_joint_6,right_joint_7,-90.4573,-90.0759,90.0495,-89.926,-0.0582,-0.4934,0.0955,,
1780128049,714792536,right_base_state,right_joint_1,right_joint_2,right_joint_3,right_joint_4,right_joint_5,right_joint_6,right_joint_7,-90.4573,-90.0759,90.0495,-89.926,-0.0582,-0.4934,0.0955,,
1780128049,723668261,right_base_state,right_joint_1,right_joint_2,right_joint_3,right_joint_4,right_joint_5,right_joint_6,right_joint_7,-90.4573,-90.0759,90.0495,-89.926,-0.0583,-0.4935,0.0955,,
1780128049,733848244,right_base_state,right_joint_1,right_joint_2,right_joint_3,right_joint_4,right_joint_5,right_joint_6,right_joint_7,-90.4573,-90.0759,90.0495,-89.926,-0.0583,-0.4935,0.0955,,
1780128049,743908536,right_base_state,right_joint_1,right_joint_2,right_joint_3,right_joint_4,right_joint_5,right_joint_6,right_joint_7,-90.4573,-90.0759,90.0495,-89.926,-0.0583,-0.4934,0.0955,,
1780128049,753601553,right_base_state,right_joint_1,right_joint_2,right_joint_3,right_joint_4,right_joint_5,right_joint_6,right_joint_7,-90.4573,-90.0759,90.0495,-89.926,-0.0583,-0.4935,0.0955,,
1780128049,763792543,right_base_state,right_joint_1,right_joint_2,right_joint_3,right_joint_4,right_joint_5,right_joint_6,right_joint_7,-90.4573,-90.0759,90.0495,-89.926,-0.0582,-0.4934,0.0955,,
1780128049,773714932,right_base_state,right_joint_1,right_joint_2,right_joint_3,right_joint_4,right_joint_5,right_joint_6,right_joint_7,-90.4573,-90.0759,90.0495,-89.926,-0.0583,-0.4934,0.0955,,
1780128049,783842338,right_base_state,right_joint_1,right_joint_2,right_joint_3,right_joint_4,right_joint_5,right_joint_6,right_joint_7,-90.4573,-90.0759,90.0495,-89.926,-0.0582,-0.4935,0.0955,,
1780128049,795416208,right_base_state,right_joint_1,right_joint_2,right_joint_3,right_joint_4,right_joint_5,right_joint_6,right_joint_7,-90.4573,-90.0759,90.0495,-89.926,-0.0582,-0.4935,0.0955,,
1780128049,803666130,right_base_state,right_joint_1,right_joint_2,right_joint_3,right_joint_4,right_joint_5,right_joint_6,right_joint_7,-90.4573,-90.0759,90.0495,-89.926,-0.0582,-0.4935,0.0955,,
1780128049,813761747,right_base_state,right_joint_1,right_joint_2,right_joint_3,right_joint_4,right_joint_5,right_joint_6,right_joint_7,-90.4573,-90.0759,90.0495,-89.926,-0.0583,-0.4935,0.0955,,
1780128049,823779745,right_base_state,right_joint_1,right_joint_2,right_joint_3,right_joint_4,right_joint_5,right_joint_6,right_joint_7,-90.4573,-90.0759,90.0495,-89.926,-0.0582,-0.4935,0.0955,,
1780128049,833749245,right_base_state,right_joint_1,right_joint_2,right_joint_3,right_joint_4,right_joint_5,right_joint_6,right_joint_7,-90.4573,-90.0759,90.0495,-89.926,-0.0582,-0.4934,0.0955,,
1780128049,843751167,right_base_state,right_joint_1,right_joint_2,right_joint_3,right_joint_4,right_joint_5,right_joint_6,right_joint_7,-90.4573,-90.0759,90.0495,-89.926,-0.0583,-0.4935,0.0955,,
1780128049,853693979,right_base_state,right_joint_1,right_joint_2,right_joint_3,right_joint_4,right_joint_5,right_joint_6,right_joint_7,-90.4573,-90.0759,90.0495,-89.926,-0.0583,-0.4935,0.0955,,
1780128049,863778276,right_base_state,right_joint_1,right_joint_2,right_joint_3,right_joint_4,right_joint_5,right_joint_6,right_joint_7,-90.4573,-90.0759,90.0495,-89.926,-0.0582,-0.4935,0.0955,,
1780128049,873949972,right_base_state,right_joint_1,right_joint_2,right_joint_3,right_joint_4,right_joint_5,right_joint_6,right_joint_7,-90.4573,-90.0759,90.0495,-89.926,-0.0583,-0.4935,0.0955,,
1780128049,883727271,right_base_state,right_joint_1,right_joint_2,right_joint_3,right_joint_4,right_joint_5,right_joint_6,right_joint_7,-90.4573,-90.0759,90.0495,-89.926,-0.0582,-0.4934,0.0955,,
1780128049,893770215,right_base_state,right_joint_1,right_joint_2,right_joint_3,right_joint_4,right_joint_5,right_joint_6,right_joint_7,-90.4573,-90.0759,90.0495,-89.926,-0.0582,-0.4935,0.0955,,
1780128049,903638665,right_base_state,right_joint_1,right_joint_2,right_joint_3,right_joint_4,right_joint_5,right_joint_6,right_joint_7,-90.4573,-90.0759,90.0495,-89.926,-0.0582,-0.4934,0.0955,,
1780128049,913661035,right_base_state,right_joint_1,right_joint_2,right_joint_3,right_joint_4,right_joint_5,right_joint_6,right_joint_7,-90.4573,-90.0759,90.0495,-89.926,-0.0582,-0.4935,0.0955,,
1780128049,923743863,right_base_state,right_joint_1,right_joint_2,right_joint_3,right_joint_4,right_joint_5,right_joint_6,right_joint_7,-90.4573,-90.0759,90.0495,-89.926,-0.0582,-0.4934,0.0955,,
1780128049,933662595,right_base_state,right_joint_1,right_joint_2,right_joint_3,right_joint_4,right_joint_5,right_joint_6,right_joint_7,-90.4573,-90.0759,90.0495,-89.926,-0.0582,-0.4935,0.0955,,
1780128049,943725841,right_base_state,right_joint_1,right_joint_2,right_joint_3,right_joint_4,right_joint_5,right_joint_6,right_joint_7,-90.4573,-90.0759,90.0495,-89.926,-0.0582,-0.4935,0.0955,,
1780128049,953630932,right_base_state,right_joint_1,right_joint_2,right_joint_3,right_joint_4,right_joint_5,right_joint_6,right_joint_7,-90.4573,-90.0759,90.0495,-89.926,-0.0583,-0.4935,0.0955,,
1780128049,963619718,right_base_state,right_joint_1,right_joint_2,right_joint_3,right_joint_4,right_joint_5,right_joint_6,right_joint_7,-90.4573,-90.0759,90.0495,-89.926,-0.0583,-0.4935,0.0955,,
1780128049,973705345,right_base_state,right_joint_1,right_joint_2,right_joint_3,right_joint_4,right_joint_5,right_joint_6,right_joint_7,-90.4573,-90.0759,90.0495,-89.926,-0.0583,-0.4935,0.0955,,
1780128049,983695932,right_base_state,right_joint_1,right_joint_2,right_joint_3,right_joint_4,right_joint_5,right_joint_6,right_joint_7,-90.4573,-90.0759,90.0495,-89.926,-0.0583,-0.4935,0.0955,,
1780128049,993676662,right_base_state,right_joint_1,right_joint_2,right_joint_3,right_joint_4,right_joint_5,right_joint_6,right_joint_7,-90.4573,-90.0759,90.0495,-89.926,-0.0583,-0.4935,0.0955,,
1780128050,4199457,right_base_state,right_joint_1,right_joint_2,right_joint_3,right_joint_4,right_joint_5,right_joint_6,right_joint_7,-90.4573,-90.0759,90.0495,-89.926,-0.0582,-0.4935,0.0955,,
1780128050,13626985,right_base_state,right_joint_1,right_joint_2,right_joint_3,right_joint_4,right_joint_5,right_joint_6,right_joint_7,-90.4573,-90.0759,90.0495,-89.926,-0.0582,-0.4934,0.0955,,
1780128050,23708262,right_base_state,right_joint_1,right_joint_2,right_joint_3,right_joint_4,right_joint_5,right_joint_6,right_joint_7,-90.4573,-90.0759,90.0495,-89.926,-0.0582,-0.4934,0.0955,,
1780128050,33654366,right_base_state,right_joint_1,right_joint_2,right_joint_3,right_joint_4,right_joint_5,right_joint_6,right_joint_7,-90.4573,-90.0759,90.0495,-89.926,-0.0583,-0.4935,0.0955,,
1780128050,43649169,right_base_state,right_joint_1,right_joint_2,right_joint_3,right_joint_4,right_joint_5,right_joint_6,right_joint_7,-90.4573,-90.0759,90.0495,-89.926,-0.0582,-0.4935,0.0955,,
1780128050,53571459,right_base_state,right_joint_1,right_joint_2,right_joint_3,right_joint_4,right_joint_5,right_joint_6,right_joint_7,-90.4573,-90.0759,90.0495,-89.926,-0.0582,-0.4934,0.0955,,
1780128050,63723219,right_base_state,right_joint_1,right_joint_2,right_joint_3,right_joint_4,right_joint_5,right_joint_6,right_joint_7,-90.4573,-90.0759,90.0495,-89.926,-0.0582,-0.4935,0.0955,,
1780128050,73601536,right_base_state,right_joint_1,right_joint_2,right_joint_3,right_joint_4,right_joint_5,right_joint_6,right_joint_7,-90.4573,-90.0759,90.0495,-89.926,-0.0583,-0.4935,0.0955,,
1780128050,83737355,right_base_state,right_joint_1,right_joint_2,right_joint_3,right_joint_4,right_joint_5,right_joint_6,right_joint_7,-90.4573,-90.0759,90.0495,-89.926,-0.0582,-0.4935,0.0955,,
1780128050,93703585,right_base_state,right_joint_1,right_joint_2,right_joint_3,right_joint_4,right_joint_5,right_joint_6,right_joint_7,-90.4573,-90.0759,90.0495,-89.926,-0.0582,-0.4935,0.0955,,
1780128050,105828124,right_base_state,right_joint_1,right_joint_2,right_joint_3,right_joint_4,right_joint_5,right_joint_6,right_joint_7,-90.4573,-90.0759,90.0495,-89.926,-0.0583,-0.4935,0.0955,,
1780128050,113676449,right_base_state,right_joint_1,right_joint_2,right_joint_3,right_joint_4,right_joint_5,right_joint_6,right_joint_7,-90.4573,-90.0759,90.0495,-89.926,-0.0582,-0.4935,0.0955,,
1780128050,123744507,right_base_state,right_joint_1,right_joint_2,right_joint_3,right_joint_4,right_joint_5,right_joint_6,right_joint_7,-90.4573,-90.0759,90.0495,-89.926,-0.0582,-0.4934,0.0955,,
1780128050,133804424,right_base_state,right_joint_1,right_joint_2,right_joint_3,right_joint_4,right_joint_5,right_joint_6,right_joint_7,-90.4573,-90.0759,90.0495,-89.926,-0.0582,-0.4935,0.0955,,
1780128050,143678988,right_base_state,right_joint_1,right_joint_2,right_joint_3,right_joint_4,right_joint_5,right_joint_6,right_joint_7,-90.4573,-90.0759,90.0495,-89.926,-0.0583,-0.4935,0.0955,,
1780128050,153601126,right_base_state,right_joint_1,right_joint_2,right_joint_3,right_joint_4,right_joint_5,right_joint_6,right_joint_7,-90.4573,-90.0759,90.0495,-89.926,-0.0582,-0.4935,0.0955,,
1780128050,164249272,right_base_state,right_joint_1,right_joint_2,right_joint_3,right_joint_4,right_joint_5,right_joint_6,right_joint_7,-90.4573,-90.0759,90.0495,-89.926,-0.0582,-0.4934,0.0955,,
1780128050,173661200,right_base_state,right_joint_1,right_joint_2,right_joint_3,right_joint_4,right_joint_5,right_joint_6,right_joint_7,-90.4573,-90.0759,90.0495,-89.926,-0.0582,-0.4934,0.0955,,
1780128050,183820249,right_base_state,right_joint_1,right_joint_2,right_joint_3,right_joint_4,right_joint_5,right_joint_6,right_joint_7,-90.4573,-90.0759,90.0495,-89.926,-0.0583,-0.4935,0.0955,,
1780128050,193992409,right_base_state,right_joint_1,right_joint_2,right_joint_3,right_joint_4,right_joint_5,right_joint_6,right_joint_7,-90.4573,-90.0759,90.0495,-89.926,-0.0583,-0.4934,0.0955,,
1780128050,203623206,right_base_state,right_joint_1,right_joint_2,right_joint_3,right_joint_4,right_joint_5,right_joint_6,right_joint_7,-90.4573,-90.0759,90.0495,-89.926,-0.0582,-0.4935,0.0955,,
1780128050,213635557,right_base_state,right_joint_1,right_joint_2,right_joint_3,right_joint_4,right_joint_5,right_joint_6,right_joint_7,-90.4573,-90.0759,90.0495,-89.926,-0.0582,-0.4934,0.0955,,
1780128050,223661261,right_base_state,right_joint_1,right_joint_2,right_joint_3,right_joint_4,right_joint_5,right_joint_6,right_joint_7,-90.4573,-90.0759,90.0496,-89.926,-0.0582,-0.4934,0.0955,,
1780128050,233787402,right_base_state,right_joint_1,right_joint_2,right_joint_3,right_joint_4,right_joint_5,right_joint_6,right_joint_7,-90.4573,-90.0759,90.0495,-89.926,-0.0583,-0.4935,0.0955,,
1780128050,244128034,right_base_state,right_joint_1,right_joint_2,right_joint_3,right_joint_4,right_joint_5,right_joint_6,right_joint_7,-90.4573,-90.0759,90.0495,-89.926,-0.0582,-0.4935,0.0955,,
1780128050,255169576,right_base_state,right_joint_1,right_joint_2,right_joint_3,right_joint_4,right_joint_5,right_joint_6,right_joint_7,-90.4573,-90.0759,90.0495,-89.926,-0.0582,-0.4934,0.0955,,
1780128050,263784571,right_base_state,right_joint_1,right_joint_2,right_joint_3,right_joint_4,right_joint_5,right_joint_6,right_joint_7,-90.4573,-90.0759,90.0495,-89.926,-0.0583,-0.4934,0.0955,,
1780128050,273608290,right_base_state,right_joint_1,right_joint_2,right_joint_3,right_joint_4,right_joint_5,right_joint_6,right_joint_7,-90.4573,-90.0759,90.0495,-89.926,-0.0582,-0.4935,0.0955,,
1780128050,283726496,right_base_state,right_joint_1,right_joint_2,right_joint_3,right_joint_4,right_joint_5,right_joint_6,right_joint_7,-90.4573,-90.0759,90.0495,-89.926,-0.0582,-0.4935,0.0955,,
1780128050,293788306,right_base_state,right_joint_1,right_joint_2,right_joint_3,right_joint_4,right_joint_5,right_joint_6,right_joint_7,-90.4573,-90.0759,90.0495,-89.926,-0.0583,-0.4935,0.0955,,
1780128050,303726393,right_base_state,right_joint_1,right_joint_2,right_joint_3,right_joint_4,right_joint_5,right_joint_6,right_joint_7,-90.4573,-90.0759,90.0495,-89.926,-0.0582,-0.4935,0.0955,,
1780128050,313690599,right_base_state,right_joint_1,right_joint_2,right_joint_3,right_joint_4,right_joint_5,right_joint_6,right_joint_7,-90.4573,-90.0759,90.0495,-89.926,-0.0583,-0.4935,0.0955,,
1780128050,323694478,right_base_state,right_joint_1,right_joint_2,right_joint_3,right_joint_4,right_joint_5,right_joint_6,right_joint_7,-90.4573,-90.0759,90.0495,-89.926,-0.0583,-0.4935,0.0955,,
1780128050,333754142,right_base_state,right_joint_1,right_joint_2,right_joint_3,right_joint_4,right_joint_5,right_joint_6,right_joint_7,-90.4573,-90.0759,90.0495,-89.926,-0.0582,-0.4935,0.0955,,
1780128050,343910698,right_base_state,right_joint_1,right_joint_2,right_joint_3,right_joint_4,right_joint_5,right_joint_6,right_joint_7,-90.4573,-90.0759,90.0495,-89.926,-0.0582,-0.4934,0.0955,,
1780128050,353557383,right_base_state,right_joint_1,right_joint_2,right_joint_3,right_joint_4,right_joint_5,right_joint_6,right_joint_7,-90.4573,-90.0759,90.0495,-89.926,-0.0583,-0.4935,0.0955,,
1780128050,363661348,right_base_state,right_joint_1,right_joint_2,right_joint_3,right_joint_4,right_joint_5,right_joint_6,right_joint_7,-90.4573,-90.0759,90.0495,-89.926,-0.0583,-0.4935,0.0955,,
1780128050,373699890,right_base_state,right_joint_1,right_joint_2,right_joint_3,right_joint_4,right_joint_5,right_joint_6,right_joint_7,-90.4573,-90.0759,90.0495,-89.926,-0.0582,-0.4934,0.0955,,
1780128050,383626231,right_base_state,right_joint_1,right_joint_2,right_joint_3,right_joint_4,right_joint_5,right_joint_6,right_joint_7,-90.4573,-90.0759,90.0495,-89.926,-0.0583,-0.4935,0.0955,,
1780128050,394561876,right_base_state,right_joint_1,right_joint_2,right_joint_3,right_joint_4,right_joint_5,right_joint_6,right_joint_7,-90.4573,-90.0759,90.0495,-89.926,-0.0583,-0.4935,0.0955,,
1780128050,403652578,right_base_state,right_joint_1,right_joint_2,right_joint_3,right_joint_4,right_joint_5,right_joint_6,right_joint_7,-90.4573,-90.0759,90.0495,-89.926,-0.0583,-0.4935,0.0955,,
1780128050,413666801,right_base_state,right_joint_1,right_joint_2,right_joint_3,right_joint_4,right_joint_5,right_joint_6,right_joint_7,-90.4573,-90.0759,90.0495,-89.926,-0.0582,-0.4935,0.0955,,
1780128050,424064699,right_base_state,right_joint_1,right_joint_2,right_joint_3,right_joint_4,right_joint_5,right_joint_6,right_joint_7,-90.4573,-90.0759,90.0495,-89.926,-0.0583,-0.4935,0.0955,,
1780128050,433745048,right_base_state,right_joint_1,right_joint_2,right_joint_3,right_joint_4,right_joint_5,right_joint_6,right_joint_7,-90.4573,-90.0759,90.0495,-89.926,-0.0583,-0.4935,0.0955,,
1780128050,443812120,right_base_state,right_joint_1,right_joint_2,right_joint_3,right_joint_4,right_joint_5,right_joint_6,right_joint_7,-90.4573,-90.0759,90.0495,-89.926,-0.0583,-0.4935,0.0955,,
1780128050,453758386,right_base_state,right_joint_1,right_joint_2,right_joint_3,right_joint_4,right_joint_5,right_joint_6,right_joint_7,-90.4573,-90.0759,90.0495,-89.926,-0.0583,-0.4935,0.0955,,
1780128050,463695214,right_base_state,right_joint_1,right_joint_2,right_joint_3,right_joint_4,right_joint_5,right_joint_6,right_joint_7,-90.4573,-90.0759,90.0495,-89.926,-0.0582,-0.4935,0.0955,,
1780128050,473671806,right_base_state,right_joint_1,right_joint_2,right_joint_3,right_joint_4,right_joint_5,right_joint_6,right_joint_7,-90.4573,-90.0759,90.0495,-89.926,-0.0583,-0.4935,0.0955,,
1780128050,483798003,right_base_state,right_joint_1,right_joint_2,right_joint_3,right_joint_4,right_joint_5,right_joint_6,right_joint_7,-90.4573,-90.0759,90.0495,-89.926,-0.0583,-0.4934,0.0955,,
1780128050,493739947,right_base_state,right_joint_1,right_joint_2,right_joint_3,right_joint_4,right_joint_5,right_joint_6,right_joint_7,-90.4573,-90.0759,90.0495,-89.926,-0.0582,-0.4935,0.0955,,
1780128050,503575688,right_base_state,right_joint_1,right_joint_2,right_joint_3,right_joint_4,right_joint_5,right_joint_6,right_joint_7,-90.4573,-90.0759,90.0495,-89.926,-0.0582,-0.4935,0.0955,,
1780128050,513868561,right_base_state,right_joint_1,right_joint_2,right_joint_3,right_joint_4,right_joint_5,right_joint_6,right_joint_7,-90.4573,-90.0759,90.0495,-89.926,-0.0582,-0.4935,0.0955,,
1780128050,523901941,right_base_state,right_joint_1,right_joint_2,right_joint_3,right_joint_4,right_joint_5,right_joint_6,right_joint_7,-90.4573,-90.0759,90.0495,-89.926,-0.0582,-0.4935,0.0955,,
1780128050,533931273,right_base_state,right_joint_1,right_joint_2,right_joint_3,right_joint_4,right_joint_5,right_joint_6,right_joint_7,-90.4573,-90.0759,90.0495,-89.926,-0.0583,-0.4935,0.0955,,
1780128050,543803429,right_base_state,right_joint_1,right_joint_2,right_joint_3,right_joint_4,right_joint_5,right_joint_6,right_joint_7,-90.4573,-90.0759,90.0495,-89.926,-0.0583,-0.4934,0.0955,,
1780128050,553576762,right_base_state,right_joint_1,right_joint_2,right_joint_3,right_joint_4,right_joint_5,right_joint_6,right_joint_7,-90.4573,-90.0759,90.0495,-89.926,-0.0582,-0.4935,0.0955,,
1780128050,563600898,right_base_state,right_joint_1,right_joint_2,right_joint_3,right_joint_4,right_joint_5,right_joint_6,right_joint_7,-90.4573,-90.0759,90.0495,-89.926,-0.0583,-0.4935,0.0955,,
1780128050,573850928,right_base_state,right_joint_1,right_joint_2,right_joint_3,right_joint_4,right_joint_5,right_joint_6,right_joint_7,-90.4573,-90.0759,90.0495,-89.926,-0.0582,-0.4935,0.0955,,
1780128050,583663913,right_base_state,right_joint_1,right_joint_2,right_joint_3,right_joint_4,right_joint_5,right_joint_6,right_joint_7,-90.4573,-90.0759,90.0495,-89.926,-0.0583,-0.4934,0.0955,,
1780128050,593722577,right_base_state,right_joint_1,right_joint_2,right_joint_3,right_joint_4,right_joint_5,right_joint_6,right_joint_7,-90.4573,-90.0759,90.0495,-89.926,-0.0582,-0.4935,0.0955,,
1780128050,603590662,right_base_state,right_joint_1,right_joint_2,right_joint_3,right_joint_4,right_joint_5,right_joint_6,right_joint_7,-90.4573,-90.0759,90.0495,-89.926,-0.0582,-0.4935,0.0955,,
1780128050,613676148,right_base_state,right_joint_1,right_joint_2,right_joint_3,right_joint_4,right_joint_5,right_joint_6,right_joint_7,-90.4573,-90.0759,90.0495,-89.926,-0.0582,-0.4935,0.0955,,
1780128050,623647632,right_base_state,right_joint_1,right_joint_2,right_joint_3,right_joint_4,right_joint_5,right_joint_6,right_joint_7,-90.4573,-90.0759,90.0495,-89.926,-0.0582,-0.4934,0.0955,,
1780128050,633677031,right_base_state,right_joint_1,right_joint_2,right_joint_3,right_joint_4,right_joint_5,right_joint_6,right_joint_7,-90.4573,-90.0759,90.0495,-89.926,-0.0582,-0.4934,0.0955,,
1780128050,643727961,right_base_state,right_joint_1,right_joint_2,right_joint_3,right_joint_4,right_joint_5,right_joint_6,right_joint_7,-90.4573,-90.0759,90.0495,-89.926,-0.0582,-0.4935,0.0955,,
1780128050,653525425,right_base_state,right_joint_1,right_joint_2,right_joint_3,right_joint_4,right_joint_5,right_joint_6,right_joint_7,-90.4573,-90.0759,90.0495,-89.926,-0.0582,-0.4935,0.0955,,
1780128050,663744182,right_base_state,right_joint_1,right_joint_2,right_joint_3,right_joint_4,right_joint_5,right_joint_6,right_joint_7,-90.4573,-90.0759,90.0495,-89.926,-0.0583,-0.4934,0.0955,,
1780128050,673692687,right_base_state,right_joint_1,right_joint_2,right_joint_3,right_joint_4,right_joint_5,right_joint_6,right_joint_7,-90.4573,-90.0759,90.0495,-89.926,-0.0582,-0.4935,0.0955,,
1780128050,684774219,right_base_state,right_joint_1,right_joint_2,right_joint_3,right_joint_4,right_joint_5,right_joint_6,right_joint_7,-90.4573,-90.0759,90.0495,-89.926,-0.0582,-0.4935,0.0955,,
1780128050,693669853,right_base_state,right_joint_1,right_joint_2,right_joint_3,right_joint_4,right_joint_5,right_joint_6,right_joint_7,-90.4573,-90.0759,90.0495,-89.926,-0.0582,-0.4935,0.0955,,
1780128050,704742057,right_base_state,right_joint_1,right_joint_2,right_joint_3,right_joint_4,right_joint_5,right_joint_6,right_joint_7,-90.4573,-90.0759,90.0495,-89.926,-0.0582,-0.4935,0.0955,,
1780128050,713599522,right_base_state,right_joint_1,right_joint_2,right_joint_3,right_joint_4,right_joint_5,right_joint_6,right_joint_7,-90.4573,-90.0759,90.0495,-89.926,-0.0583,-0.4935,0.0955,,
1780128050,723733506,right_base_state,right_joint_1,right_joint_2,right_joint_3,right_joint_4,right_joint_5,right_joint_6,right_joint_7,-90.4573,-90.0759,90.0495,-89.926,-0.0582,-0.4935,0.0955,,
1780128050,733682125,right_base_state,right_joint_1,right_joint_2,right_joint_3,right_joint_4,right_joint_5,right_joint_6,right_joint_7,-90.4573,-90.0759,90.0495,-89.926,-0.0583,-0.4935,0.0955,,
1780128050,743788636,right_base_state,right_joint_1,right_joint_2,right_joint_3,right_joint_4,right_joint_5,right_joint_6,right_joint_7,-90.4573,-90.0759,90.0495,-89.926,-0.0582,-0.4934,0.0955,,
1780128050,753640692,right_base_state,right_joint_1,right_joint_2,right_joint_3,right_joint_4,right_joint_5,right_joint_6,right_joint_7,-90.4573,-90.0759,90.0495,-89.926,-0.0582,-0.4934,0.0955,,
1780128050,763638152,right_base_state,right_joint_1,right_joint_2,right_joint_3,right_joint_4,right_joint_5,right_joint_6,right_joint_7,-90.4573,-90.0759,90.0495,-89.926,-0.0583,-0.4935,0.0955,,
1780128050,773959525,right_base_state,right_joint_1,right_joint_2,right_joint_3,right_joint_4,right_joint_5,right_joint_6,right_joint_7,-90.4573,-90.0759,90.0495,-89.926,-0.0582,-0.4935,0.0955,,
1780128050,783810937,right_base_state,right_joint_1,right_joint_2,right_joint_3,right_joint_4,right_joint_5,right_joint_6,right_joint_7,-90.4573,-90.0759,90.0495,-89.926,-0.0583,-0.4934,0.0955,,
1780128050,793772448,right_base_state,right_joint_1,right_joint_2,right_joint_3,right_joint_4,right_joint_5,right_joint_6,right_joint_7,-90.4573,-90.0759,90.0495,-89.926,-0.0582,-0.4935,0.0955,,
1780128050,803892035,right_base_state,right_joint_1,right_joint_2,right_joint_3,right_joint_4,right_joint_5,right_joint_6,right_joint_7,-90.4573,-90.0759,90.0495,-89.926,-0.0582,-0.4934,0.0955,,
1780128050,813853686,right_base_state,right_joint_1,right_joint_2,right_joint_3,right_joint_4,right_joint_5,right_joint_6,right_joint_7,-90.4573,-90.0759,90.0495,-89.926,-0.0583,-0.4935,0.0955,,
1780128050,823754064,right_base_state,right_joint_1,right_joint_2,right_joint_3,right_joint_4,right_joint_5,right_joint_6,right_joint_7,-90.4573,-90.0759,90.0495,-89.926,-0.0583,-0.4935,0.0955,,
1780128050,833749030,right_base_state,right_joint_1,right_joint_2,right_joint_3,right_joint_4,right_joint_5,right_joint_6,right_joint_7,-90.4573,-90.0759,90.0495,-89.926,-0.0583,-0.4935,0.0955,,
1780128050,843744802,right_base_state,right_joint_1,right_joint_2,right_joint_3,right_joint_4,right_joint_5,right_joint_6,right_joint_7,-90.4573,-90.0759,90.0495,-89.926,-0.0582,-0.4935,0.0955,,
1780128050,853655051,right_base_state,right_joint_1,right_joint_2,right_joint_3,right_joint_4,right_joint_5,right_joint_6,right_joint_7,-90.4573,-90.0759,90.0495,-89.926,-0.0582,-0.4934,0.0955,,
1780128050,863597467,right_base_state,right_joint_1,right_joint_2,right_joint_3,right_joint_4,right_joint_5,right_joint_6,right_joint_7,-90.4573,-90.0759,90.0495,-89.926,-0.0582,-0.4934,0.0955,,
1780128050,873630170,right_base_state,right_joint_1,right_joint_2,right_joint_3,right_joint_4,right_joint_5,right_joint_6,right_joint_7,-90.4573,-90.0759,90.0495,-89.926,-0.0582,-0.4934,0.0955,,
1780128050,883761144,right_base_state,right_joint_1,right_joint_2,right_joint_3,right_joint_4,right_joint_5,right_joint_6,right_joint_7,-90.4573,-90.0759,90.0495,-89.926,-0.0582,-0.4934,0.0955,,
1780128050,893821723,right_base_state,right_joint_1,right_joint_2,right_joint_3,right_joint_4,right_joint_5,right_joint_6,right_joint_7,-90.4573,-90.0759,90.0495,-89.926,-0.0583,-0.4935,0.0955,,
1780128050,903719316,right_base_state,right_joint_1,right_joint_2,right_joint_3,right_joint_4,right_joint_5,right_joint_6,right_joint_7,-90.4573,-90.0759,90.0495,-89.926,-0.0582,-0.4935,0.0955,,
1780128050,913849732,right_base_state,right_joint_1,right_joint_2,right_joint_3,right_joint_4,right_joint_5,right_joint_6,right_joint_7,-90.4573,-90.0759,90.0495,-89.926,-0.0582,-0.4934,0.0955,,
1780128050,923811235,right_base_state,right_joint_1,right_joint_2,right_joint_3,right_joint_4,right_joint_5,right_joint_6,right_joint_7,-90.4573,-90.0759,90.0495,-89.926,-0.0583,-0.4935,0.0955,,
1780128050,933791946,right_base_state,right_joint_1,right_joint_2,right_joint_3,right_joint_4,right_joint_5,right_joint_6,right_joint_7,-90.4573,-90.0759,90.0495,-89.926,-0.0582,-0.4934,0.0955,,
1780128050,943775056,right_base_state,right_joint_1,right_joint_2,right_joint_3,right_joint_4,right_joint_5,right_joint_6,right_joint_7,-90.4573,-90.0759,90.0495,-89.926,-0.0582,-0.4935,0.0955,,
1780128050,953787121,right_base_state,right_joint_1,right_joint_2,right_joint_3,right_joint_4,right_joint_5,right_joint_6,right_joint_7,-90.4573,-90.0759,90.0495,-89.926,-0.0583,-0.4934,0.0955,,
1780128050,963610776,right_base_state,right_joint_1,right_joint_2,right_joint_3,right_joint_4,right_joint_5,right_joint_6,right_joint_7,-90.4573,-90.0759,90.0495,-89.926,-0.0582,-0.4934,0.0955,,
1780128050,974019365,right_base_state,right_joint_1,right_joint_2,right_joint_3,right_joint_4,right_joint_5,right_joint_6,right_joint_7,-90.4573,-90.0759,90.0495,-89.926,-0.0582,-0.4935,0.0955,,
1780128050,983634949,right_base_state,right_joint_1,right_joint_2,right_joint_3,right_joint_4,right_joint_5,right_joint_6,right_joint_7,-90.4573,-90.0759,90.0495,-89.926,-0.0582,-0.4934,0.0955,,
1780128050,993644860,right_base_state,right_joint_1,right_joint_2,right_joint_3,right_joint_4,right_joint_5,right_joint_6,right_joint_7,-90.4573,-90.0759,90.0495,-89.926,-0.0582,-0.4935,0.0955,,
1780128051,3606613,right_base_state,right_joint_1,right_joint_2,right_joint_3,right_joint_4,right_joint_5,right_joint_6,right_joint_7,-90.4573,-90.0759,90.0495,-89.926,-0.0583,-0.4935,0.0955,,
1780128051,13622679,right_base_state,right_joint_1,right_joint_2,right_joint_3,right_joint_4,right_joint_5,right_joint_6,right_joint_7,-90.4573,-90.0759,90.0495,-89.926,-0.0582,-0.4934,0.0955,,
1780128051,23760455,right_base_state,right_joint_1,right_joint_2,right_joint_3,right_joint_4,right_joint_5,right_joint_6,right_joint_7,-90.4573,-90.0759,90.0495,-89.926,-0.0582,-0.4935,0.0955,,
1780128051,33664581,right_base_state,right_joint_1,right_joint_2,right_joint_3,right_joint_4,right_joint_5,right_joint_6,right_joint_7,-90.4573,-90.0759,90.0495,-89.926,-0.0582,-0.4935,0.0955,,
1780128051,43804059,right_base_state,right_joint_1,right_joint_2,right_joint_3,right_joint_4,right_joint_5,right_joint_6,right_joint_7,-90.4573,-90.0759,90.0495,-89.926,-0.0582,-0.4935,0.0955,,
1780128051,53609448,right_base_state,right_joint_1,right_joint_2,right_joint_3,right_joint_4,right_joint_5,right_joint_6,right_joint_7,-90.4573,-90.0759,90.0495,-89.926,-0.0583,-0.4935,0.0955,,
1780128051,63644528,right_base_state,right_joint_1,right_joint_2,right_joint_3,right_joint_4,right_joint_5,right_joint_6,right_joint_7,-90.4573,-90.0759,90.0495,-89.926,-0.0582,-0.4935,0.0955,,
1780128051,73689189,right_base_state,right_joint_1,right_joint_2,right_joint_3,right_joint_4,right_joint_5,right_joint_6,right_joint_7,-90.4573,-90.0759,90.0495,-89.926,-0.0583,-0.4934,0.0955,,
1780128051,83709339,right_base_state,right_joint_1,right_joint_2,right_joint_3,right_joint_4,right_joint_5,right_joint_6,right_joint_7,-90.4573,-90.0759,90.0495,-89.926,-0.0583,-0.4935,0.0955,,
1780128051,93698371,right_base_state,right_joint_1,right_joint_2,right_joint_3,right_joint_4,right_joint_5,right_joint_6,right_joint_7,-90.4573,-90.0759,90.0495,-89.926,-0.0582,-0.4934,0.0955,,
1780128051,103638895,right_base_state,right_joint_1,right_joint_2,right_joint_3,right_joint_4,right_joint_5,right_joint_6,right_joint_7,-90.4573,-90.0759,90.0495,-89.926,-0.0583,-0.4935,0.0955,,
1780128051,114499931,right_base_state,right_joint_1,right_joint_2,right_joint_3,right_joint_4,right_joint_5,right_joint_6,right_joint_7,-90.4573,-90.0759,90.0495,-89.926,-0.0582,-0.4935,0.0955,,
1780128051,123734411,right_base_state,right_joint_1,right_joint_2,right_joint_3,right_joint_4,right_joint_5,right_joint_6,right_joint_7,-90.4573,-90.0759,90.0495,-89.926,-0.0583,-0.4935,0.0955,,
1780128051,133664205,right_base_state,right_joint_1,right_joint_2,right_joint_3,right_joint_4,right_joint_5,right_joint_6,right_joint_7,-90.4573,-90.0759,90.0495,-89.926,-0.0583,-0.4934,0.0955,,
1780128051,143727743,right_base_state,right_joint_1,right_joint_2,right_joint_3,right_joint_4,right_joint_5,right_joint_6,right_joint_7,-90.4573,-90.0759,90.0495,-89.926,-0.0582,-0.4935,0.0955,,
1780128051,153600627,right_base_state,right_joint_1,right_joint_2,right_joint_3,right_joint_4,right_joint_5,right_joint_6,right_joint_7,-90.4573,-90.0759,90.0495,-89.926,-0.0583,-0.4934,0.0955,,
1780128051,163668609,right_base_state,right_joint_1,right_joint_2,right_joint_3,right_joint_4,right_joint_5,right_joint_6,right_joint_7,-90.4573,-90.0759,90.0495,-89.926,-0.0582,-0.4935,0.0955,,
1780128051,173743075,right_base_state,right_joint_1,right_joint_2,right_joint_3,right_joint_4,right_joint_5,right_joint_6,right_joint_7,-90.4573,-90.0759,90.0495,-89.926,-0.0582,-0.4935,0.0955,,
1780128051,183659396,right_base_state,right_joint_1,right_joint_2,right_joint_3,right_joint_4,right_joint_5,right_joint_6,right_joint_7,-90.4573,-90.0759,90.0495,-89.926,-0.0582,-0.4935,0.0955,,
1780128051,193650060,right_base_state,right_joint_1,right_joint_2,right_joint_3,right_joint_4,right_joint_5,right_joint_6,right_joint_7,-90.4573,-90.0759,90.0495,-89.926,-0.0582,-0.4935,0.0955,,
1780128051,203581828,right_base_state,right_joint_1,right_joint_2,right_joint_3,right_joint_4,right_joint_5,right_joint_6,right_joint_7,-90.4573,-90.0759,90.0495,-89.926,-0.0583,-0.4935,0.0955,,
1780128051,213639195,right_base_state,right_joint_1,right_joint_2,right_joint_3,right_joint_4,right_joint_5,right_joint_6,right_joint_7,-90.4573,-90.0759,90.0495,-89.926,-0.0583,-0.4934,0.0955,,
1780128051,224180128,right_base_state,right_joint_1,right_joint_2,right_joint_3,right_joint_4,right_joint_5,right_joint_6,right_joint_7,-90.4573,-90.0759,90.0495,-89.926,-0.0582,-0.4935,0.0955,,
1780128051,233720141,right_base_state,right_joint_1,right_joint_2,right_joint_3,right_joint_4,right_joint_5,right_joint_6,right_joint_7,-90.4573,-90.0759,90.0495,-89.926,-0.0583,-0.4934,0.0955,,
1780128051,243690463,right_base_state,right_joint_1,right_joint_2,right_joint_3,right_joint_4,right_joint_5,right_joint_6,right_joint_7,-90.4573,-90.0759,90.0495,-89.926,-0.0583,-0.4935,0.0955,,
1780128051,253663103,right_base_state,right_joint_1,right_joint_2,right_joint_3,right_joint_4,right_joint_5,right_joint_6,right_joint_7,-90.4573,-90.0759,90.0495,-89.926,-0.0583,-0.4935,0.0955,,
1780128051,263694474,right_base_state,right_joint_1,right_joint_2,right_joint_3,right_joint_4,right_joint_5,right_joint_6,right_joint_7,-90.4573,-90.0759,90.0495,-89.926,-0.0583,-0.4935,0.0955,,
1780128051,273595902,right_base_state,right_joint_1,right_joint_2,right_joint_3,right_joint_4,right_joint_5,right_joint_6,right_joint_7,-90.4573,-90.0759,90.0495,-89.926,-0.0582,-0.4934,0.0955,,
1780128051,283982620,right_base_state,right_joint_1,right_joint_2,right_joint_3,right_joint_4,right_joint_5,right_joint_6,right_joint_7,-90.4573,-90.0759,90.0495,-89.926,-0.0582,-0.4934,0.0955,,
1780128051,293809708,right_base_state,right_joint_1,right_joint_2,right_joint_3,right_joint_4,right_joint_5,right_joint_6,right_joint_7,-90.4573,-90.0759,90.0495,-89.926,-0.0582,-0.4935,0.0955,,
1780128051,304021047,right_base_state,right_joint_1,right_joint_2,right_joint_3,right_joint_4,right_joint_5,right_joint_6,right_joint_7,-90.4573,-90.0759,90.0495,-89.926,-0.0583,-0.4935,0.0955,,
1780128051,313608922,right_base_state,right_joint_1,right_joint_2,right_joint_3,right_joint_4,right_joint_5,right_joint_6,right_joint_7,-90.4573,-90.0759,90.0495,-89.926,-0.0583,-0.4934,0.0955,,
1780128051,323669593,right_base_state,right_joint_1,right_joint_2,right_joint_3,right_joint_4,right_joint_5,right_joint_6,right_joint_7,-90.4573,-90.0759,90.0495,-89.926,-0.0583,-0.4935,0.0955,,
1780128051,333691356,right_base_state,right_joint_1,right_joint_2,right_joint_3,right_joint_4,right_joint_5,right_joint_6,right_joint_7,-90.4573,-90.0759,90.0495,-89.926,-0.0583,-0.4935,0.0955,,
1780128051,343778598,right_base_state,right_joint_1,right_joint_2,right_joint_3,right_joint_4,right_joint_5,right_joint_6,right_joint_7,-90.4573,-90.0759,90.0495,-89.926,-0.0582,-0.4935,0.0955,,
1780128051,353590793,right_base_state,right_joint_1,right_joint_2,right_joint_3,right_joint_4,right_joint_5,right_joint_6,right_joint_7,-90.4573,-90.0759,90.0495,-89.926,-0.0583,-0.4935,0.0955,,
1780128051,363848206,right_base_state,right_joint_1,right_joint_2,right_joint_3,right_joint_4,right_joint_5,right_joint_6,right_joint_7,-90.4573,-90.0759,90.0495,-89.926,-0.0583,-0.4935,0.0955,,
1780128051,373926182,right_base_state,right_joint_1,right_joint_2,right_joint_3,right_joint_4,right_joint_5,right_joint_6,right_joint_7,-90.4573,-90.0759,90.0495,-89.926,-0.0582,-0.4934,0.0955,,
1780128051,383831704,right_base_state,right_joint_1,right_joint_2,right_joint_3,right_joint_4,right_joint_5,right_joint_6,right_joint_7,-90.4573,-90.0759,90.0495,-89.926,-0.0583,-0.4934,0.0955,,
1780128051,393708575,right_base_state,right_joint_1,right_joint_2,right_joint_3,right_joint_4,right_joint_5,right_joint_6,right_joint_7,-90.4573,-90.0759,90.0495,-89.926,-0.0582,-0.4935,0.0955,,
1780128051,403579236,right_base_state,right_joint_1,right_joint_2,right_joint_3,right_joint_4,right_joint_5,right_joint_6,right_joint_7,-90.4573,-90.0759,90.0495,-89.926,-0.0582,-0.4934,0.0955,,
1780128051,413939748,right_base_state,right_joint_1,right_joint_2,right_joint_3,right_joint_4,right_joint_5,right_joint_6,right_joint_7,-90.4573,-90.0759,90.0495,-89.926,-0.0582,-0.4934,0.0955,,
1780128051,423894571,right_base_state,right_joint_1,right_joint_2,right_joint_3,right_joint_4,right_joint_5,right_joint_6,right_joint_7,-90.4573,-90.0759,90.0495,-89.926,-0.0582,-0.4935,0.0955,,
1780128051,433734355,right_base_state,right_joint_1,right_joint_2,right_joint_3,right_joint_4,right_joint_5,right_joint_6,right_joint_7,-90.4573,-90.0759,90.0495,-89.926,-0.0582,-0.4935,0.0955,,
1780128051,443745865,right_base_state,right_joint_1,right_joint_2,right_joint_3,right_joint_4,right_joint_5,right_joint_6,right_joint_7,-90.4573,-90.0759,90.0495,-89.926,-0.0583,-0.4935,0.0955,,
1780128051,453640386,right_base_state,right_joint_1,right_joint_2,right_joint_3,right_joint_4,right_joint_5,right_joint_6,right_joint_7,-90.4573,-90.0759,90.0495,-89.926,-0.0583,-0.4935,0.0955,,
1780128051,463633553,right_base_state,right_joint_1,right_joint_2,right_joint_3,right_joint_4,right_joint_5,right_joint_6,right_joint_7,-90.4573,-90.0759,90.0495,-89.926,-0.0583,-0.4935,0.0955,,
1780128051,473651849,right_base_state,right_joint_1,right_joint_2,right_joint_3,right_joint_4,right_joint_5,right_joint_6,right_joint_7,-90.4573,-90.0759,90.0495,-89.926,-0.0582,-0.4935,0.0955,,
1780128051,483635046,right_base_state,right_joint_1,right_joint_2,right_joint_3,right_joint_4,right_joint_5,right_joint_6,right_joint_7,-90.4573,-90.0759,90.0495,-89.926,-0.0582,-0.4935,0.0955,,
1780128051,493741709,right_base_state,right_joint_1,right_joint_2,right_joint_3,right_joint_4,right_joint_5,right_joint_6,right_joint_7,-90.4573,-90.0759,90.0495,-89.926,-0.0582,-0.4934,0.0955,,
1780128051,503975749,right_base_state,right_joint_1,right_joint_2,right_joint_3,right_joint_4,right_joint_5,right_joint_6,right_joint_7,-90.4573,-90.0759,90.0495,-89.926,-0.0582,-0.4935,0.0955,,
1780128051,514542724,right_base_state,right_joint_1,right_joint_2,right_joint_3,right_joint_4,right_joint_5,right_joint_6,right_joint_7,-90.4573,-90.0759,90.0495,-89.926,-0.0582,-0.4935,0.0955,,
1780128051,523955565,right_base_state,right_joint_1,right_joint_2,right_joint_3,right_joint_4,right_joint_5,right_joint_6,right_joint_7,-90.4573,-90.0759,90.0495,-89.926,-0.0582,-0.4935,0.0955,,
1780128051,533639858,right_base_state,right_joint_1,right_joint_2,right_joint_3,right_joint_4,right_joint_5,right_joint_6,right_joint_7,-90.4573,-90.0759,90.0495,-89.926,-0.0583,-0.4935,0.0955,,
1780128051,543884708,right_base_state,right_joint_1,right_joint_2,right_joint_3,right_joint_4,right_joint_5,right_joint_6,right_joint_7,-90.4573,-90.0759,90.0495,-89.926,-0.0582,-0.4935,0.0955,,
1780128051,553650394,right_base_state,right_joint_1,right_joint_2,right_joint_3,right_joint_4,right_joint_5,right_joint_6,right_joint_7,-90.4573,-90.0759,90.0495,-89.926,-0.0582,-0.4935,0.0955,,
1780128051,563679897,right_base_state,right_joint_1,right_joint_2,right_joint_3,right_joint_4,right_joint_5,right_joint_6,right_joint_7,-90.4573,-90.0759,90.0495,-89.926,-0.0582,-0.4935,0.0955,,
1780128051,573885851,right_base_state,right_joint_1,right_joint_2,right_joint_3,right_joint_4,right_joint_5,right_joint_6,right_joint_7,-90.4573,-90.0759,90.0495,-89.926,-0.0583,-0.4935,0.0955,,
1780128051,583731068,right_base_state,right_joint_1,right_joint_2,right_joint_3,right_joint_4,right_joint_5,right_joint_6,right_joint_7,-90.4573,-90.0759,90.0495,-89.926,-0.0582,-0.4935,0.0955,,
1780128051,593833093,right_base_state,right_joint_1,right_joint_2,right_joint_3,right_joint_4,right_joint_5,right_joint_6,right_joint_7,-90.4573,-90.0759,90.0495,-89.926,-0.0582,-0.4934,0.0955,,
1780128051,603700524,right_base_state,right_joint_1,right_joint_2,right_joint_3,right_joint_4,right_joint_5,right_joint_6,right_joint_7,-90.4573,-90.0759,90.0495,-89.926,-0.0582,-0.4935,0.0955,,
1780128051,613654440,right_base_state,right_joint_1,right_joint_2,right_joint_3,right_joint_4,right_joint_5,right_joint_6,right_joint_7,-90.4573,-90.0759,90.0495,-89.926,-0.0583,-0.4934,0.0955,,
1780128051,623966716,right_base_state,right_joint_1,right_joint_2,right_joint_3,right_joint_4,right_joint_5,right_joint_6,right_joint_7,-90.4573,-90.0759,90.0495,-89.926,-0.0582,-0.4934,0.0955,,
1780128051,633864007,right_base_state,right_joint_1,right_joint_2,right_joint_3,right_joint_4,right_joint_5,right_joint_6,right_joint_7,-90.4573,-90.0759,90.0495,-89.926,-0.0582,-0.4934,0.0955,,
1780128051,643768765,right_base_state,right_joint_1,right_joint_2,right_joint_3,right_joint_4,right_joint_5,right_joint_6,right_joint_7,-90.4573,-90.0759,90.0495,-89.926,-0.0582,-0.4935,0.0955,,
1780128051,653706836,right_base_state,right_joint_1,right_joint_2,right_joint_3,right_joint_4,right_joint_5,right_joint_6,right_joint_7,-90.4573,-90.0759,90.0495,-89.926,-0.0583,-0.4935,0.0955,,
1780128051,663665719,right_base_state,right_joint_1,right_joint_2,right_joint_3,right_joint_4,right_joint_5,right_joint_6,right_joint_7,-90.4573,-90.0759,90.0495,-89.926,-0.0583,-0.4934,0.0955,,
1780128051,673710305,right_base_state,right_joint_1,right_joint_2,right_joint_3,right_joint_4,right_joint_5,right_joint_6,right_joint_7,-90.4573,-90.0759,90.0495,-89.926,-0.0582,-0.4935,0.0955,,
1780128051,683674785,right_base_state,right_joint_1,right_joint_2,right_joint_3,right_joint_4,right_joint_5,right_joint_6,right_joint_7,-90.4573,-90.0759,90.0495,-89.926,-0.0582,-0.4934,0.0955,,
1780128051,693869167,right_base_state,right_joint_1,right_joint_2,right_joint_3,right_joint_4,right_joint_5,right_joint_6,right_joint_7,-90.4573,-90.0759,90.0495,-89.926,-0.0583,-0.4935,0.0955,,
1780128051,703742172,right_base_state,right_joint_1,right_joint_2,right_joint_3,right_joint_4,right_joint_5,right_joint_6,right_joint_7,-90.4573,-90.0759,90.0495,-89.926,-0.0583,-0.4934,0.0955,,
1780128051,713704415,right_base_state,right_joint_1,right_joint_2,right_joint_3,right_joint_4,right_joint_5,right_joint_6,right_joint_7,-90.4573,-90.0759,90.0495,-89.926,-0.0582,-0.4935,0.0955,,
1780128051,724645129,right_base_state,right_joint_1,right_joint_2,right_joint_3,right_joint_4,right_joint_5,right_joint_6,right_joint_7,-90.4573,-90.0759,90.0495,-89.926,-0.0582,-0.4935,0.0955,,
1780128051,733975690,right_base_state,right_joint_1,right_joint_2,right_joint_3,right_joint_4,right_joint_5,right_joint_6,right_joint_7,-90.4573,-90.0759,90.0495,-89.926,-0.0582,-0.4935,0.0955,,
1780128051,743876813,right_base_state,right_joint_1,right_joint_2,right_joint_3,right_joint_4,right_joint_5,right_joint_6,right_joint_7,-90.4573,-90.0759,90.0495,-89.926,-0.0582,-0.4934,0.0955,,
1780128051,753934371,right_base_state,right_joint_1,right_joint_2,right_joint_3,right_joint_4,right_joint_5,right_joint_6,right_joint_7,-90.4573,-90.0759,90.0495,-89.926,-0.0583,-0.4935,0.0955,,
1780128051,763708337,right_base_state,right_joint_1,right_joint_2,right_joint_3,right_joint_4,right_joint_5,right_joint_6,right_joint_7,-90.4573,-90.0759,90.0495,-89.926,-0.0582,-0.4935,0.0955,,
1780128051,773680258,right_base_state,right_joint_1,right_joint_2,right_joint_3,right_joint_4,right_joint_5,right_joint_6,right_joint_7,-90.4573,-90.0759,90.0495,-89.926,-0.0583,-0.4934,0.0955,,
1780128051,783908548,right_base_state,right_joint_1,right_joint_2,right_joint_3,right_joint_4,right_joint_5,right_joint_6,right_joint_7,-90.4573,-90.0759,90.0495,-89.926,-0.0583,-0.4935,0.0955,,
1780128051,793876149,right_base_state,right_joint_1,right_joint_2,right_joint_3,right_joint_4,right_joint_5,right_joint_6,right_joint_7,-90.4573,-90.0759,90.0495,-89.926,-0.0582,-0.4934,0.0955,,
1780128051,803570945,right_base_state,right_joint_1,right_joint_2,right_joint_3,right_joint_4,right_joint_5,right_joint_6,right_joint_7,-90.4573,-90.0759,90.0495,-89.926,-0.0582,-0.4935,0.0955,,
1780128051,813754576,right_base_state,right_joint_1,right_joint_2,right_joint_3,right_joint_4,right_joint_5,right_joint_6,right_joint_7,-90.4573,-90.0759,90.0495,-89.926,-0.0583,-0.4935,0.0955,,
1780128051,824997471,right_base_state,right_joint_1,right_joint_2,right_joint_3,right_joint_4,right_joint_5,right_joint_6,right_joint_7,-90.4573,-90.0759,90.0495,-89.926,-0.0583,-0.4934,0.0955,,
1780128051,833764563,right_base_state,right_joint_1,right_joint_2,right_joint_3,right_joint_4,right_joint_5,right_joint_6,right_joint_7,-90.4573,-90.0759,90.0495,-89.926,-0.0582,-0.4935,0.0955,,
1780128051,843678112,right_base_state,right_joint_1,right_joint_2,right_joint_3,right_joint_4,right_joint_5,right_joint_6,right_joint_7,-90.4573,-90.0759,90.0495,-89.926,-0.0582,-0.4934,0.0955,,
1780128051,853586815,right_base_state,right_joint_1,right_joint_2,right_joint_3,right_joint_4,right_joint_5,right_joint_6,right_joint_7,-90.4573,-90.0759,90.0495,-89.926,-0.0583,-0.4935,0.0955,,
1780128051,863895702,right_base_state,right_joint_1,right_joint_2,right_joint_3,right_joint_4,right_joint_5,right_joint_6,right_joint_7,-90.4573,-90.0759,90.0495,-89.926,-0.0582,-0.4935,0.0955,,
1780128051,873678872,right_base_state,right_joint_1,right_joint_2,right_joint_3,right_joint_4,right_joint_5,right_joint_6,right_joint_7,-90.4573,-90.0759,90.0495,-89.926,-0.0583,-0.4935,0.0955,,
1780128051,883728072,right_base_state,right_joint_1,right_joint_2,right_joint_3,right_joint_4,right_joint_5,right_joint_6,right_joint_7,-90.4573,-90.0759,90.0495,-89.926,-0.0583,-0.4934,0.0955,,
1780128051,893761772,right_base_state,right_joint_1,right_joint_2,right_joint_3,right_joint_4,right_joint_5,right_joint_6,right_joint_7,-90.4573,-90.0759,90.0495,-89.926,-0.0583,-0.4935,0.0955,,
1780128051,903847323,right_base_state,right_joint_1,right_joint_2,right_joint_3,right_joint_4,right_joint_5,right_joint_6,right_joint_7,-90.4573,-90.0759,90.0495,-89.926,-0.0582,-0.4935,0.0955,,
1780128051,913710550,right_base_state,right_joint_1,right_joint_2,right_joint_3,right_joint_4,right_joint_5,right_joint_6,right_joint_7,-90.4573,-90.0759,90.0495,-89.926,-0.0582,-0.4935,0.0955,,
1780128051,924333002,right_base_state,right_joint_1,right_joint_2,right_joint_3,right_joint_4,right_joint_5,right_joint_6,right_joint_7,-90.4573,-90.0759,90.0495,-89.926,-0.0582,-0.4935,0.0955,,
1780128051,933671858,right_base_state,right_joint_1,right_joint_2,right_joint_3,right_joint_4,right_joint_5,right_joint_6,right_joint_7,-90.4573,-90.0759,90.0495,-89.926,-0.0582,-0.4935,0.0955,,
1780128051,943957371,right_base_state,right_joint_1,right_joint_2,right_joint_3,right_joint_4,right_joint_5,right_joint_6,right_joint_7,-90.4573,-90.0759,90.0495,-89.926,-0.0583,-0.4934,0.0955,,
1780128051,953598057,right_base_state,right_joint_1,right_joint_2,right_joint_3,right_joint_4,right_joint_5,right_joint_6,right_joint_7,-90.4573,-90.0759,90.0495,-89.926,-0.0583,-0.4935,0.0955,,
1780128051,963615307,right_base_state,right_joint_1,right_joint_2,right_joint_3,right_joint_4,right_joint_5,right_joint_6,right_joint_7,-90.4573,-90.0759,90.0495,-89.926,-0.0582,-0.4934,0.0955,,
1780128051,974032676,right_base_state,right_joint_1,right_joint_2,right_joint_3,right_joint_4,right_joint_5,right_joint_6,right_joint_7,-90.4573,-90.0759,90.0495,-89.926,-0.0582,-0.4935,0.0955,,
1780128051,983715898,right_base_state,right_joint_1,right_joint_2,right_joint_3,right_joint_4,right_joint_5,right_joint_6,right_joint_7,-90.4573,-90.0759,90.0495,-89.926,-0.0582,-0.4935,0.0955,,
1780128051,993892921,right_base_state,right_joint_1,right_joint_2,right_joint_3,right_joint_4,right_joint_5,right_joint_6,right_joint_7,-90.4573,-90.0759,90.0495,-89.926,-0.0583,-0.4935,0.0955,,
1780128052,3583088,right_base_state,right_joint_1,right_joint_2,right_joint_3,right_joint_4,right_joint_5,right_joint_6,right_joint_7,-90.4573,-90.0759,90.0495,-89.926,-0.0582,-0.4935,0.0955,,
1780128052,13646806,right_base_state,right_joint_1,right_joint_2,right_joint_3,right_joint_4,right_joint_5,right_joint_6,right_joint_7,-90.4573,-90.0759,90.0495,-89.926,-0.0583,-0.4935,0.0955,,
1780128052,25791265,right_base_state,right_joint_1,right_joint_2,right_joint_3,right_joint_4,right_joint_5,right_joint_6,right_joint_7,-90.4573,-90.0759,90.0495,-89.926,-0.0582,-0.4935,0.0955,,
1780128052,33823675,right_base_state,right_joint_1,right_joint_2,right_joint_3,right_joint_4,right_joint_5,right_joint_6,right_joint_7,-90.4573,-90.0759,90.0495,-89.926,-0.0582,-0.4935,0.0955,,
1780128052,44047387,right_base_state,right_joint_1,right_joint_2,right_joint_3,right_joint_4,right_joint_5,right_joint_6,right_joint_7,-90.4573,-90.0759,90.0495,-89.926,-0.0582,-0.4935,0.0955,,
1780128052,53587976,right_base_state,right_joint_1,right_joint_2,right_joint_3,right_joint_4,right_joint_5,right_joint_6,right_joint_7,-90.4573,-90.0759,90.0495,-89.926,-0.0583,-0.4935,0.0955,,
1780128052,63640773,right_base_state,right_joint_1,right_joint_2,right_joint_3,right_joint_4,right_joint_5,right_joint_6,right_joint_7,-90.4573,-90.0759,90.0495,-89.926,-0.0583,-0.4935,0.0955,,
1780128052,73705683,right_base_state,right_joint_1,right_joint_2,right_joint_3,right_joint_4,right_joint_5,right_joint_6,right_joint_7,-90.4573,-90.0759,90.0495,-89.926,-0.0582,-0.4935,0.0955,,
1780128052,83798446,right_base_state,right_joint_1,right_joint_2,right_joint_3,right_joint_4,right_joint_5,right_joint_6,right_joint_7,-90.4573,-90.0759,90.0495,-89.926,-0.0583,-0.4934,0.0955,,
1780128052,93687830,right_base_state,right_joint_1,right_joint_2,right_joint_3,right_joint_4,right_joint_5,right_joint_6,right_joint_7,-90.4573,-90.0759,90.0495,-89.926,-0.0582,-0.4935,0.0955,,
1780128052,103586576,right_base_state,right_joint_1,right_joint_2,right_joint_3,right_joint_4,right_joint_5,right_joint_6,right_joint_7,-90.4573,-90.0759,90.0495,-89.926,-0.0582,-0.4935,0.0955,,
1780128052,113620503,right_base_state,right_joint_1,right_joint_2,right_joint_3,right_joint_4,right_joint_5,right_joint_6,right_joint_7,-90.4573,-90.0759,90.0495,-89.926,-0.0583,-0.4935,0.0955,,
1780128052,123881415,right_base_state,right_joint_1,right_joint_2,right_joint_3,right_joint_4,right_joint_5,right_joint_6,right_joint_7,-90.4573,-90.0759,90.0495,-89.926,-0.0583,-0.4935,0.0955,,
1780128052,133805250,right_base_state,right_joint_1,right_joint_2,right_joint_3,right_joint_4,right_joint_5,right_joint_6,right_joint_7,-90.4573,-90.0759,90.0495,-89.926,-0.0583,-0.4935,0.0955,,
1780128052,143754122,right_base_state,right_joint_1,right_joint_2,right_joint_3,right_joint_4,right_joint_5,right_joint_6,right_joint_7,-90.4573,-90.0759,90.0495,-89.926,-0.0582,-0.4935,0.0955,,
1780128052,153562706,right_base_state,right_joint_1,right_joint_2,right_joint_3,right_joint_4,right_joint_5,right_joint_6,right_joint_7,-90.4573,-90.0759,90.0495,-89.926,-0.0583,-0.4935,0.0955,,
1780128052,163615082,right_base_state,right_joint_1,right_joint_2,right_joint_3,right_joint_4,right_joint_5,right_joint_6,right_joint_7,-90.4573,-90.0759,90.0495,-89.926,-0.0583,-0.4935,0.0955,,
1780128052,173696493,right_base_state,right_joint_1,right_joint_2,right_joint_3,right_joint_4,right_joint_5,right_joint_6,right_joint_7,-90.4573,-90.0759,90.0495,-89.926,-0.0582,-0.4935,0.0955,,
1780128052,183782798,right_base_state,right_joint_1,right_joint_2,right_joint_3,right_joint_4,right_joint_5,right_joint_6,right_joint_7,-90.4573,-90.0759,90.0495,-89.926,-0.0582,-0.4935,0.0955,,
1780128052,193648162,right_base_state,right_joint_1,right_joint_2,right_joint_3,right_joint_4,right_joint_5,right_joint_6,right_joint_7,-90.4573,-90.0759,90.0495,-89.926,-0.0583,-0.4935,0.0955,,
1780128052,203644802,right_base_state,right_joint_1,right_joint_2,right_joint_3,right_joint_4,right_joint_5,right_joint_6,right_joint_7,-90.4573,-90.0759,90.0495,-89.926,-0.0583,-0.4934,0.0955,,
1780128052,213818862,right_base_state,right_joint_1,right_joint_2,right_joint_3,right_joint_4,right_joint_5,right_joint_6,right_joint_7,-90.4573,-90.0759,90.0495,-89.926,-0.0583,-0.4935,0.0955,,
1780128052,223678902,right_base_state,right_joint_1,right_joint_2,right_joint_3,right_joint_4,right_joint_5,right_joint_6,right_joint_7,-90.4573,-90.0759,90.0495,-89.926,-0.0583,-0.4935,0.0955,,
1780128052,233690689,right_base_state,right_joint_1,right_joint_2,right_joint_3,right_joint_4,right_joint_5,right_joint_6,right_joint_7,-90.4573,-90.0759,90.0495,-89.926,-0.0582,-0.4935,0.0955,,
1780128052,243801821,right_base_state,right_joint_1,right_joint_2,right_joint_3,right_joint_4,right_joint_5,right_joint_6,right_joint_7,-90.4573,-90.0759,90.0495,-89.926,-0.0582,-0.4934,0.0955,,
1780128052,253605332,right_base_state,right_joint_1,right_joint_2,right_joint_3,right_joint_4,right_joint_5,right_joint_6,right_joint_7,-90.4573,-90.0759,90.0495,-89.926,-0.0582,-0.4934,0.0955,,
1780128052,263716892,right_base_state,right_joint_1,right_joint_2,right_joint_3,right_joint_4,right_joint_5,right_joint_6,right_joint_7,-90.4573,-90.0759,90.0495,-89.926,-0.0582,-0.4934,0.0955,,
1780128052,274002232,right_base_state,right_joint_1,right_joint_2,right_joint_3,right_joint_4,right_joint_5,right_joint_6,right_joint_7,-90.4573,-90.0759,90.0495,-89.926,-0.0582,-0.4934,0.0955,,
1780128052,283958257,right_base_state,right_joint_1,right_joint_2,right_joint_3,right_joint_4,right_joint_5,right_joint_6,right_joint_7,-90.4573,-90.0759,90.0495,-89.926,-0.0583,-0.4934,0.0955,,
1780128052,293973305,right_base_state,right_joint_1,right_joint_2,right_joint_3,right_joint_4,right_joint_5,right_joint_6,right_joint_7,-90.4573,-90.0759,90.0495,-89.926,-0.0582,-0.4935,0.0955,,
1780128052,303754797,right_base_state,right_joint_1,right_joint_2,right_joint_3,right_joint_4,right_joint_5,right_joint_6,right_joint_7,-90.4573,-90.0759,90.0495,-89.926,-0.0583,-0.4934,0.0955,,
1780128052,313761857,right_base_state,right_joint_1,right_joint_2,right_joint_3,right_joint_4,right_joint_5,right_joint_6,right_joint_7,-90.4573,-90.0759,90.0495,-89.926,-0.0582,-0.4935,0.0955,,
1780128052,323771167,right_base_state,right_joint_1,right_joint_2,right_joint_3,right_joint_4,right_joint_5,right_joint_6,right_joint_7,-90.4573,-90.0759,90.0495,-89.926,-0.0582,-0.4935,0.0955,,
1780128052,333765290,right_base_state,right_joint_1,right_joint_2,right_joint_3,right_joint_4,right_joint_5,right_joint_6,right_joint_7,-90.4573,-90.0759,90.0495,-89.926,-0.0582,-0.4935,0.0955,,
1780128052,343700984,right_base_state,right_joint_1,right_joint_2,right_joint_3,right_joint_4,right_joint_5,right_joint_6,right_joint_7,-90.4573,-90.0759,90.0495,-89.926,-0.0582,-0.4935,0.0955,,
1780128052,353623916,right_base_state,right_joint_1,right_joint_2,right_joint_3,right_joint_4,right_joint_5,right_joint_6,right_joint_7,-90.4573,-90.0759,90.0495,-89.926,-0.0582,-0.4934,0.0955,,
1780128052,363682949,right_base_state,right_joint_1,right_joint_2,right_joint_3,right_joint_4,right_joint_5,right_joint_6,right_joint_7,-90.4573,-90.0759,90.0495,-89.926,-0.0583,-0.4935,0.0955,,
1780128052,373680778,right_base_state,right_joint_1,right_joint_2,right_joint_3,right_joint_4,right_joint_5,right_joint_6,right_joint_7,-90.4573,-90.0759,90.0495,-89.926,-0.0583,-0.4935,0.0955,,
1780128052,383782239,right_base_state,right_joint_1,right_joint_2,right_joint_3,right_joint_4,right_joint_5,right_joint_6,right_joint_7,-90.4573,-90.0759,90.0495,-89.926,-0.0582,-0.4935,0.0955,,
1780128052,393720613,right_base_state,right_joint_1,right_joint_2,right_joint_3,right_joint_4,right_joint_5,right_joint_6,right_joint_7,-90.4573,-90.0759,90.0495,-89.926,-0.0582,-0.4935,0.0955,,
1780128052,406108489,right_base_state,right_joint_1,right_joint_2,right_joint_3,right_joint_4,right_joint_5,right_joint_6,right_joint_7,-90.4573,-90.0759,90.0495,-89.926,-0.0583,-0.4935,0.0955,,
1780128052,413842520,right_base_state,right_joint_1,right_joint_2,right_joint_3,right_joint_4,right_joint_5,right_joint_6,right_joint_7,-90.4573,-90.0759,90.0495,-89.926,-0.0583,-0.4935,0.0955,,
1780128052,423717253,right_base_state,right_joint_1,right_joint_2,right_joint_3,right_joint_4,right_joint_5,right_joint_6,right_joint_7,-90.4573,-90.0759,90.0495,-89.926,-0.0582,-0.4935,0.0955,,
1780128052,433826442,right_base_state,right_joint_1,right_joint_2,right_joint_3,right_joint_4,right_joint_5,right_joint_6,right_joint_7,-90.4573,-90.0759,90.0495,-89.926,-0.0583,-0.4934,0.0955,,
1780128052,444549453,right_base_state,right_joint_1,right_joint_2,right_joint_3,right_joint_4,right_joint_5,right_joint_6,right_joint_7,-90.4573,-90.0759,90.0495,-89.926,-0.0583,-0.4935,0.0955,,
1780128052,453620728,right_base_state,right_joint_1,right_joint_2,right_joint_3,right_joint_4,right_joint_5,right_joint_6,right_joint_7,-90.4573,-90.0759,90.0495,-89.926,-0.0582,-0.4935,0.0955,,
1780128052,464371401,right_base_state,right_joint_1,right_joint_2,right_joint_3,right_joint_4,right_joint_5,right_joint_6,right_joint_7,-90.4573,-90.0759,90.0495,-89.926,-0.0582,-0.4934,0.0955,,
1780128052,473689166,right_base_state,right_joint_1,right_joint_2,right_joint_3,right_joint_4,right_joint_5,right_joint_6,right_joint_7,-90.4573,-90.0759,90.0495,-89.926,-0.0582,-0.4935,0.0955,,
1780128052,483703521,right_base_state,right_joint_1,right_joint_2,right_joint_3,right_joint_4,right_joint_5,right_joint_6,right_joint_7,-90.4573,-90.0759,90.0495,-89.926,-0.0583,-0.4934,0.0955,,
1780128052,493641293,right_base_state,right_joint_1,right_joint_2,right_joint_3,right_joint_4,right_joint_5,right_joint_6,right_joint_7,-90.4573,-90.0759,90.0495,-89.926,-0.0582,-0.4935,0.0955,,
1780128052,503555953,right_base_state,right_joint_1,right_joint_2,right_joint_3,right_joint_4,right_joint_5,right_joint_6,right_joint_7,-90.4573,-90.0759,90.0495,-89.926,-0.0583,-0.4935,0.0955,,
1780128052,513591626,right_base_state,right_joint_1,right_joint_2,right_joint_3,right_joint_4,right_joint_5,right_joint_6,right_joint_7,-90.4573,-90.0759,90.0495,-89.926,-0.0582,-0.4935,0.0955,,
1780128052,523805495,right_base_state,right_joint_1,right_joint_2,right_joint_3,right_joint_4,right_joint_5,right_joint_6,right_joint_7,-90.4573,-90.0759,90.0495,-89.926,-0.0582,-0.4935,0.0955,,
1780128052,533825562,right_base_state,right_joint_1,right_joint_2,right_joint_3,right_joint_4,right_joint_5,right_joint_6,right_joint_7,-90.4573,-90.0759,90.0495,-89.926,-0.0582,-0.4935,0.0955,,
1780128052,543808158,right_base_state,right_joint_1,right_joint_2,right_joint_3,right_joint_4,right_joint_5,right_joint_6,right_joint_7,-90.4573,-90.0759,90.0495,-89.926,-0.0582,-0.4935,0.0955,,
1780128052,554810253,right_base_state,right_joint_1,right_joint_2,right_joint_3,right_joint_4,right_joint_5,right_joint_6,right_joint_7,-90.4573,-90.0759,90.0495,-89.926,-0.0582,-0.4935,0.0955,,
1780128052,565324495,right_base_state,right_joint_1,right_joint_2,right_joint_3,right_joint_4,right_joint_5,right_joint_6,right_joint_7,-90.4573,-90.0759,90.0495,-89.926,-0.0583,-0.4935,0.0955,,
1780128052,573819825,right_base_state,right_joint_1,right_joint_2,right_joint_3,right_joint_4,right_joint_5,right_joint_6,right_joint_7,-90.4573,-90.0759,90.0495,-89.926,-0.0583,-0.4935,0.0955,,
1780128052,583631933,right_base_state,right_joint_1,right_joint_2,right_joint_3,right_joint_4,right_joint_5,right_joint_6,right_joint_7,-90.4573,-90.0759,90.0495,-89.926,-0.0583,-0.4935,0.0955,,
1780128052,593707399,right_base_state,right_joint_1,right_joint_2,right_joint_3,right_joint_4,right_joint_5,right_joint_6,right_joint_7,-90.4573,-90.0759,90.0495,-89.926,-0.0583,-0.4934,0.0955,,
1780128052,603665600,right_base_state,right_joint_1,right_joint_2,right_joint_3,right_joint_4,right_joint_5,right_joint_6,right_joint_7,-90.4573,-90.0759,90.0495,-89.926,-0.0583,-0.4934,0.0955,,
1780128052,613675105,right_base_state,right_joint_1,right_joint_2,right_joint_3,right_joint_4,right_joint_5,right_joint_6,right_joint_7,-90.4573,-90.0759,90.0495,-89.926,-0.0582,-0.4935,0.0955,,
1780128052,623706892,right_base_state,right_joint_1,right_joint_2,right_joint_3,right_joint_4,right_joint_5,right_joint_6,right_joint_7,-90.4573,-90.0759,90.0495,-89.926,-0.0582,-0.4935,0.0955,,
1780128052,633721326,right_base_state,right_joint_1,right_joint_2,right_joint_3,right_joint_4,right_joint_5,right_joint_6,right_joint_7,-90.4573,-90.0759,90.0495,-89.926,-0.0582,-0.4935,0.0955,,
1780128052,643687409,right_base_state,right_joint_1,right_joint_2,right_joint_3,right_joint_4,right_joint_5,right_joint_6,right_joint_7,-90.4573,-90.0759,90.0495,-89.926,-0.0582,-0.4934,0.0955,,
1780128052,653899588,right_base_state,right_joint_1,right_joint_2,right_joint_3,right_joint_4,right_joint_5,right_joint_6,right_joint_7,-90.4573,-90.0759,90.0495,-89.926,-0.0583,-0.4935,0.0955,,
1780128052,663615213,right_base_state,right_joint_1,right_joint_2,right_joint_3,right_joint_4,right_joint_5,right_joint_6,right_joint_7,-90.4573,-90.0759,90.0495,-89.926,-0.0582,-0.4935,0.0955,,
1780128052,673866125,right_base_state,right_joint_1,right_joint_2,right_joint_3,right_joint_4,right_joint_5,right_joint_6,right_joint_7,-90.4573,-90.0759,90.0495,-89.926,-0.0583,-0.4935,0.0955,,
1780128052,683759550,right_base_state,right_joint_1,right_joint_2,right_joint_3,right_joint_4,right_joint_5,right_joint_6,right_joint_7,-90.4573,-90.0759,90.0495,-89.926,-0.0582,-0.4934,0.0955,,
1780128052,693775945,right_base_state,right_joint_1,right_joint_2,right_joint_3,right_joint_4,right_joint_5,right_joint_6,right_joint_7,-90.4573,-90.0759,90.0495,-89.926,-0.0582,-0.4935,0.0955,,
1780128052,703581269,right_base_state,right_joint_1,right_joint_2,right_joint_3,right_joint_4,right_joint_5,right_joint_6,right_joint_7,-90.4573,-90.0759,90.0495,-89.926,-0.0583,-0.4935,0.0955,,
1780128052,713673579,right_base_state,right_joint_1,right_joint_2,right_joint_3,right_joint_4,right_joint_5,right_joint_6,right_joint_7,-90.4573,-90.0759,90.0495,-89.926,-0.0582,-0.4934,0.0955,,
1780128052,723726199,right_base_state,right_joint_1,right_joint_2,right_joint_3,right_joint_4,right_joint_5,right_joint_6,right_joint_7,-90.4573,-90.0759,90.0495,-89.926,-0.0583,-0.4934,0.0955,,
1780128052,733685232,right_base_state,right_joint_1,right_joint_2,right_joint_3,right_joint_4,right_joint_5,right_joint_6,right_joint_7,-90.4573,-90.0759,90.0495,-89.926,-0.0582,-0.4934,0.0955,,
1780128052,743748982,right_base_state,right_joint_1,right_joint_2,right_joint_3,right_joint_4,right_joint_5,right_joint_6,right_joint_7,-90.4573,-90.0759,90.0495,-89.926,-0.0582,-0.4935,0.0955,,
1780128052,754867651,right_base_state,right_joint_1,right_joint_2,right_joint_3,right_joint_4,right_joint_5,right_joint_6,right_joint_7,-90.4573,-90.0759,90.0495,-89.926,-0.0583,-0.4935,0.0955,,
1780128052,763706239,right_base_state,right_joint_1,right_joint_2,right_joint_3,right_joint_4,right_joint_5,right_joint_6,right_joint_7,-90.4573,-90.0759,90.0495,-89.926,-0.0583,-0.4935,0.0955,,
1780128052,773696778,right_base_state,right_joint_1,right_joint_2,right_joint_3,right_joint_4,right_joint_5,right_joint_6,right_joint_7,-90.4573,-90.0759,90.0495,-89.926,-0.0582,-0.4935,0.0955,,
1780128052,783933023,right_base_state,right_joint_1,right_joint_2,right_joint_3,right_joint_4,right_joint_5,right_joint_6,right_joint_7,-90.4573,-90.0759,90.0495,-89.926,-0.0582,-0.4935,0.0955,,
1780128052,793879598,right_base_state,right_joint_1,right_joint_2,right_joint_3,right_joint_4,right_joint_5,right_joint_6,right_joint_7,-90.4573,-90.0759,90.0495,-89.926,-0.0583,-0.4935,0.0955,,
1780128052,803534979,right_base_state,right_joint_1,right_joint_2,right_joint_3,right_joint_4,right_joint_5,right_joint_6,right_joint_7,-90.4573,-90.0759,90.0495,-89.926,-0.0582,-0.4935,0.0955,,
1780128052,813604436,right_base_state,right_joint_1,right_joint_2,right_joint_3,right_joint_4,right_joint_5,right_joint_6,right_joint_7,-90.4573,-90.0759,90.0495,-89.926,-0.0582,-0.4934,0.0955,,
1780128052,823754041,right_base_state,right_joint_1,right_joint_2,right_joint_3,right_joint_4,right_joint_5,right_joint_6,right_joint_7,-90.4573,-90.0759,90.0495,-89.926,-0.0583,-0.4935,0.0955,,
1780128052,833859123,right_base_state,right_joint_1,right_joint_2,right_joint_3,right_joint_4,right_joint_5,right_joint_6,right_joint_7,-90.4573,-90.0759,90.0495,-89.926,-0.0582,-0.4934,0.0955,,
1780128052,843753785,right_base_state,right_joint_1,right_joint_2,right_joint_3,right_joint_4,right_joint_5,right_joint_6,right_joint_7,-90.4573,-90.0759,90.0495,-89.926,-0.0583,-0.4935,0.0955,,
1780128052,853928651,right_base_state,right_joint_1,right_joint_2,right_joint_3,right_joint_4,right_joint_5,right_joint_6,right_joint_7,-90.4573,-90.0759,90.0495,-89.926,-0.0582,-0.4935,0.0955,,
1780128052,863621921,right_base_state,right_joint_1,right_joint_2,right_joint_3,right_joint_4,right_joint_5,right_joint_6,right_joint_7,-90.4573,-90.0759,90.0495,-89.926,-0.0582,-0.4934,0.0955,,
1780128052,873694969,right_base_state,right_joint_1,right_joint_2,right_joint_3,right_joint_4,right_joint_5,right_joint_6,right_joint_7,-90.4573,-90.0759,90.0495,-89.926,-0.0583,-0.4934,0.0955,,
1780128052,884024792,right_base_state,right_joint_1,right_joint_2,right_joint_3,right_joint_4,right_joint_5,right_joint_6,right_joint_7,-90.4573,-90.0759,90.0495,-89.926,-0.0583,-0.4934,0.0955,,
1780128052,893858865,right_base_state,right_joint_1,right_joint_2,right_joint_3,right_joint_4,right_joint_5,right_joint_6,right_joint_7,-90.4573,-90.0759,90.0495,-89.926,-0.0582,-0.4935,0.0955,,
1780128052,903574876,right_base_state,right_joint_1,right_joint_2,right_joint_3,right_joint_4,right_joint_5,right_joint_6,right_joint_7,-90.4573,-90.0759,90.0495,-89.926,-0.0583,-0.4935,0.0955,,
1780128052,913927209,right_base_state,right_joint_1,right_joint_2,right_joint_3,right_joint_4,right_joint_5,right_joint_6,right_joint_7,-90.4573,-90.0759,90.0495,-89.926,-0.0582,-0.4934,0.0955,,
1780128052,923748144,right_base_state,right_joint_1,right_joint_2,right_joint_3,right_joint_4,right_joint_5,right_joint_6,right_joint_7,-90.4573,-90.0759,90.0495,-89.926,-0.0582,-0.4935,0.0955,,
1780128052,933796958,right_base_state,right_joint_1,right_joint_2,right_joint_3,right_joint_4,right_joint_5,right_joint_6,right_joint_7,-90.4573,-90.0759,90.0495,-89.926,-0.0583,-0.4935,0.0955,,
1780128052,943870973,right_base_state,right_joint_1,right_joint_2,right_joint_3,right_joint_4,right_joint_5,right_joint_6,right_joint_7,-90.4573,-90.0759,90.0495,-89.926,-0.0582,-0.4935,0.0955,,
1780128052,953659207,right_base_state,right_joint_1,right_joint_2,right_joint_3,right_joint_4,right_joint_5,right_joint_6,right_joint_7,-90.4573,-90.0759,90.0495,-89.926,-0.0583,-0.4935,0.0955,,
1780128052,963610173,right_base_state,right_joint_1,right_joint_2,right_joint_3,right_joint_4,right_joint_5,right_joint_6,right_joint_7,-90.4573,-90.0759,90.0495,-89.926,-0.0582,-0.4935,0.0955,,
1780128052,973800362,right_base_state,right_joint_1,right_joint_2,right_joint_3,right_joint_4,right_joint_5,right_joint_6,right_joint_7,-90.4573,-90.0759,90.0495,-89.926,-0.0582,-0.4934,0.0955,,
1780128052,983658304,right_base_state,right_joint_1,right_joint_2,right_joint_3,right_joint_4,right_joint_5,right_joint_6,right_joint_7,-90.4573,-90.0759,90.0495,-89.926,-0.0582,-0.4934,0.0955,,
1780128052,993728421,right_base_state,right_joint_1,right_joint_2,right_joint_3,right_joint_4,right_joint_5,right_joint_6,right_joint_7,-90.4573,-90.0759,90.0495,-89.926,-0.0582,-0.4935,0.0955,,
1780128053,3593892,right_base_state,right_joint_1,right_joint_2,right_joint_3,right_joint_4,right_joint_5,right_joint_6,right_joint_7,-90.4573,-90.0759,90.0495,-89.926,-0.0582,-0.4935,0.0955,,
1780128053,13666781,right_base_state,right_joint_1,right_joint_2,right_joint_3,right_joint_4,right_joint_5,right_joint_6,right_joint_7,-90.4573,-90.0759,90.0495,-89.926,-0.0583,-0.4934,0.0955,,
1780128053,23667546,right_base_state,right_joint_1,right_joint_2,right_joint_3,right_joint_4,right_joint_5,right_joint_6,right_joint_7,-90.4573,-90.0759,90.0495,-89.926,-0.0583,-0.4935,0.0955,,
1780128053,33679684,right_base_state,right_joint_1,right_joint_2,right_joint_3,right_joint_4,right_joint_5,right_joint_6,right_joint_7,-90.4573,-90.0759,90.0495,-89.926,-0.0582,-0.4935,0.0955,,
1780128053,44340436,right_base_state,right_joint_1,right_joint_2,right_joint_3,right_joint_4,right_joint_5,right_joint_6,right_joint_7,-90.4573,-90.0759,90.0495,-89.926,-0.0582,-0.4935,0.0955,,
1780128053,53625863,right_base_state,right_joint_1,right_joint_2,right_joint_3,right_joint_4,right_joint_5,right_joint_6,right_joint_7,-90.4573,-90.0759,90.0495,-89.926,-0.0582,-0.4934,0.0955,,
1780128053,63742290,right_base_state,right_joint_1,right_joint_2,right_joint_3,right_joint_4,right_joint_5,right_joint_6,right_joint_7,-90.4573,-90.0759,90.0495,-89.926,-0.0583,-0.4935,0.0955,,
1780128053,73745034,right_base_state,right_joint_1,right_joint_2,right_joint_3,right_joint_4,right_joint_5,right_joint_6,right_joint_7,-90.4573,-90.0759,90.0495,-89.926,-0.0583,-0.4935,0.0955,,
1780128053,83818533,right_base_state,right_joint_1,right_joint_2,right_joint_3,right_joint_4,right_joint_5,right_joint_6,right_joint_7,-90.4573,-90.0759,90.0495,-89.926,-0.0582,-0.4935,0.0955,,
1780128053,93801777,right_base_state,right_joint_1,right_joint_2,right_joint_3,right_joint_4,right_joint_5,right_joint_6,right_joint_7,-90.4573,-90.0759,90.0495,-89.926,-0.0582,-0.4935,0.0955,,
1780128053,103576852,right_base_state,right_joint_1,right_joint_2,right_joint_3,right_joint_4,right_joint_5,right_joint_6,right_joint_7,-90.4573,-90.0759,90.0495,-89.926,-0.0583,-0.4935,0.0955,,
1780128053,113834041,right_base_state,right_joint_1,right_joint_2,right_joint_3,right_joint_4,right_joint_5,right_joint_6,right_joint_7,-90.4573,-90.0759,90.0495,-89.926,-0.0582,-0.4934,0.0955,,
1780128053,123676858,right_base_state,right_joint_1,right_joint_2,right_joint_3,right_joint_4,right_joint_5,right_joint_6,right_joint_7,-90.4573,-90.0759,90.0495,-89.926,-0.0582,-0.4934,0.0955,,
1780128053,133707476,right_base_state,right_joint_1,right_joint_2,right_joint_3,right_joint_4,right_joint_5,right_joint_6,right_joint_7,-90.4573,-90.0759,90.0495,-89.926,-0.0582,-0.4934,0.0955,,
1780128053,143682016,right_base_state,right_joint_1,right_joint_2,right_joint_3,right_joint_4,right_joint_5,right_joint_6,right_joint_7,-90.4573,-90.0759,90.0495,-89.926,-0.0582,-0.4934,0.0955,,
1780128053,154012254,right_base_state,right_joint_1,right_joint_2,right_joint_3,right_joint_4,right_joint_5,right_joint_6,right_joint_7,-90.4573,-90.0759,90.0495,-89.926,-0.0583,-0.4935,0.0955,,
1780128053,163645294,right_base_state,right_joint_1,right_joint_2,right_joint_3,right_joint_4,right_joint_5,right_joint_6,right_joint_7,-90.4573,-90.0759,90.0495,-89.926,-0.0583,-0.4934,0.0955,,
1780128053,173661801,right_base_state,right_joint_1,right_joint_2,right_joint_3,right_joint_4,right_joint_5,right_joint_6,right_joint_7,-90.4573,-90.0759,90.0495,-89.926,-0.0583,-0.4935,0.0955,,
1780128053,183673606,right_base_state,right_joint_1,right_joint_2,right_joint_3,right_joint_4,right_joint_5,right_joint_6,right_joint_7,-90.4573,-90.0759,90.0495,-89.926,-0.0582,-0.4935,0.0955,,
1780128053,194217923,right_base_state,right_joint_1,right_joint_2,right_joint_3,right_joint_4,right_joint_5,right_joint_6,right_joint_7,-90.4573,-90.0759,90.0495,-89.926,-0.0582,-0.4934,0.0955,,
1780128053,203995280,right_base_state,right_joint_1,right_joint_2,right_joint_3,right_joint_4,right_joint_5,right_joint_6,right_joint_7,-90.4573,-90.0759,90.0495,-89.926,-0.0582,-0.4934,0.0955,,
1780128053,213620010,right_base_state,right_joint_1,right_joint_2,right_joint_3,right_joint_4,right_joint_5,right_joint_6,right_joint_7,-90.4573,-90.0759,90.0495,-89.926,-0.0583,-0.4935,0.0955,,
1780128053,223858238,right_base_state,right_joint_1,right_joint_2,right_joint_3,right_joint_4,right_joint_5,right_joint_6,right_joint_7,-90.4573,-90.0759,90.0495,-89.926,-0.0582,-0.4934,0.0955,,
1780128053,233739995,right_base_state,right_joint_1,right_joint_2,right_joint_3,right_joint_4,right_joint_5,right_joint_6,right_joint_7,-90.4573,-90.0759,90.0495,-89.926,-0.0583,-0.4934,0.0955,,
1780128053,243719420,right_base_state,right_joint_1,right_joint_2,right_joint_3,right_joint_4,right_joint_5,right_joint_6,right_joint_7,-90.4573,-90.0759,90.0495,-89.926,-0.0583,-0.4935,0.0955,,
1780128053,253545597,right_base_state,right_joint_1,right_joint_2,right_joint_3,right_joint_4,right_joint_5,right_joint_6,right_joint_7,-90.4573,-90.0759,90.0495,-89.926,-0.0582,-0.4935,0.0955,,
1780128053,264032289,right_base_state,right_joint_1,right_joint_2,right_joint_3,right_joint_4,right_joint_5,right_joint_6,right_joint_7,-90.4573,-90.0759,90.0495,-89.926,-0.0582,-0.4934,0.0955,,
1780128053,273657754,right_base_state,right_joint_1,right_joint_2,right_joint_3,right_joint_4,right_joint_5,right_joint_6,right_joint_7,-90.4573,-90.0759,90.0495,-89.926,-0.0582,-0.4934,0.0955,,
1780128053,283639548,right_base_state,right_joint_1,right_joint_2,right_joint_3,right_joint_4,right_joint_5,right_joint_6,right_joint_7,-90.4573,-90.0759,90.0495,-89.926,-0.0583,-0.4934,0.0955,,
1780128053,293959665,right_base_state,right_joint_1,right_joint_2,right_joint_3,right_joint_4,right_joint_5,right_joint_6,right_joint_7,-90.4573,-90.0759,90.0495,-89.926,-0.0582,-0.4934,0.0955,,
1780128053,303619929,right_base_state,right_joint_1,right_joint_2,right_joint_3,right_joint_4,right_joint_5,right_joint_6,right_joint_7,-90.4573,-90.0759,90.0495,-89.926,-0.0582,-0.4934,0.0955,,
1780128053,313644869,right_base_state,right_joint_1,right_joint_2,right_joint_3,right_joint_4,right_joint_5,right_joint_6,right_joint_7,-90.4573,-90.0759,90.0495,-89.926,-0.0583,-0.4935,0.0955,,
1780128053,323637988,right_base_state,right_joint_1,right_joint_2,right_joint_3,right_joint_4,right_joint_5,right_joint_6,right_joint_7,-90.4573,-90.0759,90.0495,-89.926,-0.0583,-0.4935,0.0955,,
1780128053,333705276,right_base_state,right_joint_1,right_joint_2,right_joint_3,right_joint_4,right_joint_5,right_joint_6,right_joint_7,-90.4573,-90.0759,90.0495,-89.926,-0.0582,-0.4935,0.0955,,
1780128053,343748586,right_base_state,right_joint_1,right_joint_2,right_joint_3,right_joint_4,right_joint_5,right_joint_6,right_joint_7,-90.4573,-90.0759,90.0495,-89.926,-0.0583,-0.4935,0.0955,,
1780128053,353639197,right_base_state,right_joint_1,right_joint_2,right_joint_3,right_joint_4,right_joint_5,right_joint_6,right_joint_7,-90.4573,-90.0759,90.0495,-89.926,-0.0582,-0.4935,0.0955,,
1780128053,364217862,right_base_state,right_joint_1,right_joint_2,right_joint_3,right_joint_4,right_joint_5,right_joint_6,right_joint_7,-90.4573,-90.0759,90.0495,-89.926,-0.0582,-0.4934,0.0955,,
1780128053,373747792,right_base_state,right_joint_1,right_joint_2,right_joint_3,right_joint_4,right_joint_5,right_joint_6,right_joint_7,-90.4573,-90.0759,90.0495,-89.926,-0.0583,-0.4935,0.0955,,
1780128053,383725544,right_base_state,right_joint_1,right_joint_2,right_joint_3,right_joint_4,right_joint_5,right_joint_6,right_joint_7,-90.4573,-90.0759,90.0495,-89.926,-0.0583,-0.4935,0.0955,,
1780128053,393899919,right_base_state,right_joint_1,right_joint_2,right_joint_3,right_joint_4,right_joint_5,right_joint_6,right_joint_7,-90.4573,-90.0759,90.0495,-89.926,-0.0582,-0.4935,0.0955,,
1780128053,403575136,right_base_state,right_joint_1,right_joint_2,right_joint_3,right_joint_4,right_joint_5,right_joint_6,right_joint_7,-90.4573,-90.0759,90.0495,-89.926,-0.0582,-0.4935,0.0955,,
1780128053,413821315,right_base_state,right_joint_1,right_joint_2,right_joint_3,right_joint_4,right_joint_5,right_joint_6,right_joint_7,-90.4573,-90.0759,90.0495,-89.926,-0.0582,-0.4934,0.0955,,
1780128053,423691800,right_base_state,right_joint_1,right_joint_2,right_joint_3,right_joint_4,right_joint_5,right_joint_6,right_joint_7,-90.4573,-90.0759,90.0495,-89.926,-0.0583,-0.4935,0.0955,,
1780128053,435132237,right_base_state,right_joint_1,right_joint_2,right_joint_3,right_joint_4,right_joint_5,right_joint_6,right_joint_7,-90.4573,-90.0759,90.0495,-89.926,-0.0582,-0.4934,0.0955,,
1780128053,443692085,right_base_state,right_joint_1,right_joint_2,right_joint_3,right_joint_4,right_joint_5,right_joint_6,right_joint_7,-90.4573,-90.0759,90.0495,-89.926,-0.0583,-0.4935,0.0955,,
1780128053,453752384,right_base_state,right_joint_1,right_joint_2,right_joint_3,right_joint_4,right_joint_5,right_joint_6,right_joint_7,-90.4573,-90.0759,90.0495,-89.926,-0.0582,-0.4935,0.0955,,
1780128053,463630953,right_base_state,right_joint_1,right_joint_2,right_joint_3,right_joint_4,right_joint_5,right_joint_6,right_joint_7,-90.4573,-90.0759,90.0495,-89.926,-0.0582,-0.4934,0.0955,,
1780128053,473591492,right_base_state,right_joint_1,right_joint_2,right_joint_3,right_joint_4,right_joint_5,right_joint_6,right_joint_7,-90.4573,-90.0759,90.0495,-89.926,-0.0582,-0.4935,0.0955,,
1780128053,483779521,right_base_state,right_joint_1,right_joint_2,right_joint_3,right_joint_4,right_joint_5,right_joint_6,right_joint_7,-90.4573,-90.0759,90.0495,-89.926,-0.0583,-0.4935,0.0955,,
1780128053,493718169,right_base_state,right_joint_1,right_joint_2,right_joint_3,right_joint_4,right_joint_5,right_joint_6,right_joint_7,-90.4573,-90.0759,90.0495,-89.926,-0.0582,-0.4935,0.0955,,
1780128053,503746496,right_base_state,right_joint_1,right_joint_2,right_joint_3,right_joint_4,right_joint_5,right_joint_6,right_joint_7,-90.4573,-90.0759,90.0495,-89.926,-0.0583,-0.4934,0.0955,,
1780128053,513632437,right_base_state,right_joint_1,right_joint_2,right_joint_3,right_joint_4,right_joint_5,right_joint_6,right_joint_7,-90.4573,-90.0759,90.0495,-89.926,-0.0583,-0.4934,0.0955,,
1780128053,523958773,right_base_state,right_joint_1,right_joint_2,right_joint_3,right_joint_4,right_joint_5,right_joint_6,right_joint_7,-90.4573,-90.0759,90.0495,-89.926,-0.0582,-0.4934,0.0955,,
1780128053,533823244,right_base_state,right_joint_1,right_joint_2,right_joint_3,right_joint_4,right_joint_5,right_joint_6,right_joint_7,-90.4573,-90.0759,90.0495,-89.926,-0.0583,-0.4935,0.0955,,
1780128053,543952588,right_base_state,right_joint_1,right_joint_2,right_joint_3,right_joint_4,right_joint_5,right_joint_6,right_joint_7,-90.4573,-90.0759,90.0495,-89.926,-0.0582,-0.4935,0.0955,,
1780128053,553638329,right_base_state,right_joint_1,right_joint_2,right_joint_3,right_joint_4,right_joint_5,right_joint_6,right_joint_7,-90.4573,-90.0759,90.0495,-89.926,-0.0583,-0.4935,0.0955,,
1780128053,563662655,right_base_state,right_joint_1,right_joint_2,right_joint_3,right_joint_4,right_joint_5,right_joint_6,right_joint_7,-90.4573,-90.0759,90.0495,-89.926,-0.0582,-0.4935,0.0955,,
1780128053,573704022,right_base_state,right_joint_1,right_joint_2,right_joint_3,right_joint_4,right_joint_5,right_joint_6,right_joint_7,-90.4573,-90.0759,90.0495,-89.926,-0.0582,-0.4934,0.0955,,
1780128053,583661580,right_base_state,right_joint_1,right_joint_2,right_joint_3,right_joint_4,right_joint_5,right_joint_6,right_joint_7,-90.4573,-90.0759,90.0495,-89.926,-0.0583,-0.4935,0.0955,,
1780128053,593695113,right_base_state,right_joint_1,right_joint_2,right_joint_3,right_joint_4,right_joint_5,right_joint_6,right_joint_7,-90.4573,-90.0759,90.0495,-89.926,-0.0582,-0.4935,0.0955,,
1780128053,604496974,right_base_state,right_joint_1,right_joint_2,right_joint_3,right_joint_4,right_joint_5,right_joint_6,right_joint_7,-90.4573,-90.0759,90.0495,-89.926,-0.0583,-0.4935,0.0955,,
1780128053,613685095,right_base_state,right_joint_1,right_joint_2,right_joint_3,right_joint_4,right_joint_5,right_joint_6,right_joint_7,-90.4573,-90.0759,90.0495,-89.926,-0.0583,-0.4935,0.0955,,
1780128053,623635447,right_base_state,right_joint_1,right_joint_2,right_joint_3,right_joint_4,right_joint_5,right_joint_6,right_joint_7,-90.4573,-90.0759,90.0495,-89.926,-0.0583,-0.4934,0.0955,,
1780128053,633954965,right_base_state,right_joint_1,right_joint_2,right_joint_3,right_joint_4,right_joint_5,right_joint_6,right_joint_7,-90.4573,-90.0759,90.0495,-89.926,-0.0583,-0.4935,0.0955,,
1780128053,643745094,right_base_state,right_joint_1,right_joint_2,right_joint_3,right_joint_4,right_joint_5,right_joint_6,right_joint_7,-90.4573,-90.0759,90.0495,-89.926,-0.0582,-0.4934,0.0955,,
1780128053,653532870,right_base_state,right_joint_1,right_joint_2,right_joint_3,right_joint_4,right_joint_5,right_joint_6,right_joint_7,-90.4573,-90.0759,90.0495,-89.926,-0.0582,-0.4934,0.0955,,
1780128053,663638173,right_base_state,right_joint_1,right_joint_2,right_joint_3,right_joint_4,right_joint_5,right_joint_6,right_joint_7,-90.4573,-90.0759,90.0495,-89.926,-0.0583,-0.4935,0.0955,,
1780128053,673656839,right_base_state,right_joint_1,right_joint_2,right_joint_3,right_joint_4,right_joint_5,right_joint_6,right_joint_7,-90.4573,-90.0759,90.0495,-89.926,-0.0583,-0.4935,0.0955,,
1780128053,683949613,right_base_state,right_joint_1,right_joint_2,right_joint_3,right_joint_4,right_joint_5,right_joint_6,right_joint_7,-90.4573,-90.0759,90.0495,-89.926,-0.0582,-0.4934,0.0955,,
1780128053,693678583,right_base_state,right_joint_1,right_joint_2,right_joint_3,right_joint_4,right_joint_5,right_joint_6,right_joint_7,-90.4573,-90.0759,90.0495,-89.926,-0.0583,-0.4934,0.0955,,
1780128053,703707060,right_base_state,right_joint_1,right_joint_2,right_joint_3,right_joint_4,right_joint_5,right_joint_6,right_joint_7,-90.4573,-90.0759,90.0495,-89.926,-0.0582,-0.4935,0.0955,,
1780128053,713644723,right_base_state,right_joint_1,right_joint_2,right_joint_3,right_joint_4,right_joint_5,right_joint_6,right_joint_7,-90.4573,-90.0759,90.0495,-89.926,-0.0582,-0.4935,0.0955,,
1780128053,723753869,right_base_state,right_joint_1,right_joint_2,right_joint_3,right_joint_4,right_joint_5,right_joint_6,right_joint_7,-90.4573,-90.0759,90.0495,-89.926,-0.0582,-0.4935,0.0955,,
1780128053,733768403,right_base_state,right_joint_1,right_joint_2,right_joint_3,right_joint_4,right_joint_5,right_joint_6,right_joint_7,-90.4573,-90.0759,90.0495,-89.926,-0.0582,-0.4935,0.0955,,
1780128053,743812736,right_base_state,right_joint_1,right_joint_2,right_joint_3,right_joint_4,right_joint_5,right_joint_6,right_joint_7,-90.4573,-90.0759,90.0495,-89.926,-0.0582,-0.4935,0.0955,,
1780128053,753562706,right_base_state,right_joint_1,right_joint_2,right_joint_3,right_joint_4,right_joint_5,right_joint_6,right_joint_7,-90.4573,-90.0759,90.0495,-89.926,-0.0582,-0.4935,0.0955,,
1780128053,763736073,right_base_state,right_joint_1,right_joint_2,right_joint_3,right_joint_4,right_joint_5,right_joint_6,right_joint_7,-90.4573,-90.0759,90.0495,-89.926,-0.0582,-0.4935,0.0955,,
1780128053,773691082,right_base_state,right_joint_1,right_joint_2,right_joint_3,right_joint_4,right_joint_5,right_joint_6,right_joint_7,-90.4573,-90.0759,90.0495,-89.926,-0.0583,-0.4935,0.0955,,
1780128053,783816396,right_base_state,right_joint_1,right_joint_2,right_joint_3,right_joint_4,right_joint_5,right_joint_6,right_joint_7,-90.4573,-90.0759,90.0495,-89.926,-0.0583,-0.4935,0.0955,,
1780128053,794061928,right_base_state,right_joint_1,right_joint_2,right_joint_3,right_joint_4,right_joint_5,right_joint_6,right_joint_7,-90.4573,-90.0759,90.0495,-89.926,-0.0582,-0.4935,0.0955,,
1780128053,803744349,right_base_state,right_joint_1,right_joint_2,right_joint_3,right_joint_4,right_joint_5,right_joint_6,right_joint_7,-90.4573,-90.0759,90.0495,-89.926,-0.0583,-0.4934,0.0955,,
1780128053,814525491,right_base_state,right_joint_1,right_joint_2,right_joint_3,right_joint_4,right_joint_5,right_joint_6,right_joint_7,-90.4573,-90.0759,90.0495,-89.926,-0.0582,-0.4934,0.0955,,
1780128053,823717366,right_base_state,right_joint_1,right_joint_2,right_joint_3,right_joint_4,right_joint_5,right_joint_6,right_joint_7,-90.4573,-90.0759,90.0495,-89.926,-0.0582,-0.4934,0.0955,,
1780128053,833973771,right_base_state,right_joint_1,right_joint_2,right_joint_3,right_joint_4,right_joint_5,right_joint_6,right_joint_7,-90.4573,-90.0759,90.0495,-89.926,-0.0582,-0.4934,0.0955,,
1780128053,843750202,right_base_state,right_joint_1,right_joint_2,right_joint_3,right_joint_4,right_joint_5,right_joint_6,right_joint_7,-90.4573,-90.0759,90.0495,-89.926,-0.0583,-0.4935,0.0955,,
1780128053,853814610,right_base_state,right_joint_1,right_joint_2,right_joint_3,right_joint_4,right_joint_5,right_joint_6,right_joint_7,-90.4573,-90.0759,90.0495,-89.926,-0.0582,-0.4935,0.0955,,
1780128053,863630815,right_base_state,right_joint_1,right_joint_2,right_joint_3,right_joint_4,right_joint_5,right_joint_6,right_joint_7,-90.4573,-90.0759,90.0495,-89.926,-0.0582,-0.4935,0.0955,,
1780128053,873682356,right_base_state,right_joint_1,right_joint_2,right_joint_3,right_joint_4,right_joint_5,right_joint_6,right_joint_7,-90.4573,-90.0759,90.0495,-89.926,-0.0582,-0.4935,0.0955,,
1780128053,883760353,right_base_state,right_joint_1,right_joint_2,right_joint_3,right_joint_4,right_joint_5,right_joint_6,right_joint_7,-90.4573,-90.0759,90.0495,-89.926,-0.0582,-0.4935,0.0955,,
1780128053,893646323,right_base_state,right_joint_1,right_joint_2,right_joint_3,right_joint_4,right_joint_5,right_joint_6,right_joint_7,-90.4573,-90.0759,90.0495,-89.926,-0.0582,-0.4934,0.0955,,
1780128053,903587268,right_base_state,right_joint_1,right_joint_2,right_joint_3,right_joint_4,right_joint_5,right_joint_6,right_joint_7,-90.4573,-90.0759,90.0495,-89.926,-0.0582,-0.4935,0.0955,,
1780128053,913680617,right_base_state,right_joint_1,right_joint_2,right_joint_3,right_joint_4,right_joint_5,right_joint_6,right_joint_7,-90.4573,-90.0759,90.0495,-89.926,-0.0582,-0.4935,0.0955,,
1780128053,923675296,right_base_state,right_joint_1,right_joint_2,right_joint_3,right_joint_4,right_joint_5,right_joint_6,right_joint_7,-90.4573,-90.0759,90.0495,-89.926,-0.0583,-0.4935,0.0955,,
1780128053,933693392,right_base_state,right_joint_1,right_joint_2,right_joint_3,right_joint_4,right_joint_5,right_joint_6,right_joint_7,-90.4573,-90.0759,90.0495,-89.926,-0.0583,-0.4935,0.0955,,
1780128053,943676548,right_base_state,right_joint_1,right_joint_2,right_joint_3,right_joint_4,right_joint_5,right_joint_6,right_joint_7,-90.4573,-90.0759,90.0495,-89.926,-0.0582,-0.4935,0.0955,,
1780128053,953590490,right_base_state,right_joint_1,right_joint_2,right_joint_3,right_joint_4,right_joint_5,right_joint_6,right_joint_7,-90.4573,-90.0759,90.0495,-89.926,-0.0582,-0.4935,0.0955,,
1780128053,963621095,right_base_state,right_joint_1,right_joint_2,right_joint_3,right_joint_4,right_joint_5,right_joint_6,right_joint_7,-90.4573,-90.0759,90.0495,-89.926,-0.0582,-0.4935,0.0955,,
1780128053,973881691,right_base_state,right_joint_1,right_joint_2,right_joint_3,right_joint_4,right_joint_5,right_joint_6,right_joint_7,-90.4573,-90.0759,90.0495,-89.926,-0.0583,-0.4935,0.0955,,
1780128053,983758518,right_base_state,right_joint_1,right_joint_2,right_joint_3,right_joint_4,right_joint_5,right_joint_6,right_joint_7,-90.4573,-90.0759,90.0495,-89.926,-0.0582,-0.4935,0.0955,,
1780128053,993803511,right_base_state,right_joint_1,right_joint_2,right_joint_3,right_joint_4,right_joint_5,right_joint_6,right_joint_7,-90.4573,-90.0759,90.0495,-89.926,-0.0582,-0.4935,0.0955,,
1780128054,4376584,right_base_state,right_joint_1,right_joint_2,right_joint_3,right_joint_4,right_joint_5,right_joint_6,right_joint_7,-90.4573,-90.0759,90.0495,-89.926,-0.0582,-0.4934,0.0955,,
1780128054,13633406,right_base_state,right_joint_1,right_joint_2,right_joint_3,right_joint_4,right_joint_5,right_joint_6,right_joint_7,-90.4573,-90.0759,90.0495,-89.926,-0.0582,-0.4934,0.0955,,
1780128054,23953167,right_base_state,right_joint_1,right_joint_2,right_joint_3,right_joint_4,right_joint_5,right_joint_6,right_joint_7,-90.4573,-90.0759,90.0495,-89.926,-0.0583,-0.4934,0.0955,,
1780128054,33756846,right_base_state,right_joint_1,right_joint_2,right_joint_3,right_joint_4,right_joint_5,right_joint_6,right_joint_7,-90.4573,-90.0759,90.0495,-89.926,-0.0582,-0.4935,0.0955,,
1780128054,43769342,right_base_state,right_joint_1,right_joint_2,right_joint_3,right_joint_4,right_joint_5,right_joint_6,right_joint_7,-90.4573,-90.0759,90.0495,-89.926,-0.0582,-0.4935,0.0955,,
1780128054,53593015,right_base_state,right_joint_1,right_joint_2,right_joint_3,right_joint_4,right_joint_5,right_joint_6,right_joint_7,-90.4573,-90.0759,90.0495,-89.926,-0.0583,-0.4934,0.0955,,
1780128054,63624334,right_base_state,right_joint_1,right_joint_2,right_joint_3,right_joint_4,right_joint_5,right_joint_6,right_joint_7,-90.4573,-90.0759,90.0495,-89.926,-0.0583,-0.4935,0.0955,,
1780128054,73635458,right_base_state,right_joint_1,right_joint_2,right_joint_3,right_joint_4,right_joint_5,right_joint_6,right_joint_7,-90.4573,-90.0759,90.0495,-89.926,-0.0583,-0.4935,0.0955,,
1780128054,83656482,right_base_state,right_joint_1,right_joint_2,right_joint_3,right_joint_4,right_joint_5,right_joint_6,right_joint_7,-90.4573,-90.0759,90.0495,-89.926,-0.0582,-0.4934,0.0955,,
1780128054,93698793,right_base_state,right_joint_1,right_joint_2,right_joint_3,right_joint_4,right_joint_5,right_joint_6,right_joint_7,-90.4573,-90.0759,90.0495,-89.926,-0.0583,-0.4935,0.0955,,
1780128054,103645701,right_base_state,right_joint_1,right_joint_2,right_joint_3,right_joint_4,right_joint_5,right_joint_6,right_joint_7,-90.4573,-90.0759,90.0495,-89.926,-0.0582,-0.4935,0.0955,,
1780128054,113720039,right_base_state,right_joint_1,right_joint_2,right_joint_3,right_joint_4,right_joint_5,right_joint_6,right_joint_7,-90.4573,-90.0759,90.0495,-89.926,-0.0582,-0.4935,0.0955,,
1780128054,123610155,right_base_state,right_joint_1,right_joint_2,right_joint_3,right_joint_4,right_joint_5,right_joint_6,right_joint_7,-90.4573,-90.0759,90.0495,-89.926,-0.0582,-0.4935,0.0955,,
1780128054,133815100,right_base_state,right_joint_1,right_joint_2,right_joint_3,right_joint_4,right_joint_5,right_joint_6,right_joint_7,-90.4573,-90.0759,90.0496,-89.926,-0.0583,-0.4935,0.0955,,
1780128054,143852380,right_base_state,right_joint_1,right_joint_2,right_joint_3,right_joint_4,right_joint_5,right_joint_6,right_joint_7,-90.4573,-90.0759,90.0495,-89.926,-0.0583,-0.4934,0.0955,,
1780128054,153572800,right_base_state,right_joint_1,right_joint_2,right_joint_3,right_joint_4,right_joint_5,right_joint_6,right_joint_7,-90.4573,-90.0759,90.0495,-89.926,-0.0582,-0.4935,0.0955,,
1780128054,164901473,right_base_state,right_joint_1,right_joint_2,right_joint_3,right_joint_4,right_joint_5,right_joint_6,right_joint_7,-90.4573,-90.0759,90.0495,-89.926,-0.0583,-0.4935,0.0955,,
1780128054,173664996,right_base_state,right_joint_1,right_joint_2,right_joint_3,right_joint_4,right_joint_5,right_joint_6,right_joint_7,-90.4573,-90.0759,90.0495,-89.926,-0.0583,-0.4935,0.0955,,
1780128054,183762039,right_base_state,right_joint_1,right_joint_2,right_joint_3,right_joint_4,right_joint_5,right_joint_6,right_joint_7,-90.4573,-90.0759,90.0495,-89.926,-0.0582,-0.4934,0.0955,,
1780128054,193811701,right_base_state,right_joint_1,right_joint_2,right_joint_3,right_joint_4,right_joint_5,right_joint_6,right_joint_7,-90.4573,-90.0759,90.0495,-89.926,-0.0582,-0.4934,0.0955,,
1780128054,203650413,right_base_state,right_joint_1,right_joint_2,right_joint_3,right_joint_4,right_joint_5,right_joint_6,right_joint_7,-90.4573,-90.0759,90.0495,-89.926,-0.0582,-0.4934,0.0955,,
1780128054,213749668,right_base_state,right_joint_1,right_joint_2,right_joint_3,right_joint_4,right_joint_5,right_joint_6,right_joint_7,-90.4573,-90.0759,90.0495,-89.926,-0.0582,-0.4934,0.0955,,
1780128054,223803292,right_base_state,right_joint_1,right_joint_2,right_joint_3,right_joint_4,right_joint_5,right_joint_6,right_joint_7,-90.4573,-90.0759,90.0495,-89.926,-0.0582,-0.4935,0.0955,,
1780128054,233685050,right_base_state,right_joint_1,right_joint_2,right_joint_3,right_joint_4,right_joint_5,right_joint_6,right_joint_7,-90.4573,-90.0759,90.0495,-89.926,-0.0582,-0.4935,0.0955,,
1780128054,243678277,right_base_state,right_joint_1,right_joint_2,right_joint_3,right_joint_4,right_joint_5,right_joint_6,right_joint_7,-90.4573,-90.0759,90.0495,-89.926,-0.0583,-0.4934,0.0955,,
1780128054,253960456,right_base_state,right_joint_1,right_joint_2,right_joint_3,right_joint_4,right_joint_5,right_joint_6,right_joint_7,-90.4573,-90.0759,90.0495,-89.926,-0.0582,-0.4935,0.0955,,
1780128054,263711387,right_base_state,right_joint_1,right_joint_2,right_joint_3,right_joint_4,right_joint_5,right_joint_6,right_joint_7,-90.4573,-90.0759,90.0495,-89.926,-0.0582,-0.4935,0.0955,,
1780128054,273697622,right_base_state,right_joint_1,right_joint_2,right_joint_3,right_joint_4,right_joint_5,right_joint_6,right_joint_7,-90.4573,-90.0759,90.0495,-89.926,-0.0583,-0.4935,0.0955,,
1780128054,283816356,right_base_state,right_joint_1,right_joint_2,right_joint_3,right_joint_4,right_joint_5,right_joint_6,right_joint_7,-90.4573,-90.0759,90.0495,-89.926,-0.0583,-0.4934,0.0955,,
1780128054,293935452,right_base_state,right_joint_1,right_joint_2,right_joint_3,right_joint_4,right_joint_5,right_joint_6,right_joint_7,-90.4573,-90.0759,90.0495,-89.926,-0.0582,-0.4935,0.0955,,
1780128054,303625105,right_base_state,right_joint_1,right_joint_2,right_joint_3,right_joint_4,right_joint_5,right_joint_6,right_joint_7,-90.4573,-90.0759,90.0495,-89.926,-0.0583,-0.4934,0.0955,,
1780128054,313648419,right_base_state,right_joint_1,right_joint_2,right_joint_3,right_joint_4,right_joint_5,right_joint_6,right_joint_7,-90.4573,-90.0759,90.0495,-89.926,-0.0582,-0.4935,0.0955,,
1780128054,323806624,right_base_state,right_joint_1,right_joint_2,right_joint_3,right_joint_4,right_joint_5,right_joint_6,right_joint_7,-90.4573,-90.0759,90.0495,-89.926,-0.0582,-0.4934,0.0955,,
1780128054,333618371,right_base_state,right_joint_1,right_joint_2,right_joint_3,right_joint_4,right_joint_5,right_joint_6,right_joint_7,-90.4573,-90.0759,90.0495,-89.926,-0.0582,-0.4935,0.0955,,
1780128054,343624313,right_base_state,right_joint_1,right_joint_2,right_joint_3,right_joint_4,right_joint_5,right_joint_6,right_joint_7,-90.4573,-90.0759,90.0495,-89.926,-0.0583,-0.4935,0.0955,,
1780128054,353602342,right_base_state,right_joint_1,right_joint_2,right_joint_3,right_joint_4,right_joint_5,right_joint_6,right_joint_7,-90.4573,-90.0759,90.0495,-89.926,-0.0583,-0.4934,0.0955,,
1780128054,363717199,right_base_state,right_joint_1,right_joint_2,right_joint_3,right_joint_4,right_joint_5,right_joint_6,right_joint_7,-90.4573,-90.0759,90.0495,-89.926,-0.0582,-0.4935,0.0955,,
1780128054,375967693,right_base_state,right_joint_1,right_joint_2,right_joint_3,right_joint_4,right_joint_5,right_joint_6,right_joint_7,-90.4573,-90.0759,90.0495,-89.926,-0.0583,-0.4935,0.0955,,
1780128054,383688714,right_base_state,right_joint_1,right_joint_2,right_joint_3,right_joint_4,right_joint_5,right_joint_6,right_joint_7,-90.4573,-90.0759,90.0495,-89.926,-0.0583,-0.4935,0.0955,,
1780128054,393725416,right_base_state,right_joint_1,right_joint_2,right_joint_3,right_joint_4,right_joint_5,right_joint_6,right_joint_7,-90.4573,-90.0759,90.0495,-89.926,-0.0582,-0.4935,0.0955,,
1780128054,404018318,right_base_state,right_joint_1,right_joint_2,right_joint_3,right_joint_4,right_joint_5,right_joint_6,right_joint_7,-90.4573,-90.0759,90.0495,-89.926,-0.0582,-0.4934,0.0955,,
1780128054,415110657,right_base_state,right_joint_1,right_joint_2,right_joint_3,right_joint_4,right_joint_5,right_joint_6,right_joint_7,-90.4573,-90.0759,90.0495,-89.926,-0.0583,-0.4934,0.0955,,
1780128054,423770814,right_base_state,right_joint_1,right_joint_2,right_joint_3,right_joint_4,right_joint_5,right_joint_6,right_joint_7,-90.4573,-90.0759,90.0495,-89.926,-0.0582,-0.4934,0.0955,,
1780128054,433803374,right_base_state,right_joint_1,right_joint_2,right_joint_3,right_joint_4,right_joint_5,right_joint_6,right_joint_7,-90.4573,-90.0759,90.0495,-89.926,-0.0582,-0.4935,0.0955,,
1780128054,444374069,right_base_state,right_joint_1,right_joint_2,right_joint_3,right_joint_4,right_joint_5,right_joint_6,right_joint_7,-90.4573,-90.0759,90.0495,-89.926,-0.0583,-0.4935,0.0955,,
1780128054,453954812,right_base_state,right_joint_1,right_joint_2,right_joint_3,right_joint_4,right_joint_5,right_joint_6,right_joint_7,-90.4573,-90.0759,90.0495,-89.926,-0.0583,-0.4935,0.0955,,
1780128054,463689636,right_base_state,right_joint_1,right_joint_2,right_joint_3,right_joint_4,right_joint_5,right_joint_6,right_joint_7,-90.4573,-90.0759,90.0495,-89.926,-0.0583,-0.4934,0.0955,,
1780128054,473736228,right_base_state,right_joint_1,right_joint_2,right_joint_3,right_joint_4,right_joint_5,right_joint_6,right_joint_7,-90.4573,-90.0759,90.0495,-89.926,-0.0582,-0.4935,0.0955,,
1780128054,483730145,right_base_state,right_joint_1,right_joint_2,right_joint_3,right_joint_4,right_joint_5,right_joint_6,right_joint_7,-90.4573,-90.0759,90.0495,-89.926,-0.0583,-0.4935,0.0955,,
1780128054,493717287,right_base_state,right_joint_1,right_joint_2,right_joint_3,right_joint_4,right_joint_5,right_joint_6,right_joint_7,-90.4573,-90.0759,90.0495,-89.926,-0.0583,-0.4935,0.0955,,
1780128054,503583353,right_base_state,right_joint_1,right_joint_2,right_joint_3,right_joint_4,right_joint_5,right_joint_6,right_joint_7,-90.4573,-90.0759,90.0495,-89.926,-0.0582,-0.4935,0.0955,,
1780128054,514808027,right_base_state,right_joint_1,right_joint_2,right_joint_3,right_joint_4,right_joint_5,right_joint_6,right_joint_7,-90.4573,-90.0759,90.0495,-89.926,-0.0583,-0.4935,0.0955,,
1780128054,523716124,right_base_state,right_joint_1,right_joint_2,right_joint_3,right_joint_4,right_joint_5,right_joint_6,right_joint_7,-90.4573,-90.0759,90.0495,-89.926,-0.0582,-0.4935,0.0955,,
1780128054,533638363,right_base_state,right_joint_1,right_joint_2,right_joint_3,right_joint_4,right_joint_5,right_joint_6,right_joint_7,-90.4573,-90.0759,90.0495,-89.926,-0.0582,-0.4935,0.0955,,
1780128054,543707531,right_base_state,right_joint_1,right_joint_2,right_joint_3,right_joint_4,right_joint_5,right_joint_6,right_joint_7,-90.4573,-90.0759,90.0495,-89.926,-0.0582,-0.4935,0.0955,,
1780128054,553608948,right_base_state,right_joint_1,right_joint_2,right_joint_3,right_joint_4,right_joint_5,right_joint_6,right_joint_7,-90.4573,-90.0759,90.0495,-89.926,-0.0582,-0.4934,0.0955,,
1780128054,563796931,right_base_state,right_joint_1,right_joint_2,right_joint_3,right_joint_4,right_joint_5,right_joint_6,right_joint_7,-90.4573,-90.0759,90.0495,-89.926,-0.0582,-0.4934,0.0955,,
1780128054,573639607,right_base_state,right_joint_1,right_joint_2,right_joint_3,right_joint_4,right_joint_5,right_joint_6,right_joint_7,-90.4573,-90.0759,90.0495,-89.926,-0.0583,-0.4934,0.0955,,
1780128054,583824311,right_base_state,right_joint_1,right_joint_2,right_joint_3,right_joint_4,right_joint_5,right_joint_6,right_joint_7,-90.4573,-90.0759,90.0495,-89.926,-0.0583,-0.4935,0.0955,,
1780128054,593750149,right_base_state,right_joint_1,right_joint_2,right_joint_3,right_joint_4,right_joint_5,right_joint_6,right_joint_7,-90.4573,-90.0759,90.0495,-89.926,-0.0583,-0.4935,0.0955,,
1780128054,603669731,right_base_state,right_joint_1,right_joint_2,right_joint_3,right_joint_4,right_joint_5,right_joint_6,right_joint_7,-90.4573,-90.0759,90.0495,-89.926,-0.0582,-0.4935,0.0955,,
1780128054,613638333,right_base_state,right_joint_1,right_joint_2,right_joint_3,right_joint_4,right_joint_5,right_joint_6,right_joint_7,-90.4573,-90.0759,90.0495,-89.926,-0.0583,-0.4935,0.0955,,
1780128054,623884712,right_base_state,right_joint_1,right_joint_2,right_joint_3,right_joint_4,right_joint_5,right_joint_6,right_joint_7,-90.4573,-90.0759,90.0495,-89.926,-0.0582,-0.4935,0.0955,,
1780128054,633641836,right_base_state,right_joint_1,right_joint_2,right_joint_3,right_joint_4,right_joint_5,right_joint_6,right_joint_7,-90.4573,-90.0759,90.0495,-89.926,-0.0583,-0.4934,0.0955,,
1780128054,644106728,right_base_state,right_joint_1,right_joint_2,right_joint_3,right_joint_4,right_joint_5,right_joint_6,right_joint_7,-90.4573,-90.0759,90.0495,-89.926,-0.0583,-0.4935,0.0955,,
1780128054,653619054,right_base_state,right_joint_1,right_joint_2,right_joint_3,right_joint_4,right_joint_5,right_joint_6,right_joint_7,-90.4573,-90.0759,90.0495,-89.926,-0.0582,-0.4935,0.0955,,
1780128054,663648332,right_base_state,right_joint_1,right_joint_2,right_joint_3,right_joint_4,right_joint_5,right_joint_6,right_joint_7,-90.4573,-90.0759,90.0495,-89.926,-0.0583,-0.4935,0.0955,,
1780128054,673808232,right_base_state,right_joint_1,right_joint_2,right_joint_3,right_joint_4,right_joint_5,right_joint_6,right_joint_7,-90.4573,-90.0759,90.0495,-89.926,-0.0582,-0.4935,0.0955,,
1780128054,683751809,right_base_state,right_joint_1,right_joint_2,right_joint_3,right_joint_4,right_joint_5,right_joint_6,right_joint_7,-90.4573,-90.0759,90.0495,-89.926,-0.0583,-0.4935,0.0955,,
1780128054,693763934,right_base_state,right_joint_1,right_joint_2,right_joint_3,right_joint_4,right_joint_5,right_joint_6,right_joint_7,-90.4573,-90.0759,90.0495,-89.926,-0.0583,-0.4935,0.0955,,
1780128054,703586861,right_base_state,right_joint_1,right_joint_2,right_joint_3,right_joint_4,right_joint_5,right_joint_6,right_joint_7,-90.4573,-90.0759,90.0495,-89.926,-0.0582,-0.4935,0.0955,,
1780128054,713913682,right_base_state,right_joint_1,right_joint_2,right_joint_3,right_joint_4,right_joint_5,right_joint_6,right_joint_7,-90.4573,-90.0759,90.0495,-89.926,-0.0583,-0.4935,0.0955,,
1780128054,723710002,right_base_state,right_joint_1,right_joint_2,right_joint_3,right_joint_4,right_joint_5,right_joint_6,right_joint_7,-90.4573,-90.0759,90.0495,-89.926,-0.0583,-0.4934,0.0955,,
1780128054,733794325,right_base_state,right_joint_1,right_joint_2,right_joint_3,right_joint_4,right_joint_5,right_joint_6,right_joint_7,-90.4573,-90.0759,90.0495,-89.926,-0.0583,-0.4935,0.0955,,
1780128054,744159782,right_base_state,right_joint_1,right_joint_2,right_joint_3,right_joint_4,right_joint_5,right_joint_6,right_joint_7,-90.4573,-90.0759,90.0495,-89.926,-0.0583,-0.4935,0.0955,,
1780128054,754421454,right_base_state,right_joint_1,right_joint_2,right_joint_3,right_joint_4,right_joint_5,right_joint_6,right_joint_7,-90.4573,-90.0759,90.0495,-89.926,-0.0582,-0.4935,0.0955,,
1780128054,763701090,right_base_state,right_joint_1,right_joint_2,right_joint_3,right_joint_4,right_joint_5,right_joint_6,right_joint_7,-90.4573,-90.0759,90.0495,-89.926,-0.0583,-0.4935,0.0955,,
1780128054,774033814,right_base_state,right_joint_1,right_joint_2,right_joint_3,right_joint_4,right_joint_5,right_joint_6,right_joint_7,-90.4573,-90.0759,90.0495,-89.926,-0.0583,-0.4935,0.0955,,
1780128054,783742345,right_base_state,right_joint_1,right_joint_2,right_joint_3,right_joint_4,right_joint_5,right_joint_6,right_joint_7,-90.4573,-90.0759,90.0495,-89.926,-0.0582,-0.4935,0.0955,,
1780128054,794090986,right_base_state,right_joint_1,right_joint_2,right_joint_3,right_joint_4,right_joint_5,right_joint_6,right_joint_7,-90.4573,-90.0759,90.0495,-89.926,-0.0583,-0.4935,0.0955,,
1780128054,803595205,right_base_state,right_joint_1,right_joint_2,right_joint_3,right_joint_4,right_joint_5,right_joint_6,right_joint_7,-90.4573,-90.0759,90.0495,-89.926,-0.0582,-0.4934,0.0955,,
1780128054,814014777,right_base_state,right_joint_1,right_joint_2,right_joint_3,right_joint_4,right_joint_5,right_joint_6,right_joint_7,-90.4573,-90.0759,90.0495,-89.926,-0.0582,-0.4935,0.0955,,
1780128054,823698705,right_base_state,right_joint_1,right_joint_2,right_joint_3,right_joint_4,right_joint_5,right_joint_6,right_joint_7,-90.4573,-90.0759,90.0495,-89.926,-0.0583,-0.4934,0.0955,,
1780128054,833786689,right_base_state,right_joint_1,right_joint_2,right_joint_3,right_joint_4,right_joint_5,right_joint_6,right_joint_7,-90.4573,-90.0759,90.0495,-89.926,-0.0582,-0.4935,0.0955,,
1780128054,844409758,right_base_state,right_joint_1,right_joint_2,right_joint_3,right_joint_4,right_joint_5,right_joint_6,right_joint_7,-90.4573,-90.0759,90.0495,-89.926,-0.0582,-0.4935,0.0955,,
1780128054,853640558,right_base_state,right_joint_1,right_joint_2,right_joint_3,right_joint_4,right_joint_5,right_joint_6,right_joint_7,-90.4573,-90.0759,90.0495,-89.926,-0.0582,-0.4935,0.0955,,
1780128054,863623581,right_base_state,right_joint_1,right_joint_2,right_joint_3,right_joint_4,right_joint_5,right_joint_6,right_joint_7,-90.4573,-90.0759,90.0495,-89.926,-0.0582,-0.4934,0.0955,,
1780128054,873636848,right_base_state,right_joint_1,right_joint_2,right_joint_3,right_joint_4,right_joint_5,right_joint_6,right_joint_7,-90.4573,-90.0759,90.0495,-89.926,-0.0583,-0.4934,0.0955,,
1780128054,883700334,right_base_state,right_joint_1,right_joint_2,right_joint_3,right_joint_4,right_joint_5,right_joint_6,right_joint_7,-90.4573,-90.0759,90.0495,-89.926,-0.0583,-0.4934,0.0955,,
1780128054,893942716,right_base_state,right_joint_1,right_joint_2,right_joint_3,right_joint_4,right_joint_5,right_joint_6,right_joint_7,-90.4573,-90.0759,90.0495,-89.926,-0.0583,-0.4934,0.0955,,
1780128054,903641408,right_base_state,right_joint_1,right_joint_2,right_joint_3,right_joint_4,right_joint_5,right_joint_6,right_joint_7,-90.4573,-90.0759,90.0495,-89.926,-0.0582,-0.4935,0.0955,,
1780128054,913672834,right_base_state,right_joint_1,right_joint_2,right_joint_3,right_joint_4,right_joint_5,right_joint_6,right_joint_7,-90.4573,-90.0759,90.0495,-89.926,-0.0583,-0.4935,0.0955,,
1780128054,924978413,right_base_state,right_joint_1,right_joint_2,right_joint_3,right_joint_4,right_joint_5,right_joint_6,right_joint_7,-90.4573,-90.0759,90.0495,-89.926,-0.0582,-0.4935,0.0955,,
1780128054,933807771,right_base_state,right_joint_1,right_joint_2,right_joint_3,right_joint_4,right_joint_5,right_joint_6,right_joint_7,-90.4573,-90.0759,90.0495,-89.926,-0.0583,-0.4935,0.0955,,
1780128054,943831035,right_base_state,right_joint_1,right_joint_2,right_joint_3,right_joint_4,right_joint_5,right_joint_6,right_joint_7,-90.4573,-90.0759,90.0495,-89.926,-0.0582,-0.4934,0.0955,,
1780128054,954414721,right_base_state,right_joint_1,right_joint_2,right_joint_3,right_joint_4,right_joint_5,right_joint_6,right_joint_7,-90.4573,-90.0759,90.0495,-89.926,-0.0583,-0.4935,0.0955,,
1780128054,963680813,right_base_state,right_joint_1,right_joint_2,right_joint_3,right_joint_4,right_joint_5,right_joint_6,right_joint_7,-90.4573,-90.0759,90.0495,-89.926,-0.0583,-0.4934,0.0955,,
1780128054,973656093,right_base_state,right_joint_1,right_joint_2,right_joint_3,right_joint_4,right_joint_5,right_joint_6,right_joint_7,-90.4573,-90.0759,90.0495,-89.926,-0.0583,-0.4935,0.0955,,
1780128054,983763806,right_base_state,right_joint_1,right_joint_2,right_joint_3,right_joint_4,right_joint_5,right_joint_6,right_joint_7,-90.4573,-90.0759,90.0495,-89.926,-0.0582,-0.4935,0.0955,,
1780128054,993676528,right_base_state,right_joint_1,right_joint_2,right_joint_3,right_joint_4,right_joint_5,right_joint_6,right_joint_7,-90.4573,-90.0759,90.0495,-89.926,-0.0583,-0.4935,0.0955,,
1780128055,3564675,right_base_state,right_joint_1,right_joint_2,right_joint_3,right_joint_4,right_joint_5,right_joint_6,right_joint_7,-90.4573,-90.0759,90.0495,-89.926,-0.0582,-0.4935,0.0955,,
1780128055,13623581,right_base_state,right_joint_1,right_joint_2,right_joint_3,right_joint_4,right_joint_5,right_joint_6,right_joint_7,-90.4573,-90.0759,90.0495,-89.926,-0.0583,-0.4935,0.0955,,
1780128055,23810789,right_base_state,right_joint_1,right_joint_2,right_joint_3,right_joint_4,right_joint_5,right_joint_6,right_joint_7,-90.4573,-90.0759,90.0495,-89.926,-0.0582,-0.4935,0.0955,,
1780128055,33866095,right_base_state,right_joint_1,right_joint_2,right_joint_3,right_joint_4,right_joint_5,right_joint_6,right_joint_7,-90.4573,-90.0759,90.0495,-89.926,-0.0582,-0.4935,0.0955,,
1780128055,43803726,right_base_state,right_joint_1,right_joint_2,right_joint_3,right_joint_4,right_joint_5,right_joint_6,right_joint_7,-90.4573,-90.0759,90.0495,-89.926,-0.0583,-0.4935,0.0955,,
1780128055,53615934,right_base_state,right_joint_1,right_joint_2,right_joint_3,right_joint_4,right_joint_5,right_joint_6,right_joint_7,-90.4573,-90.0759,90.0495,-89.926,-0.0582,-0.4935,0.0955,,
1780128055,63838133,right_base_state,right_joint_1,right_joint_2,right_joint_3,right_joint_4,right_joint_5,right_joint_6,right_joint_7,-90.4573,-90.0759,90.0495,-89.926,-0.0582,-0.4934,0.0955,,
1780128055,73690591,right_base_state,right_joint_1,right_joint_2,right_joint_3,right_joint_4,right_joint_5,right_joint_6,right_joint_7,-90.4573,-90.0759,90.0495,-89.926,-0.0583,-0.4935,0.0955,,
1780128055,83636887,right_base_state,right_joint_1,right_joint_2,right_joint_3,right_joint_4,right_joint_5,right_joint_6,right_joint_7,-90.4573,-90.0759,90.0495,-89.926,-0.0583,-0.4934,0.0955,,
1780128055,93741267,right_base_state,right_joint_1,right_joint_2,right_joint_3,right_joint_4,right_joint_5,right_joint_6,right_joint_7,-90.4573,-90.0759,90.0495,-89.926,-0.0583,-0.4935,0.0955,,
1780128055,103585038,right_base_state,right_joint_1,right_joint_2,right_joint_3,right_joint_4,right_joint_5,right_joint_6,right_joint_7,-90.4573,-90.0759,90.0495,-89.926,-0.0583,-0.4935,0.0955,,
1780128055,113755975,right_base_state,right_joint_1,right_joint_2,right_joint_3,right_joint_4,right_joint_5,right_joint_6,right_joint_7,-90.4573,-90.0759,90.0495,-89.926,-0.0583,-0.4935,0.0955,,
1780128055,123793806,right_base_state,right_joint_1,right_joint_2,right_joint_3,right_joint_4,right_joint_5,right_joint_6,right_joint_7,-90.4573,-90.0759,90.0495,-89.926,-0.0582,-0.4934,0.0955,,
1780128055,133863251,right_base_state,right_joint_1,right_joint_2,right_joint_3,right_joint_4,right_joint_5,right_joint_6,right_joint_7,-90.4573,-90.0759,90.0495,-89.926,-0.0582,-0.4935,0.0955,,
1780128055,143704432,right_base_state,right_joint_1,right_joint_2,right_joint_3,right_joint_4,right_joint_5,right_joint_6,right_joint_7,-90.4573,-90.0759,90.0495,-89.926,-0.0582,-0.4934,0.0955,,
1780128055,153607816,right_base_state,right_joint_1,right_joint_2,right_joint_3,right_joint_4,right_joint_5,right_joint_6,right_joint_7,-90.4573,-90.0759,90.0495,-89.926,-0.0583,-0.4935,0.0955,,
1780128055,163867119,right_base_state,right_joint_1,right_joint_2,right_joint_3,right_joint_4,right_joint_5,right_joint_6,right_joint_7,-90.4573,-90.0759,90.0495,-89.926,-0.0583,-0.4934,0.0955,,
1780128055,173745131,right_base_state,right_joint_1,right_joint_2,right_joint_3,right_joint_4,right_joint_5,right_joint_6,right_joint_7,-90.4573,-90.0759,90.0495,-89.926,-0.0583,-0.4934,0.0955,,
1780128055,183800298,right_base_state,right_joint_1,right_joint_2,right_joint_3,right_joint_4,right_joint_5,right_joint_6,right_joint_7,-90.4573,-90.0759,90.0495,-89.926,-0.0583,-0.4934,0.0955,,
1780128055,193848408,right_base_state,right_joint_1,right_joint_2,right_joint_3,right_joint_4,right_joint_5,right_joint_6,right_joint_7,-90.4573,-90.0759,90.0495,-89.926,-0.0583,-0.4935,0.0955,,
1780128055,203592755,right_base_state,right_joint_1,right_joint_2,right_joint_3,right_joint_4,right_joint_5,right_joint_6,right_joint_7,-90.4573,-90.0759,90.0495,-89.926,-0.0582,-0.4934,0.0955,,
1780128055,213823916,right_base_state,right_joint_1,right_joint_2,right_joint_3,right_joint_4,right_joint_5,right_joint_6,right_joint_7,-90.4573,-90.0759,90.0495,-89.926,-0.0582,-0.4934,0.0955,,
1780128055,223863779,right_base_state,right_joint_1,right_joint_2,right_joint_3,right_joint_4,right_joint_5,right_joint_6,right_joint_7,-90.4573,-90.0759,90.0495,-89.926,-0.0582,-0.4934,0.0955,,
1780128055,233709299,right_base_state,right_joint_1,right_joint_2,right_joint_3,right_joint_4,right_joint_5,right_joint_6,right_joint_7,-90.4573,-90.0759,90.0495,-89.926,-0.0583,-0.4934,0.0955,,
1780128055,243708342,right_base_state,right_joint_1,right_joint_2,right_joint_3,right_joint_4,right_joint_5,right_joint_6,right_joint_7,-90.4573,-90.0759,90.0495,-89.926,-0.0583,-0.4935,0.0955,,
1780128055,254095802,right_base_state,right_joint_1,right_joint_2,right_joint_3,right_joint_4,right_joint_5,right_joint_6,right_joint_7,-90.4573,-90.0759,90.0495,-89.926,-0.0583,-0.4935,0.0955,,
1780128055,263691059,right_base_state,right_joint_1,right_joint_2,right_joint_3,right_joint_4,right_joint_5,right_joint_6,right_joint_7,-90.4573,-90.0759,90.0495,-89.926,-0.0583,-0.4934,0.0955,,
1780128055,273799543,right_base_state,right_joint_1,right_joint_2,right_joint_3,right_joint_4,right_joint_5,right_joint_6,right_joint_7,-90.4573,-90.0759,90.0495,-89.926,-0.0582,-0.4934,0.0955,,
1780128055,283673942,right_base_state,right_joint_1,right_joint_2,right_joint_3,right_joint_4,right_joint_5,right_joint_6,right_joint_7,-90.4573,-90.0759,90.0495,-89.926,-0.0582,-0.4935,0.0955,,
1780128055,293946697,right_base_state,right_joint_1,right_joint_2,right_joint_3,right_joint_4,right_joint_5,right_joint_6,right_joint_7,-90.4573,-90.0759,90.0495,-89.926,-0.0582,-0.4935,0.0955,,
1780128055,303523370,right_base_state,right_joint_1,right_joint_2,right_joint_3,right_joint_4,right_joint_5,right_joint_6,right_joint_7,-90.4573,-90.0759,90.0495,-89.926,-0.0583,-0.4934,0.0955,,
1780128055,313625895,right_base_state,right_joint_1,right_joint_2,right_joint_3,right_joint_4,right_joint_5,right_joint_6,right_joint_7,-90.4573,-90.0759,90.0495,-89.926,-0.0583,-0.4934,0.0955,,
1780128055,323942668,right_base_state,right_joint_1,right_joint_2,right_joint_3,right_joint_4,right_joint_5,right_joint_6,right_joint_7,-90.4573,-90.0759,90.0495,-89.926,-0.0582,-0.4935,0.0955,,
1780128055,333794114,right_base_state,right_joint_1,right_joint_2,right_joint_3,right_joint_4,right_joint_5,right_joint_6,right_joint_7,-90.4573,-90.0759,90.0495,-89.926,-0.0583,-0.4935,0.0955,,
1780128055,343657852,right_base_state,right_joint_1,right_joint_2,right_joint_3,right_joint_4,right_joint_5,right_joint_6,right_joint_7,-90.4573,-90.0759,90.0495,-89.926,-0.0582,-0.4935,0.0955,,
1780128055,353581572,right_base_state,right_joint_1,right_joint_2,right_joint_3,right_joint_4,right_joint_5,right_joint_6,right_joint_7,-90.4573,-90.0759,90.0495,-89.926,-0.0582,-0.4935,0.0955,,
1780128055,363657847,right_base_state,right_joint_1,right_joint_2,right_joint_3,right_joint_4,right_joint_5,right_joint_6,right_joint_7,-90.4573,-90.0759,90.0495,-89.926,-0.0582,-0.4935,0.0955,,
1780128055,373822507,right_base_state,right_joint_1,right_joint_2,right_joint_3,right_joint_4,right_joint_5,right_joint_6,right_joint_7,-90.4573,-90.0759,90.0495,-89.926,-0.0582,-0.4934,0.0955,,
1780128055,384969465,right_base_state,right_joint_1,right_joint_2,right_joint_3,right_joint_4,right_joint_5,right_joint_6,right_joint_7,-90.4573,-90.0759,90.0495,-89.926,-0.0583,-0.4935,0.0955,,
1780128055,393844010,right_base_state,right_joint_1,right_joint_2,right_joint_3,right_joint_4,right_joint_5,right_joint_6,right_joint_7,-90.4573,-90.0759,90.0495,-89.926,-0.0582,-0.4935,0.0955,,
1780128055,403527459,right_base_state,right_joint_1,right_joint_2,right_joint_3,right_joint_4,right_joint_5,right_joint_6,right_joint_7,-90.4573,-90.0759,90.0495,-89.926,-0.0582,-0.4935,0.0955,,
1780128055,413700019,right_base_state,right_joint_1,right_joint_2,right_joint_3,right_joint_4,right_joint_5,right_joint_6,right_joint_7,-90.4573,-90.0759,90.0495,-89.926,-0.0583,-0.4934,0.0955,,
1780128055,423809910,right_base_state,right_joint_1,right_joint_2,right_joint_3,right_joint_4,right_joint_5,right_joint_6,right_joint_7,-90.4573,-90.0759,90.0495,-89.926,-0.0582,-0.4935,0.0955,,
1780128055,433915407,right_base_state,right_joint_1,right_joint_2,right_joint_3,right_joint_4,right_joint_5,right_joint_6,right_joint_7,-90.4573,-90.0759,90.0495,-89.926,-0.0582,-0.4934,0.0955,,
1780128055,444066952,right_base_state,right_joint_1,right_joint_2,right_joint_3,right_joint_4,right_joint_5,right_joint_6,right_joint_7,-90.4573,-90.0759,90.0495,-89.926,-0.0583,-0.4934,0.0955,,
1780128055,453939434,right_base_state,right_joint_1,right_joint_2,right_joint_3,right_joint_4,right_joint_5,right_joint_6,right_joint_7,-90.4573,-90.0759,90.0495,-89.926,-0.0582,-0.4934,0.0955,,
1780128055,463694204,right_base_state,right_joint_1,right_joint_2,right_joint_3,right_joint_4,right_joint_5,right_joint_6,right_joint_7,-90.4573,-90.0759,90.0495,-89.926,-0.0582,-0.4935,0.0955,,
1780128055,473610985,right_base_state,right_joint_1,right_joint_2,right_joint_3,right_joint_4,right_joint_5,right_joint_6,right_joint_7,-90.4573,-90.0759,90.0495,-89.926,-0.0583,-0.4934,0.0955,,
1780128055,483746415,right_base_state,right_joint_1,right_joint_2,right_joint_3,right_joint_4,right_joint_5,right_joint_6,right_joint_7,-90.4573,-90.0759,90.0495,-89.926,-0.0583,-0.4935,0.0955,,
1780128055,493689682,right_base_state,right_joint_1,right_joint_2,right_joint_3,right_joint_4,right_joint_5,right_joint_6,right_joint_7,-90.4573,-90.0759,90.0495,-89.926,-0.0582,-0.4934,0.0955,,
1780128055,504060222,right_base_state,right_joint_1,right_joint_2,right_joint_3,right_joint_4,right_joint_5,right_joint_6,right_joint_7,-90.4573,-90.0759,90.0495,-89.926,-0.0583,-0.4935,0.0955,,
1780128055,513683223,right_base_state,right_joint_1,right_joint_2,right_joint_3,right_joint_4,right_joint_5,right_joint_6,right_joint_7,-90.4573,-90.0759,90.0495,-89.926,-0.0582,-0.4935,0.0955,,
1780128055,523669495,right_base_state,right_joint_1,right_joint_2,right_joint_3,right_joint_4,right_joint_5,right_joint_6,right_joint_7,-90.4573,-90.0759,90.0495,-89.926,-0.0582,-0.4934,0.0955,,
1780128055,533889831,right_base_state,right_joint_1,right_joint_2,right_joint_3,right_joint_4,right_joint_5,right_joint_6,right_joint_7,-90.4573,-90.0759,90.0495,-89.926,-0.0582,-0.4934,0.0955,,
1780128055,543826473,right_base_state,right_joint_1,right_joint_2,right_joint_3,right_joint_4,right_joint_5,right_joint_6,right_joint_7,-90.4573,-90.0759,90.0495,-89.926,-0.0582,-0.4934,0.0955,,
1780128055,555959881,right_base_state,right_joint_1,right_joint_2,right_joint_3,right_joint_4,right_joint_5,right_joint_6,right_joint_7,-90.4573,-90.0759,90.0495,-89.926,-0.0582,-0.4935,0.0955,,
1780128055,563628500,right_base_state,right_joint_1,right_joint_2,right_joint_3,right_joint_4,right_joint_5,right_joint_6,right_joint_7,-90.4573,-90.0759,90.0495,-89.926,-0.0582,-0.4935,0.0955,,
1780128055,573759237,right_base_state,right_joint_1,right_joint_2,right_joint_3,right_joint_4,right_joint_5,right_joint_6,right_joint_7,-90.4573,-90.0759,90.0495,-89.926,-0.0582,-0.4935,0.0955,,
1780128055,583743584,right_base_state,right_joint_1,right_joint_2,right_joint_3,right_joint_4,right_joint_5,right_joint_6,right_joint_7,-90.4573,-90.0759,90.0495,-89.926,-0.0582,-0.4935,0.0955,,
1780128055,593798437,right_base_state,right_joint_1,right_joint_2,right_joint_3,right_joint_4,right_joint_5,right_joint_6,right_joint_7,-90.4573,-90.0759,90.0495,-89.926,-0.0582,-0.4935,0.0955,,
1780128055,603560037,right_base_state,right_joint_1,right_joint_2,right_joint_3,right_joint_4,right_joint_5,right_joint_6,right_joint_7,-90.4573,-90.0759,90.0495,-89.926,-0.0582,-0.4935,0.0955,,
1780128055,613674284,right_base_state,right_joint_1,right_joint_2,right_joint_3,right_joint_4,right_joint_5,right_joint_6,right_joint_7,-90.4573,-90.0759,90.0495,-89.926,-0.0582,-0.4935,0.0955,,
1780128055,623854941,right_base_state,right_joint_1,right_joint_2,right_joint_3,right_joint_4,right_joint_5,right_joint_6,right_joint_7,-90.4573,-90.0759,90.0495,-89.926,-0.0582,-0.4934,0.0955,,
1780128055,633746927,right_base_state,right_joint_1,right_joint_2,right_joint_3,right_joint_4,right_joint_5,right_joint_6,right_joint_7,-90.4573,-90.0759,90.0495,-89.926,-0.0583,-0.4935,0.0955,,
1780128055,643748216,right_base_state,right_joint_1,right_joint_2,right_joint_3,right_joint_4,right_joint_5,right_joint_6,right_joint_7,-90.4573,-90.0759,90.0495,-89.926,-0.0582,-0.4935,0.0955,,
1780128055,653798366,right_base_state,right_joint_1,right_joint_2,right_joint_3,right_joint_4,right_joint_5,right_joint_6,right_joint_7,-90.4573,-90.0759,90.0495,-89.926,-0.0582,-0.4935,0.0955,,
1780128055,663637167,right_base_state,right_joint_1,right_joint_2,right_joint_3,right_joint_4,right_joint_5,right_joint_6,right_joint_7,-90.4573,-90.0759,90.0495,-89.926,-0.0582,-0.4934,0.0955,,
1780128055,673685215,right_base_state,right_joint_1,right_joint_2,right_joint_3,right_joint_4,right_joint_5,right_joint_6,right_joint_7,-90.4573,-90.0759,90.0495,-89.926,-0.0582,-0.4935,0.0955,,
1780128055,683707980,right_base_state,right_joint_1,right_joint_2,right_joint_3,right_joint_4,right_joint_5,right_joint_6,right_joint_7,-90.4573,-90.0759,90.0495,-89.926,-0.0583,-0.4935,0.0955,,
1780128055,694941374,right_base_state,right_joint_1,right_joint_2,right_joint_3,right_joint_4,right_joint_5,right_joint_6,right_joint_7,-90.4573,-90.0759,90.0495,-89.926,-0.0582,-0.4934,0.0955,,
1780128055,703622159,right_base_state,right_joint_1,right_joint_2,right_joint_3,right_joint_4,right_joint_5,right_joint_6,right_joint_7,-90.4573,-90.0759,90.0495,-89.926,-0.0583,-0.4935,0.0955,,
1780128055,713862361,right_base_state,right_joint_1,right_joint_2,right_joint_3,right_joint_4,right_joint_5,right_joint_6,right_joint_7,-90.4573,-90.0759,90.0495,-89.926,-0.0582,-0.4934,0.0955,,
1780128055,723681458,right_base_state,right_joint_1,right_joint_2,right_joint_3,right_joint_4,right_joint_5,right_joint_6,right_joint_7,-90.4573,-90.0759,90.0495,-89.926,-0.0583,-0.4935,0.0955,,
1780128055,733941029,right_base_state,right_joint_1,right_joint_2,right_joint_3,right_joint_4,right_joint_5,right_joint_6,right_joint_7,-90.4573,-90.0759,90.0495,-89.926,-0.0583,-0.4935,0.0955,,
1780128055,743759597,right_base_state,right_joint_1,right_joint_2,right_joint_3,right_joint_4,right_joint_5,right_joint_6,right_joint_7,-90.4573,-90.0759,90.0495,-89.926,-0.0583,-0.4935,0.0955,,
1780128055,753578361,right_base_state,right_joint_1,right_joint_2,right_joint_3,right_joint_4,right_joint_5,right_joint_6,right_joint_7,-90.4573,-90.0759,90.0495,-89.926,-0.0583,-0.4934,0.0955,,
1780128055,763730230,right_base_state,right_joint_1,right_joint_2,right_joint_3,right_joint_4,right_joint_5,right_joint_6,right_joint_7,-90.4573,-90.0759,90.0495,-89.926,-0.0583,-0.4935,0.0955,,
1780128055,773893144,right_base_state,right_joint_1,right_joint_2,right_joint_3,right_joint_4,right_joint_5,right_joint_6,right_joint_7,-90.4573,-90.0759,90.0495,-89.926,-0.0583,-0.4934,0.0955,,
1780128055,783802963,right_base_state,right_joint_1,right_joint_2,right_joint_3,right_joint_4,right_joint_5,right_joint_6,right_joint_7,-90.4573,-90.0759,90.0495,-89.926,-0.0582,-0.4935,0.0955,,
1780128055,793970094,right_base_state,right_joint_1,right_joint_2,right_joint_3,right_joint_4,right_joint_5,right_joint_6,right_joint_7,-90.4573,-90.0759,90.0495,-89.926,-0.0582,-0.4934,0.0955,,
1780128055,803634397,right_base_state,right_joint_1,right_joint_2,right_joint_3,right_joint_4,right_joint_5,right_joint_6,right_joint_7,-90.4573,-90.0759,90.0495,-89.926,-0.0582,-0.4935,0.0955,,
1780128055,813735261,right_base_state,right_joint_1,right_joint_2,right_joint_3,right_joint_4,right_joint_5,right_joint_6,right_joint_7,-90.4573,-90.0759,90.0495,-89.926,-0.0582,-0.4935,0.0955,,
1780128055,823790817,right_base_state,right_joint_1,right_joint_2,right_joint_3,right_joint_4,right_joint_5,right_joint_6,right_joint_7,-90.4573,-90.0759,90.0495,-89.926,-0.0582,-0.4935,0.0955,,
1780128055,833675949,right_base_state,right_joint_1,right_joint_2,right_joint_3,right_joint_4,right_joint_5,right_joint_6,right_joint_7,-90.4573,-90.0759,90.0495,-89.926,-0.0582,-0.4935,0.0955,,
1780128055,843839801,right_base_state,right_joint_1,right_joint_2,right_joint_3,right_joint_4,right_joint_5,right_joint_6,right_joint_7,-90.4573,-90.0759,90.0495,-89.926,-0.0583,-0.4934,0.0955,,
1780128055,853592873,right_base_state,right_joint_1,right_joint_2,right_joint_3,right_joint_4,right_joint_5,right_joint_6,right_joint_7,-90.4573,-90.0759,90.0495,-89.926,-0.0583,-0.4935,0.0955,,
1780128055,863654261,right_base_state,right_joint_1,right_joint_2,right_joint_3,right_joint_4,right_joint_5,right_joint_6,right_joint_7,-90.4573,-90.0759,90.0495,-89.926,-0.0582,-0.4935,0.0955,,
1780128055,873870236,right_base_state,right_joint_1,right_joint_2,right_joint_3,right_joint_4,right_joint_5,right_joint_6,right_joint_7,-90.4573,-90.0759,90.0495,-89.926,-0.0582,-0.4935,0.0955,,
1780128055,884347485,right_base_state,right_joint_1,right_joint_2,right_joint_3,right_joint_4,right_joint_5,right_joint_6,right_joint_7,-90.4573,-90.0759,90.0495,-89.926,-0.0583,-0.4935,0.0955,,
1780128055,893869494,right_base_state,right_joint_1,right_joint_2,right_joint_3,right_joint_4,right_joint_5,right_joint_6,right_joint_7,-90.4573,-90.0759,90.0495,-89.926,-0.0582,-0.4935,0.0955,,
1780128055,903967655,right_base_state,right_joint_1,right_joint_2,right_joint_3,right_joint_4,right_joint_5,right_joint_6,right_joint_7,-90.4573,-90.0759,90.0495,-89.926,-0.0583,-0.4934,0.0955,,
1780128055,913772636,right_base_state,right_joint_1,right_joint_2,right_joint_3,right_joint_4,right_joint_5,right_joint_6,right_joint_7,-90.4573,-90.0759,90.0495,-89.926,-0.0582,-0.4934,0.0955,,
1780128055,923719166,right_base_state,right_joint_1,right_joint_2,right_joint_3,right_joint_4,right_joint_5,right_joint_6,right_joint_7,-90.4573,-90.0759,90.0495,-89.926,-0.0582,-0.4935,0.0955,,
1780128055,933749513,right_base_state,right_joint_1,right_joint_2,right_joint_3,right_joint_4,right_joint_5,right_joint_6,right_joint_7,-90.4573,-90.0759,90.0495,-89.926,-0.0582,-0.4934,0.0955,,
1780128055,943702746,right_base_state,right_joint_1,right_joint_2,right_joint_3,right_joint_4,right_joint_5,right_joint_6,right_joint_7,-90.4573,-90.0759,90.0495,-89.926,-0.0583,-0.4935,0.0955,,
1780128055,953638723,right_base_state,right_joint_1,right_joint_2,right_joint_3,right_joint_4,right_joint_5,right_joint_6,right_joint_7,-90.4573,-90.0759,90.0495,-89.926,-0.0582,-0.4935,0.0955,,
1780128055,963706765,right_base_state,right_joint_1,right_joint_2,right_joint_3,right_joint_4,right_joint_5,right_joint_6,right_joint_7,-90.4573,-90.0759,90.0495,-89.926,-0.0583,-0.4935,0.0955,,
1780128055,973747313,right_base_state,right_joint_1,right_joint_2,right_joint_3,right_joint_4,right_joint_5,right_joint_6,right_joint_7,-90.4573,-90.0759,90.0495,-89.926,-0.0582,-0.4935,0.0955,,
1780128055,983767950,right_base_state,right_joint_1,right_joint_2,right_joint_3,right_joint_4,right_joint_5,right_joint_6,right_joint_7,-90.4573,-90.0759,90.0495,-89.926,-0.0582,-0.4934,0.0955,,
1780128055,994261597,right_base_state,right_joint_1,right_joint_2,right_joint_3,right_joint_4,right_joint_5,right_joint_6,right_joint_7,-90.4573,-90.0759,90.0495,-89.926,-0.0582,-0.4934,0.0955,,
1780128056,3768267,right_base_state,right_joint_1,right_joint_2,right_joint_3,right_joint_4,right_joint_5,right_joint_6,right_joint_7,-90.4573,-90.0759,90.0495,-89.926,-0.0582,-0.4935,0.0955,,
1780128056,13665545,right_base_state,right_joint_1,right_joint_2,right_joint_3,right_joint_4,right_joint_5,right_joint_6,right_joint_7,-90.4573,-90.0759,90.0495,-89.926,-0.0582,-0.4934,0.0955,,
1780128056,23672380,right_base_state,right_joint_1,right_joint_2,right_joint_3,right_joint_4,right_joint_5,right_joint_6,right_joint_7,-90.4573,-90.0759,90.0495,-89.926,-0.0582,-0.4934,0.0955,,
1780128056,33668051,right_base_state,right_joint_1,right_joint_2,right_joint_3,right_joint_4,right_joint_5,right_joint_6,right_joint_7,-90.4573,-90.0759,90.0495,-89.926,-0.0582,-0.4935,0.0955,,
1780128056,43738611,right_base_state,right_joint_1,right_joint_2,right_joint_3,right_joint_4,right_joint_5,right_joint_6,right_joint_7,-90.4573,-90.0759,90.0495,-89.926,-0.0582,-0.4935,0.0955,,
1780128056,53564856,right_base_state,right_joint_1,right_joint_2,right_joint_3,right_joint_4,right_joint_5,right_joint_6,right_joint_7,-90.4573,-90.0759,90.0495,-89.926,-0.0583,-0.4934,0.0955,,
1780128056,63640252,right_base_state,right_joint_1,right_joint_2,right_joint_3,right_joint_4,right_joint_5,right_joint_6,right_joint_7,-90.4573,-90.0759,90.0495,-89.926,-0.0583,-0.4935,0.0955,,
1780128056,73885075,right_base_state,right_joint_1,right_joint_2,right_joint_3,right_joint_4,right_joint_5,right_joint_6,right_joint_7,-90.4573,-90.0759,90.0495,-89.926,-0.0582,-0.4935,0.0955,,
1780128056,83872042,right_base_state,right_joint_1,right_joint_2,right_joint_3,right_joint_4,right_joint_5,right_joint_6,right_joint_7,-90.4573,-90.0759,90.0495,-89.926,-0.0582,-0.4935,0.0955,,
1780128056,93755428,right_base_state,right_joint_1,right_joint_2,right_joint_3,right_joint_4,right_joint_5,right_joint_6,right_joint_7,-90.4573,-90.0759,90.0495,-89.926,-0.0583,-0.4935,0.0955,,
1780128056,103735210,right_base_state,right_joint_1,right_joint_2,right_joint_3,right_joint_4,right_joint_5,right_joint_6,right_joint_7,-90.4573,-90.0759,90.0495,-89.926,-0.0582,-0.4935,0.0955,,
1780128056,113678574,right_base_state,right_joint_1,right_joint_2,right_joint_3,right_joint_4,right_joint_5,right_joint_6,right_joint_7,-90.4573,-90.0759,90.0495,-89.926,-0.0583,-0.4934,0.0955,,
1780128056,123741900,right_base_state,right_joint_1,right_joint_2,right_joint_3,right_joint_4,right_joint_5,right_joint_6,right_joint_7,-90.4573,-90.0759,90.0495,-89.926,-0.0582,-0.4934,0.0955,,
1780128056,133699277,right_base_state,right_joint_1,right_joint_2,right_joint_3,right_joint_4,right_joint_5,right_joint_6,right_joint_7,-90.4573,-90.0759,90.0495,-89.926,-0.0583,-0.4935,0.0955,,
1780128056,143727921,right_base_state,right_joint_1,right_joint_2,right_joint_3,right_joint_4,right_joint_5,right_joint_6,right_joint_7,-90.4573,-90.0759,90.0495,-89.926,-0.0582,-0.4935,0.0955,,
1780128056,153588361,right_base_state,right_joint_1,right_joint_2,right_joint_3,right_joint_4,right_joint_5,right_joint_6,right_joint_7,-90.4573,-90.0759,90.0495,-89.926,-0.0582,-0.4935,0.0955,,
1780128056,163670309,right_base_state,right_joint_1,right_joint_2,right_joint_3,right_joint_4,right_joint_5,right_joint_6,right_joint_7,-90.4573,-90.0759,90.0495,-89.926,-0.0582,-0.4935,0.0955,,
1780128056,173849082,right_base_state,right_joint_1,right_joint_2,right_joint_3,right_joint_4,right_joint_5,right_joint_6,right_joint_7,-90.4573,-90.0759,90.0495,-89.926,-0.0583,-0.4934,0.0955,,
1780128056,183801366,right_base_state,right_joint_1,right_joint_2,right_joint_3,right_joint_4,right_joint_5,right_joint_6,right_joint_7,-90.4573,-90.0759,90.0495,-89.926,-0.0582,-0.4935,0.0955,,
1780128056,193872445,right_base_state,right_joint_1,right_joint_2,right_joint_3,right_joint_4,right_joint_5,right_joint_6,right_joint_7,-90.4573,-90.0759,90.0495,-89.926,-0.0582,-0.4934,0.0955,,
1780128056,203922267,right_base_state,right_joint_1,right_joint_2,right_joint_3,right_joint_4,right_joint_5,right_joint_6,right_joint_7,-90.4573,-90.0759,90.0495,-89.926,-0.0583,-0.4935,0.0955,,
1780128056,213569682,right_base_state,right_joint_1,right_joint_2,right_joint_3,right_joint_4,right_joint_5,right_joint_6,right_joint_7,-90.4573,-90.0759,90.0495,-89.926,-0.0583,-0.4935,0.0955,,
1780128056,223842377,right_base_state,right_joint_1,right_joint_2,right_joint_3,right_joint_4,right_joint_5,right_joint_6,right_joint_7,-90.4573,-90.0759,90.0495,-89.926,-0.0582,-0.4935,0.0955,,
1780128056,233791992,right_base_state,right_joint_1,right_joint_2,right_joint_3,right_joint_4,right_joint_5,right_joint_6,right_joint_7,-90.4573,-90.0759,90.0495,-89.926,-0.0583,-0.4934,0.0955,,
1780128056,243900208,right_base_state,right_joint_1,right_joint_2,right_joint_3,right_joint_4,right_joint_5,right_joint_6,right_joint_7,-90.4573,-90.0759,90.0495,-89.926,-0.0582,-0.4935,0.0955,,
1780128056,253606430,right_base_state,right_joint_1,right_joint_2,right_joint_3,right_joint_4,right_joint_5,right_joint_6,right_joint_7,-90.4573,-90.0759,90.0495,-89.926,-0.0583,-0.4935,0.0955,,
1780128056,263755230,right_base_state,right_joint_1,right_joint_2,right_joint_3,right_joint_4,right_joint_5,right_joint_6,right_joint_7,-90.4573,-90.0759,90.0495,-89.926,-0.0582,-0.4934,0.0955,,
1780128056,273658407,right_base_state,right_joint_1,right_joint_2,right_joint_3,right_joint_4,right_joint_5,right_joint_6,right_joint_7,-90.4573,-90.0759,90.0495,-89.926,-0.0582,-0.4935,0.0955,,
1780128056,283640201,right_base_state,right_joint_1,right_joint_2,right_joint_3,right_joint_4,right_joint_5,right_joint_6,right_joint_7,-90.4573,-90.0759,90.0495,-89.926,-0.0583,-0.4935,0.0955,,
1780128056,293727034,right_base_state,right_joint_1,right_joint_2,right_joint_3,right_joint_4,right_joint_5,right_joint_6,right_joint_7,-90.4573,-90.0759,90.0495,-89.926,-0.0582,-0.4935,0.0955,,
1780128056,303562411,right_base_state,right_joint_1,right_joint_2,right_joint_3,right_joint_4,right_joint_5,right_joint_6,right_joint_7,-90.4573,-90.0759,90.0495,-89.926,-0.0582,-0.4934,0.0955,,
1780128056,313811787,right_base_state,right_joint_1,right_joint_2,right_joint_3,right_joint_4,right_joint_5,right_joint_6,right_joint_7,-90.4573,-90.0759,90.0495,-89.926,-0.0582,-0.4934,0.0955,,
1780128056,323825768,right_base_state,right_joint_1,right_joint_2,right_joint_3,right_joint_4,right_joint_5,right_joint_6,right_joint_7,-90.4573,-90.0759,90.0495,-89.926,-0.0582,-0.4935,0.0955,,
1780128056,333859560,right_base_state,right_joint_1,right_joint_2,right_joint_3,right_joint_4,right_joint_5,right_joint_6,right_joint_7,-90.4573,-90.0759,90.0495,-89.926,-0.0583,-0.4935,0.0955,,
1780128056,345144439,right_base_state,right_joint_1,right_joint_2,right_joint_3,right_joint_4,right_joint_5,right_joint_6,right_joint_7,-90.4573,-90.0759,90.0495,-89.926,-0.0582,-0.4935,0.0955,,
1780128056,353575503,right_base_state,right_joint_1,right_joint_2,right_joint_3,right_joint_4,right_joint_5,right_joint_6,right_joint_7,-90.4573,-90.0759,90.0495,-89.926,-0.0583,-0.4935,0.0955,,
1780128056,363716854,right_base_state,right_joint_1,right_joint_2,right_joint_3,right_joint_4,right_joint_5,right_joint_6,right_joint_7,-90.4573,-90.0759,90.0495,-89.926,-0.0583,-0.4935,0.0955,,
1780128056,373942658,right_base_state,right_joint_1,right_joint_2,right_joint_3,right_joint_4,right_joint_5,right_joint_6,right_joint_7,-90.4573,-90.0759,90.0495,-89.926,-0.0582,-0.4935,0.0955,,
1780128056,383653773,right_base_state,right_joint_1,right_joint_2,right_joint_3,right_joint_4,right_joint_5,right_joint_6,right_joint_7,-90.4573,-90.0759,90.0495,-89.926,-0.0583,-0.4935,0.0955,,
1780128056,393716484,right_base_state,right_joint_1,right_joint_2,right_joint_3,right_joint_4,right_joint_5,right_joint_6,right_joint_7,-90.4573,-90.0759,90.0495,-89.926,-0.0582,-0.4935,0.0955,,
1780128056,403798873,right_base_state,right_joint_1,right_joint_2,right_joint_3,right_joint_4,right_joint_5,right_joint_6,right_joint_7,-90.4573,-90.0759,90.0495,-89.926,-0.0582,-0.4935,0.0955,,
1780128056,413697623,right_base_state,right_joint_1,right_joint_2,right_joint_3,right_joint_4,right_joint_5,right_joint_6,right_joint_7,-90.4573,-90.0759,90.0495,-89.926,-0.0583,-0.4935,0.0955,,
1780128056,423641577,right_base_state,right_joint_1,right_joint_2,right_joint_3,right_joint_4,right_joint_5,right_joint_6,right_joint_7,-90.4573,-90.0759,90.0495,-89.926,-0.0582,-0.4935,0.0955,,
1780128056,434315307,right_base_state,right_joint_1,right_joint_2,right_joint_3,right_joint_4,right_joint_5,right_joint_6,right_joint_7,-90.4573,-90.0759,90.0495,-89.926,-0.0583,-0.4934,0.0955,,
1780128056,443727792,right_base_state,right_joint_1,right_joint_2,right_joint_3,right_joint_4,right_joint_5,right_joint_6,right_joint_7,-90.4573,-90.0759,90.0495,-89.926,-0.0583,-0.4935,0.0955,,
1780128056,453573390,right_base_state,right_joint_1,right_joint_2,right_joint_3,right_joint_4,right_joint_5,right_joint_6,right_joint_7,-90.4573,-90.0759,90.0495,-89.926,-0.0582,-0.4935,0.0955,,
1780128056,463660297,right_base_state,right_joint_1,right_joint_2,right_joint_3,right_joint_4,right_joint_5,right_joint_6,right_joint_7,-90.4573,-90.0759,90.0495,-89.926,-0.0582,-0.4934,0.0955,,
1780128056,474375771,right_base_state,right_joint_1,right_joint_2,right_joint_3,right_joint_4,right_joint_5,right_joint_6,right_joint_7,-90.4573,-90.0759,90.0495,-89.926,-0.0582,-0.4934,0.0955,,
1780128056,483671705,right_base_state,right_joint_1,right_joint_2,right_joint_3,right_joint_4,right_joint_5,right_joint_6,right_joint_7,-90.4573,-90.0759,90.0495,-89.926,-0.0583,-0.4934,0.0955,,
1780128056,493766998,right_base_state,right_joint_1,right_joint_2,right_joint_3,right_joint_4,right_joint_5,right_joint_6,right_joint_7,-90.4573,-90.0759,90.0495,-89.926,-0.0582,-0.4935,0.0955,,
1780128056,503596889,right_base_state,right_joint_1,right_joint_2,right_joint_3,right_joint_4,right_joint_5,right_joint_6,right_joint_7,-90.4573,-90.0759,90.0495,-89.926,-0.0582,-0.4935,0.0955,,
1780128056,513630676,right_base_state,right_joint_1,right_joint_2,right_joint_3,right_joint_4,right_joint_5,right_joint_6,right_joint_7,-90.4573,-90.0759,90.0495,-89.926,-0.0582,-0.4935,0.0955,,
1780128056,523761651,right_base_state,right_joint_1,right_joint_2,right_joint_3,right_joint_4,right_joint_5,right_joint_6,right_joint_7,-90.4573,-90.0759,90.0495,-89.926,-0.0582,-0.4934,0.0955,,
1780128056,534544049,right_base_state,right_joint_1,right_joint_2,right_joint_3,right_joint_4,right_joint_5,right_joint_6,right_joint_7,-90.4573,-90.0759,90.0495,-89.926,-0.0582,-0.4935,0.0955,,
1780128056,544969277,right_base_state,right_joint_1,right_joint_2,right_joint_3,right_joint_4,right_joint_5,right_joint_6,right_joint_7,-90.4573,-90.0759,90.0495,-89.926,-0.0583,-0.4934,0.0955,,
1780128056,553765084,right_base_state,right_joint_1,right_joint_2,right_joint_3,right_joint_4,right_joint_5,right_joint_6,right_joint_7,-90.4573,-90.0759,90.0495,-89.926,-0.0582,-0.4935,0.0955,,
1780128056,564052255,right_base_state,right_joint_1,right_joint_2,right_joint_3,right_joint_4,right_joint_5,right_joint_6,right_joint_7,-90.4573,-90.0759,90.0495,-89.926,-0.0583,-0.4934,0.0955,,
1780128056,573663705,right_base_state,right_joint_1,right_joint_2,right_joint_3,right_joint_4,right_joint_5,right_joint_6,right_joint_7,-90.4573,-90.0759,90.0495,-89.926,-0.0582,-0.4934,0.0955,,
1780128056,583668453,right_base_state,right_joint_1,right_joint_2,right_joint_3,right_joint_4,right_joint_5,right_joint_6,right_joint_7,-90.4573,-90.0759,90.0495,-89.926,-0.0582,-0.4934,0.0955,,
1780128056,593766137,right_base_state,right_joint_1,right_joint_2,right_joint_3,right_joint_4,right_joint_5,right_joint_6,right_joint_7,-90.4573,-90.0759,90.0495,-89.926,-0.0582,-0.4935,0.0955,,
1780128056,603813515,right_base_state,right_joint_1,right_joint_2,right_joint_3,right_joint_4,right_joint_5,right_joint_6,right_joint_7,-90.4573,-90.0759,90.0495,-89.926,-0.0582,-0.4935,0.0955,,
1780128056,613665428,right_base_state,right_joint_1,right_joint_2,right_joint_3,right_joint_4,right_joint_5,right_joint_6,right_joint_7,-90.4573,-90.0759,90.0495,-89.926,-0.0582,-0.4934,0.0955,,
1780128056,624151707,right_base_state,right_joint_1,right_joint_2,right_joint_3,right_joint_4,right_joint_5,right_joint_6,right_joint_7,-90.4573,-90.0759,90.0495,-89.926,-0.0582,-0.4935,0.0955,,
1780128056,634023309,right_base_state,right_joint_1,right_joint_2,right_joint_3,right_joint_4,right_joint_5,right_joint_6,right_joint_7,-90.4573,-90.0759,90.0495,-89.926,-0.0582,-0.4934,0.0955,,
1780128056,643802176,right_base_state,right_joint_1,right_joint_2,right_joint_3,right_joint_4,right_joint_5,right_joint_6,right_joint_7,-90.4573,-90.0759,90.0495,-89.926,-0.0582,-0.4935,0.0955,,
1780128056,653755534,right_base_state,right_joint_1,right_joint_2,right_joint_3,right_joint_4,right_joint_5,right_joint_6,right_joint_7,-90.4573,-90.0759,90.0495,-89.926,-0.0583,-0.4934,0.0955,,
1780128056,663621915,right_base_state,right_joint_1,right_joint_2,right_joint_3,right_joint_4,right_joint_5,right_joint_6,right_joint_7,-90.4573,-90.0759,90.0495,-89.926,-0.0582,-0.4935,0.0955,,
1780128056,673629439,right_base_state,right_joint_1,right_joint_2,right_joint_3,right_joint_4,right_joint_5,right_joint_6,right_joint_7,-90.4573,-90.0759,90.0495,-89.926,-0.0582,-0.4935,0.0955,,
1780128056,683846411,right_base_state,right_joint_1,right_joint_2,right_joint_3,right_joint_4,right_joint_5,right_joint_6,right_joint_7,-90.4573,-90.0759,90.0495,-89.926,-0.0583,-0.4935,0.0955,,
1780128056,693639344,right_base_state,right_joint_1,right_joint_2,right_joint_3,right_joint_4,right_joint_5,right_joint_6,right_joint_7,-90.4573,-90.0759,90.0495,-89.926,-0.0582,-0.4935,0.0955,,
1780128056,703680676,right_base_state,right_joint_1,right_joint_2,right_joint_3,right_joint_4,right_joint_5,right_joint_6,right_joint_7,-90.4573,-90.0759,90.0495,-89.926,-0.0582,-0.4934,0.0955,,
1780128056,713597963,right_base_state,right_joint_1,right_joint_2,right_joint_3,right_joint_4,right_joint_5,right_joint_6,right_joint_7,-90.4573,-90.0759,90.0495,-89.926,-0.0583,-0.4934,0.0955,,
1780128056,723874451,right_base_state,right_joint_1,right_joint_2,right_joint_3,right_joint_4,right_joint_5,right_joint_6,right_joint_7,-90.4573,-90.0759,90.0495,-89.926,-0.0582,-0.4935,0.0955,,
1780128056,733733445,right_base_state,right_joint_1,right_joint_2,right_joint_3,right_joint_4,right_joint_5,right_joint_6,right_joint_7,-90.4573,-90.0759,90.0495,-89.926,-0.0582,-0.4935,0.0955,,
1780128056,743826044,right_base_state,right_joint_1,right_joint_2,right_joint_3,right_joint_4,right_joint_5,right_joint_6,right_joint_7,-90.4573,-90.0759,90.0495,-89.926,-0.0582,-0.4935,0.0955,,
1780128056,753764154,right_base_state,right_joint_1,right_joint_2,right_joint_3,right_joint_4,right_joint_5,right_joint_6,right_joint_7,-90.4573,-90.0759,90.0495,-89.926,-0.0582,-0.4934,0.0955,,
1780128056,763652469,right_base_state,right_joint_1,right_joint_2,right_joint_3,right_joint_4,right_joint_5,right_joint_6,right_joint_7,-90.4573,-90.0759,90.0495,-89.926,-0.0583,-0.4935,0.0955,,
1780128056,773783446,right_base_state,right_joint_1,right_joint_2,right_joint_3,right_joint_4,right_joint_5,right_joint_6,right_joint_7,-90.4573,-90.0759,90.0495,-89.926,-0.0582,-0.4935,0.0955,,
1780128056,784387768,right_base_state,right_joint_1,right_joint_2,right_joint_3,right_joint_4,right_joint_5,right_joint_6,right_joint_7,-90.4573,-90.0759,90.0495,-89.926,-0.0583,-0.4935,0.0955,,
1780128056,793779826,right_base_state,right_joint_1,right_joint_2,right_joint_3,right_joint_4,right_joint_5,right_joint_6,right_joint_7,-90.4573,-90.0759,90.0495,-89.926,-0.0582,-0.4935,0.0955,,
1780128056,803619730,right_base_state,right_joint_1,right_joint_2,right_joint_3,right_joint_4,right_joint_5,right_joint_6,right_joint_7,-90.4573,-90.0759,90.0495,-89.926,-0.0583,-0.4935,0.0955,,
1780128056,813736529,right_base_state,right_joint_1,right_joint_2,right_joint_3,right_joint_4,right_joint_5,right_joint_6,right_joint_7,-90.4573,-90.0759,90.0495,-89.926,-0.0582,-0.4934,0.0955,,
1780128056,823655114,right_base_state,right_joint_1,right_joint_2,right_joint_3,right_joint_4,right_joint_5,right_joint_6,right_joint_7,-90.4573,-90.0759,90.0495,-89.926,-0.0583,-0.4934,0.0955,,
1780128056,834001452,right_base_state,right_joint_1,right_joint_2,right_joint_3,right_joint_4,right_joint_5,right_joint_6,right_joint_7,-90.4573,-90.0759,90.0495,-89.926,-0.0583,-0.4935,0.0955,,
1780128056,843846011,right_base_state,right_joint_1,right_joint_2,right_joint_3,right_joint_4,right_joint_5,right_joint_6,right_joint_7,-90.4573,-90.0759,90.0495,-89.926,-0.0582,-0.4934,0.0955,,
1780128056,853579964,right_base_state,right_joint_1,right_joint_2,right_joint_3,right_joint_4,right_joint_5,right_joint_6,right_joint_7,-90.4573,-90.0759,90.0495,-89.926,-0.0582,-0.4935,0.0955,,
1780128056,863619542,right_base_state,right_joint_1,right_joint_2,right_joint_3,right_joint_4,right_joint_5,right_joint_6,right_joint_7,-90.4573,-90.0759,90.0495,-89.926,-0.0582,-0.4935,0.0955,,
1780128056,873697158,right_base_state,right_joint_1,right_joint_2,right_joint_3,right_joint_4,right_joint_5,right_joint_6,right_joint_7,-90.4573,-90.0759,90.0495,-89.926,-0.0582,-0.4934,0.0955,,
1780128056,883779263,right_base_state,right_joint_1,right_joint_2,right_joint_3,right_joint_4,right_joint_5,right_joint_6,right_joint_7,-90.4573,-90.0759,90.0495,-89.926,-0.0582,-0.4934,0.0955,,
1780128056,893843881,right_base_state,right_joint_1,right_joint_2,right_joint_3,right_joint_4,right_joint_5,right_joint_6,right_joint_7,-90.4573,-90.0759,90.0495,-89.926,-0.0583,-0.4934,0.0955,,
1780128056,903601167,right_base_state,right_joint_1,right_joint_2,right_joint_3,right_joint_4,right_joint_5,right_joint_6,right_joint_7,-90.4573,-90.0759,90.0495,-89.926,-0.0582,-0.4934,0.0955,,
1780128056,913657491,right_base_state,right_joint_1,right_joint_2,right_joint_3,right_joint_4,right_joint_5,right_joint_6,right_joint_7,-90.4573,-90.0759,90.0495,-89.926,-0.0583,-0.4935,0.0955,,
1780128056,923661772,right_base_state,right_joint_1,right_joint_2,right_joint_3,right_joint_4,right_joint_5,right_joint_6,right_joint_7,-90.4573,-90.0759,90.0495,-89.926,-0.0583,-0.4935,0.0955,,
1780128056,933746272,right_base_state,right_joint_1,right_joint_2,right_joint_3,right_joint_4,right_joint_5,right_joint_6,right_joint_7,-90.4573,-90.0759,90.0495,-89.926,-0.0582,-0.4935,0.0955,,
1780128056,943690227,right_base_state,right_joint_1,right_joint_2,right_joint_3,right_joint_4,right_joint_5,right_joint_6,right_joint_7,-90.4573,-90.0759,90.0495,-89.926,-0.0582,-0.4934,0.0955,,
1780128056,954206388,right_base_state,right_joint_1,right_joint_2,right_joint_3,right_joint_4,right_joint_5,right_joint_6,right_joint_7,-90.4573,-90.0759,90.0495,-89.926,-0.0583,-0.4935,0.0955,,
1780128056,963678793,right_base_state,right_joint_1,right_joint_2,right_joint_3,right_joint_4,right_joint_5,right_joint_6,right_joint_7,-90.4573,-90.0759,90.0495,-89.926,-0.0582,-0.4935,0.0955,,
1780128056,973818597,right_base_state,right_joint_1,right_joint_2,right_joint_3,right_joint_4,right_joint_5,right_joint_6,right_joint_7,-90.4573,-90.0759,90.0495,-89.926,-0.0583,-0.4934,0.0955,,
1780128056,985475397,right_base_state,right_joint_1,right_joint_2,right_joint_3,right_joint_4,right_joint_5,right_joint_6,right_joint_7,-90.4573,-90.0759,90.0495,-89.926,-0.0582,-0.4934,0.0955,,
1780128056,993616070,right_base_state,right_joint_1,right_joint_2,right_joint_3,right_joint_4,right_joint_5,right_joint_6,right_joint_7,-90.4573,-90.0759,90.0495,-89.926,-0.0583,-0.4935,0.0955,,
1780128057,3914225,right_base_state,right_joint_1,right_joint_2,right_joint_3,right_joint_4,right_joint_5,right_joint_6,right_joint_7,-90.4573,-90.0759,90.0495,-89.926,-0.0582,-0.4935,0.0955,,
1780128057,13854966,right_base_state,right_joint_1,right_joint_2,right_joint_3,right_joint_4,right_joint_5,right_joint_6,right_joint_7,-90.4573,-90.0759,90.0495,-89.926,-0.0583,-0.4934,0.0955,,
1780128057,23769672,right_base_state,right_joint_1,right_joint_2,right_joint_3,right_joint_4,right_joint_5,right_joint_6,right_joint_7,-90.4573,-90.0759,90.0495,-89.926,-0.0583,-0.4934,0.0955,,
1780128057,33897854,right_base_state,right_joint_1,right_joint_2,right_joint_3,right_joint_4,right_joint_5,right_joint_6,right_joint_7,-90.4573,-90.0759,90.0495,-89.926,-0.0582,-0.4935,0.0955,,
1780128057,43816032,right_base_state,right_joint_1,right_joint_2,right_joint_3,right_joint_4,right_joint_5,right_joint_6,right_joint_7,-90.4573,-90.0759,90.0495,-89.926,-0.0582,-0.4935,0.0955,,
1780128057,53576874,right_base_state,right_joint_1,right_joint_2,right_joint_3,right_joint_4,right_joint_5,right_joint_6,right_joint_7,-90.4573,-90.0759,90.0495,-89.926,-0.0582,-0.4935,0.0955,,
1780128057,63643314,right_base_state,right_joint_1,right_joint_2,right_joint_3,right_joint_4,right_joint_5,right_joint_6,right_joint_7,-90.4573,-90.0759,90.0495,-89.926,-0.0582,-0.4934,0.0955,,
1780128057,73797393,right_base_state,right_joint_1,right_joint_2,right_joint_3,right_joint_4,right_joint_5,right_joint_6,right_joint_7,-90.4573,-90.0759,90.0495,-89.926,-0.0583,-0.4935,0.0955,,
1780128057,83764696,right_base_state,right_joint_1,right_joint_2,right_joint_3,right_joint_4,right_joint_5,right_joint_6,right_joint_7,-90.4573,-90.0759,90.0495,-89.926,-0.0583,-0.4934,0.0955,,
1780128057,93870861,right_base_state,right_joint_1,right_joint_2,right_joint_3,right_joint_4,right_joint_5,right_joint_6,right_joint_7,-90.4573,-90.0759,90.0495,-89.926,-0.0582,-0.4935,0.0955,,
1780128057,103568570,right_base_state,right_joint_1,right_joint_2,right_joint_3,right_joint_4,right_joint_5,right_joint_6,right_joint_7,-90.4573,-90.0759,90.0495,-89.926,-0.0583,-0.4935,0.0955,,
1780128057,113611220,right_base_state,right_joint_1,right_joint_2,right_joint_3,right_joint_4,right_joint_5,right_joint_6,right_joint_7,-90.4573,-90.0759,90.0495,-89.926,-0.0583,-0.4934,0.0955,,
1780128057,123645489,right_base_state,right_joint_1,right_joint_2,right_joint_3,right_joint_4,right_joint_5,right_joint_6,right_joint_7,-90.4573,-90.0759,90.0495,-89.926,-0.0583,-0.4935,0.0955,,
1780128057,133688386,right_base_state,right_joint_1,right_joint_2,right_joint_3,right_joint_4,right_joint_5,right_joint_6,right_joint_7,-90.4573,-90.0759,90.0495,-89.926,-0.0583,-0.4934,0.0955,,
1780128057,143663395,right_base_state,right_joint_1,right_joint_2,right_joint_3,right_joint_4,right_joint_5,right_joint_6,right_joint_7,-90.4573,-90.0759,90.0495,-89.926,-0.0583,-0.4935,0.0955,,
1780128057,153568418,right_base_state,right_joint_1,right_joint_2,right_joint_3,right_joint_4,right_joint_5,right_joint_6,right_joint_7,-90.4573,-90.0759,90.0495,-89.9261,-0.0582,-0.4934,0.0955,,
1780128057,163848087,right_base_state,right_joint_1,right_joint_2,right_joint_3,right_joint_4,right_joint_5,right_joint_6,right_joint_7,-90.4573,-90.0759,90.0495,-89.926,-0.0583,-0.4935,0.0955,,
1780128057,173791235,right_base_state,right_joint_1,right_joint_2,right_joint_3,right_joint_4,right_joint_5,right_joint_6,right_joint_7,-90.4573,-90.0759,90.0495,-89.926,-0.0582,-0.4935,0.0955,,
1780128057,183937178,right_base_state,right_joint_1,right_joint_2,right_joint_3,right_joint_4,right_joint_5,right_joint_6,right_joint_7,-90.4573,-90.0759,90.0495,-89.926,-0.0582,-0.4935,0.0955,,
1780128057,193931383,right_base_state,right_joint_1,right_joint_2,right_joint_3,right_joint_4,right_joint_5,right_joint_6,right_joint_7,-90.4573,-90.0759,90.0495,-89.926,-0.0583,-0.4935,0.0955,,
1780128057,203651809,right_base_state,right_joint_1,right_joint_2,right_joint_3,right_joint_4,right_joint_5,right_joint_6,right_joint_7,-90.4573,-90.0759,90.0495,-89.926,-0.0582,-0.4935,0.0955,,
1780128057,213588004,right_base_state,right_joint_1,right_joint_2,right_joint_3,right_joint_4,right_joint_5,right_joint_6,right_joint_7,-90.4573,-90.0759,90.0495,-89.926,-0.0583,-0.4934,0.0955,,
1780128057,223878163,right_base_state,right_joint_1,right_joint_2,right_joint_3,right_joint_4,right_joint_5,right_joint_6,right_joint_7,-90.4573,-90.0759,90.0495,-89.926,-0.0583,-0.4935,0.0955,,
1780128057,233768736,right_base_state,right_joint_1,right_joint_2,right_joint_3,right_joint_4,right_joint_5,right_joint_6,right_joint_7,-90.4573,-90.0759,90.0495,-89.926,-0.0582,-0.4935,0.0955,,
1780128057,243744987,right_base_state,right_joint_1,right_joint_2,right_joint_3,right_joint_4,right_joint_5,right_joint_6,right_joint_7,-90.4573,-90.0759,90.0495,-89.926,-0.0583,-0.4935,0.0955,,
1780128057,253620180,right_base_state,right_joint_1,right_joint_2,right_joint_3,right_joint_4,right_joint_5,right_joint_6,right_joint_7,-90.4573,-90.0759,90.0495,-89.926,-0.0583,-0.4935,0.0955,,
1780128057,263849702,right_base_state,right_joint_1,right_joint_2,right_joint_3,right_joint_4,right_joint_5,right_joint_6,right_joint_7,-90.4573,-90.0759,90.0495,-89.926,-0.0583,-0.4935,0.0955,,
1780128057,274018967,right_base_state,right_joint_1,right_joint_2,right_joint_3,right_joint_4,right_joint_5,right_joint_6,right_joint_7,-90.4573,-90.0759,90.0495,-89.926,-0.0582,-0.4935,0.0955,,
1780128057,283745685,right_base_state,right_joint_1,right_joint_2,right_joint_3,right_joint_4,right_joint_5,right_joint_6,right_joint_7,-90.4573,-90.0759,90.0495,-89.926,-0.0583,-0.4935,0.0955,,
1780128057,293769186,right_base_state,right_joint_1,right_joint_2,right_joint_3,right_joint_4,right_joint_5,right_joint_6,right_joint_7,-90.4573,-90.0759,90.0495,-89.926,-0.0583,-0.4935,0.0955,,
1780128057,303663191,right_base_state,right_joint_1,right_joint_2,right_joint_3,right_joint_4,right_joint_5,right_joint_6,right_joint_7,-90.4573,-90.0759,90.0495,-89.926,-0.0582,-0.4934,0.0955,,
1780128057,313597151,right_base_state,right_joint_1,right_joint_2,right_joint_3,right_joint_4,right_joint_5,right_joint_6,right_joint_7,-90.4573,-90.0759,90.0495,-89.926,-0.0582,-0.4935,0.0955,,
1780128057,323723705,right_base_state,right_joint_1,right_joint_2,right_joint_3,right_joint_4,right_joint_5,right_joint_6,right_joint_7,-90.4573,-90.0759,90.0495,-89.926,-0.0582,-0.4935,0.0955,,
1780128057,333800102,right_base_state,right_joint_1,right_joint_2,right_joint_3,right_joint_4,right_joint_5,right_joint_6,right_joint_7,-90.4573,-90.0759,90.0495,-89.926,-0.0582,-0.4935,0.0955,,
1780128057,343697354,right_base_state,right_joint_1,right_joint_2,right_joint_3,right_joint_4,right_joint_5,right_joint_6,right_joint_7,-90.4573,-90.0759,90.0495,-89.926,-0.0582,-0.4934,0.0955,,
1780128057,353591775,right_base_state,right_joint_1,right_joint_2,right_joint_3,right_joint_4,right_joint_5,right_joint_6,right_joint_7,-90.4573,-90.0759,90.0495,-89.926,-0.0582,-0.4935,0.0955,,
1780128057,364542089,right_base_state,right_joint_1,right_joint_2,right_joint_3,right_joint_4,right_joint_5,right_joint_6,right_joint_7,-90.4573,-90.0759,90.0495,-89.926,-0.0582,-0.4934,0.0955,,
1780128057,373710957,right_base_state,right_joint_1,right_joint_2,right_joint_3,right_joint_4,right_joint_5,right_joint_6,right_joint_7,-90.4573,-90.0759,90.0495,-89.926,-0.0582,-0.4934,0.0955,,
1780128057,383762780,right_base_state,right_joint_1,right_joint_2,right_joint_3,right_joint_4,right_joint_5,right_joint_6,right_joint_7,-90.4573,-90.0759,90.0495,-89.926,-0.0583,-0.4935,0.0955,,
1780128057,393985246,right_base_state,right_joint_1,right_joint_2,right_joint_3,right_joint_4,right_joint_5,right_joint_6,right_joint_7,-90.4573,-90.0759,90.0495,-89.926,-0.0582,-0.4935,0.0955,,
1780128057,403547214,right_base_state,right_joint_1,right_joint_2,right_joint_3,right_joint_4,right_joint_5,right_joint_6,right_joint_7,-90.4573,-90.0759,90.0495,-89.926,-0.0583,-0.4934,0.0955,,
1780128057,413979835,right_base_state,right_joint_1,right_joint_2,right_joint_3,right_joint_4,right_joint_5,right_joint_6,right_joint_7,-90.4573,-90.0759,90.0495,-89.926,-0.0582,-0.4935,0.0955,,
1780128057,423641737,right_base_state,right_joint_1,right_joint_2,right_joint_3,right_joint_4,right_joint_5,right_joint_6,right_joint_7,-90.4573,-90.0759,90.0495,-89.926,-0.0583,-0.4935,0.0955,,
1780128057,433888335,right_base_state,right_joint_1,right_joint_2,right_joint_3,right_joint_4,right_joint_5,right_joint_6,right_joint_7,-90.4573,-90.0759,90.0495,-89.926,-0.0582,-0.4935,0.0955,,
1780128057,443788111,right_base_state,right_joint_1,right_joint_2,right_joint_3,right_joint_4,right_joint_5,right_joint_6,right_joint_7,-90.4573,-90.0759,90.0495,-89.926,-0.0582,-0.4934,0.0955,,
1780128057,454448429,right_base_state,right_joint_1,right_joint_2,right_joint_3,right_joint_4,right_joint_5,right_joint_6,right_joint_7,-90.4573,-90.0759,90.0495,-89.926,-0.0583,-0.4934,0.0955,,
1780128057,463633611,right_base_state,right_joint_1,right_joint_2,right_joint_3,right_joint_4,right_joint_5,right_joint_6,right_joint_7,-90.4573,-90.0759,90.0495,-89.926,-0.0583,-0.4935,0.0955,,
1780128057,473721627,right_base_state,right_joint_1,right_joint_2,right_joint_3,right_joint_4,right_joint_5,right_joint_6,right_joint_7,-90.4573,-90.0759,90.0495,-89.926,-0.0583,-0.4935,0.0955,,
1780128057,483906410,right_base_state,right_joint_1,right_joint_2,right_joint_3,right_joint_4,right_joint_5,right_joint_6,right_joint_7,-90.4573,-90.0759,90.0495,-89.926,-0.0583,-0.4935,0.0955,,
1780128057,494017145,right_base_state,right_joint_1,right_joint_2,right_joint_3,right_joint_4,right_joint_5,right_joint_6,right_joint_7,-90.4573,-90.0759,90.0495,-89.926,-0.0583,-0.4935,0.0955,,
1780128057,503521452,right_base_state,right_joint_1,right_joint_2,right_joint_3,right_joint_4,right_joint_5,right_joint_6,right_joint_7,-90.4573,-90.0759,90.0495,-89.926,-0.0583,-0.4935,0.0955,,
1780128057,513615119,right_base_state,right_joint_1,right_joint_2,right_joint_3,right_joint_4,right_joint_5,right_joint_6,right_joint_7,-90.4573,-90.0759,90.0495,-89.926,-0.0582,-0.4935,0.0955,,
1780128057,523687097,right_base_state,right_joint_1,right_joint_2,right_joint_3,right_joint_4,right_joint_5,right_joint_6,right_joint_7,-90.4573,-90.0759,90.0495,-89.926,-0.0582,-0.4934,0.0955,,
1780128057,533909308,right_base_state,right_joint_1,right_joint_2,right_joint_3,right_joint_4,right_joint_5,right_joint_6,right_joint_7,-90.4573,-90.0759,90.0495,-89.926,-0.0583,-0.4935,0.0955,,
1780128057,543781945,right_base_state,right_joint_1,right_joint_2,right_joint_3,right_joint_4,right_joint_5,right_joint_6,right_joint_7,-90.4573,-90.0759,90.0495,-89.926,-0.0583,-0.4935,0.0955,,
1780128057,553696386,right_base_state,right_joint_1,right_joint_2,right_joint_3,right_joint_4,right_joint_5,right_joint_6,right_joint_7,-90.4573,-90.0759,90.0495,-89.926,-0.0582,-0.4935,0.0955,,
1780128057,563739101,right_base_state,right_joint_1,right_joint_2,right_joint_3,right_joint_4,right_joint_5,right_joint_6,right_joint_7,-90.4573,-90.0759,90.0495,-89.926,-0.0582,-0.4934,0.0955,,
1780128057,573753161,right_base_state,right_joint_1,right_joint_2,right_joint_3,right_joint_4,right_joint_5,right_joint_6,right_joint_7,-90.4573,-90.0759,90.0495,-89.926,-0.0582,-0.4935,0.0955,,
1780128057,583663619,right_base_state,right_joint_1,right_joint_2,right_joint_3,right_joint_4,right_joint_5,right_joint_6,right_joint_7,-90.4573,-90.0759,90.0495,-89.926,-0.0582,-0.4935,0.0955,,
1780128057,593988575,right_base_state,right_joint_1,right_joint_2,right_joint_3,right_joint_4,right_joint_5,right_joint_6,right_joint_7,-90.4573,-90.0759,90.0495,-89.926,-0.0583,-0.4935,0.0955,,
1780128057,603587398,right_base_state,right_joint_1,right_joint_2,right_joint_3,right_joint_4,right_joint_5,right_joint_6,right_joint_7,-90.4573,-90.0759,90.0495,-89.926,-0.0582,-0.4934,0.0955,,
1780128057,613720167,right_base_state,right_joint_1,right_joint_2,right_joint_3,right_joint_4,right_joint_5,right_joint_6,right_joint_7,-90.4573,-90.0759,90.0495,-89.926,-0.0583,-0.4935,0.0955,,
1780128057,623771730,right_base_state,right_joint_1,right_joint_2,right_joint_3,right_joint_4,right_joint_5,right_joint_6,right_joint_7,-90.4573,-90.0759,90.0495,-89.926,-0.0582,-0.4935,0.0955,,
1780128057,633907327,right_base_state,right_joint_1,right_joint_2,right_joint_3,right_joint_4,right_joint_5,right_joint_6,right_joint_7,-90.4573,-90.0759,90.0495,-89.926,-0.0582,-0.4934,0.0955,,
1780128057,643927975,right_base_state,right_joint_1,right_joint_2,right_joint_3,right_joint_4,right_joint_5,right_joint_6,right_joint_7,-90.4573,-90.0759,90.0495,-89.926,-0.0583,-0.4935,0.0955,,
1780128057,653540381,right_base_state,right_joint_1,right_joint_2,right_joint_3,right_joint_4,right_joint_5,right_joint_6,right_joint_7,-90.4573,-90.0759,90.0495,-89.926,-0.0583,-0.4935,0.0955,,
1780128057,663596519,right_base_state,right_joint_1,right_joint_2,right_joint_3,right_joint_4,right_joint_5,right_joint_6,right_joint_7,-90.4573,-90.0759,90.0495,-89.926,-0.0582,-0.4935,0.0955,,
1780128057,673850415,right_base_state,right_joint_1,right_joint_2,right_joint_3,right_joint_4,right_joint_5,right_joint_6,right_joint_7,-90.4573,-90.0759,90.0495,-89.926,-0.0583,-0.4935,0.0955,,
1780128057,683775015,right_base_state,right_joint_1,right_joint_2,right_joint_3,right_joint_4,right_joint_5,right_joint_6,right_joint_7,-90.4573,-90.0759,90.0495,-89.926,-0.0582,-0.4935,0.0955,,
1780128057,693851697,right_base_state,right_joint_1,right_joint_2,right_joint_3,right_joint_4,right_joint_5,right_joint_6,right_joint_7,-90.4573,-90.0759,90.0495,-89.926,-0.0582,-0.4934,0.0955,,
1780128057,703627710,right_base_state,right_joint_1,right_joint_2,right_joint_3,right_joint_4,right_joint_5,right_joint_6,right_joint_7,-90.4573,-90.0759,90.0495,-89.926,-0.0583,-0.4935,0.0955,,
1780128057,713747913,right_base_state,right_joint_1,right_joint_2,right_joint_3,right_joint_4,right_joint_5,right_joint_6,right_joint_7,-90.4573,-90.0759,90.0495,-89.926,-0.0582,-0.4934,0.0955,,
1780128057,723841233,right_base_state,right_joint_1,right_joint_2,right_joint_3,right_joint_4,right_joint_5,right_joint_6,right_joint_7,-90.4573,-90.0759,90.0495,-89.926,-0.0583,-0.4935,0.0955,,
1780128057,734196486,right_base_state,right_joint_1,right_joint_2,right_joint_3,right_joint_4,right_joint_5,right_joint_6,right_joint_7,-90.4573,-90.0759,90.0495,-89.926,-0.0583,-0.4935,0.0955,,
1780128057,743619708,right_base_state,right_joint_1,right_joint_2,right_joint_3,right_joint_4,right_joint_5,right_joint_6,right_joint_7,-90.4573,-90.0759,90.0495,-89.926,-0.0582,-0.4935,0.0955,,
1780128057,753591433,right_base_state,right_joint_1,right_joint_2,right_joint_3,right_joint_4,right_joint_5,right_joint_6,right_joint_7,-90.4573,-90.0759,90.0495,-89.926,-0.0582,-0.4935,0.0955,,
1780128057,763634589,right_base_state,right_joint_1,right_joint_2,right_joint_3,right_joint_4,right_joint_5,right_joint_6,right_joint_7,-90.4573,-90.0759,90.0495,-89.926,-0.0583,-0.4935,0.0955,,
1780128057,773767997,right_base_state,right_joint_1,right_joint_2,right_joint_3,right_joint_4,right_joint_5,right_joint_6,right_joint_7,-90.4573,-90.0759,90.0495,-89.926,-0.0582,-0.4935,0.0955,,
1780128057,783749189,right_base_state,right_joint_1,right_joint_2,right_joint_3,right_joint_4,right_joint_5,right_joint_6,right_joint_7,-90.4573,-90.0759,90.0495,-89.926,-0.0582,-0.4935,0.0955,,
1780128057,793678719,right_base_state,right_joint_1,right_joint_2,right_joint_3,right_joint_4,right_joint_5,right_joint_6,right_joint_7,-90.4573,-90.0759,90.0495,-89.926,-0.0582,-0.4935,0.0955,,
1780128057,803601676,right_base_state,right_joint_1,right_joint_2,right_joint_3,right_joint_4,right_joint_5,right_joint_6,right_joint_7,-90.4573,-90.0759,90.0495,-89.926,-0.0582,-0.4935,0.0955,,
1780128057,813629218,right_base_state,right_joint_1,right_joint_2,right_joint_3,right_joint_4,right_joint_5,right_joint_6,right_joint_7,-90.4573,-90.0759,90.0495,-89.926,-0.0582,-0.4934,0.0955,,
1780128057,823713020,right_base_state,right_joint_1,right_joint_2,right_joint_3,right_joint_4,right_joint_5,right_joint_6,right_joint_7,-90.4573,-90.0759,90.0495,-89.926,-0.0582,-0.4934,0.0955,,
1780128057,833903103,right_base_state,right_joint_1,right_joint_2,right_joint_3,right_joint_4,right_joint_5,right_joint_6,right_joint_7,-90.4573,-90.0759,90.0495,-89.926,-0.0583,-0.4935,0.0955,,
1780128057,843979744,right_base_state,right_joint_1,right_joint_2,right_joint_3,right_joint_4,right_joint_5,right_joint_6,right_joint_7,-90.4573,-90.0759,90.0495,-89.926,-0.0583,-0.4935,0.0955,,
1780128057,853593236,right_base_state,right_joint_1,right_joint_2,right_joint_3,right_joint_4,right_joint_5,right_joint_6,right_joint_7,-90.4573,-90.0759,90.0495,-89.926,-0.0583,-0.4935,0.0955,,
1780128057,863725640,right_base_state,right_joint_1,right_joint_2,right_joint_3,right_joint_4,right_joint_5,right_joint_6,right_joint_7,-90.4573,-90.0759,90.0495,-89.926,-0.0583,-0.4935,0.0955,,
1780128057,873712687,right_base_state,right_joint_1,right_joint_2,right_joint_3,right_joint_4,right_joint_5,right_joint_6,right_joint_7,-90.4573,-90.0759,90.0495,-89.926,-0.0583,-0.4935,0.0955,,
1780128057,883653311,right_base_state,right_joint_1,right_joint_2,right_joint_3,right_joint_4,right_joint_5,right_joint_6,right_joint_7,-90.4573,-90.0759,90.0495,-89.926,-0.0582,-0.4935,0.0955,,
1780128057,894097622,right_base_state,right_joint_1,right_joint_2,right_joint_3,right_joint_4,right_joint_5,right_joint_6,right_joint_7,-90.4573,-90.0759,90.0495,-89.926,-0.0582,-0.4934,0.0955,,
1780128057,903542517,right_base_state,right_joint_1,right_joint_2,right_joint_3,right_joint_4,right_joint_5,right_joint_6,right_joint_7,-90.4573,-90.0759,90.0495,-89.926,-0.0582,-0.4934,0.0955,,
1780128057,913654586,right_base_state,right_joint_1,right_joint_2,right_joint_3,right_joint_4,right_joint_5,right_joint_6,right_joint_7,-90.4573,-90.0759,90.0495,-89.926,-0.0583,-0.4935,0.0955,,
1780128057,923748190,right_base_state,right_joint_1,right_joint_2,right_joint_3,right_joint_4,right_joint_5,right_joint_6,right_joint_7,-90.4573,-90.0759,90.0495,-89.926,-0.0582,-0.4935,0.0955,,
1780128057,933826113,right_base_state,right_joint_1,right_joint_2,right_joint_3,right_joint_4,right_joint_5,right_joint_6,right_joint_7,-90.4573,-90.0759,90.0495,-89.926,-0.0583,-0.4934,0.0955,,
1780128057,943775730,right_base_state,right_joint_1,right_joint_2,right_joint_3,right_joint_4,right_joint_5,right_joint_6,right_joint_7,-90.4573,-90.0759,90.0495,-89.926,-0.0582,-0.4935,0.0955,,
1780128057,953551842,right_base_state,right_joint_1,right_joint_2,right_joint_3,right_joint_4,right_joint_5,right_joint_6,right_joint_7,-90.4573,-90.0759,90.0495,-89.926,-0.0583,-0.4935,0.0955,,
1780128057,963640717,right_base_state,right_joint_1,right_joint_2,right_joint_3,right_joint_4,right_joint_5,right_joint_6,right_joint_7,-90.4573,-90.0759,90.0495,-89.926,-0.0583,-0.4934,0.0955,,
1780128057,973998747,right_base_state,right_joint_1,right_joint_2,right_joint_3,right_joint_4,right_joint_5,right_joint_6,right_joint_7,-90.4573,-90.0759,90.0495,-89.926,-0.0582,-0.4935,0.0955,,
1780128057,983709316,right_base_state,right_joint_1,right_joint_2,right_joint_3,right_joint_4,right_joint_5,right_joint_6,right_joint_7,-90.4573,-90.0759,90.0495,-89.926,-0.0582,-0.4935,0.0955,,
1780128057,993768397,right_base_state,right_joint_1,right_joint_2,right_joint_3,right_joint_4,right_joint_5,right_joint_6,right_joint_7,-90.4573,-90.0759,90.0495,-89.926,-0.0583,-0.4935,0.0955,,
1780128058,3716181,right_base_state,right_joint_1,right_joint_2,right_joint_3,right_joint_4,right_joint_5,right_joint_6,right_joint_7,-90.4573,-90.0759,90.0495,-89.926,-0.0582,-0.4935,0.0955,,
1780128058,15263822,right_base_state,right_joint_1,right_joint_2,right_joint_3,right_joint_4,right_joint_5,right_joint_6,right_joint_7,-90.4573,-90.0759,90.0495,-89.926,-0.0582,-0.4935,0.0955,,
1780128058,23593264,right_base_state,right_joint_1,right_joint_2,right_joint_3,right_joint_4,right_joint_5,right_joint_6,right_joint_7,-90.4573,-90.0759,90.0495,-89.926,-0.0582,-0.4935,0.0955,,
1780128058,33693127,right_base_state,right_joint_1,right_joint_2,right_joint_3,right_joint_4,right_joint_5,right_joint_6,right_joint_7,-90.4573,-90.0759,90.0495,-89.926,-0.0582,-0.4934,0.0955,,
1780128058,43722595,right_base_state,right_joint_1,right_joint_2,right_joint_3,right_joint_4,right_joint_5,right_joint_6,right_joint_7,-90.4573,-90.0759,90.0495,-89.926,-0.0582,-0.4935,0.0955,,
1780128058,53583825,right_base_state,right_joint_1,right_joint_2,right_joint_3,right_joint_4,right_joint_5,right_joint_6,right_joint_7,-90.4573,-90.0759,90.0495,-89.926,-0.0583,-0.4935,0.0955,,
1780128058,63610919,right_base_state,right_joint_1,right_joint_2,right_joint_3,right_joint_4,right_joint_5,right_joint_6,right_joint_7,-90.4573,-90.0759,90.0495,-89.926,-0.0582,-0.4935,0.0955,,
1780128058,73959149,right_base_state,right_joint_1,right_joint_2,right_joint_3,right_joint_4,right_joint_5,right_joint_6,right_joint_7,-90.4573,-90.0759,90.0495,-89.926,-0.0583,-0.4935,0.0955,,
1780128058,83835985,right_base_state,right_joint_1,right_joint_2,right_joint_3,right_joint_4,right_joint_5,right_joint_6,right_joint_7,-90.4573,-90.0759,90.0495,-89.926,-0.0583,-0.4934,0.0955,,
1780128058,93884722,right_base_state,right_joint_1,right_joint_2,right_joint_3,right_joint_4,right_joint_5,right_joint_6,right_joint_7,-90.4573,-90.0759,90.0495,-89.926,-0.0583,-0.4935,0.0955,,
1780128058,103857559,right_base_state,right_joint_1,right_joint_2,right_joint_3,right_joint_4,right_joint_5,right_joint_6,right_joint_7,-90.4573,-90.0759,90.0495,-89.926,-0.0582,-0.4934,0.0955,,
1780128058,113809461,right_base_state,right_joint_1,right_joint_2,right_joint_3,right_joint_4,right_joint_5,right_joint_6,right_joint_7,-90.4573,-90.0759,90.0495,-89.926,-0.0582,-0.4934,0.0955,,
1780128058,123739086,right_base_state,right_joint_1,right_joint_2,right_joint_3,right_joint_4,right_joint_5,right_joint_6,right_joint_7,-90.4573,-90.0759,90.0495,-89.926,-0.0583,-0.4935,0.0955,,
1780128058,134021929,right_base_state,right_joint_1,right_joint_2,right_joint_3,right_joint_4,right_joint_5,right_joint_6,right_joint_7,-90.4573,-90.0759,90.0495,-89.926,-0.0583,-0.4935,0.0955,,
1780128058,143881083,right_base_state,right_joint_1,right_joint_2,right_joint_3,right_joint_4,right_joint_5,right_joint_6,right_joint_7,-90.4573,-90.0759,90.0495,-89.926,-0.0583,-0.4935,0.0955,,
1780128058,154124255,right_base_state,right_joint_1,right_joint_2,right_joint_3,right_joint_4,right_joint_5,right_joint_6,right_joint_7,-90.4573,-90.0759,90.0495,-89.926,-0.0582,-0.4934,0.0955,,
1780128058,163648060,right_base_state,right_joint_1,right_joint_2,right_joint_3,right_joint_4,right_joint_5,right_joint_6,right_joint_7,-90.4573,-90.0759,90.0495,-89.926,-0.0582,-0.4935,0.0955,,
1780128058,173637663,right_base_state,right_joint_1,right_joint_2,right_joint_3,right_joint_4,right_joint_5,right_joint_6,right_joint_7,-90.4573,-90.0759,90.0495,-89.926,-0.0582,-0.4934,0.0955,,
1780128058,183731102,right_base_state,right_joint_1,right_joint_2,right_joint_3,right_joint_4,right_joint_5,right_joint_6,right_joint_7,-90.4573,-90.0759,90.0495,-89.926,-0.0582,-0.4935,0.0955,,
1780128058,193648614,right_base_state,right_joint_1,right_joint_2,right_joint_3,right_joint_4,right_joint_5,right_joint_6,right_joint_7,-90.4573,-90.0759,90.0495,-89.926,-0.0583,-0.4935,0.0955,,
1780128058,203598696,right_base_state,right_joint_1,right_joint_2,right_joint_3,right_joint_4,right_joint_5,right_joint_6,right_joint_7,-90.4573,-90.0759,90.0495,-89.926,-0.0582,-0.4935,0.0955,,
1780128058,213649980,right_base_state,right_joint_1,right_joint_2,right_joint_3,right_joint_4,right_joint_5,right_joint_6,right_joint_7,-90.4573,-90.0759,90.0495,-89.926,-0.0583,-0.4935,0.0955,,
1780128058,223857405,right_base_state,right_joint_1,right_joint_2,right_joint_3,right_joint_4,right_joint_5,right_joint_6,right_joint_7,-90.4573,-90.0759,90.0495,-89.926,-0.0582,-0.4935,0.0955,,
1780128058,233703247,right_base_state,right_joint_1,right_joint_2,right_joint_3,right_joint_4,right_joint_5,right_joint_6,right_joint_7,-90.4573,-90.0759,90.0495,-89.926,-0.0582,-0.4935,0.0955,,
1780128058,243761781,right_base_state,right_joint_1,right_joint_2,right_joint_3,right_joint_4,right_joint_5,right_joint_6,right_joint_7,-90.4573,-90.0759,90.0495,-89.926,-0.0583,-0.4935,0.0955,,
1780128058,253606808,right_base_state,right_joint_1,right_joint_2,right_joint_3,right_joint_4,right_joint_5,right_joint_6,right_joint_7,-90.4573,-90.0759,90.0495,-89.926,-0.0583,-0.4934,0.0955,,
1780128058,263660166,right_base_state,right_joint_1,right_joint_2,right_joint_3,right_joint_4,right_joint_5,right_joint_6,right_joint_7,-90.4573,-90.0759,90.0495,-89.926,-0.0583,-0.4935,0.0955,,
1780128058,273781932,right_base_state,right_joint_1,right_joint_2,right_joint_3,right_joint_4,right_joint_5,right_joint_6,right_joint_7,-90.4573,-90.0759,90.0495,-89.926,-0.0583,-0.4934,0.0955,,
1780128058,283845556,right_base_state,right_joint_1,right_joint_2,right_joint_3,right_joint_4,right_joint_5,right_joint_6,right_joint_7,-90.4573,-90.0759,90.0495,-89.926,-0.0583,-0.4935,0.0955,,
1780128058,293832339,right_base_state,right_joint_1,right_joint_2,right_joint_3,right_joint_4,right_joint_5,right_joint_6,right_joint_7,-90.4573,-90.0759,90.0495,-89.926,-0.0582,-0.4935,0.0955,,
1780128058,303578639,right_base_state,right_joint_1,right_joint_2,right_joint_3,right_joint_4,right_joint_5,right_joint_6,right_joint_7,-90.4573,-90.0759,90.0495,-89.926,-0.0582,-0.4935,0.0955,,
1780128058,313634217,right_base_state,right_joint_1,right_joint_2,right_joint_3,right_joint_4,right_joint_5,right_joint_6,right_joint_7,-90.4573,-90.0759,90.0495,-89.926,-0.0582,-0.4935,0.0955,,
1780128058,324173892,right_base_state,right_joint_1,right_joint_2,right_joint_3,right_joint_4,right_joint_5,right_joint_6,right_joint_7,-90.4573,-90.0759,90.0495,-89.926,-0.0582,-0.4935,0.0955,,
1780128058,334903965,right_base_state,right_joint_1,right_joint_2,right_joint_3,right_joint_4,right_joint_5,right_joint_6,right_joint_7,-90.4573,-90.0759,90.0495,-89.926,-0.0582,-0.4935,0.0955,,
1780128058,343818449,right_base_state,right_joint_1,right_joint_2,right_joint_3,right_joint_4,right_joint_5,right_joint_6,right_joint_7,-90.4573,-90.0759,90.0495,-89.926,-0.0583,-0.4935,0.0955,,
1780128058,353880043,right_base_state,right_joint_1,right_joint_2,right_joint_3,right_joint_4,right_joint_5,right_joint_6,right_joint_7,-90.4573,-90.0759,90.0495,-89.926,-0.0583,-0.4934,0.0955,,
1780128058,363678576,right_base_state,right_joint_1,right_joint_2,right_joint_3,right_joint_4,right_joint_5,right_joint_6,right_joint_7,-90.4573,-90.0759,90.0495,-89.926,-0.0583,-0.4934,0.0955,,
1780128058,373742631,right_base_state,right_joint_1,right_joint_2,right_joint_3,right_joint_4,right_joint_5,right_joint_6,right_joint_7,-90.4573,-90.0759,90.0495,-89.926,-0.0583,-0.4935,0.0955,,
1780128058,383681816,right_base_state,right_joint_1,right_joint_2,right_joint_3,right_joint_4,right_joint_5,right_joint_6,right_joint_7,-90.4573,-90.0759,90.0495,-89.926,-0.0582,-0.4935,0.0955,,
1780128058,393785821,right_base_state,right_joint_1,right_joint_2,right_joint_3,right_joint_4,right_joint_5,right_joint_6,right_joint_7,-90.4573,-90.0759,90.0495,-89.926,-0.0583,-0.4935,0.0955,,
1780128058,403559585,right_base_state,right_joint_1,right_joint_2,right_joint_3,right_joint_4,right_joint_5,right_joint_6,right_joint_7,-90.4573,-90.0759,90.0495,-89.926,-0.0582,-0.4934,0.0955,,
1780128058,413590029,right_base_state,right_joint_1,right_joint_2,right_joint_3,right_joint_4,right_joint_5,right_joint_6,right_joint_7,-90.4573,-90.0759,90.0495,-89.926,-0.0583,-0.4934,0.0955,,
1780128058,423808936,right_base_state,right_joint_1,right_joint_2,right_joint_3,right_joint_4,right_joint_5,right_joint_6,right_joint_7,-90.4573,-90.0759,90.0495,-89.926,-0.0582,-0.4935,0.0955,,
1780128058,435987789,right_base_state,right_joint_1,right_joint_2,right_joint_3,right_joint_4,right_joint_5,right_joint_6,right_joint_7,-90.4573,-90.0759,90.0495,-89.926,-0.0583,-0.4935,0.0955,,
1780128058,443698521,right_base_state,right_joint_1,right_joint_2,right_joint_3,right_joint_4,right_joint_5,right_joint_6,right_joint_7,-90.4573,-90.0759,90.0495,-89.926,-0.0582,-0.4935,0.0955,,
1780128058,453595169,right_base_state,right_joint_1,right_joint_2,right_joint_3,right_joint_4,right_joint_5,right_joint_6,right_joint_7,-90.4573,-90.0759,90.0495,-89.926,-0.0582,-0.4934,0.0955,,
1780128058,463592939,right_base_state,right_joint_1,right_joint_2,right_joint_3,right_joint_4,right_joint_5,right_joint_6,right_joint_7,-90.4573,-90.0759,90.0495,-89.926,-0.0583,-0.4934,0.0955,,
1780128058,473821320,right_base_state,right_joint_1,right_joint_2,right_joint_3,right_joint_4,right_joint_5,right_joint_6,right_joint_7,-90.4573,-90.0759,90.0495,-89.926,-0.0582,-0.4935,0.0955,,
1780128058,483770453,right_base_state,right_joint_1,right_joint_2,right_joint_3,right_joint_4,right_joint_5,right_joint_6,right_joint_7,-90.4573,-90.0759,90.0495,-89.926,-0.0583,-0.4935,0.0955,,
1780128058,493952701,right_base_state,right_joint_1,right_joint_2,right_joint_3,right_joint_4,right_joint_5,right_joint_6,right_joint_7,-90.4573,-90.0759,90.0495,-89.926,-0.0582,-0.4935,0.0955,,
1780128058,503721867,right_base_state,right_joint_1,right_joint_2,right_joint_3,right_joint_4,right_joint_5,right_joint_6,right_joint_7,-90.4573,-90.0759,90.0495,-89.926,-0.0582,-0.4934,0.0955,,
1780128058,513867462,right_base_state,right_joint_1,right_joint_2,right_joint_3,right_joint_4,right_joint_5,right_joint_6,right_joint_7,-90.4573,-90.0759,90.0495,-89.926,-0.0583,-0.4934,0.0955,,
1780128058,523681891,right_base_state,right_joint_1,right_joint_2,right_joint_3,right_joint_4,right_joint_5,right_joint_6,right_joint_7,-90.4573,-90.0759,90.0495,-89.926,-0.0583,-0.4935,0.0955,,
1780128058,533735739,right_base_state,right_joint_1,right_joint_2,right_joint_3,right_joint_4,right_joint_5,right_joint_6,right_joint_7,-90.4573,-90.0759,90.0495,-89.926,-0.0582,-0.4935,0.0955,,
1780128058,543780906,right_base_state,right_joint_1,right_joint_2,right_joint_3,right_joint_4,right_joint_5,right_joint_6,right_joint_7,-90.4573,-90.0759,90.0495,-89.926,-0.0582,-0.4934,0.0955,,
1780128058,553935719,right_base_state,right_joint_1,right_joint_2,right_joint_3,right_joint_4,right_joint_5,right_joint_6,right_joint_7,-90.4573,-90.0759,90.0495,-89.926,-0.0582,-0.4935,0.0955,,
1780128058,564457952,right_base_state,right_joint_1,right_joint_2,right_joint_3,right_joint_4,right_joint_5,right_joint_6,right_joint_7,-90.4573,-90.0759,90.0495,-89.926,-0.0582,-0.4935,0.0955,,
1780128058,573880455,right_base_state,right_joint_1,right_joint_2,right_joint_3,right_joint_4,right_joint_5,right_joint_6,right_joint_7,-90.4573,-90.0759,90.0495,-89.926,-0.0582,-0.4935,0.0955,,
1780128058,583747882,right_base_state,right_joint_1,right_joint_2,right_joint_3,right_joint_4,right_joint_5,right_joint_6,right_joint_7,-90.4573,-90.0759,90.0495,-89.926,-0.0583,-0.4935,0.0955,,
1780128058,594124667,right_base_state,right_joint_1,right_joint_2,right_joint_3,right_joint_4,right_joint_5,right_joint_6,right_joint_7,-90.4573,-90.0759,90.0495,-89.926,-0.0583,-0.4935,0.0955,,
1780128058,603553051,right_base_state,right_joint_1,right_joint_2,right_joint_3,right_joint_4,right_joint_5,right_joint_6,right_joint_7,-90.4573,-90.0759,90.0495,-89.926,-0.0582,-0.4934,0.0955,,
1780128058,613722676,right_base_state,right_joint_1,right_joint_2,right_joint_3,right_joint_4,right_joint_5,right_joint_6,right_joint_7,-90.4573,-90.0759,90.0495,-89.926,-0.0582,-0.4935,0.0955,,
1780128058,623807292,right_base_state,right_joint_1,right_joint_2,right_joint_3,right_joint_4,right_joint_5,right_joint_6,right_joint_7,-90.4573,-90.0759,90.0495,-89.926,-0.0583,-0.4934,0.0955,,
1780128058,634959925,right_base_state,right_joint_1,right_joint_2,right_joint_3,right_joint_4,right_joint_5,right_joint_6,right_joint_7,-90.4573,-90.0759,90.0495,-89.926,-0.0582,-0.4935,0.0955,,
1780128058,644643125,right_base_state,right_joint_1,right_joint_2,right_joint_3,right_joint_4,right_joint_5,right_joint_6,right_joint_7,-90.4573,-90.0759,90.0495,-89.926,-0.0582,-0.4935,0.0955,,
1780128058,653959124,right_base_state,right_joint_1,right_joint_2,right_joint_3,right_joint_4,right_joint_5,right_joint_6,right_joint_7,-90.4573,-90.0759,90.0495,-89.926,-0.0582,-0.4935,0.0955,,
1780128058,663848220,right_base_state,right_joint_1,right_joint_2,right_joint_3,right_joint_4,right_joint_5,right_joint_6,right_joint_7,-90.4573,-90.0759,90.0495,-89.926,-0.0583,-0.4934,0.0955,,
1780128058,674277449,right_base_state,right_joint_1,right_joint_2,right_joint_3,right_joint_4,right_joint_5,right_joint_6,right_joint_7,-90.4573,-90.0759,90.0495,-89.926,-0.0583,-0.4935,0.0955,,
1780128058,683819400,right_base_state,right_joint_1,right_joint_2,right_joint_3,right_joint_4,right_joint_5,right_joint_6,right_joint_7,-90.4573,-90.0759,90.0495,-89.926,-0.0583,-0.4935,0.0955,,
1780128058,693862124,right_base_state,right_joint_1,right_joint_2,right_joint_3,right_joint_4,right_joint_5,right_joint_6,right_joint_7,-90.4573,-90.0759,90.0495,-89.926,-0.0582,-0.4935,0.0955,,
1780128058,703719756,right_base_state,right_joint_1,right_joint_2,right_joint_3,right_joint_4,right_joint_5,right_joint_6,right_joint_7,-90.4573,-90.0759,90.0495,-89.926,-0.0582,-0.4935,0.0955,,
1780128058,713963581,right_base_state,right_joint_1,right_joint_2,right_joint_3,right_joint_4,right_joint_5,right_joint_6,right_joint_7,-90.4573,-90.0759,90.0495,-89.926,-0.0583,-0.4935,0.0955,,
1780128058,727037212,right_base_state,right_joint_1,right_joint_2,right_joint_3,right_joint_4,right_joint_5,right_joint_6,right_joint_7,-90.4573,-90.0759,90.0495,-89.926,-0.0582,-0.4935,0.0955,,
1780128058,733759762,right_base_state,right_joint_1,right_joint_2,right_joint_3,right_joint_4,right_joint_5,right_joint_6,right_joint_7,-90.4573,-90.0759,90.0495,-89.926,-0.0583,-0.4935,0.0955,,
1780128058,743713726,right_base_state,right_joint_1,right_joint_2,right_joint_3,right_joint_4,right_joint_5,right_joint_6,right_joint_7,-90.4573,-90.0759,90.0495,-89.926,-0.0582,-0.4934,0.0955,,
1780128058,753841207,right_base_state,right_joint_1,right_joint_2,right_joint_3,right_joint_4,right_joint_5,right_joint_6,right_joint_7,-90.4573,-90.0759,90.0495,-89.926,-0.0583,-0.4934,0.0955,,
1780128058,763770846,right_base_state,right_joint_1,right_joint_2,right_joint_3,right_joint_4,right_joint_5,right_joint_6,right_joint_7,-90.4573,-90.0759,90.0495,-89.926,-0.0582,-0.4935,0.0955,,
1780128058,775342021,right_base_state,right_joint_1,right_joint_2,right_joint_3,right_joint_4,right_joint_5,right_joint_6,right_joint_7,-90.4573,-90.0759,90.0495,-89.926,-0.0582,-0.4935,0.0955,,
1780128058,783765860,right_base_state,right_joint_1,right_joint_2,right_joint_3,right_joint_4,right_joint_5,right_joint_6,right_joint_7,-90.4573,-90.0759,90.0495,-89.926,-0.0583,-0.4935,0.0955,,
1780128058,793850974,right_base_state,right_joint_1,right_joint_2,right_joint_3,right_joint_4,right_joint_5,right_joint_6,right_joint_7,-90.4573,-90.0759,90.0495,-89.926,-0.0582,-0.4935,0.0955,,
1780128058,804019291,right_base_state,right_joint_1,right_joint_2,right_joint_3,right_joint_4,right_joint_5,right_joint_6,right_joint_7,-90.4573,-90.0759,90.0495,-89.926,-0.0582,-0.4934,0.0955,,
1780128058,813617460,right_base_state,right_joint_1,right_joint_2,right_joint_3,right_joint_4,right_joint_5,right_joint_6,right_joint_7,-90.4573,-90.0759,90.0495,-89.926,-0.0583,-0.4935,0.0955,,
1780128058,823662431,right_base_state,right_joint_1,right_joint_2,right_joint_3,right_joint_4,right_joint_5,right_joint_6,right_joint_7,-90.4573,-90.0759,90.0495,-89.926,-0.0583,-0.4935,0.0955,,
1780128058,833794670,right_base_state,right_joint_1,right_joint_2,right_joint_3,right_joint_4,right_joint_5,right_joint_6,right_joint_7,-90.4573,-90.0759,90.0495,-89.926,-0.0582,-0.4935,0.0955,,
1780128058,843829293,right_base_state,right_joint_1,right_joint_2,right_joint_3,right_joint_4,right_joint_5,right_joint_6,right_joint_7,-90.4573,-90.0759,90.0495,-89.926,-0.0583,-0.4934,0.0955,,
1780128058,853744972,right_base_state,right_joint_1,right_joint_2,right_joint_3,right_joint_4,right_joint_5,right_joint_6,right_joint_7,-90.4573,-90.0759,90.0495,-89.926,-0.0583,-0.4935,0.0955,,
1780128058,863573016,right_base_state,right_joint_1,right_joint_2,right_joint_3,right_joint_4,right_joint_5,right_joint_6,right_joint_7,-90.4573,-90.0759,90.0495,-89.926,-0.0582,-0.4934,0.0955,,
1780128058,873669653,right_base_state,right_joint_1,right_joint_2,right_joint_3,right_joint_4,right_joint_5,right_joint_6,right_joint_7,-90.4573,-90.0759,90.0495,-89.926,-0.0583,-0.4935,0.0955,,
1780128058,883652986,right_base_state,right_joint_1,right_joint_2,right_joint_3,right_joint_4,right_joint_5,right_joint_6,right_joint_7,-90.4573,-90.0759,90.0495,-89.926,-0.0583,-0.4935,0.0955,,
1780128058,893778895,right_base_state,right_joint_1,right_joint_2,right_joint_3,right_joint_4,right_joint_5,right_joint_6,right_joint_7,-90.4573,-90.0759,90.0495,-89.926,-0.0583,-0.4934,0.0955,,
1780128058,903786193,right_base_state,right_joint_1,right_joint_2,right_joint_3,right_joint_4,right_joint_5,right_joint_6,right_joint_7,-90.4573,-90.0759,90.0495,-89.926,-0.0582,-0.4934,0.0955,,
1780128058,913615823,right_base_state,right_joint_1,right_joint_2,right_joint_3,right_joint_4,right_joint_5,right_joint_6,right_joint_7,-90.4573,-90.0759,90.0495,-89.926,-0.0582,-0.4935,0.0955,,
1780128058,923737926,right_base_state,right_joint_1,right_joint_2,right_joint_3,right_joint_4,right_joint_5,right_joint_6,right_joint_7,-90.4573,-90.0759,90.0495,-89.926,-0.0583,-0.4935,0.0955,,
1780128058,933688847,right_base_state,right_joint_1,right_joint_2,right_joint_3,right_joint_4,right_joint_5,right_joint_6,right_joint_7,-90.4573,-90.0759,90.0495,-89.926,-0.0582,-0.4935,0.0955,,
1780128058,943959087,right_base_state,right_joint_1,right_joint_2,right_joint_3,right_joint_4,right_joint_5,right_joint_6,right_joint_7,-90.4573,-90.0759,90.0495,-89.926,-0.0583,-0.4935,0.0955,,
1780128058,954016667,right_base_state,right_joint_1,right_joint_2,right_joint_3,right_joint_4,right_joint_5,right_joint_6,right_joint_7,-90.4573,-90.0759,90.0495,-89.926,-0.0582,-0.4935,0.0955,,
1780128058,963731592,right_base_state,right_joint_1,right_joint_2,right_joint_3,right_joint_4,right_joint_5,right_joint_6,right_joint_7,-90.4573,-90.0759,90.0495,-89.926,-0.0582,-0.4935,0.0955,,
1780128058,973678325,right_base_state,right_joint_1,right_joint_2,right_joint_3,right_joint_4,right_joint_5,right_joint_6,right_joint_7,-90.4573,-90.0759,90.0495,-89.926,-0.0583,-0.4934,0.0955,,
1780128058,983827408,right_base_state,right_joint_1,right_joint_2,right_joint_3,right_joint_4,right_joint_5,right_joint_6,right_joint_7,-90.4573,-90.0759,90.0495,-89.926,-0.0583,-0.4935,0.0955,,
1780128058,993701531,right_base_state,right_joint_1,right_joint_2,right_joint_3,right_joint_4,right_joint_5,right_joint_6,right_joint_7,-90.4573,-90.0759,90.0495,-89.926,-0.0582,-0.4935,0.0955,,
1780128059,3576337,right_base_state,right_joint_1,right_joint_2,right_joint_3,right_joint_4,right_joint_5,right_joint_6,right_joint_7,-90.4573,-90.0759,90.0495,-89.926,-0.0582,-0.4935,0.0955,,
1780128059,14321147,right_base_state,right_joint_1,right_joint_2,right_joint_3,right_joint_4,right_joint_5,right_joint_6,right_joint_7,-90.4573,-90.0759,90.0495,-89.926,-0.0582,-0.4935,0.0955,,
1780128059,23670221,right_base_state,right_joint_1,right_joint_2,right_joint_3,right_joint_4,right_joint_5,right_joint_6,right_joint_7,-90.4573,-90.0759,90.0495,-89.926,-0.0582,-0.4935,0.0955,,
1780128059,34334119,right_base_state,right_joint_1,right_joint_2,right_joint_3,right_joint_4,right_joint_5,right_joint_6,right_joint_7,-90.4573,-90.0759,90.0495,-89.926,-0.0583,-0.4935,0.0955,,
1780128059,44127400,right_base_state,right_joint_1,right_joint_2,right_joint_3,right_joint_4,right_joint_5,right_joint_6,right_joint_7,-90.4573,-90.0759,90.0495,-89.926,-0.0582,-0.4934,0.0955,,
1780128059,53597103,right_base_state,right_joint_1,right_joint_2,right_joint_3,right_joint_4,right_joint_5,right_joint_6,right_joint_7,-90.4573,-90.0759,90.0495,-89.926,-0.0582,-0.4935,0.0955,,
1780128059,63646946,right_base_state,right_joint_1,right_joint_2,right_joint_3,right_joint_4,right_joint_5,right_joint_6,right_joint_7,-90.4573,-90.0759,90.0495,-89.926,-0.0582,-0.4934,0.0955,,
1780128059,73655699,right_base_state,right_joint_1,right_joint_2,right_joint_3,right_joint_4,right_joint_5,right_joint_6,right_joint_7,-90.4573,-90.0759,90.0495,-89.926,-0.0583,-0.4935,0.0955,,
1780128059,83898850,right_base_state,right_joint_1,right_joint_2,right_joint_3,right_joint_4,right_joint_5,right_joint_6,right_joint_7,-90.4573,-90.0759,90.0495,-89.926,-0.0582,-0.4935,0.0955,,
1780128059,93752292,right_base_state,right_joint_1,right_joint_2,right_joint_3,right_joint_4,right_joint_5,right_joint_6,right_joint_7,-90.4573,-90.0759,90.0495,-89.926,-0.0583,-0.4935,0.0955,,
1780128059,103638815,right_base_state,right_joint_1,right_joint_2,right_joint_3,right_joint_4,right_joint_5,right_joint_6,right_joint_7,-90.4573,-90.0759,90.0495,-89.926,-0.0583,-0.4934,0.0955,,
1780128059,113739728,right_base_state,right_joint_1,right_joint_2,right_joint_3,right_joint_4,right_joint_5,right_joint_6,right_joint_7,-90.4573,-90.0759,90.0495,-89.926,-0.0582,-0.4935,0.0955,,
1780128059,123722269,right_base_state,right_joint_1,right_joint_2,right_joint_3,right_joint_4,right_joint_5,right_joint_6,right_joint_7,-90.4573,-90.0759,90.0495,-89.926,-0.0583,-0.4935,0.0955,,
1780128059,134389642,right_base_state,right_joint_1,right_joint_2,right_joint_3,right_joint_4,right_joint_5,right_joint_6,right_joint_7,-90.4573,-90.0759,90.0495,-89.926,-0.0582,-0.4935,0.0955,,
1780128059,143977074,right_base_state,right_joint_1,right_joint_2,right_joint_3,right_joint_4,right_joint_5,right_joint_6,right_joint_7,-90.4573,-90.0759,90.0495,-89.926,-0.0583,-0.4935,0.0955,,
1780128059,153550614,right_base_state,right_joint_1,right_joint_2,right_joint_3,right_joint_4,right_joint_5,right_joint_6,right_joint_7,-90.4573,-90.0759,90.0495,-89.926,-0.0583,-0.4935,0.0955,,
1780128059,163708327,right_base_state,right_joint_1,right_joint_2,right_joint_3,right_joint_4,right_joint_5,right_joint_6,right_joint_7,-90.4573,-90.0759,90.0495,-89.926,-0.0582,-0.4935,0.0955,,
1780128059,173626233,right_base_state,right_joint_1,right_joint_2,right_joint_3,right_joint_4,right_joint_5,right_joint_6,right_joint_7,-90.4573,-90.0759,90.0495,-89.926,-0.0582,-0.4935,0.0955,,
1780128059,183801214,right_base_state,right_joint_1,right_joint_2,right_joint_3,right_joint_4,right_joint_5,right_joint_6,right_joint_7,-90.4573,-90.0759,90.0495,-89.926,-0.0583,-0.4935,0.0955,,
1780128059,193734199,right_base_state,right_joint_1,right_joint_2,right_joint_3,right_joint_4,right_joint_5,right_joint_6,right_joint_7,-90.4573,-90.0759,90.0495,-89.926,-0.0583,-0.4934,0.0955,,
1780128059,203555003,right_base_state,right_joint_1,right_joint_2,right_joint_3,right_joint_4,right_joint_5,right_joint_6,right_joint_7,-90.4573,-90.0759,90.0495,-89.926,-0.0582,-0.4935,0.0955,,
1780128059,213670315,right_base_state,right_joint_1,right_joint_2,right_joint_3,right_joint_4,right_joint_5,right_joint_6,right_joint_7,-90.4573,-90.0759,90.0495,-89.926,-0.0583,-0.4934,0.0955,,
1780128059,223668380,right_base_state,right_joint_1,right_joint_2,right_joint_3,right_joint_4,right_joint_5,right_joint_6,right_joint_7,-90.4573,-90.0759,90.0495,-89.926,-0.0582,-0.4935,0.0955,,
1780128059,233963223,right_base_state,right_joint_1,right_joint_2,right_joint_3,right_joint_4,right_joint_5,right_joint_6,right_joint_7,-90.4573,-90.0759,90.0495,-89.926,-0.0582,-0.4934,0.0955,,
1780128059,243728077,right_base_state,right_joint_1,right_joint_2,right_joint_3,right_joint_4,right_joint_5,right_joint_6,right_joint_7,-90.4573,-90.0759,90.0495,-89.926,-0.0582,-0.4935,0.0955,,
1780128059,253698997,right_base_state,right_joint_1,right_joint_2,right_joint_3,right_joint_4,right_joint_5,right_joint_6,right_joint_7,-90.4573,-90.0759,90.0495,-89.926,-0.0582,-0.4935,0.0955,,
1780128059,263640916,right_base_state,right_joint_1,right_joint_2,right_joint_3,right_joint_4,right_joint_5,right_joint_6,right_joint_7,-90.4573,-90.0759,90.0495,-89.926,-0.0582,-0.4935,0.0955,,
1780128059,274049330,right_base_state,right_joint_1,right_joint_2,right_joint_3,right_joint_4,right_joint_5,right_joint_6,right_joint_7,-90.4573,-90.0759,90.0495,-89.926,-0.0583,-0.4935,0.0955,,
1780128059,283759353,right_base_state,right_joint_1,right_joint_2,right_joint_3,right_joint_4,right_joint_5,right_joint_6,right_joint_7,-90.4573,-90.0759,90.0495,-89.926,-0.0582,-0.4934,0.0955,,
1780128059,293658942,right_base_state,right_joint_1,right_joint_2,right_joint_3,right_joint_4,right_joint_5,right_joint_6,right_joint_7,-90.4573,-90.0759,90.0495,-89.926,-0.0583,-0.4935,0.0955,,
1780128059,304912078,right_base_state,right_joint_1,right_joint_2,right_joint_3,right_joint_4,right_joint_5,right_joint_6,right_joint_7,-90.4573,-90.0759,90.0495,-89.926,-0.0582,-0.4935,0.0955,,
1780128059,313782178,right_base_state,right_joint_1,right_joint_2,right_joint_3,right_joint_4,right_joint_5,right_joint_6,right_joint_7,-90.4573,-90.0759,90.0495,-89.926,-0.0583,-0.4934,0.0955,,
1780128059,324475033,right_base_state,right_joint_1,right_joint_2,right_joint_3,right_joint_4,right_joint_5,right_joint_6,right_joint_7,-90.4573,-90.0759,90.0495,-89.926,-0.0583,-0.4934,0.0955,,
1780128059,333854800,right_base_state,right_joint_1,right_joint_2,right_joint_3,right_joint_4,right_joint_5,right_joint_6,right_joint_7,-90.4573,-90.0759,90.0495,-89.926,-0.0582,-0.4935,0.0955,,
1780128059,344318869,right_base_state,right_joint_1,right_joint_2,right_joint_3,right_joint_4,right_joint_5,right_joint_6,right_joint_7,-90.4573,-90.0759,90.0495,-89.926,-0.0582,-0.4935,0.0955,,
1780128059,353650255,right_base_state,right_joint_1,right_joint_2,right_joint_3,right_joint_4,right_joint_5,right_joint_6,right_joint_7,-90.4573,-90.0759,90.0495,-89.926,-0.0583,-0.4935,0.0955,,
1780128059,363590182,right_base_state,right_joint_1,right_joint_2,right_joint_3,right_joint_4,right_joint_5,right_joint_6,right_joint_7,-90.4573,-90.0759,90.0495,-89.926,-0.0583,-0.4935,0.0955,,
1780128059,373839713,right_base_state,right_joint_1,right_joint_2,right_joint_3,right_joint_4,right_joint_5,right_joint_6,right_joint_7,-90.4573,-90.0759,90.0495,-89.926,-0.0582,-0.4935,0.0955,,
1780128059,383735030,right_base_state,right_joint_1,right_joint_2,right_joint_3,right_joint_4,right_joint_5,right_joint_6,right_joint_7,-90.4573,-90.0759,90.0495,-89.926,-0.0583,-0.4935,0.0955,,
1780128059,393737893,right_base_state,right_joint_1,right_joint_2,right_joint_3,right_joint_4,right_joint_5,right_joint_6,right_joint_7,-90.4573,-90.0759,90.0495,-89.926,-0.0583,-0.4934,0.0955,,
1780128059,404097409,right_base_state,right_joint_1,right_joint_2,right_joint_3,right_joint_4,right_joint_5,right_joint_6,right_joint_7,-90.4573,-90.0759,90.0495,-89.926,-0.0583,-0.4935,0.0955,,
1780128059,413643531,right_base_state,right_joint_1,right_joint_2,right_joint_3,right_joint_4,right_joint_5,right_joint_6,right_joint_7,-90.4573,-90.0759,90.0495,-89.926,-0.0583,-0.4935,0.0955,,
1780128059,423833050,right_base_state,right_joint_1,right_joint_2,right_joint_3,right_joint_4,right_joint_5,right_joint_6,right_joint_7,-90.4573,-90.0759,90.0495,-89.926,-0.0582,-0.4934,0.0955,,
1780128059,433752848,right_base_state,right_joint_1,right_joint_2,right_joint_3,right_joint_4,right_joint_5,right_joint_6,right_joint_7,-90.4573,-90.0759,90.0495,-89.926,-0.0583,-0.4935,0.0955,,
1780128059,444624903,right_base_state,right_joint_1,right_joint_2,right_joint_3,right_joint_4,right_joint_5,right_joint_6,right_joint_7,-90.4573,-90.0759,90.0495,-89.926,-0.0582,-0.4935,0.0955,,
1780128059,453584278,right_base_state,right_joint_1,right_joint_2,right_joint_3,right_joint_4,right_joint_5,right_joint_6,right_joint_7,-90.4573,-90.0759,90.0495,-89.926,-0.0582,-0.4935,0.0955,,
1780128059,463663752,right_base_state,right_joint_1,right_joint_2,right_joint_3,right_joint_4,right_joint_5,right_joint_6,right_joint_7,-90.4573,-90.0759,90.0495,-89.926,-0.0583,-0.4935,0.0955,,
1780128059,473641054,right_base_state,right_joint_1,right_joint_2,right_joint_3,right_joint_4,right_joint_5,right_joint_6,right_joint_7,-90.4573,-90.0759,90.0495,-89.926,-0.0583,-0.4935,0.0955,,
1780128059,483719364,right_base_state,right_joint_1,right_joint_2,right_joint_3,right_joint_4,right_joint_5,right_joint_6,right_joint_7,-90.4573,-90.0759,90.0495,-89.926,-0.0582,-0.4935,0.0955,,
1780128059,493734539,right_base_state,right_joint_1,right_joint_2,right_joint_3,right_joint_4,right_joint_5,right_joint_6,right_joint_7,-90.4573,-90.0759,90.0495,-89.926,-0.0582,-0.4935,0.0955,,
1780128059,503611324,right_base_state,right_joint_1,right_joint_2,right_joint_3,right_joint_4,right_joint_5,right_joint_6,right_joint_7,-90.4573,-90.0759,90.0495,-89.926,-0.0582,-0.4934,0.0955,,
1780128059,514018279,right_base_state,right_joint_1,right_joint_2,right_joint_3,right_joint_4,right_joint_5,right_joint_6,right_joint_7,-90.4573,-90.0759,90.0496,-89.926,-0.0582,-0.4935,0.0955,,
1780128059,524297981,right_base_state,right_joint_1,right_joint_2,right_joint_3,right_joint_4,right_joint_5,right_joint_6,right_joint_7,-90.4573,-90.0759,90.0495,-89.926,-0.0582,-0.4935,0.0955,,
1780128059,533837020,right_base_state,right_joint_1,right_joint_2,right_joint_3,right_joint_4,right_joint_5,right_joint_6,right_joint_7,-90.4573,-90.0759,90.0495,-89.926,-0.0583,-0.4934,0.0955,,
1780128059,543844976,right_base_state,right_joint_1,right_joint_2,right_joint_3,right_joint_4,right_joint_5,right_joint_6,right_joint_7,-90.4573,-90.0759,90.0495,-89.926,-0.0583,-0.4935,0.0955,,
1780128059,553631136,right_base_state,right_joint_1,right_joint_2,right_joint_3,right_joint_4,right_joint_5,right_joint_6,right_joint_7,-90.4573,-90.0759,90.0495,-89.926,-0.0583,-0.4934,0.0955,,
1780128059,563608483,right_base_state,right_joint_1,right_joint_2,right_joint_3,right_joint_4,right_joint_5,right_joint_6,right_joint_7,-90.4573,-90.0759,90.0495,-89.926,-0.0582,-0.4935,0.0955,,
1780128059,573772324,right_base_state,right_joint_1,right_joint_2,right_joint_3,right_joint_4,right_joint_5,right_joint_6,right_joint_7,-90.4573,-90.0759,90.0495,-89.926,-0.0582,-0.4935,0.0955,,
1780128059,583715396,right_base_state,right_joint_1,right_joint_2,right_joint_3,right_joint_4,right_joint_5,right_joint_6,right_joint_7,-90.4573,-90.0759,90.0495,-89.926,-0.0583,-0.4934,0.0955,,
1780128059,594365414,right_base_state,right_joint_1,right_joint_2,right_joint_3,right_joint_4,right_joint_5,right_joint_6,right_joint_7,-90.4573,-90.0759,90.0495,-89.926,-0.0583,-0.4935,0.0955,,
1780128059,606376514,right_base_state,right_joint_1,right_joint_2,right_joint_3,right_joint_4,right_joint_5,right_joint_6,right_joint_7,-90.4573,-90.0759,90.0495,-89.926,-0.0582,-0.4935,0.0955,,
1780128059,613816755,right_base_state,right_joint_1,right_joint_2,right_joint_3,right_joint_4,right_joint_5,right_joint_6,right_joint_7,-90.4573,-90.0759,90.0495,-89.926,-0.0583,-0.4935,0.0955,,
1780128059,623673965,right_base_state,right_joint_1,right_joint_2,right_joint_3,right_joint_4,right_joint_5,right_joint_6,right_joint_7,-90.4573,-90.0759,90.0495,-89.926,-0.0583,-0.4935,0.0955,,
1780128059,633672933,right_base_state,right_joint_1,right_joint_2,right_joint_3,right_joint_4,right_joint_5,right_joint_6,right_joint_7,-90.4573,-90.0759,90.0495,-89.926,-0.0582,-0.4934,0.0955,,
1780128059,644253870,right_base_state,right_joint_1,right_joint_2,right_joint_3,right_joint_4,right_joint_5,right_joint_6,right_joint_7,-90.4573,-90.0759,90.0495,-89.926,-0.0582,-0.4935,0.0955,,
1780128059,653601562,right_base_state,right_joint_1,right_joint_2,right_joint_3,right_joint_4,right_joint_5,right_joint_6,right_joint_7,-90.4573,-90.0759,90.0495,-89.926,-0.0583,-0.4935,0.0955,,
1780128059,663710145,right_base_state,right_joint_1,right_joint_2,right_joint_3,right_joint_4,right_joint_5,right_joint_6,right_joint_7,-90.4573,-90.0759,90.0495,-89.926,-0.0582,-0.4934,0.0955,,
1780128059,675621726,right_base_state,right_joint_1,right_joint_2,right_joint_3,right_joint_4,right_joint_5,right_joint_6,right_joint_7,-90.4573,-90.0759,90.0495,-89.926,-0.0583,-0.4935,0.0955,,
1780128059,683833288,right_base_state,right_joint_1,right_joint_2,right_joint_3,right_joint_4,right_joint_5,right_joint_6,right_joint_7,-90.4573,-90.0759,90.0495,-89.926,-0.0583,-0.4935,0.0955,,
1780128059,693912183,right_base_state,right_joint_1,right_joint_2,right_joint_3,right_joint_4,right_joint_5,right_joint_6,right_joint_7,-90.4573,-90.0759,90.0495,-89.926,-0.0583,-0.4935,0.0955,,
1780128059,703737953,right_base_state,right_joint_1,right_joint_2,right_joint_3,right_joint_4,right_joint_5,right_joint_6,right_joint_7,-90.4573,-90.0759,90.0495,-89.926,-0.0582,-0.4935,0.0955,,
1780128059,713864364,right_base_state,right_joint_1,right_joint_2,right_joint_3,right_joint_4,right_joint_5,right_joint_6,right_joint_7,-90.4573,-90.0759,90.0495,-89.926,-0.0583,-0.4935,0.0955,,
1780128059,723869912,right_base_state,right_joint_1,right_joint_2,right_joint_3,right_joint_4,right_joint_5,right_joint_6,right_joint_7,-90.4573,-90.0759,90.0495,-89.926,-0.0582,-0.4935,0.0955,,
1780128059,734079123,right_base_state,right_joint_1,right_joint_2,right_joint_3,right_joint_4,right_joint_5,right_joint_6,right_joint_7,-90.4573,-90.0759,90.0495,-89.926,-0.0583,-0.4935,0.0955,,
1780128059,743648913,right_base_state,right_joint_1,right_joint_2,right_joint_3,right_joint_4,right_joint_5,right_joint_6,right_joint_7,-90.4573,-90.0759,90.0495,-89.926,-0.0583,-0.4935,0.0955,,
1780128059,753701340,right_base_state,right_joint_1,right_joint_2,right_joint_3,right_joint_4,right_joint_5,right_joint_6,right_joint_7,-90.4573,-90.0759,90.0495,-89.926,-0.0583,-0.4935,0.0955,,
1780128059,763631494,right_base_state,right_joint_1,right_joint_2,right_joint_3,right_joint_4,right_joint_5,right_joint_6,right_joint_7,-90.4573,-90.0759,90.0495,-89.926,-0.0583,-0.4934,0.0955,,
1780128059,773732359,right_base_state,right_joint_1,right_joint_2,right_joint_3,right_joint_4,right_joint_5,right_joint_6,right_joint_7,-90.4573,-90.0759,90.0495,-89.926,-0.0583,-0.4935,0.0955,,
1780128059,783772780,right_base_state,right_joint_1,right_joint_2,right_joint_3,right_joint_4,right_joint_5,right_joint_6,right_joint_7,-90.4573,-90.0759,90.0495,-89.926,-0.0583,-0.4935,0.0955,,
1780128059,793883904,right_base_state,right_joint_1,right_joint_2,right_joint_3,right_joint_4,right_joint_5,right_joint_6,right_joint_7,-90.4573,-90.0759,90.0495,-89.926,-0.0583,-0.4934,0.0955,,
1780128059,803664095,right_base_state,right_joint_1,right_joint_2,right_joint_3,right_joint_4,right_joint_5,right_joint_6,right_joint_7,-90.4573,-90.0759,90.0495,-89.926,-0.0582,-0.4934,0.0955,,
1780128059,813741889,right_base_state,right_joint_1,right_joint_2,right_joint_3,right_joint_4,right_joint_5,right_joint_6,right_joint_7,-90.4573,-90.0759,90.0495,-89.926,-0.0582,-0.4935,0.0955,,
1780128059,823745098,right_base_state,right_joint_1,right_joint_2,right_joint_3,right_joint_4,right_joint_5,right_joint_6,right_joint_7,-90.4573,-90.0759,90.0495,-89.926,-0.0582,-0.4934,0.0955,,
1780128059,833742739,right_base_state,right_joint_1,right_joint_2,right_joint_3,right_joint_4,right_joint_5,right_joint_6,right_joint_7,-90.4573,-90.0759,90.0495,-89.926,-0.0583,-0.4935,0.0955,,
1780128059,843798860,right_base_state,right_joint_1,right_joint_2,right_joint_3,right_joint_4,right_joint_5,right_joint_6,right_joint_7,-90.4573,-90.0759,90.0495,-89.926,-0.0582,-0.4934,0.0955,,
1780128059,853572806,right_base_state,right_joint_1,right_joint_2,right_joint_3,right_joint_4,right_joint_5,right_joint_6,right_joint_7,-90.4573,-90.0759,90.0495,-89.926,-0.0582,-0.4935,0.0955,,
1780128059,863839533,right_base_state,right_joint_1,right_joint_2,right_joint_3,right_joint_4,right_joint_5,right_joint_6,right_joint_7,-90.4573,-90.0759,90.0495,-89.926,-0.0582,-0.4935,0.0955,,
1780128059,873666253,right_base_state,right_joint_1,right_joint_2,right_joint_3,right_joint_4,right_joint_5,right_joint_6,right_joint_7,-90.4573,-90.0759,90.0495,-89.926,-0.0583,-0.4935,0.0955,,
1780128059,883646373,right_base_state,right_joint_1,right_joint_2,right_joint_3,right_joint_4,right_joint_5,right_joint_6,right_joint_7,-90.4573,-90.0759,90.0495,-89.926,-0.0583,-0.4935,0.0955,,
1780128059,893787944,right_base_state,right_joint_1,right_joint_2,right_joint_3,right_joint_4,right_joint_5,right_joint_6,right_joint_7,-90.4573,-90.0759,90.0495,-89.926,-0.0582,-0.4935,0.0955,,
1780128059,903526674,right_base_state,right_joint_1,right_joint_2,right_joint_3,right_joint_4,right_joint_5,right_joint_6,right_joint_7,-90.4573,-90.0759,90.0495,-89.926,-0.0583,-0.4935,0.0955,,
1780128059,913674711,right_base_state,right_joint_1,right_joint_2,right_joint_3,right_joint_4,right_joint_5,right_joint_6,right_joint_7,-90.4573,-90.0759,90.0495,-89.926,-0.0582,-0.4935,0.0955,,
1780128059,923679880,right_base_state,right_joint_1,right_joint_2,right_joint_3,right_joint_4,right_joint_5,right_joint_6,right_joint_7,-90.4573,-90.0759,90.0495,-89.926,-0.0583,-0.4935,0.0955,,
1780128059,933682224,right_base_state,right_joint_1,right_joint_2,right_joint_3,right_joint_4,right_joint_5,right_joint_6,right_joint_7,-90.4573,-90.0759,90.0495,-89.926,-0.0582,-0.4934,0.0955,,
1780128059,943675574,right_base_state,right_joint_1,right_joint_2,right_joint_3,right_joint_4,right_joint_5,right_joint_6,right_joint_7,-90.4573,-90.0759,90.0495,-89.926,-0.0582,-0.4935,0.0955,,
1780128059,953600539,right_base_state,right_joint_1,right_joint_2,right_joint_3,right_joint_4,right_joint_5,right_joint_6,right_joint_7,-90.4573,-90.0759,90.0495,-89.926,-0.0582,-0.4934,0.0955,,
1780128059,963608139,right_base_state,right_joint_1,right_joint_2,right_joint_3,right_joint_4,right_joint_5,right_joint_6,right_joint_7,-90.4573,-90.0759,90.0495,-89.926,-0.0582,-0.4934,0.0955,,
1780128059,973720381,right_base_state,right_joint_1,right_joint_2,right_joint_3,right_joint_4,right_joint_5,right_joint_6,right_joint_7,-90.4573,-90.0759,90.0495,-89.926,-0.0583,-0.4935,0.0955,,
1780128059,983986343,right_base_state,right_joint_1,right_joint_2,right_joint_3,right_joint_4,right_joint_5,right_joint_6,right_joint_7,-90.4573,-90.0759,90.0495,-89.926,-0.0582,-0.4935,0.0955,,
1780128059,993886483,right_base_state,right_joint_1,right_joint_2,right_joint_3,right_joint_4,right_joint_5,right_joint_6,right_joint_7,-90.4573,-90.0759,90.0495,-89.926,-0.0582,-0.4935,0.0955,,
1780128060,3770694,right_base_state,right_joint_1,right_joint_2,right_joint_3,right_joint_4,right_joint_5,right_joint_6,right_joint_7,-90.4573,-90.0759,90.0495,-89.926,-0.0583,-0.4935,0.0955,,
1780128060,13636605,right_base_state,right_joint_1,right_joint_2,right_joint_3,right_joint_4,right_joint_5,right_joint_6,right_joint_7,-90.4573,-90.0759,90.0495,-89.926,-0.0582,-0.4935,0.0955,,
1780128060,23776633,right_base_state,right_joint_1,right_joint_2,right_joint_3,right_joint_4,right_joint_5,right_joint_6,right_joint_7,-90.4573,-90.0759,90.0495,-89.926,-0.0582,-0.4935,0.0955,,
1780128060,33755228,right_base_state,right_joint_1,right_joint_2,right_joint_3,right_joint_4,right_joint_5,right_joint_6,right_joint_7,-90.4573,-90.0759,90.0495,-89.926,-0.0582,-0.4935,0.0955,,
1780128060,43644620,right_base_state,right_joint_1,right_joint_2,right_joint_3,right_joint_4,right_joint_5,right_joint_6,right_joint_7,-90.4573,-90.0759,90.0495,-89.926,-0.0582,-0.4935,0.0955,,
1780128060,53745493,right_base_state,right_joint_1,right_joint_2,right_joint_3,right_joint_4,right_joint_5,right_joint_6,right_joint_7,-90.4573,-90.0759,90.0495,-89.926,-0.0583,-0.4935,0.0955,,
1780128060,63626092,right_base_state,right_joint_1,right_joint_2,right_joint_3,right_joint_4,right_joint_5,right_joint_6,right_joint_7,-90.4573,-90.0759,90.0495,-89.926,-0.0583,-0.4935,0.0955,,
1780128060,74064360,right_base_state,right_joint_1,right_joint_2,right_joint_3,right_joint_4,right_joint_5,right_joint_6,right_joint_7,-90.4573,-90.0759,90.0495,-89.926,-0.0583,-0.4935,0.0955,,
1780128060,83842691,right_base_state,right_joint_1,right_joint_2,right_joint_3,right_joint_4,right_joint_5,right_joint_6,right_joint_7,-90.4573,-90.0759,90.0495,-89.926,-0.0582,-0.4935,0.0955,,
1780128060,93787789,right_base_state,right_joint_1,right_joint_2,right_joint_3,right_joint_4,right_joint_5,right_joint_6,right_joint_7,-90.4573,-90.0759,90.0495,-89.926,-0.0583,-0.4935,0.0955,,
1780128060,103921089,right_base_state,right_joint_1,right_joint_2,right_joint_3,right_joint_4,right_joint_5,right_joint_6,right_joint_7,-90.4573,-90.0759,90.0495,-89.926,-0.0582,-0.4934,0.0955,,
1780128060,113841365,right_base_state,right_joint_1,right_joint_2,right_joint_3,right_joint_4,right_joint_5,right_joint_6,right_joint_7,-90.4573,-90.0759,90.0495,-89.926,-0.0582,-0.4935,0.0955,,
1780128060,123793719,right_base_state,right_joint_1,right_joint_2,right_joint_3,right_joint_4,right_joint_5,right_joint_6,right_joint_7,-90.4573,-90.0759,90.0495,-89.926,-0.0582,-0.4934,0.0955,,
1780128060,133803933,right_base_state,right_joint_1,right_joint_2,right_joint_3,right_joint_4,right_joint_5,right_joint_6,right_joint_7,-90.4573,-90.0759,90.0495,-89.926,-0.0583,-0.4934,0.0955,,
1780128060,143923207,right_base_state,right_joint_1,right_joint_2,right_joint_3,right_joint_4,right_joint_5,right_joint_6,right_joint_7,-90.4573,-90.0759,90.0495,-89.926,-0.0583,-0.4934,0.0955,,
1780128060,153623217,right_base_state,right_joint_1,right_joint_2,right_joint_3,right_joint_4,right_joint_5,right_joint_6,right_joint_7,-90.4573,-90.0759,90.0495,-89.926,-0.0582,-0.4935,0.0955,,
1780128060,163660975,right_base_state,right_joint_1,right_joint_2,right_joint_3,right_joint_4,right_joint_5,right_joint_6,right_joint_7,-90.4573,-90.0759,90.0495,-89.926,-0.0583,-0.4934,0.0955,,
1780128060,173820721,right_base_state,right_joint_1,right_joint_2,right_joint_3,right_joint_4,right_joint_5,right_joint_6,right_joint_7,-90.4573,-90.0759,90.0495,-89.926,-0.0582,-0.4934,0.0955,,
1780128060,183655243,right_base_state,right_joint_1,right_joint_2,right_joint_3,right_joint_4,right_joint_5,right_joint_6,right_joint_7,-90.4573,-90.0759,90.0495,-89.926,-0.0583,-0.4935,0.0955,,
1780128060,194075411,right_base_state,right_joint_1,right_joint_2,right_joint_3,right_joint_4,right_joint_5,right_joint_6,right_joint_7,-90.4573,-90.0759,90.0495,-89.926,-0.0582,-0.4935,0.0955,,
1780128060,203716672,right_base_state,right_joint_1,right_joint_2,right_joint_3,right_joint_4,right_joint_5,right_joint_6,right_joint_7,-90.4573,-90.0759,90.0495,-89.926,-0.0583,-0.4935,0.0955,,
1780128060,213645440,right_base_state,right_joint_1,right_joint_2,right_joint_3,right_joint_4,right_joint_5,right_joint_6,right_joint_7,-90.4573,-90.0759,90.0495,-89.926,-0.0582,-0.4935,0.0955,,
1780128060,223729340,right_base_state,right_joint_1,right_joint_2,right_joint_3,right_joint_4,right_joint_5,right_joint_6,right_joint_7,-90.4573,-90.0759,90.0495,-89.926,-0.0582,-0.4935,0.0955,,
1780128060,233692828,right_base_state,right_joint_1,right_joint_2,right_joint_3,right_joint_4,right_joint_5,right_joint_6,right_joint_7,-90.4573,-90.0759,90.0495,-89.926,-0.0582,-0.4935,0.0955,,
1780128060,243923559,right_base_state,right_joint_1,right_joint_2,right_joint_3,right_joint_4,right_joint_5,right_joint_6,right_joint_7,-90.4573,-90.0759,90.0495,-89.926,-0.0582,-0.4935,0.0955,,
1780128060,253633048,right_base_state,right_joint_1,right_joint_2,right_joint_3,right_joint_4,right_joint_5,right_joint_6,right_joint_7,-90.4573,-90.0759,90.0495,-89.926,-0.0582,-0.4934,0.0955,,
1780128060,263609119,right_base_state,right_joint_1,right_joint_2,right_joint_3,right_joint_4,right_joint_5,right_joint_6,right_joint_7,-90.4573,-90.0759,90.0495,-89.926,-0.0583,-0.4935,0.0955,,
1780128060,273807739,right_base_state,right_joint_1,right_joint_2,right_joint_3,right_joint_4,right_joint_5,right_joint_6,right_joint_7,-90.4573,-90.0759,90.0495,-89.926,-0.0582,-0.4935,0.0955,,
1780128060,285554486,right_base_state,right_joint_1,right_joint_2,right_joint_3,right_joint_4,right_joint_5,right_joint_6,right_joint_7,-90.4573,-90.0759,90.0495,-89.926,-0.0582,-0.4935,0.0955,,
1780128060,293749816,right_base_state,right_joint_1,right_joint_2,right_joint_3,right_joint_4,right_joint_5,right_joint_6,right_joint_7,-90.4573,-90.0759,90.0495,-89.926,-0.0583,-0.4935,0.0955,,
1780128060,304293892,right_base_state,right_joint_1,right_joint_2,right_joint_3,right_joint_4,right_joint_5,right_joint_6,right_joint_7,-90.4573,-90.0759,90.0495,-89.926,-0.0582,-0.4935,0.0955,,
1780128060,313574372,right_base_state,right_joint_1,right_joint_2,right_joint_3,right_joint_4,right_joint_5,right_joint_6,right_joint_7,-90.4573,-90.0759,90.0495,-89.926,-0.0583,-0.4935,0.0955,,
1780128060,323644621,right_base_state,right_joint_1,right_joint_2,right_joint_3,right_joint_4,right_joint_5,right_joint_6,right_joint_7,-90.4573,-90.0759,90.0495,-89.926,-0.0582,-0.4935,0.0955,,
1780128060,333716994,right_base_state,right_joint_1,right_joint_2,right_joint_3,right_joint_4,right_joint_5,right_joint_6,right_joint_7,-90.4573,-90.0759,90.0495,-89.926,-0.0583,-0.4934,0.0955,,
1780128060,343907737,right_base_state,right_joint_1,right_joint_2,right_joint_3,right_joint_4,right_joint_5,right_joint_6,right_joint_7,-90.4573,-90.0759,90.0495,-89.926,-0.0582,-0.4934,0.0955,,
1780128060,353579887,right_base_state,right_joint_1,right_joint_2,right_joint_3,right_joint_4,right_joint_5,right_joint_6,right_joint_7,-90.4573,-90.0759,90.0495,-89.926,-0.0583,-0.4935,0.0955,,
1780128060,363680833,right_base_state,right_joint_1,right_joint_2,right_joint_3,right_joint_4,right_joint_5,right_joint_6,right_joint_7,-90.4573,-90.0759,90.0495,-89.926,-0.0582,-0.4935,0.0955,,
1780128060,373557670,right_base_state,right_joint_1,right_joint_2,right_joint_3,right_joint_4,right_joint_5,right_joint_6,right_joint_7,-90.4573,-90.0759,90.0495,-89.926,-0.0582,-0.4935,0.0955,,
1780128060,383638194,right_base_state,right_joint_1,right_joint_2,right_joint_3,right_joint_4,right_joint_5,right_joint_6,right_joint_7,-90.4573,-90.0759,90.0495,-89.926,-0.0582,-0.4934,0.0955,,
1780128060,393861986,right_base_state,right_joint_1,right_joint_2,right_joint_3,right_joint_4,right_joint_5,right_joint_6,right_joint_7,-90.4573,-90.0759,90.0495,-89.926,-0.0583,-0.4935,0.0955,,
1780128060,403659071,right_base_state,right_joint_1,right_joint_2,right_joint_3,right_joint_4,right_joint_5,right_joint_6,right_joint_7,-90.4573,-90.0759,90.0495,-89.926,-0.0582,-0.4935,0.0955,,
1780128060,413715064,right_base_state,right_joint_1,right_joint_2,right_joint_3,right_joint_4,right_joint_5,right_joint_6,right_joint_7,-90.4573,-90.0759,90.0495,-89.926,-0.0582,-0.4935,0.0955,,
1780128060,423604040,right_base_state,right_joint_1,right_joint_2,right_joint_3,right_joint_4,right_joint_5,right_joint_6,right_joint_7,-90.4573,-90.0759,90.0495,-89.9261,-0.0583,-0.4934,0.0955,,
1780128060,433661754,right_base_state,right_joint_1,right_joint_2,right_joint_3,right_joint_4,right_joint_5,right_joint_6,right_joint_7,-90.4573,-90.0759,90.0495,-89.926,-0.0583,-0.4935,0.0955,,
1780128060,443619090,right_base_state,right_joint_1,right_joint_2,right_joint_3,right_joint_4,right_joint_5,right_joint_6,right_joint_7,-90.4573,-90.0759,90.0495,-89.926,-0.0582,-0.4935,0.0955,,
1780128060,453616783,right_base_state,right_joint_1,right_joint_2,right_joint_3,right_joint_4,right_joint_5,right_joint_6,right_joint_7,-90.4573,-90.0759,90.0495,-89.926,-0.0583,-0.4935,0.0955,,
1780128060,465153289,right_base_state,right_joint_1,right_joint_2,right_joint_3,right_joint_4,right_joint_5,right_joint_6,right_joint_7,-90.4573,-90.0759,90.0495,-89.926,-0.0582,-0.4935,0.0955,,
1780128060,474113006,right_base_state,right_joint_1,right_joint_2,right_joint_3,right_joint_4,right_joint_5,right_joint_6,right_joint_7,-90.4573,-90.0759,90.0495,-89.926,-0.0582,-0.4935,0.0955,,
1780128060,483668834,right_base_state,right_joint_1,right_joint_2,right_joint_3,right_joint_4,right_joint_5,right_joint_6,right_joint_7,-90.4573,-90.0759,90.0495,-89.926,-0.0582,-0.4935,0.0955,,
1780128060,494993315,right_base_state,right_joint_1,right_joint_2,right_joint_3,right_joint_4,right_joint_5,right_joint_6,right_joint_7,-90.4573,-90.0759,90.0495,-89.926,-0.0582,-0.4935,0.0955,,
1780128060,503884575,right_base_state,right_joint_1,right_joint_2,right_joint_3,right_joint_4,right_joint_5,right_joint_6,right_joint_7,-90.4573,-90.0759,90.0495,-89.926,-0.0583,-0.4934,0.0955,,
1780128060,513653568,right_base_state,right_joint_1,right_joint_2,right_joint_3,right_joint_4,right_joint_5,right_joint_6,right_joint_7,-90.4573,-90.0759,90.0495,-89.926,-0.0583,-0.4934,0.0955,,
1780128060,523720506,right_base_state,right_joint_1,right_joint_2,right_joint_3,right_joint_4,right_joint_5,right_joint_6,right_joint_7,-90.4573,-90.0759,90.0495,-89.926,-0.0582,-0.4935,0.0955,,
1780128060,533816947,right_base_state,right_joint_1,right_joint_2,right_joint_3,right_joint_4,right_joint_5,right_joint_6,right_joint_7,-90.4573,-90.0759,90.0495,-89.926,-0.0582,-0.4935,0.0955,,
1780128060,545890535,right_base_state,right_joint_1,right_joint_2,right_joint_3,right_joint_4,right_joint_5,right_joint_6,right_joint_7,-90.4573,-90.0759,90.0495,-89.926,-0.0583,-0.4934,0.0955,,
1780128060,553588545,right_base_state,right_joint_1,right_joint_2,right_joint_3,right_joint_4,right_joint_5,right_joint_6,right_joint_7,-90.4573,-90.0759,90.0495,-89.926,-0.0583,-0.4935,0.0955,,
1780128060,563743591,right_base_state,right_joint_1,right_joint_2,right_joint_3,right_joint_4,right_joint_5,right_joint_6,right_joint_7,-90.4573,-90.0759,90.0495,-89.926,-0.0583,-0.4935,0.0955,,
1780128060,573783882,right_base_state,right_joint_1,right_joint_2,right_joint_3,right_joint_4,right_joint_5,right_joint_6,right_joint_7,-90.4573,-90.0759,90.0495,-89.926,-0.0583,-0.4935,0.0955,,
1780128060,583895872,right_base_state,right_joint_1,right_joint_2,right_joint_3,right_joint_4,right_joint_5,right_joint_6,right_joint_7,-90.4573,-90.0759,90.0495,-89.926,-0.0583,-0.4935,0.0955,,
1780128060,593871803,right_base_state,right_joint_1,right_joint_2,right_joint_3,right_joint_4,right_joint_5,right_joint_6,right_joint_7,-90.4573,-90.0759,90.0495,-89.926,-0.0582,-0.4935,0.0955,,
1780128060,603571984,right_base_state,right_joint_1,right_joint_2,right_joint_3,right_joint_4,right_joint_5,right_joint_6,right_joint_7,-90.4573,-90.0759,90.0495,-89.926,-0.0583,-0.4935,0.0955,,
1780128060,613698185,right_base_state,right_joint_1,right_joint_2,right_joint_3,right_joint_4,right_joint_5,right_joint_6,right_joint_7,-90.4573,-90.0759,90.0495,-89.926,-0.0583,-0.4935,0.0955,,
1780128060,623737612,right_base_state,right_joint_1,right_joint_2,right_joint_3,right_joint_4,right_joint_5,right_joint_6,right_joint_7,-90.4573,-90.0759,90.0495,-89.926,-0.0582,-0.4935,0.0955,,
1780128060,633702247,right_base_state,right_joint_1,right_joint_2,right_joint_3,right_joint_4,right_joint_5,right_joint_6,right_joint_7,-90.4573,-90.0759,90.0495,-89.926,-0.0583,-0.4934,0.0955,,
1780128060,643655797,right_base_state,right_joint_1,right_joint_2,right_joint_3,right_joint_4,right_joint_5,right_joint_6,right_joint_7,-90.4573,-90.0759,90.0495,-89.926,-0.0583,-0.4934,0.0955,,
1780128060,653727276,right_base_state,right_joint_1,right_joint_2,right_joint_3,right_joint_4,right_joint_5,right_joint_6,right_joint_7,-90.4573,-90.0759,90.0495,-89.926,-0.0583,-0.4934,0.0955,,
1780128060,663693020,right_base_state,right_joint_1,right_joint_2,right_joint_3,right_joint_4,right_joint_5,right_joint_6,right_joint_7,-90.4573,-90.0759,90.0495,-89.926,-0.0582,-0.4935,0.0955,,
1780128060,673770015,right_base_state,right_joint_1,right_joint_2,right_joint_3,right_joint_4,right_joint_5,right_joint_6,right_joint_7,-90.4573,-90.0759,90.0495,-89.926,-0.0582,-0.4935,0.0955,,
1780128060,683691998,right_base_state,right_joint_1,right_joint_2,right_joint_3,right_joint_4,right_joint_5,right_joint_6,right_joint_7,-90.4573,-90.0759,90.0495,-89.926,-0.0582,-0.4935,0.0955,,
1780128060,694045896,right_base_state,right_joint_1,right_joint_2,right_joint_3,right_joint_4,right_joint_5,right_joint_6,right_joint_7,-90.4573,-90.0759,90.0495,-89.926,-0.0582,-0.4935,0.0955,,
1780128060,703772775,right_base_state,right_joint_1,right_joint_2,right_joint_3,right_joint_4,right_joint_5,right_joint_6,right_joint_7,-90.4573,-90.0759,90.0495,-89.926,-0.0582,-0.4935,0.0955,,
1780128060,713687881,right_base_state,right_joint_1,right_joint_2,right_joint_3,right_joint_4,right_joint_5,right_joint_6,right_joint_7,-90.4573,-90.0759,90.0495,-89.926,-0.0583,-0.4935,0.0955,,
1780128060,724438580,right_base_state,right_joint_1,right_joint_2,right_joint_3,right_joint_4,right_joint_5,right_joint_6,right_joint_7,-90.4573,-90.0759,90.0495,-89.926,-0.0582,-0.4935,0.0955,,
1780128060,733845134,right_base_state,right_joint_1,right_joint_2,right_joint_3,right_joint_4,right_joint_5,right_joint_6,right_joint_7,-90.4573,-90.0759,90.0495,-89.926,-0.0583,-0.4935,0.0955,,
1780128060,743916924,right_base_state,right_joint_1,right_joint_2,right_joint_3,right_joint_4,right_joint_5,right_joint_6,right_joint_7,-90.4573,-90.0759,90.0495,-89.926,-0.0582,-0.4935,0.0955,,
1780128060,753603438,right_base_state,right_joint_1,right_joint_2,right_joint_3,right_joint_4,right_joint_5,right_joint_6,right_joint_7,-90.4573,-90.0759,90.0495,-89.926,-0.0583,-0.4934,0.0955,,
1780128060,763729229,right_base_state,right_joint_1,right_joint_2,right_joint_3,right_joint_4,right_joint_5,right_joint_6,right_joint_7,-90.4573,-90.0759,90.0495,-89.926,-0.0582,-0.4935,0.0955,,
1780128060,773699296,right_base_state,right_joint_1,right_joint_2,right_joint_3,right_joint_4,right_joint_5,right_joint_6,right_joint_7,-90.4573,-90.0759,90.0495,-89.926,-0.0582,-0.4935,0.0955,,
1780128060,783690969,right_base_state,right_joint_1,right_joint_2,right_joint_3,right_joint_4,right_joint_5,right_joint_6,right_joint_7,-90.4573,-90.0759,90.0495,-89.926,-0.0582,-0.4935,0.0955,,
1780128060,793923646,right_base_state,right_joint_1,right_joint_2,right_joint_3,right_joint_4,right_joint_5,right_joint_6,right_joint_7,-90.4573,-90.0759,90.0495,-89.926,-0.0582,-0.4934,0.0955,,
1780128060,803911266,right_base_state,right_joint_1,right_joint_2,right_joint_3,right_joint_4,right_joint_5,right_joint_6,right_joint_7,-90.4573,-90.0759,90.0495,-89.926,-0.0582,-0.4935,0.0955,,
1780128060,813624682,right_base_state,right_joint_1,right_joint_2,right_joint_3,right_joint_4,right_joint_5,right_joint_6,right_joint_7,-90.4573,-90.0759,90.0495,-89.926,-0.0583,-0.4935,0.0955,,
1780128060,823713635,right_base_state,right_joint_1,right_joint_2,right_joint_3,right_joint_4,right_joint_5,right_joint_6,right_joint_7,-90.4573,-90.0759,90.0495,-89.926,-0.0583,-0.4935,0.0955,,
1780128060,833732116,right_base_state,right_joint_1,right_joint_2,right_joint_3,right_joint_4,right_joint_5,right_joint_6,right_joint_7,-90.4573,-90.0759,90.0495,-89.926,-0.0583,-0.4934,0.0955,,
1780128060,843726558,right_base_state,right_joint_1,right_joint_2,right_joint_3,right_joint_4,right_joint_5,right_joint_6,right_joint_7,-90.4573,-90.0759,90.0495,-89.926,-0.0582,-0.4934,0.0955,,
1780128060,853575152,right_base_state,right_joint_1,right_joint_2,right_joint_3,right_joint_4,right_joint_5,right_joint_6,right_joint_7,-90.4573,-90.0759,90.0495,-89.926,-0.0583,-0.4934,0.0955,,
1780128060,863743763,right_base_state,right_joint_1,right_joint_2,right_joint_3,right_joint_4,right_joint_5,right_joint_6,right_joint_7,-90.4573,-90.0759,90.0495,-89.926,-0.0582,-0.4934,0.0955,,
1780128060,873765072,right_base_state,right_joint_1,right_joint_2,right_joint_3,right_joint_4,right_joint_5,right_joint_6,right_joint_7,-90.4573,-90.0759,90.0495,-89.926,-0.0582,-0.4935,0.0955,,
1780128060,883743888,right_base_state,right_joint_1,right_joint_2,right_joint_3,right_joint_4,right_joint_5,right_joint_6,right_joint_7,-90.4573,-90.0759,90.0495,-89.926,-0.0582,-0.4935,0.0955,,
1780128060,893696355,right_base_state,right_joint_1,right_joint_2,right_joint_3,right_joint_4,right_joint_5,right_joint_6,right_joint_7,-90.4573,-90.0759,90.0495,-89.926,-0.0582,-0.4935,0.0955,,
1780128060,903695200,right_base_state,right_joint_1,right_joint_2,right_joint_3,right_joint_4,right_joint_5,right_joint_6,right_joint_7,-90.4573,-90.0759,90.0495,-89.926,-0.0582,-0.4935,0.0955,,
1780128060,913716170,right_base_state,right_joint_1,right_joint_2,right_joint_3,right_joint_4,right_joint_5,right_joint_6,right_joint_7,-90.4573,-90.0759,90.0495,-89.926,-0.0582,-0.4935,0.0955,,
1780128060,923984596,right_base_state,right_joint_1,right_joint_2,right_joint_3,right_joint_4,right_joint_5,right_joint_6,right_joint_7,-90.4573,-90.0759,90.0495,-89.926,-0.0582,-0.4934,0.0955,,
1780128060,933759235,right_base_state,right_joint_1,right_joint_2,right_joint_3,right_joint_4,right_joint_5,right_joint_6,right_joint_7,-90.4573,-90.0759,90.0495,-89.926,-0.0582,-0.4935,0.0955,,
1780128060,943658855,right_base_state,right_joint_1,right_joint_2,right_joint_3,right_joint_4,right_joint_5,right_joint_6,right_joint_7,-90.4573,-90.0759,90.0495,-89.926,-0.0582,-0.4935,0.0955,,
1780128060,953568888,right_base_state,right_joint_1,right_joint_2,right_joint_3,right_joint_4,right_joint_5,right_joint_6,right_joint_7,-90.4573,-90.0759,90.0495,-89.926,-0.0582,-0.4935,0.0955,,
1780128060,963757892,right_base_state,right_joint_1,right_joint_2,right_joint_3,right_joint_4,right_joint_5,right_joint_6,right_joint_7,-90.4573,-90.0759,90.0495,-89.926,-0.0582,-0.4935,0.0955,,
1780128060,973906516,right_base_state,right_joint_1,right_joint_2,right_joint_3,right_joint_4,right_joint_5,right_joint_6,right_joint_7,-90.4573,-90.0759,90.0495,-89.926,-0.0582,-0.4934,0.0955,,
1780128060,983858688,right_base_state,right_joint_1,right_joint_2,right_joint_3,right_joint_4,right_joint_5,right_joint_6,right_joint_7,-90.4573,-90.0759,90.0495,-89.926,-0.0582,-0.4935,0.0955,,
1780128060,993661717,right_base_state,right_joint_1,right_joint_2,right_joint_3,right_joint_4,right_joint_5,right_joint_6,right_joint_7,-90.4573,-90.0759,90.0495,-89.926,-0.0582,-0.4935,0.0955,,
1780128061,4380276,right_base_state,right_joint_1,right_joint_2,right_joint_3,right_joint_4,right_joint_5,right_joint_6,right_joint_7,-90.4573,-90.0759,90.0495,-89.926,-0.0582,-0.4935,0.0955,,
1780128061,13857600,right_base_state,right_joint_1,right_joint_2,right_joint_3,right_joint_4,right_joint_5,right_joint_6,right_joint_7,-90.4573,-90.0759,90.0495,-89.926,-0.0582,-0.4934,0.0955,,
1780128061,23883236,right_base_state,right_joint_1,right_joint_2,right_joint_3,right_joint_4,right_joint_5,right_joint_6,right_joint_7,-90.4573,-90.0759,90.0495,-89.926,-0.0583,-0.4935,0.0955,,
1780128061,33834337,right_base_state,right_joint_1,right_joint_2,right_joint_3,right_joint_4,right_joint_5,right_joint_6,right_joint_7,-90.4573,-90.0759,90.0495,-89.926,-0.0582,-0.4935,0.0955,,
1780128061,43802127,right_base_state,right_joint_1,right_joint_2,right_joint_3,right_joint_4,right_joint_5,right_joint_6,right_joint_7,-90.4573,-90.0759,90.0495,-89.926,-0.0582,-0.4935,0.0955,,
1780128061,53655539,right_base_state,right_joint_1,right_joint_2,right_joint_3,right_joint_4,right_joint_5,right_joint_6,right_joint_7,-90.4573,-90.0759,90.0495,-89.926,-0.0583,-0.4934,0.0955,,
1780128061,63850774,right_base_state,right_joint_1,right_joint_2,right_joint_3,right_joint_4,right_joint_5,right_joint_6,right_joint_7,-90.4573,-90.0759,90.0495,-89.926,-0.0583,-0.4935,0.0955,,
1780128061,76188524,right_base_state,right_joint_1,right_joint_2,right_joint_3,right_joint_4,right_joint_5,right_joint_6,right_joint_7,-90.4573,-90.0759,90.0495,-89.926,-0.0583,-0.4935,0.0955,,
1780128061,83856593,right_base_state,right_joint_1,right_joint_2,right_joint_3,right_joint_4,right_joint_5,right_joint_6,right_joint_7,-90.4573,-90.0759,90.0495,-89.926,-0.0582,-0.4935,0.0955,,
1780128061,94176436,right_base_state,right_joint_1,right_joint_2,right_joint_3,right_joint_4,right_joint_5,right_joint_6,right_joint_7,-90.4573,-90.0759,90.0495,-89.926,-0.0582,-0.4934,0.0955,,
1780128061,103780943,right_base_state,right_joint_1,right_joint_2,right_joint_3,right_joint_4,right_joint_5,right_joint_6,right_joint_7,-90.4573,-90.0759,90.0495,-89.926,-0.0583,-0.4935,0.0955,,
1780128061,113617270,right_base_state,right_joint_1,right_joint_2,right_joint_3,right_joint_4,right_joint_5,right_joint_6,right_joint_7,-90.4573,-90.0759,90.0495,-89.926,-0.0583,-0.4934,0.0955,,
1780128061,124318750,right_base_state,right_joint_1,right_joint_2,right_joint_3,right_joint_4,right_joint_5,right_joint_6,right_joint_7,-90.4573,-90.0759,90.0495,-89.926,-0.0582,-0.4935,0.0955,,
1780128061,133696396,right_base_state,right_joint_1,right_joint_2,right_joint_3,right_joint_4,right_joint_5,right_joint_6,right_joint_7,-90.4573,-90.0759,90.0495,-89.926,-0.0582,-0.4935,0.0955,,
1780128061,143703980,right_base_state,right_joint_1,right_joint_2,right_joint_3,right_joint_4,right_joint_5,right_joint_6,right_joint_7,-90.4573,-90.0759,90.0495,-89.926,-0.0582,-0.4934,0.0955,,
1780128061,153544815,right_base_state,right_joint_1,right_joint_2,right_joint_3,right_joint_4,right_joint_5,right_joint_6,right_joint_7,-90.4573,-90.0759,90.0495,-89.926,-0.0582,-0.4934,0.0955,,
1780128061,163551073,right_base_state,right_joint_1,right_joint_2,right_joint_3,right_joint_4,right_joint_5,right_joint_6,right_joint_7,-90.4573,-90.0759,90.0495,-89.926,-0.0582,-0.4935,0.0955,,
1780128061,173686309,right_base_state,right_joint_1,right_joint_2,right_joint_3,right_joint_4,right_joint_5,right_joint_6,right_joint_7,-90.4573,-90.0759,90.0495,-89.926,-0.0582,-0.4934,0.0955,,
1780128061,183717670,right_base_state,right_joint_1,right_joint_2,right_joint_3,right_joint_4,right_joint_5,right_joint_6,right_joint_7,-90.4573,-90.0759,90.0495,-89.926,-0.0583,-0.4935,0.0955,,
1780128061,193666848,right_base_state,right_joint_1,right_joint_2,right_joint_3,right_joint_4,right_joint_5,right_joint_6,right_joint_7,-90.4573,-90.0759,90.0495,-89.926,-0.0582,-0.4935,0.0955,,
1780128061,203634399,right_base_state,right_joint_1,right_joint_2,right_joint_3,right_joint_4,right_joint_5,right_joint_6,right_joint_7,-90.4573,-90.0759,90.0495,-89.926,-0.0583,-0.4935,0.0955,,
1780128061,215018400,right_base_state,right_joint_1,right_joint_2,right_joint_3,right_joint_4,right_joint_5,right_joint_6,right_joint_7,-90.4573,-90.0759,90.0495,-89.926,-0.0583,-0.4935,0.0955,,
1780128061,223647865,right_base_state,right_joint_1,right_joint_2,right_joint_3,right_joint_4,right_joint_5,right_joint_6,right_joint_7,-90.4573,-90.0759,90.0495,-89.926,-0.0582,-0.4935,0.0955,,
1780128061,233712392,right_base_state,right_joint_1,right_joint_2,right_joint_3,right_joint_4,right_joint_5,right_joint_6,right_joint_7,-90.4573,-90.0759,90.0495,-89.926,-0.0582,-0.4934,0.0955,,
1780128061,243679620,right_base_state,right_joint_1,right_joint_2,right_joint_3,right_joint_4,right_joint_5,right_joint_6,right_joint_7,-90.4573,-90.0759,90.0495,-89.926,-0.0583,-0.4934,0.0955,,
1780128061,253621091,right_base_state,right_joint_1,right_joint_2,right_joint_3,right_joint_4,right_joint_5,right_joint_6,right_joint_7,-90.4573,-90.0759,90.0495,-89.926,-0.0582,-0.4934,0.0955,,
1780128061,263620390,right_base_state,right_joint_1,right_joint_2,right_joint_3,right_joint_4,right_joint_5,right_joint_6,right_joint_7,-90.4573,-90.0759,90.0495,-89.926,-0.0582,-0.4934,0.0955,,
1780128061,273753521,right_base_state,right_joint_1,right_joint_2,right_joint_3,right_joint_4,right_joint_5,right_joint_6,right_joint_7,-90.4573,-90.0759,90.0495,-89.926,-0.0582,-0.4934,0.0955,,
1780128061,283679557,right_base_state,right_joint_1,right_joint_2,right_joint_3,right_joint_4,right_joint_5,right_joint_6,right_joint_7,-90.4573,-90.0759,90.0495,-89.926,-0.0583,-0.4935,0.0955,,
1780128061,293677455,right_base_state,right_joint_1,right_joint_2,right_joint_3,right_joint_4,right_joint_5,right_joint_6,right_joint_7,-90.4573,-90.0759,90.0495,-89.926,-0.0582,-0.4934,0.0955,,
1780128061,303605883,right_base_state,right_joint_1,right_joint_2,right_joint_3,right_joint_4,right_joint_5,right_joint_6,right_joint_7,-90.4573,-90.0759,90.0495,-89.926,-0.0583,-0.4935,0.0955,,
1780128061,313608937,right_base_state,right_joint_1,right_joint_2,right_joint_3,right_joint_4,right_joint_5,right_joint_6,right_joint_7,-90.4573,-90.0759,90.0495,-89.926,-0.0582,-0.4935,0.0955,,
1780128061,323621687,right_base_state,right_joint_1,right_joint_2,right_joint_3,right_joint_4,right_joint_5,right_joint_6,right_joint_7,-90.4573,-90.0759,90.0495,-89.926,-0.0582,-0.4935,0.0955,,
1780128061,334263155,right_base_state,right_joint_1,right_joint_2,right_joint_3,right_joint_4,right_joint_5,right_joint_6,right_joint_7,-90.4573,-90.0759,90.0495,-89.926,-0.0583,-0.4934,0.0955,,
1780128061,343765653,right_base_state,right_joint_1,right_joint_2,right_joint_3,right_joint_4,right_joint_5,right_joint_6,right_joint_7,-90.4573,-90.0759,90.0495,-89.926,-0.0583,-0.4935,0.0955,,
1780128061,353624344,right_base_state,right_joint_1,right_joint_2,right_joint_3,right_joint_4,right_joint_5,right_joint_6,right_joint_7,-90.4573,-90.0759,90.0495,-89.926,-0.0582,-0.4935,0.0955,,
1780128061,363596830,right_base_state,right_joint_1,right_joint_2,right_joint_3,right_joint_4,right_joint_5,right_joint_6,right_joint_7,-90.4573,-90.0759,90.0495,-89.926,-0.0582,-0.4935,0.0955,,
1780128061,373667419,right_base_state,right_joint_1,right_joint_2,right_joint_3,right_joint_4,right_joint_5,right_joint_6,right_joint_7,-90.4573,-90.0759,90.0495,-89.926,-0.0582,-0.4934,0.0955,,
1780128061,383666611,right_base_state,right_joint_1,right_joint_2,right_joint_3,right_joint_4,right_joint_5,right_joint_6,right_joint_7,-90.4573,-90.0759,90.0495,-89.926,-0.0583,-0.4935,0.0955,,
1780128061,393802874,right_base_state,right_joint_1,right_joint_2,right_joint_3,right_joint_4,right_joint_5,right_joint_6,right_joint_7,-90.4573,-90.0759,90.0496,-89.926,-0.0583,-0.4935,0.0955,,
1780128061,404367075,right_base_state,right_joint_1,right_joint_2,right_joint_3,right_joint_4,right_joint_5,right_joint_6,right_joint_7,-90.4573,-90.0759,90.0495,-89.926,-0.0582,-0.4935,0.0955,,
1780128061,413598361,right_base_state,right_joint_1,right_joint_2,right_joint_3,right_joint_4,right_joint_5,right_joint_6,right_joint_7,-90.4573,-90.0759,90.0495,-89.926,-0.0582,-0.4934,0.0955,,
1780128061,423674897,right_base_state,right_joint_1,right_joint_2,right_joint_3,right_joint_4,right_joint_5,right_joint_6,right_joint_7,-90.4573,-90.0759,90.0495,-89.926,-0.0582,-0.4935,0.0955,,
1780128061,433795465,right_base_state,right_joint_1,right_joint_2,right_joint_3,right_joint_4,right_joint_5,right_joint_6,right_joint_7,-90.4573,-90.0759,90.0495,-89.926,-0.0583,-0.4935,0.0955,,
1780128061,443948652,right_base_state,right_joint_1,right_joint_2,right_joint_3,right_joint_4,right_joint_5,right_joint_6,right_joint_7,-90.4573,-90.0759,90.0495,-89.926,-0.0582,-0.4934,0.0955,,
1780128061,453553176,right_base_state,right_joint_1,right_joint_2,right_joint_3,right_joint_4,right_joint_5,right_joint_6,right_joint_7,-90.4573,-90.0759,90.0495,-89.926,-0.0583,-0.4934,0.0955,,
1780128061,463836058,right_base_state,right_joint_1,right_joint_2,right_joint_3,right_joint_4,right_joint_5,right_joint_6,right_joint_7,-90.4573,-90.0759,90.0495,-89.926,-0.0583,-0.4935,0.0955,,
1780128061,473726018,right_base_state,right_joint_1,right_joint_2,right_joint_3,right_joint_4,right_joint_5,right_joint_6,right_joint_7,-90.4573,-90.0759,90.0495,-89.926,-0.0582,-0.4934,0.0955,,
1780128061,483731167,right_base_state,right_joint_1,right_joint_2,right_joint_3,right_joint_4,right_joint_5,right_joint_6,right_joint_7,-90.4573,-90.0759,90.0495,-89.926,-0.0582,-0.4935,0.0955,,
1780128061,493715424,right_base_state,right_joint_1,right_joint_2,right_joint_3,right_joint_4,right_joint_5,right_joint_6,right_joint_7,-90.4573,-90.0759,90.0495,-89.926,-0.0583,-0.4935,0.0955,,
1780128061,503632931,right_base_state,right_joint_1,right_joint_2,right_joint_3,right_joint_4,right_joint_5,right_joint_6,right_joint_7,-90.4573,-90.0759,90.0495,-89.926,-0.0582,-0.4935,0.0955,,
1780128061,513660792,right_base_state,right_joint_1,right_joint_2,right_joint_3,right_joint_4,right_joint_5,right_joint_6,right_joint_7,-90.4573,-90.0759,90.0495,-89.926,-0.0582,-0.4935,0.0955,,
1780128061,523680182,right_base_state,right_joint_1,right_joint_2,right_joint_3,right_joint_4,right_joint_5,right_joint_6,right_joint_7,-90.4573,-90.0759,90.0495,-89.926,-0.0582,-0.4934,0.0955,,
1780128061,533701585,right_base_state,right_joint_1,right_joint_2,right_joint_3,right_joint_4,right_joint_5,right_joint_6,right_joint_7,-90.4573,-90.0759,90.0495,-89.926,-0.0582,-0.4934,0.0955,,
1780128061,543683469,right_base_state,right_joint_1,right_joint_2,right_joint_3,right_joint_4,right_joint_5,right_joint_6,right_joint_7,-90.4573,-90.0759,90.0495,-89.926,-0.0582,-0.4935,0.0955,,
1780128061,553617445,right_base_state,right_joint_1,right_joint_2,right_joint_3,right_joint_4,right_joint_5,right_joint_6,right_joint_7,-90.4573,-90.0759,90.0495,-89.926,-0.0583,-0.4935,0.0955,,
1780128061,563682777,right_base_state,right_joint_1,right_joint_2,right_joint_3,right_joint_4,right_joint_5,right_joint_6,right_joint_7,-90.4573,-90.0759,90.0495,-89.926,-0.0583,-0.4934,0.0955,,
1780128061,573930174,right_base_state,right_joint_1,right_joint_2,right_joint_3,right_joint_4,right_joint_5,right_joint_6,right_joint_7,-90.4573,-90.0759,90.0495,-89.926,-0.0582,-0.4935,0.0955,,
1780128061,583710594,right_base_state,right_joint_1,right_joint_2,right_joint_3,right_joint_4,right_joint_5,right_joint_6,right_joint_7,-90.4573,-90.0759,90.0495,-89.926,-0.0583,-0.4935,0.0955,,
1780128061,593731682,right_base_state,right_joint_1,right_joint_2,right_joint_3,right_joint_4,right_joint_5,right_joint_6,right_joint_7,-90.4573,-90.0759,90.0495,-89.926,-0.0582,-0.4935,0.0955,,
1780128061,603572732,right_base_state,right_joint_1,right_joint_2,right_joint_3,right_joint_4,right_joint_5,right_joint_6,right_joint_7,-90.4573,-90.0759,90.0495,-89.926,-0.0583,-0.4935,0.0955,,
1780128061,613578803,right_base_state,right_joint_1,right_joint_2,right_joint_3,right_joint_4,right_joint_5,right_joint_6,right_joint_7,-90.4573,-90.0759,90.0495,-89.926,-0.0582,-0.4935,0.0955,,
1780128061,623913930,right_base_state,right_joint_1,right_joint_2,right_joint_3,right_joint_4,right_joint_5,right_joint_6,right_joint_7,-90.4573,-90.0759,90.0495,-89.926,-0.0582,-0.4935,0.0955,,
1780128061,633882210,right_base_state,right_joint_1,right_joint_2,right_joint_3,right_joint_4,right_joint_5,right_joint_6,right_joint_7,-90.4573,-90.0759,90.0495,-89.926,-0.0583,-0.4934,0.0955,,
1780128061,644026840,right_base_state,right_joint_1,right_joint_2,right_joint_3,right_joint_4,right_joint_5,right_joint_6,right_joint_7,-90.4573,-90.0759,90.0495,-89.926,-0.0583,-0.4935,0.0955,,
1780128061,653716227,right_base_state,right_joint_1,right_joint_2,right_joint_3,right_joint_4,right_joint_5,right_joint_6,right_joint_7,-90.4573,-90.0759,90.0495,-89.926,-0.0583,-0.4934,0.0955,,
1780128061,664849623,right_base_state,right_joint_1,right_joint_2,right_joint_3,right_joint_4,right_joint_5,right_joint_6,right_joint_7,-90.4573,-90.0759,90.0495,-89.926,-0.0582,-0.4934,0.0955,,
1780128061,674380815,right_base_state,right_joint_1,right_joint_2,right_joint_3,right_joint_4,right_joint_5,right_joint_6,right_joint_7,-90.4573,-90.0759,90.0495,-89.926,-0.0582,-0.4935,0.0955,,
1780128061,684536072,right_base_state,right_joint_1,right_joint_2,right_joint_3,right_joint_4,right_joint_5,right_joint_6,right_joint_7,-90.4573,-90.0759,90.0495,-89.926,-0.0583,-0.4935,0.0955,,
1780128061,693791675,right_base_state,right_joint_1,right_joint_2,right_joint_3,right_joint_4,right_joint_5,right_joint_6,right_joint_7,-90.4573,-90.0759,90.0495,-89.926,-0.0582,-0.4935,0.0955,,
1780128061,703617614,right_base_state,right_joint_1,right_joint_2,right_joint_3,right_joint_4,right_joint_5,right_joint_6,right_joint_7,-90.4573,-90.0759,90.0495,-89.926,-0.0582,-0.4935,0.0955,,
1780128061,713647202,right_base_state,right_joint_1,right_joint_2,right_joint_3,right_joint_4,right_joint_5,right_joint_6,right_joint_7,-90.4573,-90.0759,90.0495,-89.926,-0.0582,-0.4934,0.0955,,
1780128061,723868289,right_base_state,right_joint_1,right_joint_2,right_joint_3,right_joint_4,right_joint_5,right_joint_6,right_joint_7,-90.4573,-90.0759,90.0495,-89.926,-0.0582,-0.4935,0.0955,,
1780128061,733650215,right_base_state,right_joint_1,right_joint_2,right_joint_3,right_joint_4,right_joint_5,right_joint_6,right_joint_7,-90.4573,-90.0759,90.0495,-89.926,-0.0583,-0.4934,0.0955,,
1780128061,743665394,right_base_state,right_joint_1,right_joint_2,right_joint_3,right_joint_4,right_joint_5,right_joint_6,right_joint_7,-90.4573,-90.0759,90.0495,-89.926,-0.0582,-0.4934,0.0955,,
1780128061,753734378,right_base_state,right_joint_1,right_joint_2,right_joint_3,right_joint_4,right_joint_5,right_joint_6,right_joint_7,-90.4573,-90.0759,90.0495,-89.926,-0.0582,-0.4935,0.0955,,
1780128061,763664876,right_base_state,right_joint_1,right_joint_2,right_joint_3,right_joint_4,right_joint_5,right_joint_6,right_joint_7,-90.4573,-90.0759,90.0495,-89.926,-0.0583,-0.4935,0.0955,,
1780128061,773720741,right_base_state,right_joint_1,right_joint_2,right_joint_3,right_joint_4,right_joint_5,right_joint_6,right_joint_7,-90.4573,-90.0759,90.0495,-89.926,-0.0582,-0.4935,0.0955,,
1780128061,783705418,right_base_state,right_joint_1,right_joint_2,right_joint_3,right_joint_4,right_joint_5,right_joint_6,right_joint_7,-90.4573,-90.0759,90.0495,-89.926,-0.0582,-0.4935,0.0955,,
1780128061,793689410,right_base_state,right_joint_1,right_joint_2,right_joint_3,right_joint_4,right_joint_5,right_joint_6,right_joint_7,-90.4573,-90.0759,90.0495,-89.926,-0.0583,-0.4934,0.0955,,
1780128061,803580348,right_base_state,right_joint_1,right_joint_2,right_joint_3,right_joint_4,right_joint_5,right_joint_6,right_joint_7,-90.4573,-90.0759,90.0495,-89.926,-0.0582,-0.4935,0.0955,,
1780128061,813708746,right_base_state,right_joint_1,right_joint_2,right_joint_3,right_joint_4,right_joint_5,right_joint_6,right_joint_7,-90.4573,-90.0759,90.0495,-89.926,-0.0582,-0.4935,0.0955,,
1780128061,823983172,right_base_state,right_joint_1,right_joint_2,right_joint_3,right_joint_4,right_joint_5,right_joint_6,right_joint_7,-90.4573,-90.0759,90.0495,-89.926,-0.0583,-0.4935,0.0955,,
1780128061,833812027,right_base_state,right_joint_1,right_joint_2,right_joint_3,right_joint_4,right_joint_5,right_joint_6,right_joint_7,-90.4573,-90.0759,90.0495,-89.926,-0.0582,-0.4935,0.0955,,
1780128061,843702438,right_base_state,right_joint_1,right_joint_2,right_joint_3,right_joint_4,right_joint_5,right_joint_6,right_joint_7,-90.4573,-90.0759,90.0495,-89.926,-0.0583,-0.4934,0.0955,,
1780128061,853640945,right_base_state,right_joint_1,right_joint_2,right_joint_3,right_joint_4,right_joint_5,right_joint_6,right_joint_7,-90.4573,-90.0759,90.0495,-89.926,-0.0582,-0.4935,0.0955,,
1780128061,863716373,right_base_state,right_joint_1,right_joint_2,right_joint_3,right_joint_4,right_joint_5,right_joint_6,right_joint_7,-90.4573,-90.0759,90.0495,-89.926,-0.0583,-0.4935,0.0955,,
1780128061,873724932,right_base_state,right_joint_1,right_joint_2,right_joint_3,right_joint_4,right_joint_5,right_joint_6,right_joint_7,-90.4573,-90.0759,90.0495,-89.926,-0.0583,-0.4934,0.0955,,
1780128061,883906398,right_base_state,right_joint_1,right_joint_2,right_joint_3,right_joint_4,right_joint_5,right_joint_6,right_joint_7,-90.4573,-90.0759,90.0495,-89.926,-0.0583,-0.4935,0.0955,,
1780128061,893804614,right_base_state,right_joint_1,right_joint_2,right_joint_3,right_joint_4,right_joint_5,right_joint_6,right_joint_7,-90.4573,-90.0759,90.0495,-89.926,-0.0582,-0.4934,0.0955,,
1780128061,903890025,right_base_state,right_joint_1,right_joint_2,right_joint_3,right_joint_4,right_joint_5,right_joint_6,right_joint_7,-90.4573,-90.0759,90.0495,-89.926,-0.0582,-0.4934,0.0955,,
1780128061,915006063,right_base_state,right_joint_1,right_joint_2,right_joint_3,right_joint_4,right_joint_5,right_joint_6,right_joint_7,-90.4573,-90.0759,90.0495,-89.926,-0.0583,-0.4935,0.0955,,
1780128061,923695095,right_base_state,right_joint_1,right_joint_2,right_joint_3,right_joint_4,right_joint_5,right_joint_6,right_joint_7,-90.4573,-90.0759,90.0495,-89.926,-0.0582,-0.4935,0.0955,,
1780128061,933758634,right_base_state,right_joint_1,right_joint_2,right_joint_3,right_joint_4,right_joint_5,right_joint_6,right_joint_7,-90.4573,-90.0759,90.0495,-89.926,-0.0582,-0.4935,0.0955,,
1780128061,943884901,right_base_state,right_joint_1,right_joint_2,right_joint_3,right_joint_4,right_joint_5,right_joint_6,right_joint_7,-90.4573,-90.0759,90.0495,-89.926,-0.0583,-0.4935,0.0955,,
1780128061,953595008,right_base_state,right_joint_1,right_joint_2,right_joint_3,right_joint_4,right_joint_5,right_joint_6,right_joint_7,-90.4573,-90.0759,90.0495,-89.926,-0.0583,-0.4934,0.0955,,
1780128061,963722308,right_base_state,right_joint_1,right_joint_2,right_joint_3,right_joint_4,right_joint_5,right_joint_6,right_joint_7,-90.4573,-90.0759,90.0495,-89.926,-0.0583,-0.4934,0.0955,,
1780128061,973954095,right_base_state,right_joint_1,right_joint_2,right_joint_3,right_joint_4,right_joint_5,right_joint_6,right_joint_7,-90.4573,-90.0759,90.0495,-89.926,-0.0583,-0.4935,0.0955,,
1780128061,983833498,right_base_state,right_joint_1,right_joint_2,right_joint_3,right_joint_4,right_joint_5,right_joint_6,right_joint_7,-90.4573,-90.0759,90.0495,-89.926,-0.0583,-0.4934,0.0955,,
1780128061,993859835,right_base_state,right_joint_1,right_joint_2,right_joint_3,right_joint_4,right_joint_5,right_joint_6,right_joint_7,-90.4573,-90.0759,90.0495,-89.926,-0.0583,-0.4934,0.0955,,
1780128062,4328698,right_base_state,right_joint_1,right_joint_2,right_joint_3,right_joint_4,right_joint_5,right_joint_6,right_joint_7,-90.4573,-90.0759,90.0495,-89.926,-0.0583,-0.4934,0.0955,,
1780128062,13640619,right_base_state,right_joint_1,right_joint_2,right_joint_3,right_joint_4,right_joint_5,right_joint_6,right_joint_7,-90.4573,-90.0759,90.0495,-89.926,-0.0583,-0.4935,0.0955,,
1780128062,23742390,right_base_state,right_joint_1,right_joint_2,right_joint_3,right_joint_4,right_joint_5,right_joint_6,right_joint_7,-90.4573,-90.0759,90.0495,-89.926,-0.0582,-0.4934,0.0955,,
1780128062,34089754,right_base_state,right_joint_1,right_joint_2,right_joint_3,right_joint_4,right_joint_5,right_joint_6,right_joint_7,-90.4573,-90.0759,90.0495,-89.926,-0.0583,-0.4935,0.0955,,
1780128062,43763809,right_base_state,right_joint_1,right_joint_2,right_joint_3,right_joint_4,right_joint_5,right_joint_6,right_joint_7,-90.4573,-90.0759,90.0495,-89.926,-0.0583,-0.4934,0.0955,,
1780128062,54796532,right_base_state,right_joint_1,right_joint_2,right_joint_3,right_joint_4,right_joint_5,right_joint_6,right_joint_7,-90.4573,-90.0759,90.0495,-89.926,-0.0583,-0.4935,0.0955,,
1780128062,63709418,right_base_state,right_joint_1,right_joint_2,right_joint_3,right_joint_4,right_joint_5,right_joint_6,right_joint_7,-90.4573,-90.0759,90.0495,-89.926,-0.0582,-0.4934,0.0955,,
1780128062,73674507,right_base_state,right_joint_1,right_joint_2,right_joint_3,right_joint_4,right_joint_5,right_joint_6,right_joint_7,-90.4573,-90.0759,90.0495,-89.926,-0.0582,-0.4934,0.0955,,
1780128062,83682983,right_base_state,right_joint_1,right_joint_2,right_joint_3,right_joint_4,right_joint_5,right_joint_6,right_joint_7,-90.4573,-90.0759,90.0495,-89.926,-0.0583,-0.4935,0.0955,,
1780128062,93808271,right_base_state,right_joint_1,right_joint_2,right_joint_3,right_joint_4,right_joint_5,right_joint_6,right_joint_7,-90.4573,-90.0759,90.0495,-89.926,-0.0583,-0.4935,0.0955,,
1780128062,104768187,right_base_state,right_joint_1,right_joint_2,right_joint_3,right_joint_4,right_joint_5,right_joint_6,right_joint_7,-90.4573,-90.0759,90.0495,-89.926,-0.0582,-0.4935,0.0955,,
1780128062,113610860,right_base_state,right_joint_1,right_joint_2,right_joint_3,right_joint_4,right_joint_5,right_joint_6,right_joint_7,-90.4573,-90.0759,90.0495,-89.926,-0.0582,-0.4935,0.0955,,
1780128062,123748163,right_base_state,right_joint_1,right_joint_2,right_joint_3,right_joint_4,right_joint_5,right_joint_6,right_joint_7,-90.4573,-90.0759,90.0495,-89.926,-0.0583,-0.4935,0.0955,,
1780128062,133864921,right_base_state,right_joint_1,right_joint_2,right_joint_3,right_joint_4,right_joint_5,right_joint_6,right_joint_7,-90.4573,-90.0759,90.0496,-89.9261,-0.0583,-0.4935,0.0955,,
1780128062,143863523,right_base_state,right_joint_1,right_joint_2,right_joint_3,right_joint_4,right_joint_5,right_joint_6,right_joint_7,-90.4573,-90.0759,90.0495,-89.926,-0.0583,-0.4935,0.0955,,
1780128062,153721442,right_base_state,right_joint_1,right_joint_2,right_joint_3,right_joint_4,right_joint_5,right_joint_6,right_joint_7,-90.4573,-90.0759,90.0495,-89.926,-0.0583,-0.4935,0.0955,,
1780128062,164241525,right_base_state,right_joint_1,right_joint_2,right_joint_3,right_joint_4,right_joint_5,right_joint_6,right_joint_7,-90.4573,-90.0759,90.0495,-89.926,-0.0583,-0.4935,0.0955,,
1780128062,173680488,right_base_state,right_joint_1,right_joint_2,right_joint_3,right_joint_4,right_joint_5,right_joint_6,right_joint_7,-90.4573,-90.0759,90.0495,-89.926,-0.0582,-0.4934,0.0955,,
1780128062,183833759,right_base_state,right_joint_1,right_joint_2,right_joint_3,right_joint_4,right_joint_5,right_joint_6,right_joint_7,-90.4573,-90.0759,90.0495,-89.926,-0.0582,-0.4935,0.0955,,
1780128062,193902906,right_base_state,right_joint_1,right_joint_2,right_joint_3,right_joint_4,right_joint_5,right_joint_6,right_joint_7,-90.4573,-90.0759,90.0495,-89.926,-0.0583,-0.4935,0.0955,,
1780128062,203597200,right_base_state,right_joint_1,right_joint_2,right_joint_3,right_joint_4,right_joint_5,right_joint_6,right_joint_7,-90.4573,-90.0759,90.0495,-89.926,-0.0582,-0.4935,0.0955,,
1780128062,213712175,right_base_state,right_joint_1,right_joint_2,right_joint_3,right_joint_4,right_joint_5,right_joint_6,right_joint_7,-90.4573,-90.0759,90.0495,-89.926,-0.0583,-0.4935,0.0955,,
1780128062,223984648,right_base_state,right_joint_1,right_joint_2,right_joint_3,right_joint_4,right_joint_5,right_joint_6,right_joint_7,-90.4573,-90.0759,90.0495,-89.926,-0.0583,-0.4935,0.0955,,
1780128062,233913052,right_base_state,right_joint_1,right_joint_2,right_joint_3,right_joint_4,right_joint_5,right_joint_6,right_joint_7,-90.4573,-90.0759,90.0495,-89.926,-0.0582,-0.4935,0.0955,,
1780128062,243958996,right_base_state,right_joint_1,right_joint_2,right_joint_3,right_joint_4,right_joint_5,right_joint_6,right_joint_7,-90.4573,-90.0759,90.0495,-89.926,-0.0583,-0.4935,0.0955,,
1780128062,253801782,right_base_state,right_joint_1,right_joint_2,right_joint_3,right_joint_4,right_joint_5,right_joint_6,right_joint_7,-90.4573,-90.0759,90.0495,-89.926,-0.0583,-0.4935,0.0955,,
1780128062,263777684,right_base_state,right_joint_1,right_joint_2,right_joint_3,right_joint_4,right_joint_5,right_joint_6,right_joint_7,-90.4573,-90.0759,90.0495,-89.926,-0.0582,-0.4935,0.0955,,
1780128062,273645969,right_base_state,right_joint_1,right_joint_2,right_joint_3,right_joint_4,right_joint_5,right_joint_6,right_joint_7,-90.4573,-90.0759,90.0495,-89.926,-0.0582,-0.4935,0.0955,,
1780128062,283733372,right_base_state,right_joint_1,right_joint_2,right_joint_3,right_joint_4,right_joint_5,right_joint_6,right_joint_7,-90.4573,-90.0759,90.0495,-89.926,-0.0583,-0.4935,0.0955,,
1780128062,293786304,right_base_state,right_joint_1,right_joint_2,right_joint_3,right_joint_4,right_joint_5,right_joint_6,right_joint_7,-90.4573,-90.0759,90.0495,-89.926,-0.0583,-0.4935,0.0955,,
1780128062,303666024,right_base_state,right_joint_1,right_joint_2,right_joint_3,right_joint_4,right_joint_5,right_joint_6,right_joint_7,-90.4573,-90.0759,90.0495,-89.926,-0.0583,-0.4935,0.0955,,
1780128062,313621135,right_base_state,right_joint_1,right_joint_2,right_joint_3,right_joint_4,right_joint_5,right_joint_6,right_joint_7,-90.4573,-90.0759,90.0495,-89.926,-0.0583,-0.4935,0.0955,,
1780128062,323908449,right_base_state,right_joint_1,right_joint_2,right_joint_3,right_joint_4,right_joint_5,right_joint_6,right_joint_7,-90.4573,-90.0759,90.0495,-89.926,-0.0583,-0.4935,0.0955,,
1780128062,333924505,right_base_state,right_joint_1,right_joint_2,right_joint_3,right_joint_4,right_joint_5,right_joint_6,right_joint_7,-90.4573,-90.0759,90.0495,-89.926,-0.0582,-0.4935,0.0955,,
1780128062,343685150,right_base_state,right_joint_1,right_joint_2,right_joint_3,right_joint_4,right_joint_5,right_joint_6,right_joint_7,-90.4573,-90.0759,90.0495,-89.926,-0.0582,-0.4934,0.0955,,
1780128062,353643821,right_base_state,right_joint_1,right_joint_2,right_joint_3,right_joint_4,right_joint_5,right_joint_6,right_joint_7,-90.4573,-90.0759,90.0495,-89.926,-0.0583,-0.4935,0.0955,,
1780128062,363538099,right_base_state,right_joint_1,right_joint_2,right_joint_3,right_joint_4,right_joint_5,right_joint_6,right_joint_7,-90.4573,-90.0759,90.0495,-89.926,-0.0583,-0.4935,0.0955,,
1780128062,373646227,right_base_state,right_joint_1,right_joint_2,right_joint_3,right_joint_4,right_joint_5,right_joint_6,right_joint_7,-90.4573,-90.0759,90.0495,-89.926,-0.0583,-0.4935,0.0955,,
1780128062,383843052,right_base_state,right_joint_1,right_joint_2,right_joint_3,right_joint_4,right_joint_5,right_joint_6,right_joint_7,-90.4573,-90.0759,90.0495,-89.926,-0.0582,-0.4934,0.0955,,
1780128062,393756809,right_base_state,right_joint_1,right_joint_2,right_joint_3,right_joint_4,right_joint_5,right_joint_6,right_joint_7,-90.4573,-90.0759,90.0495,-89.926,-0.0582,-0.4935,0.0955,,
1780128062,403717171,right_base_state,right_joint_1,right_joint_2,right_joint_3,right_joint_4,right_joint_5,right_joint_6,right_joint_7,-90.4573,-90.0759,90.0495,-89.926,-0.0583,-0.4935,0.0955,,
1780128062,414339073,right_base_state,right_joint_1,right_joint_2,right_joint_3,right_joint_4,right_joint_5,right_joint_6,right_joint_7,-90.4573,-90.0759,90.0495,-89.926,-0.0582,-0.4935,0.0955,,
1780128062,423884355,right_base_state,right_joint_1,right_joint_2,right_joint_3,right_joint_4,right_joint_5,right_joint_6,right_joint_7,-90.4573,-90.0759,90.0495,-89.926,-0.0583,-0.4935,0.0955,,
1780128062,433762539,right_base_state,right_joint_1,right_joint_2,right_joint_3,right_joint_4,right_joint_5,right_joint_6,right_joint_7,-90.4573,-90.0759,90.0495,-89.926,-0.0582,-0.4934,0.0955,,
1780128062,443919365,right_base_state,right_joint_1,right_joint_2,right_joint_3,right_joint_4,right_joint_5,right_joint_6,right_joint_7,-90.4573,-90.0759,90.0495,-89.926,-0.0583,-0.4935,0.0955,,
1780128062,453746870,right_base_state,right_joint_1,right_joint_2,right_joint_3,right_joint_4,right_joint_5,right_joint_6,right_joint_7,-90.4573,-90.0759,90.0495,-89.926,-0.0583,-0.4935,0.0955,,
1780128062,463633648,right_base_state,right_joint_1,right_joint_2,right_joint_3,right_joint_4,right_joint_5,right_joint_6,right_joint_7,-90.4573,-90.0759,90.0495,-89.926,-0.0582,-0.4935,0.0955,,
1780128062,473661792,right_base_state,right_joint_1,right_joint_2,right_joint_3,right_joint_4,right_joint_5,right_joint_6,right_joint_7,-90.4573,-90.0759,90.0495,-89.926,-0.0582,-0.4935,0.0955,,
1780128062,483666356,right_base_state,right_joint_1,right_joint_2,right_joint_3,right_joint_4,right_joint_5,right_joint_6,right_joint_7,-90.4573,-90.0759,90.0495,-89.926,-0.0582,-0.4934,0.0955,,
1780128062,493739307,right_base_state,right_joint_1,right_joint_2,right_joint_3,right_joint_4,right_joint_5,right_joint_6,right_joint_7,-90.4573,-90.0759,90.0495,-89.926,-0.0582,-0.4935,0.0955,,
1780128062,503716863,right_base_state,right_joint_1,right_joint_2,right_joint_3,right_joint_4,right_joint_5,right_joint_6,right_joint_7,-90.4573,-90.0759,90.0495,-89.926,-0.0582,-0.4935,0.0955,,
1780128062,513653473,right_base_state,right_joint_1,right_joint_2,right_joint_3,right_joint_4,right_joint_5,right_joint_6,right_joint_7,-90.4573,-90.0759,90.0495,-89.926,-0.0583,-0.4934,0.0955,,
1780128062,523679873,right_base_state,right_joint_1,right_joint_2,right_joint_3,right_joint_4,right_joint_5,right_joint_6,right_joint_7,-90.4573,-90.0759,90.0495,-89.926,-0.0582,-0.4934,0.0955,,
1780128062,533846841,right_base_state,right_joint_1,right_joint_2,right_joint_3,right_joint_4,right_joint_5,right_joint_6,right_joint_7,-90.4573,-90.0759,90.0495,-89.926,-0.0582,-0.4935,0.0955,,
1780128062,543791339,right_base_state,right_joint_1,right_joint_2,right_joint_3,right_joint_4,right_joint_5,right_joint_6,right_joint_7,-90.4573,-90.0759,90.0495,-89.926,-0.0582,-0.4934,0.0955,,
1780128062,553717396,right_base_state,right_joint_1,right_joint_2,right_joint_3,right_joint_4,right_joint_5,right_joint_6,right_joint_7,-90.4573,-90.0759,90.0495,-89.926,-0.0583,-0.4935,0.0955,,
1780128062,563834307,right_base_state,right_joint_1,right_joint_2,right_joint_3,right_joint_4,right_joint_5,right_joint_6,right_joint_7,-90.4573,-90.0759,90.0495,-89.926,-0.0582,-0.4935,0.0955,,
1780128062,573650901,right_base_state,right_joint_1,right_joint_2,right_joint_3,right_joint_4,right_joint_5,right_joint_6,right_joint_7,-90.4573,-90.0759,90.0495,-89.926,-0.0582,-0.4935,0.0955,,
1780128062,583649120,right_base_state,right_joint_1,right_joint_2,right_joint_3,right_joint_4,right_joint_5,right_joint_6,right_joint_7,-90.4573,-90.0759,90.0495,-89.926,-0.0583,-0.4935,0.0955,,
1780128062,593921548,right_base_state,right_joint_1,right_joint_2,right_joint_3,right_joint_4,right_joint_5,right_joint_6,right_joint_7,-90.4573,-90.0759,90.0495,-89.926,-0.0582,-0.4934,0.0955,,
1780128062,603648710,right_base_state,right_joint_1,right_joint_2,right_joint_3,right_joint_4,right_joint_5,right_joint_6,right_joint_7,-90.4573,-90.0759,90.0495,-89.926,-0.0583,-0.4935,0.0955,,
1780128062,613844439,right_base_state,right_joint_1,right_joint_2,right_joint_3,right_joint_4,right_joint_5,right_joint_6,right_joint_7,-90.4573,-90.0759,90.0495,-89.926,-0.0582,-0.4934,0.0955,,
1780128062,623831749,right_base_state,right_joint_1,right_joint_2,right_joint_3,right_joint_4,right_joint_5,right_joint_6,right_joint_7,-90.4573,-90.0759,90.0495,-89.926,-0.0583,-0.4934,0.0955,,
1780128062,633898567,right_base_state,right_joint_1,right_joint_2,right_joint_3,right_joint_4,right_joint_5,right_joint_6,right_joint_7,-90.4573,-90.0759,90.0495,-89.926,-0.0582,-0.4934,0.0955,,
1780128062,643986207,right_base_state,right_joint_1,right_joint_2,right_joint_3,right_joint_4,right_joint_5,right_joint_6,right_joint_7,-90.4573,-90.0759,90.0495,-89.926,-0.0582,-0.4935,0.0955,,
1780128062,653588917,right_base_state,right_joint_1,right_joint_2,right_joint_3,right_joint_4,right_joint_5,right_joint_6,right_joint_7,-90.4573,-90.0759,90.0495,-89.926,-0.0582,-0.4935,0.0955,,
1780128062,663740347,right_base_state,right_joint_1,right_joint_2,right_joint_3,right_joint_4,right_joint_5,right_joint_6,right_joint_7,-90.4573,-90.0759,90.0495,-89.926,-0.0582,-0.4935,0.0955,,
1780128062,673826490,right_base_state,right_joint_1,right_joint_2,right_joint_3,right_joint_4,right_joint_5,right_joint_6,right_joint_7,-90.4573,-90.0759,90.0495,-89.926,-0.0582,-0.4935,0.0955,,
1780128062,683724098,right_base_state,right_joint_1,right_joint_2,right_joint_3,right_joint_4,right_joint_5,right_joint_6,right_joint_7,-90.4573,-90.0759,90.0495,-89.926,-0.0583,-0.4935,0.0955,,
1780128062,693868300,right_base_state,right_joint_1,right_joint_2,right_joint_3,right_joint_4,right_joint_5,right_joint_6,right_joint_7,-90.4573,-90.0759,90.0495,-89.926,-0.0582,-0.4935,0.0955,,
1780128062,703668664,right_base_state,right_joint_1,right_joint_2,right_joint_3,right_joint_4,right_joint_5,right_joint_6,right_joint_7,-90.4573,-90.0759,90.0495,-89.926,-0.0582,-0.4934,0.0955,,
1780128062,713881375,right_base_state,right_joint_1,right_joint_2,right_joint_3,right_joint_4,right_joint_5,right_joint_6,right_joint_7,-90.4573,-90.0759,90.0495,-89.926,-0.0582,-0.4935,0.0955,,
1780128062,723862243,right_base_state,right_joint_1,right_joint_2,right_joint_3,right_joint_4,right_joint_5,right_joint_6,right_joint_7,-90.4573,-90.0759,90.0495,-89.926,-0.0582,-0.4935,0.0955,,
1780128062,733817681,right_base_state,right_joint_1,right_joint_2,right_joint_3,right_joint_4,right_joint_5,right_joint_6,right_joint_7,-90.4573,-90.0759,90.0495,-89.926,-0.0582,-0.4935,0.0955,,
1780128062,743971015,right_base_state,right_joint_1,right_joint_2,right_joint_3,right_joint_4,right_joint_5,right_joint_6,right_joint_7,-90.4573,-90.0759,90.0495,-89.926,-0.0582,-0.4934,0.0955,,
1780128062,753623177,right_base_state,right_joint_1,right_joint_2,right_joint_3,right_joint_4,right_joint_5,right_joint_6,right_joint_7,-90.4573,-90.0759,90.0495,-89.926,-0.0583,-0.4935,0.0955,,
1780128062,763770400,right_base_state,right_joint_1,right_joint_2,right_joint_3,right_joint_4,right_joint_5,right_joint_6,right_joint_7,-90.4573,-90.0759,90.0495,-89.926,-0.0583,-0.4935,0.0955,,
