1780128038,154453835,right_base_cmd,right_joint_1,right_joint_2,right_joint_3,right_joint_4,right_joint_5,right_joint_6,right_joint_7,-95.45276253742045,-77.75877773029994,95.09761175260329,-95.22378588520861,-71.87129607126468,6.354839601724457,17.01215406395015,,
1780128038,164570186,right_base_cmd,right_joint_1,right_joint_2,right_joint_3,right_joint_4,right_joint_5,right_joint_6,right_joint_7,-95.50100396569482,-77.766587595881,95.07408577900642,-95.234511905927,-71.86995766252772,6.366534911965637,16.939846525475488,,
1780128038,174842779,right_base_cmd,right_joint_1,right_joint_2,right_joint_3,right_joint_4,right_joint_5,right_joint_6,right_joint_7,-95.50378383794813,-77.7640636126787,95.07042343747483,-95.23232058405178,-71.87227584579807,6.362947852268071,16.91413018448405,,
1780128038,184510024,right_base_cmd,right_joint_1,right_joint_2,right_joint_3,right_joint_4,right_joint_5,right_joint_6,right_joint_7,-95.4897612175337,-77.76470288504028,95.07873817403825,-95.22924539837722,-71.88284996053949,6.348529908532392,16.91008789122604,,
1780128038,194601124,right_base_cmd,right_joint_1,right_joint_2,right_joint_3,right_joint_4,right_joint_5,right_joint_6,right_joint_7,-95.49044101518538,-77.76091997066949,95.0687612760523,-95.21602190868113,-71.88322249220448,6.346753963592342,16.867679432554027,,
1780128038,204623752,right_base_cmd,right_joint_1,right_joint_2,right_joint_3,right_joint_4,right_joint_5,right_joint_6,right_joint_7,-95.4829495899476,-77.76185358346511,95.06210263451956,-95.19572553871843,-71.88807178502697,6.337474003185783,16.819346892375663,,
1780128038,214799758,right_base_cmd,right_joint_1,right_joint_2,right_joint_3,right_joint_4,right_joint_5,right_joint_6,right_joint_7,-95.44057407740812,-77.7668975555061,95.05104614805182,-95.14996236380155,-71.89024957825927,6.322905334326158,16.746041183037207,,
1780128038,224807117,right_base_cmd,right_joint_1,right_joint_2,right_joint_3,right_joint_4,right_joint_5,right_joint_6,right_joint_7,-95.41143214904238,-77.77494722669259,95.06539637143217,-95.12244505116014,-71.89634000589786,6.289640082714705,16.688565628679598,,
1780128038,234588003,right_base_cmd,right_joint_1,right_joint_2,right_joint_3,right_joint_4,right_joint_5,right_joint_6,right_joint_7,-95.40037113829189,-77.7843738887919,95.06298334424619,-95.09323622189136,-71.90269608592746,6.2709482262866985,16.61008970838752,,
1780128038,244842102,right_base_cmd,right_joint_1,right_joint_2,right_joint_3,right_joint_4,right_joint_5,right_joint_6,right_joint_7,-95.36163799243363,-77.79433744105951,95.08530819678268,-95.06415318738642,-71.91410359985753,6.2321363155350085,16.57079413408495,,
1780128038,254659541,right_base_cmd,right_joint_1,right_joint_2,right_joint_3,right_joint_4,right_joint_5,right_joint_6,right_joint_7,-95.3716783442986,-77.80774937849004,95.08369199675579,-95.05725236862817,-71.92513337317155,6.22261032393272,16.512404914387318,,
1780128038,264926891,right_base_cmd,right_joint_1,right_joint_2,right_joint_3,right_joint_4,right_joint_5,right_joint_6,right_joint_7,-95.37685165581755,-77.8184984086155,95.07686978866823,-95.0500902972371,-71.93178001201699,6.229346763225756,16.451589533323826,,
1780128038,274788295,right_base_cmd,right_joint_1,right_joint_2,right_joint_3,right_joint_4,right_joint_5,right_joint_6,right_joint_7,-95.38217555569182,-77.81081013347377,95.0562460619033,-95.0398493508168,-71.91738983178232,6.2508493499885915,16.3898859557862,,
1780128038,284996066,right_base_cmd,right_joint_1,right_joint_2,right_joint_3,right_joint_4,right_joint_5,right_joint_6,right_joint_7,-95.39850316731597,-77.81571934104672,95.02856146075518,-95.0136377314932,-71.90168137623738,6.265623804059892,16.294575885967433,,
1780128038,294738153,right_base_cmd,right_joint_1,right_joint_2,right_joint_3,right_joint_4,right_joint_5,right_joint_6,right_joint_7,-95.39269725607662,-77.81017655294961,95.00569235897345,-94.98975810603646,-71.87829323597668,6.271995337877293,16.227756362621605,,
1780128038,304225079,right_base_cmd,right_joint_1,right_joint_2,right_joint_3,right_joint_4,right_joint_5,right_joint_6,right_joint_7,-95.35548612188686,-77.80970760827798,94.98331865805355,-94.94012039715416,-71.85880108755185,6.2443864875148805,16.154406620167478,,
1780128038,314860934,right_base_cmd,right_joint_1,right_joint_2,right_joint_3,right_joint_4,right_joint_5,right_joint_6,right_joint_7,-95.34448124607044,-77.84643250434449,94.9992194419934,-94.91426935094957,-71.8762723195918,6.175715983368214,16.099852395864886,,
1780128038,324405262,right_base_cmd,right_joint_1,right_joint_2,right_joint_3,right_joint_4,right_joint_5,right_joint_6,right_joint_7,-95.35475750380155,-77.8531384173594,94.97391582452317,-94.88910166662806,-71.8641779484704,6.143945243912249,16.025757954750176,,
1780128038,334570873,right_base_cmd,right_joint_1,right_joint_2,right_joint_3,right_joint_4,right_joint_5,right_joint_6,right_joint_7,-95.35129253062601,-77.85991094482269,94.96715693363157,-94.87332671114633,-71.85593054442955,6.092154351374525,15.989645238845796,,
1780128038,344691086,right_base_cmd,right_joint_1,right_joint_2,right_joint_3,right_joint_4,right_joint_5,right_joint_6,right_joint_7,-95.34436290658212,-77.86647327231732,94.95933906821031,-94.86280405731601,-71.84630164310539,6.039479986075101,15.959956344876431,,
1780128038,354371702,right_base_cmd,right_joint_1,right_joint_2,right_joint_3,right_joint_4,right_joint_5,right_joint_6,right_joint_7,-95.34677946248988,-77.86778713716332,94.91379277778938,-94.83622504833535,-71.81860198437442,5.996690395397884,15.888817605566302,,
1780128038,364898836,right_base_cmd,right_joint_1,right_joint_2,right_joint_3,right_joint_4,right_joint_5,right_joint_6,right_joint_7,-95.36046639484326,-77.85821821780515,94.87725007983917,-94.82181599443796,-71.78619821227767,5.957254553076787,15.829334639485623,,
1780128038,374576763,right_base_cmd,right_joint_1,right_joint_2,right_joint_3,right_joint_4,right_joint_5,right_joint_6,right_joint_7,-95.36266219772043,-77.85156896137836,94.85539056164023,-94.80428604604721,-71.76033549000067,5.905959086869366,15.787123273591916,,
1780128038,384634320,right_base_cmd,right_joint_1,right_joint_2,right_joint_3,right_joint_4,right_joint_5,right_joint_6,right_joint_7,-95.37000385053298,-77.84482681357396,94.82774050638787,-94.79166761352293,-71.73863292998692,5.862587143644937,15.746815355225223,,
1780128038,394497515,right_base_cmd,right_joint_1,right_joint_2,right_joint_3,right_joint_4,right_joint_5,right_joint_6,right_joint_7,-95.38726556994871,-77.84022046934662,94.80523387989379,-94.78962068789271,-71.73002790385101,5.814087660227592,15.717098072046483,,
1780128038,405601771,right_base_cmd,right_joint_1,right_joint_2,right_joint_3,right_joint_4,right_joint_5,right_joint_6,right_joint_7,-95.38901758366634,-77.85221568672144,94.79985848581592,-94.78442950977212,-71.76137759515109,5.714635310441118,15.713984847464118,,
1780128038,417055011,right_base_cmd,right_joint_1,right_joint_2,right_joint_3,right_joint_4,right_joint_5,right_joint_6,right_joint_7,-95.38348407439392,-77.86423140899667,94.80405887197239,-94.76984005658615,-71.79512188543112,5.600293494839782,15.710085614835961,,
1780128038,425132680,right_base_cmd,right_joint_1,right_joint_2,right_joint_3,right_joint_4,right_joint_5,right_joint_6,right_joint_7,-95.40924252969413,-77.86337744981377,94.79097076203348,-94.76475950841235,-71.81181632432231,5.506975255054336,15.67738673409933,,
1780128038,435000484,right_base_cmd,right_joint_1,right_joint_2,right_joint_3,right_joint_4,right_joint_5,right_joint_6,right_joint_7,-95.40731255668138,-77.88630337325624,94.77852422332316,-94.73648984640006,-71.83922616510563,5.398870770228264,15.644338284508635,,
1780128038,445462597,right_base_cmd,right_joint_1,right_joint_2,right_joint_3,right_joint_4,right_joint_5,right_joint_6,right_joint_7,-95.42476636946233,-77.89808369621132,94.75932686056703,-94.72253663380828,-71.84701599680648,5.29977474191174,15.600084059887237,,
1780128038,454351310,right_base_cmd,right_joint_1,right_joint_2,right_joint_3,right_joint_4,right_joint_5,right_joint_6,right_joint_7,-95.42437221866751,-77.89473414333612,94.66518227772534,-94.69086042041012,-71.80579169333271,5.247870917933774,15.523731820402801,,
1780128038,464357075,right_base_cmd,right_joint_1,right_joint_2,right_joint_3,right_joint_4,right_joint_5,right_joint_6,right_joint_7,-95.41605738161215,-77.9309107517799,94.6578133463448,-94.65979937450551,-71.7932484168951,5.128370812455621,15.475558418259808,,
1780128038,474764550,right_base_cmd,right_joint_1,right_joint_2,right_joint_3,right_joint_4,right_joint_5,right_joint_6,right_joint_7,-95.41130269567302,-77.9436073470143,94.6168375147528,-94.62688474441565,-71.74277826721618,5.053449936020691,15.400255179795394,,
1780128038,485082186,right_base_cmd,right_joint_1,right_joint_2,right_joint_3,right_joint_4,right_joint_5,right_joint_6,right_joint_7,-95.39837801271145,-77.95507309685912,94.54890085680134,-94.57733264786022,-71.66654401793357,4.992534870103448,15.298974317075803,,
1780128038,494869163,right_base_cmd,right_joint_1,right_joint_2,right_joint_3,right_joint_4,right_joint_5,right_joint_6,right_joint_7,-95.39509049730671,-77.96447381182067,94.48865050316138,-94.5419452285209,-71.57412564900687,4.92440481394312,15.208435713782066,,
1780128038,504600872,right_base_cmd,right_joint_1,right_joint_2,right_joint_3,right_joint_4,right_joint_5,right_joint_6,right_joint_7,-95.40769053427104,-77.95408942799192,94.25989784388352,-94.47482496203061,-71.39966966634802,4.924109129495612,15.032676786588738,,
1780128038,515509008,right_base_cmd,right_joint_1,right_joint_2,right_joint_3,right_joint_4,right_joint_5,right_joint_6,right_joint_7,-95.4023344274909,-78.00207459559444,94.18630687410493,-94.43227018195729,-71.26411129042094,4.743682976419514,14.976390247450567,,
1780128038,524627848,right_base_cmd,right_joint_1,right_joint_2,right_joint_3,right_joint_4,right_joint_5,right_joint_6,right_joint_7,-95.40461583376921,-78.06031892392242,94.14934608593884,-94.41078887350524,-71.13296309626975,4.522822670734918,14.954118789324738,,
1780128038,534810990,right_base_cmd,right_joint_1,right_joint_2,right_joint_3,right_joint_4,right_joint_5,right_joint_6,right_joint_7,-95.3989752399178,-78.12710856162046,94.08562481206783,-94.375541131704,-71.00261429874195,4.296791539384465,14.9346842380384,,
1780128038,545315916,right_base_cmd,right_joint_1,right_joint_2,right_joint_3,right_joint_4,right_joint_5,right_joint_6,right_joint_7,-95.39082104979346,-78.20820554494863,94.02122861570243,-94.34278184832495,-70.88319091597043,4.040987591454616,14.934110983080515,,
1780128038,554302063,right_base_cmd,right_joint_1,right_joint_2,right_joint_3,right_joint_4,right_joint_5,right_joint_6,right_joint_7,-95.35708885555587,-78.32263715611602,93.77942161719594,-94.25706463443971,-70.7558503145529,3.7605134086734395,14.89892739711631,,
1780128038,564362092,right_base_cmd,right_joint_1,right_joint_2,right_joint_3,right_joint_4,right_joint_5,right_joint_6,right_joint_7,-95.34801941931394,-78.36098180336298,93.68876935286002,-94.21098633606302,-70.57947155219972,3.3645399764069523,14.950929995774445,,
1780128038,574691296,right_base_cmd,right_joint_1,right_joint_2,right_joint_3,right_joint_4,right_joint_5,right_joint_6,right_joint_7,-95.3051475269497,-78.41418444246717,93.60436156380794,-94.14892183113353,-70.46285290157039,2.944218489465193,15.038860153353298,,
1780128038,585094205,right_base_cmd,right_joint_1,right_joint_2,right_joint_3,right_joint_4,right_joint_5,right_joint_6,right_joint_7,-95.2188592167353,-78.4911579750388,93.55324969484658,-94.06464721547748,-70.40869401999402,2.4638978053458302,15.17571825214479,,
1780128038,595318279,right_base_cmd,right_joint_1,right_joint_2,right_joint_3,right_joint_4,right_joint_5,right_joint_6,right_joint_7,-95.13877873968696,-78.56920044880117,93.48284403073748,-93.98203358804336,-70.39509154970881,1.9676565566426305,15.312140743679365,,
1780128038,604358084,right_base_cmd,right_joint_1,right_joint_2,right_joint_3,right_joint_4,right_joint_5,right_joint_6,right_joint_7,-95.05677442386886,-78.65547011594909,93.40313961227704,-93.89029521804402,-70.42896602452458,1.4417527159870431,15.442325014700756,,
1780128038,614572115,right_base_cmd,right_joint_1,right_joint_2,right_joint_3,right_joint_4,right_joint_5,right_joint_6,right_joint_7,-94.8680635065177,-78.772417425222,93.10738698447497,-93.70206444698239,-70.57134577975569,0.8005940824350617,15.572731732505858,,
1780128038,624426109,right_base_cmd,right_joint_1,right_joint_2,right_joint_3,right_joint_4,right_joint_5,right_joint_6,right_joint_7,-94.70932435852811,-78.81919035558606,93.05664416032326,-93.55595794771251,-70.66342850726244,-0.059444586759461515,15.792767360360003,,
1780128038,634582878,right_base_cmd,right_joint_1,right_joint_2,right_joint_3,right_joint_4,right_joint_5,right_joint_6,right_joint_7,-94.5926616767529,-78.86142904704612,92.99338311720723,-93.43518142749936,-70.78242644269301,-0.9123836959571392,16.000070752544147,,
1780128038,644515393,right_base_cmd,right_joint_1,right_joint_2,right_joint_3,right_joint_4,right_joint_5,right_joint_6,right_joint_7,-94.47513611962549,-78.9028822738526,92.90590846226948,-93.32495133719404,-70.94007383783475,-1.7851454585615372,16.239518123363254,,
1780128038,654255970,right_base_cmd,right_joint_1,right_joint_2,right_joint_3,right_joint_4,right_joint_5,right_joint_6,right_joint_7,-94.26097735742533,-78.97503493024318,92.61862572928587,-93.19520872368413,-71.28458423413991,-2.857703790317423,16.654741944584472,,
1780128038,667689696,right_base_cmd,right_joint_1,right_joint_2,right_joint_3,right_joint_4,right_joint_5,right_joint_6,right_joint_7,-94.10540816305891,-79.0552559312542,92.65275559835177,-93.08671460892232,-71.61571187771227,-4.133412651381882,17.108436572660295,,
1780128038,674742991,right_base_cmd,right_joint_1,right_joint_2,right_joint_3,right_joint_4,right_joint_5,right_joint_6,right_joint_7,-93.98152333711388,-79.14567955942125,92.69525452064877,-93.01765439212996,-71.98592975285112,-5.364709828195821,17.566138023765163,,
1780128038,684550951,right_base_cmd,right_joint_1,right_joint_2,right_joint_3,right_joint_4,right_joint_5,right_joint_6,right_joint_7,-93.85265621901235,-79.22204606424027,92.72053580886782,-92.95381488599521,-72.37230042866736,-6.5612434534006,18.02436168749925,,
1780128038,694574229,right_base_cmd,right_joint_1,right_joint_2,right_joint_3,right_joint_4,right_joint_5,right_joint_6,right_joint_7,-93.71566074509545,-79.28076106478666,92.72112316774806,-92.88088994678408,-72.75494849137004,-7.733017971745191,18.464899637873756,,
1780128038,704605509,right_base_cmd,right_joint_1,right_joint_2,right_joint_3,right_joint_4,right_joint_5,right_joint_6,right_joint_7,-93.5671105061983,-79.35801338187225,92.73760947376118,-92.79546405301848,-73.16000809812323,-8.93778946976908,18.904407701868294,,
1780128038,714322165,right_base_cmd,right_joint_1,right_joint_2,right_joint_3,right_joint_4,right_joint_5,right_joint_6,right_joint_7,-93.3952835730768,-79.5173955098527,92.54216492832657,-92.73523863114418,-73.75815523260042,-10.435789906818904,19.495257359046136,,
1780128038,724504011,right_base_cmd,right_joint_1,right_joint_2,right_joint_3,right_joint_4,right_joint_5,right_joint_6,right_joint_7,-93.22686032641562,-79.61416824956548,92.65950435855595,-92.65991391182878,-74.18522952811742,-12.046810406132913,20.099901179301625,,
1780128038,734457821,right_base_cmd,right_joint_1,right_joint_2,right_joint_3,right_joint_4,right_joint_5,right_joint_6,right_joint_7,-93.09241968053291,-79.70606316067536,92.73801270819169,-92.60311925096785,-74.54689451615548,-13.566355520731854,20.668647042524057,,
1780128038,745661827,right_base_cmd,right_joint_1,right_joint_2,right_joint_3,right_joint_4,right_joint_5,right_joint_6,right_joint_7,-92.98642607544,-79.79191906624557,92.79266710927672,-92.57304118239672,-74.83941212097983,-15.028965791357614,21.239974251840167,,
1780128038,755756996,right_base_cmd,right_joint_1,right_joint_2,right_joint_3,right_joint_4,right_joint_5,right_joint_6,right_joint_7,-92.88861091944952,-79.90870102514943,92.65155533945025,-92.62418081764538,-75.14649995360008,-16.672229524020047,22.011323451913526,,
1780128038,764368934,right_base_cmd,right_joint_1,right_joint_2,right_joint_3,right_joint_4,right_joint_5,right_joint_6,right_joint_7,-92.74610404657099,-79.9863170711729,92.76180312981805,-92.57679308108983,-75.34445676893057,-18.389998487322707,22.72694421786666,,
1780128038,774519452,right_base_cmd,right_joint_1,right_joint_2,right_joint_3,right_joint_4,right_joint_5,right_joint_6,right_joint_7,-92.59706736139563,-80.04664951144032,92.83687471046883,-92.52624307873272,-75.49546897378582,-19.912224271404106,23.33769473776134,,
1780128038,784497598,right_base_cmd,right_joint_1,right_joint_2,right_joint_3,right_joint_4,right_joint_5,right_joint_6,right_joint_7,-92.466237173015,-80.09575532807624,92.83052583933406,-92.45275221343822,-75.62524934225894,-21.2639231388789,23.810667638438233,,
1780128038,794699901,right_base_cmd,right_joint_1,right_joint_2,right_joint_3,right_joint_4,right_joint_5,right_joint_6,right_joint_7,-92.32282570370566,-80.12463371467074,92.81770436534092,-92.34657671393485,-75.70904564770893,-22.538865127286947,24.19718631216459,,
1780128038,804357483,right_base_cmd,right_joint_1,right_joint_2,right_joint_3,right_joint_4,right_joint_5,right_joint_6,right_joint_7,-92.20537795965524,-80.1474044844203,92.57001114095843,-92.27101092985949,-75.77846197199113,-23.881242410698796,24.576971917943453,,
1780128038,815272419,right_base_cmd,right_joint_1,right_joint_2,right_joint_3,right_joint_4,right_joint_5,right_joint_6,right_joint_7,-92.05774814556966,-80.21633044356078,92.63235699406286,-92.1436602707998,-75.83081229209,-25.35122639769616,24.96380238542467,,
1780128038,824567270,right_base_cmd,right_joint_1,right_joint_2,right_joint_3,right_joint_4,right_joint_5,right_joint_6,right_joint_7,-92.00040577829404,-80.23790039278232,92.60482996742357,-92.07418464912458,-75.84019071498193,-26.59947833069048,25.25306741744889,,
1780128038,834555736,right_base_cmd,right_joint_1,right_joint_2,right_joint_3,right_joint_4,right_joint_5,right_joint_6,right_joint_7,-91.90770258868272,-80.24525675351568,92.58270304959578,-91.98566191491234,-75.79518086196487,-27.739459446615392,25.554794051127246,,
1780128038,844514746,right_base_cmd,right_joint_1,right_joint_2,right_joint_3,right_joint_4,right_joint_5,right_joint_6,right_joint_7,-91.84359228793923,-80.24648208675599,92.52044667065732,-91.91981422858909,-75.72133406859353,-28.751830898625478,25.837968755354822,,
1780128038,854463758,right_base_cmd,right_joint_1,right_joint_2,right_joint_3,right_joint_4,right_joint_5,right_joint_6,right_joint_7,-91.90376765112742,-80.21929582970706,92.20691131802161,-91.9500638106032,-75.55312059970515,-29.685291410287782,26.125143941054247,,
1780128038,864675902,right_base_cmd,right_joint_1,right_joint_2,right_joint_3,right_joint_4,right_joint_5,right_joint_6,right_joint_7,-91.8376791671723,-80.19372245897257,92.14872469436634,-91.88117711522916,-75.3153353049828,-30.706059218306727,26.49405492195966,,
1780128038,874483213,right_base_cmd,right_joint_1,right_joint_2,right_joint_3,right_joint_4,right_joint_5,right_joint_6,right_joint_7,-91.80828461582601,-80.17453678673498,92.08950696527799,-91.84813871706798,-75.06198920559757,-31.563803770672273,26.871398049677097,,
1780128038,885003358,right_base_cmd,right_joint_1,right_joint_2,right_joint_3,right_joint_4,right_joint_5,right_joint_6,right_joint_7,-91.76440101430708,-80.16027046687118,92.0299577014409,-91.8126927419719,-74.78954991870967,-32.32910078970706,27.2760756859942,,
1780128038,895222127,right_base_cmd,right_joint_1,right_joint_2,right_joint_3,right_joint_4,right_joint_5,right_joint_6,right_joint_7,-91.78936803397303,-80.12166304105251,91.89056825599525,-91.84210932691356,-74.47943803253258,-33.01362796990673,27.72500448413159,,
1780128038,905410358,right_base_cmd,right_joint_1,right_joint_2,right_joint_3,right_joint_4,right_joint_5,right_joint_6,right_joint_7,-91.7351705190678,-80.11565329095403,91.89717348257622,-91.81030624660617,-74.2083116261282,-33.69114445336924,28.191882496029663,,
1780128038,914426343,right_base_cmd,right_joint_1,right_joint_2,right_joint_3,right_joint_4,right_joint_5,right_joint_6,right_joint_7,-91.85730951677172,-80.03629427009709,91.61450927010915,-91.9521177195498,-73.89318899586237,-34.23052467179718,28.73342639332786,,
1780128038,925158554,right_base_cmd,right_joint_1,right_joint_2,right_joint_3,right_joint_4,right_joint_5,right_joint_6,right_joint_7,-91.83206360603648,-79.97298880286975,91.50994385760262,-91.95246835092236,-73.6029156644305,-34.91562814605492,29.32090265960487,,
1780128038,935697373,right_base_cmd,right_joint_1,right_joint_2,right_joint_3,right_joint_4,right_joint_5,right_joint_6,right_joint_7,-91.75366955684788,-79.94607228533563,91.49356550838385,-91.9253285319278,-73.36387944590456,-35.55641841185871,29.886647023624548,,
1780128038,944704134,right_base_cmd,right_joint_1,right_joint_2,right_joint_3,right_joint_4,right_joint_5,right_joint_6,right_joint_7,-91.7228502343419,-79.91463503538809,91.43486156579397,-91.9388000334891,-73.16919940657385,-36.099377117173326,30.405744332512185,,
1780128038,954555008,right_base_cmd,right_joint_1,right_joint_2,right_joint_3,right_joint_4,right_joint_5,right_joint_6,right_joint_7,-91.70623505668314,-79.89331283385208,91.35863864029395,-91.9462626879373,-73.0100359405069,-36.601268524962556,30.89207325601403,,
1780128038,964741888,right_base_cmd,right_joint_1,right_joint_2,right_joint_3,right_joint_4,right_joint_5,right_joint_6,right_joint_7,-91.75263807784953,-79.80500221928948,91.1698736775356,-92.05720484055901,-72.8006323944154,-37.053291161269776,31.498797958190877,,
1780128038,974390582,right_base_cmd,right_joint_1,right_joint_2,right_joint_3,right_joint_4,right_joint_5,right_joint_6,right_joint_7,-91.69908453751171,-79.78242131902859,91.14653931566633,-92.07424295772593,-72.64667703292787,-37.55072860980527,32.06826728997832,,
1780128038,985124768,right_base_cmd,right_joint_1,right_joint_2,right_joint_3,right_joint_4,right_joint_5,right_joint_6,right_joint_7,-91.67485471524728,-79.74824230785659,91.09095839264225,-92.10871538930338,-72.54292271556108,-37.93598508269428,32.52515644131567,,
1780128038,994694808,right_base_cmd,right_joint_1,right_joint_2,right_joint_3,right_joint_4,right_joint_5,right_joint_6,right_joint_7,-91.61266601414044,-79.71803135734378,91.02948357557781,-92.09698136514199,-72.498797904735,-38.30206200944951,32.896713836510955,,
1780128039,5142294,right_base_cmd,right_joint_1,right_joint_2,right_joint_3,right_joint_4,right_joint_5,right_joint_6,right_joint_7,-91.56639588609383,-79.69327796697964,90.98097975772842,-92.10118134213839,-72.48016100932279,-38.65284673433796,33.2143891547323,,
1780128039,14602984,right_base_cmd,right_joint_1,right_joint_2,right_joint_3,right_joint_4,right_joint_5,right_joint_6,right_joint_7,-91.56512687578552,-79.63212642753759,90.84721697763567,-92.16833963017889,-72.44586710562493,-39.004149914894406,33.54192353745201,,
1780128039,24854149,right_base_cmd,right_joint_1,right_joint_2,right_joint_3,right_joint_4,right_joint_5,right_joint_6,right_joint_7,-91.53950414573458,-79.61423273811813,90.80184508187952,-92.1673048339435,-72.45219082870557,-39.388922242425274,33.80905947013461,,
1780128039,34959323,right_base_cmd,right_joint_1,right_joint_2,right_joint_3,right_joint_4,right_joint_5,right_joint_6,right_joint_7,-91.52092280876704,-79.59396506877569,90.77124255816844,-92.19004022383417,-72.42908924388058,-39.70118279698584,34.052055653498414,,
1780128039,44609818,right_base_cmd,right_joint_1,right_joint_2,right_joint_3,right_joint_4,right_joint_5,right_joint_6,right_joint_7,-91.51759032486515,-79.58107008419769,90.7299310822336,-92.21495075298857,-72.4117458726243,-39.9493829686238,34.23790061971344,,
1780128039,54376171,right_base_cmd,right_joint_1,right_joint_2,right_joint_3,right_joint_4,right_joint_5,right_joint_6,right_joint_7,-91.6051471602776,-79.55516291293812,90.6247768134318,-92.32599850460191,-72.3546621070139,-40.11639725589469,34.39656705946253,,
1780128039,64534170,right_base_cmd,right_joint_1,right_joint_2,right_joint_3,right_joint_4,right_joint_5,right_joint_6,right_joint_7,-91.57202975141675,-79.55292578810834,90.61372574437073,-92.31882698787582,-72.2722832307303,-40.34893397452867,34.5715016831882,,
1780128039,74471254,right_base_cmd,right_joint_1,right_joint_2,right_joint_3,right_joint_4,right_joint_5,right_joint_6,right_joint_7,-91.59827311584743,-79.5667447940644,90.59468907305867,-92.35303013658297,-72.19849343887694,-40.51539853167616,34.6999270745216,,
1780128039,84667285,right_base_cmd,right_joint_1,right_joint_2,right_joint_3,right_joint_4,right_joint_5,right_joint_6,right_joint_7,-91.63199657507644,-79.59363286915034,90.60134258068715,-92.40131808149995,-72.11601544278676,-40.669184535077356,34.832246589192366,,
1780128039,94645651,right_base_cmd,right_joint_1,right_joint_2,right_joint_3,right_joint_4,right_joint_5,right_joint_6,right_joint_7,-91.66628043633486,-79.62535325478923,90.59908838795636,-92.44236784826616,-72.03841028678931,-40.79066270019472,34.943144480935175,,
1780128039,104329029,right_base_cmd,right_joint_1,right_joint_2,right_joint_3,right_joint_4,right_joint_5,right_joint_6,right_joint_7,-91.69503413098326,-79.65495819861935,90.59632447774865,-92.47673995357833,-71.95889388241352,-40.89765261959837,35.042468369419325,,
1780128039,114272779,right_base_cmd,right_joint_1,right_joint_2,right_joint_3,right_joint_4,right_joint_5,right_joint_6,right_joint_7,-91.7611105056433,-79.70429949427604,90.55926963701862,-92.55039820864262,-71.88251564532516,-40.9986278382384,35.137468281305516,,
1780128039,124762657,right_base_cmd,right_joint_1,right_joint_2,right_joint_3,right_joint_4,right_joint_5,right_joint_6,right_joint_7,-91.79492380318621,-79.70924603456923,90.50097227662124,-92.56302408493498,-71.80775317034261,-41.076291946595056,35.16330194757687,,
1780128039,134449492,right_base_cmd,right_joint_1,right_joint_2,right_joint_3,right_joint_4,right_joint_5,right_joint_6,right_joint_7,-91.82670174810781,-79.72555271179375,90.47729069212707,-92.59634338698176,-71.72827730387513,-41.161093910926574,35.21701473438712,,
1780128039,144516689,right_base_cmd,right_joint_1,right_joint_2,right_joint_3,right_joint_4,right_joint_5,right_joint_6,right_joint_7,-91.849800674526,-79.75069195778225,90.4421550301224,-92.60162797469805,-71.67663001110708,-41.2369882872403,35.23672039792278,,
1780128039,154275685,right_base_cmd,right_joint_1,right_joint_2,right_joint_3,right_joint_4,right_joint_5,right_joint_6,right_joint_7,-91.90918450974934,-79.80052128657708,90.3834523498808,-92.65001585500131,-71.62333997828654,-41.3089451803832,35.274602793785945,,
1780128039,164381824,right_base_cmd,right_joint_1,right_joint_2,right_joint_3,right_joint_4,right_joint_5,right_joint_6,right_joint_7,-91.9136964429517,-79.8192620288681,90.38181508785723,-92.66474154002869,-71.53497880217526,-41.42083258936719,35.34897887328326,,
1780128039,174488071,right_base_cmd,right_joint_1,right_joint_2,right_joint_3,right_joint_4,right_joint_5,right_joint_6,right_joint_7,-91.9155831754434,-79.84533727690685,90.37486232713948,-92.67036022649798,-71.47718820808234,-41.51907056081432,35.40470337920503,,
1780128039,185807027,right_base_cmd,right_joint_1,right_joint_2,right_joint_3,right_joint_4,right_joint_5,right_joint_6,right_joint_7,-91.8919799831385,-79.87787347545425,90.37624373870224,-92.65891741173864,-71.43672579001782,-41.622625057448424,35.46610022339608,,
1780128039,195505869,right_base_cmd,right_joint_1,right_joint_2,right_joint_3,right_joint_4,right_joint_5,right_joint_6,right_joint_7,-91.87132490652616,-79.89877327262299,90.37652846081451,-92.63932463694745,-71.42538656449983,-41.713002790444015,35.490397898570265,,
1780128039,206901410,right_base_cmd,right_joint_1,right_joint_2,right_joint_3,right_joint_4,right_joint_5,right_joint_6,right_joint_7,-91.85702858645058,-79.93568418943222,90.38321862523779,-92.62828780130998,-71.44611414648568,-41.79682734241589,35.50133569719337,,
1780128039,214404538,right_base_cmd,right_joint_1,right_joint_2,right_joint_3,right_joint_4,right_joint_5,right_joint_6,right_joint_7,-91.84554664955382,-80.000960736209,90.38654713226188,-92.61340166451107,-71.53663383563958,-41.86359851914818,35.46019514143181,,
1780128039,225348513,right_base_cmd,right_joint_1,right_joint_2,right_joint_3,right_joint_4,right_joint_5,right_joint_6,right_joint_7,-91.80553470443644,-80.04070459929314,90.41729065107629,-92.57974837700625,-71.6022379926547,-41.93124861542696,35.429653969623175,,
1780128039,234732102,right_base_cmd,right_joint_1,right_joint_2,right_joint_3,right_joint_4,right_joint_5,right_joint_6,right_joint_7,-91.78920047520941,-80.0746132160698,90.44090150226228,-92.56000094804757,-71.68634494408701,-41.96387335314477,35.37091911759221,,
1780128039,244381404,right_base_cmd,right_joint_1,right_joint_2,right_joint_3,right_joint_4,right_joint_5,right_joint_6,right_joint_7,-91.7782724269097,-80.10238991862282,90.45719250710911,-92.54442603667378,-71.77580821029034,-41.9692300765165,35.30139412764542,,
1780128039,255962385,right_base_cmd,right_joint_1,right_joint_2,right_joint_3,right_joint_4,right_joint_5,right_joint_6,right_joint_7,-91.76074942728783,-80.12667192295767,90.47300379860192,-92.5250426516317,-71.86593651291429,-41.95606890595439,35.23638290122811,,
1780128039,264561712,right_base_cmd,right_joint_1,right_joint_2,right_joint_3,right_joint_4,right_joint_5,right_joint_6,right_joint_7,-91.72596406467275,-80.18418866606437,90.5503551262677,-92.49014216918074,-71.98711621550092,-41.941379392018966,35.17855099429981,,
1780128039,274551151,right_base_cmd,right_joint_1,right_joint_2,right_joint_3,right_joint_4,right_joint_5,right_joint_6,right_joint_7,-91.72202167458951,-80.21264567822477,90.58976517062806,-92.48007604003057,-72.09000622261101,-41.85593237619582,35.09378994185339,,
1780128039,286201221,right_base_cmd,right_joint_1,right_joint_2,right_joint_3,right_joint_4,right_joint_5,right_joint_6,right_joint_7,-91.72646395579929,-80.23672119504569,90.6310853407123,-92.480855722946,-72.18127111810315,-41.74627854203788,35.00966731461595,,
1780128039,294947841,right_base_cmd,right_joint_1,right_joint_2,right_joint_3,right_joint_4,right_joint_5,right_joint_6,right_joint_7,-91.72472790386323,-80.25889660917467,90.6707950840104,-92.4683371731651,-72.27589141895237,-41.60746420110649,34.902489850447736,,
1780128039,304370946,right_base_cmd,right_joint_1,right_joint_2,right_joint_3,right_joint_4,right_joint_5,right_joint_6,right_joint_7,-91.65719984639381,-80.30196379781002,90.81018101271493,-92.38070104783442,-72.40029511008845,-41.427586500807756,34.73718167337806,,
1780128039,314441600,right_base_cmd,right_joint_1,right_joint_2,right_joint_3,right_joint_4,right_joint_5,right_joint_6,right_joint_7,-91.673414997702,-80.31486554249547,90.85811082298605,-92.37030030193604,-72.53127669859629,-41.12201894498008,34.50512614613312,,
1780128039,327393893,right_base_cmd,right_joint_1,right_joint_2,right_joint_3,right_joint_4,right_joint_5,right_joint_6,right_joint_7,-91.69713811870324,-80.32643720582475,90.90423314690295,-92.36619423759807,-72.65894415716599,-40.82046732670988,34.27622775367563,,
1780128039,334527154,right_base_cmd,right_joint_1,right_joint_2,right_joint_3,right_joint_4,right_joint_5,right_joint_6,right_joint_7,-91.69080200472601,-80.32339157984337,90.95708359113885,-92.32351016002515,-72.78384022619167,-40.48645417283591,34.0018150222928,,
1780128039,344459017,right_base_cmd,right_joint_1,right_joint_2,right_joint_3,right_joint_4,right_joint_5,right_joint_6,right_joint_7,-91.68333558426659,-80.32630813461516,91.00011986657191,-92.28972041809972,-72.89762082059207,-40.15691008349278,33.743044341350114,,
1780128039,354381697,right_base_cmd,right_joint_1,right_joint_2,right_joint_3,right_joint_4,right_joint_5,right_joint_6,right_joint_7,-91.56326600633676,-80.31588331791262,91.15392755851312,-92.11434151277645,-73.03841736225974,-39.784693740894106,33.3613850766083,,
1780128039,365296167,right_base_cmd,right_joint_1,right_joint_2,right_joint_3,right_joint_4,right_joint_5,right_joint_6,right_joint_7,-91.54299095755167,-80.29852946545715,91.21252045431535,-92.05527095056506,-73.18205288090297,-39.33216835048568,32.980746292986325,,
1780128039,374793075,right_base_cmd,right_joint_1,right_joint_2,right_joint_3,right_joint_4,right_joint_5,right_joint_6,right_joint_7,-91.53983912492114,-80.28278464761867,91.27066905996256,-92.00694097396241,-73.34145473245218,-38.879841790687685,32.594689245550214,,
1780128039,385153340,right_base_cmd,right_joint_1,right_joint_2,right_joint_3,right_joint_4,right_joint_5,right_joint_6,right_joint_7,-91.55208719631699,-80.25072914716897,91.32553880009041,-91.96975218526678,-73.50880950535458,-38.39946394839421,32.19469718810937,,
1780128039,394568306,right_base_cmd,right_joint_1,right_joint_2,right_joint_3,right_joint_4,right_joint_5,right_joint_6,right_joint_7,-91.54122649374025,-80.20868889067448,91.39091798440953,-91.92428010060634,-73.66808937274817,-37.90806034191382,31.814489916662055,,
1780128039,404356164,right_base_cmd,right_joint_1,right_joint_2,right_joint_3,right_joint_4,right_joint_5,right_joint_6,right_joint_7,-91.39771874005285,-80.13428623774475,91.62863969809965,-91.72695227705437,-73.89279040543221,-37.32314679627529,31.274004908966717,,
1780128039,415102707,right_base_cmd,right_joint_1,right_joint_2,right_joint_3,right_joint_4,right_joint_5,right_joint_6,right_joint_7,-91.41274883366512,-80.07628239069187,91.67620839335032,-91.68973524587007,-74.17166791894067,-36.55329069523008,30.675493625347528,,
1780128039,424805569,right_base_cmd,right_joint_1,right_joint_2,right_joint_3,right_joint_4,right_joint_5,right_joint_6,right_joint_7,-91.41923396239238,-80.02369108666348,91.73643675045204,-91.64703355626706,-74.42906119514782,-35.819413621253766,30.10109241120192,,
1780128039,434575038,right_base_cmd,right_joint_1,right_joint_2,right_joint_3,right_joint_4,right_joint_5,right_joint_6,right_joint_7,-91.40640053155735,-79.96664818460961,91.80352807750498,-91.57322767364646,-74.69468337348496,-35.0846182862981,29.499138381077543,,
1780128039,445497560,right_base_cmd,right_joint_1,right_joint_2,right_joint_3,right_joint_4,right_joint_5,right_joint_6,right_joint_7,-91.39855305903464,-79.91200214552863,91.87561123842576,-91.50115279771826,-74.97035442113548,-34.33517941441129,28.882665850543432,,
1780128039,454211681,right_base_cmd,right_joint_1,right_joint_2,right_joint_3,right_joint_4,right_joint_5,right_joint_6,right_joint_7,-91.2542372203757,-79.80645684784845,92.18202597933717,-91.2748729688018,-75.30258073951148,-33.47173013225085,28.113397069119614,,
1780128039,464498901,right_base_cmd,right_joint_1,right_joint_2,right_joint_3,right_joint_4,right_joint_5,right_joint_6,right_joint_7,-91.30232815937237,-79.76373614893437,92.26723118160751,-91.25920421612058,-75.7007459958694,-32.43084192873436,27.363303098995615,,
1780128039,474494083,right_base_cmd,right_joint_1,right_joint_2,right_joint_3,right_joint_4,right_joint_5,right_joint_6,right_joint_7,-91.32861948548091,-79.71526040481446,92.36751597331508,-91.23188234429689,-76.0734476698953,-31.4438982700704,26.6821510955492,,
1780128039,484717772,right_base_cmd,right_joint_1,right_joint_2,right_joint_3,right_joint_4,right_joint_5,right_joint_6,right_joint_7,-91.35095867954678,-79.66154131619068,92.48093886328238,-91.20145201994963,-76.41431605575411,-30.47022195274149,26.03005921512424,,
1780128039,494824242,right_base_cmd,right_joint_1,right_joint_2,right_joint_3,right_joint_4,right_joint_5,right_joint_6,right_joint_7,-91.37406426996225,-79.61398844207783,92.58221196312573,-91.16734126753876,-76.72670625816016,-29.493613499129246,25.405135451978012,,
1780128039,504332210,right_base_cmd,right_joint_1,right_joint_2,right_joint_3,right_joint_4,right_joint_5,right_joint_6,right_joint_7,-91.28018943314927,-79.49497148014747,92.9138590316451,-90.96880182049979,-76.98019116301009,-28.35868269081714,24.620836810755392,,
1780128039,514419256,right_base_cmd,right_joint_1,right_joint_2,right_joint_3,right_joint_4,right_joint_5,right_joint_6,right_joint_7,-91.36405362370041,-79.4271823532065,92.9289865498827,-90.95384181976898,-77.19969389067273,-26.993358804524,23.83902666376399,,
1780128039,524429419,right_base_cmd,right_joint_1,right_joint_2,right_joint_3,right_joint_4,right_joint_5,right_joint_6,right_joint_7,-91.40850470759173,-79.36815477202244,92.98237701055714,-90.88952132555399,-77.34794819631571,-25.744867680459315,23.10436885714772,,
1780128039,535512236,right_base_cmd,right_joint_1,right_joint_2,right_joint_3,right_joint_4,right_joint_5,right_joint_6,right_joint_7,-91.4548011320413,-79.29901152624872,93.01851256990815,-90.82323051030075,-77.41047605041001,-24.520875533550047,22.393059425139754,,
1780128039,544759066,right_base_cmd,right_joint_1,right_joint_2,right_joint_3,right_joint_4,right_joint_5,right_joint_6,right_joint_7,-91.49310825469163,-79.2314738740853,93.05990147194203,-90.74578864334167,-77.42151622381732,-23.33300969382929,21.704604167265686,,
1780128039,554818261,right_base_cmd,right_joint_1,right_joint_2,right_joint_3,right_joint_4,right_joint_5,right_joint_6,right_joint_7,-91.57550207605325,-79.13772619446952,93.05196686799925,-90.71258576338995,-77.37152007005625,-22.084933925189766,21.009805357345144,,
1780128039,564525035,right_base_cmd,right_joint_1,right_joint_2,right_joint_3,right_joint_4,right_joint_5,right_joint_6,right_joint_7,-91.5445190748263,-78.99939066243299,93.30665516655321,-90.47099958217645,-77.19815720925072,-20.69502080100124,20.106838669729754,,
1780128039,574757642,right_base_cmd,right_joint_1,right_joint_2,right_joint_3,right_joint_4,right_joint_5,right_joint_6,right_joint_7,-91.62880527002156,-78.92609951019001,93.27997683689338,-90.41495891297934,-77.051448670306,-19.149188983593426,19.283030296893102,,
1780128039,584424464,right_base_cmd,right_joint_1,right_joint_2,right_joint_3,right_joint_4,right_joint_5,right_joint_6,right_joint_7,-91.71852719529673,-78.8492256195761,93.27362296721478,-90.36102214855556,-76.87070477680248,-17.707583360961728,18.512228032206664,,
1780128039,594421147,right_base_cmd,right_joint_1,right_joint_2,right_joint_3,right_joint_4,right_joint_5,right_joint_6,right_joint_7,-91.7812161539118,-78.77294227623868,93.27345192478404,-90.29865178602138,-76.66300948931683,-16.34848202363235,17.800933611183936,,
1780128039,604439058,right_base_cmd,right_joint_1,right_joint_2,right_joint_3,right_joint_4,right_joint_5,right_joint_6,right_joint_7,-91.83662064231325,-78.68684316169585,93.28161498842533,-90.23271948121238,-76.41990909599531,-15.041860472245553,17.11855462754515,,
1780128039,614231187,right_base_cmd,right_joint_1,right_joint_2,right_joint_3,right_joint_4,right_joint_5,right_joint_6,right_joint_7,-91.87723570299661,-78.51539321690053,93.52953980772523,-90.07567215829711,-75.99465568558878,-13.601840631850159,16.2623900712387,,
1780128039,624666865,right_base_cmd,right_joint_1,right_joint_2,right_joint_3,right_joint_4,right_joint_5,right_joint_6,right_joint_7,-92.00739832617987,-78.41853602467894,93.46164463156217,-90.04192889952681,-75.65466619299502,-12.009801405733178,15.42300071124707,,
1780128039,634317680,right_base_cmd,right_joint_1,right_joint_2,right_joint_3,right_joint_4,right_joint_5,right_joint_6,right_joint_7,-92.07248181770697,-78.31757306366758,93.4191941918123,-89.98211885631919,-75.30238847228884,-10.58663300303595,14.675215819159845,,
1780128039,644750737,right_base_cmd,right_joint_1,right_joint_2,right_joint_3,right_joint_4,right_joint_5,right_joint_6,right_joint_7,-92.1410335062507,-78.21700579003176,93.39738504818794,-89.92790465762211,-74.95508168095716,-9.267053235822509,13.956422739434387,,
1780128039,654568598,right_base_cmd,right_joint_1,right_joint_2,right_joint_3,right_joint_4,right_joint_5,right_joint_6,right_joint_7,-92.2187386121507,-78.1651187036182,93.77561999452033,-89.84639418196043,-74.59615481285027,-7.952750334413729,13.114574602702575,,
1780128039,664378494,right_base_cmd,right_joint_1,right_joint_2,right_joint_3,right_joint_4,right_joint_5,right_joint_6,right_joint_7,-92.32964392570912,-77.90534109396607,93.57102445136579,-89.83595427114575,-74.07303915947051,-6.221810270441374,12.238661419303341,,
1780128039,674509124,right_base_cmd,right_joint_1,right_joint_2,right_joint_3,right_joint_4,right_joint_5,right_joint_6,right_joint_7,-92.41622528367171,-77.78165645015527,93.51339019613474,-89.8179095402153,-73.7154372861479,-4.738590450844292,11.447295617056952,,
1780128039,685099267,right_base_cmd,right_joint_1,right_joint_2,right_joint_3,right_joint_4,right_joint_5,right_joint_6,right_joint_7,-92.47327648047585,-77.66483012144916,93.48722973248843,-89.78855364486385,-73.37861788892127,-3.3546085503647234,10.7019385354602,,
1780128039,694656605,right_base_cmd,right_joint_1,right_joint_2,right_joint_3,right_joint_4,right_joint_5,right_joint_6,right_joint_7,-92.53646728570376,-77.5557019311416,93.48211901794,-89.75503043607047,-73.06111892785037,-2.0316644417433665,9.961094850976664,,
1780128039,704376218,right_base_cmd,right_joint_1,right_joint_2,right_joint_3,right_joint_4,right_joint_5,right_joint_6,right_joint_7,-92.63706706618152,-77.34625373147067,93.73876835251977,-89.71343639359897,-72.61638992661528,-0.6218944275523697,9.091394256605824,,
1780128039,715539674,right_base_cmd,right_joint_1,right_joint_2,right_joint_3,right_joint_4,right_joint_5,right_joint_6,right_joint_7,-92.71512415691174,-77.20666549907357,93.64572214896688,-89.68357069396065,-72.26867913320729,0.9299282686710129,8.239174406308607,,
1780128039,724562698,right_base_cmd,right_joint_1,right_joint_2,right_joint_3,right_joint_4,right_joint_5,right_joint_6,right_joint_7,-92.78933559448868,-77.06610993785218,93.57969475201949,-89.6569007566401,-71.929919317719,2.337353862642324,7.4519524252748255,,
1780128039,734582557,right_base_cmd,right_joint_1,right_joint_2,right_joint_3,right_joint_4,right_joint_5,right_joint_6,right_joint_7,-92.8758255101578,-76.9415383365451,93.57266322437661,-89.64952654409218,-71.6226720448941,3.6202764228925233,6.735452594100181,,
1780128039,744648285,right_base_cmd,right_joint_1,right_joint_2,right_joint_3,right_joint_4,right_joint_5,right_joint_6,right_joint_7,-92.9863605083261,-76.81965722714598,93.57643581585936,-89.674081132538,-71.3303407447898,4.868428959639694,6.072510995199636,,
1780128039,754283136,right_base_cmd,right_joint_1,right_joint_2,right_joint_3,right_joint_4,right_joint_5,right_joint_6,right_joint_7,-93.20978640941914,-76.58852594752331,93.87104696799034,-89.78619777590326,-70.93063896784349,6.266657260844006,5.359435674726555,,
1780128039,764582142,right_base_cmd,right_joint_1,right_joint_2,right_joint_3,right_joint_4,right_joint_5,right_joint_6,right_joint_7,-93.30692253839558,-76.44107701518728,93.79424202143653,-89.82559568811764,-70.63763314165948,7.865491989882294,4.658640661811589,,
1780128039,774802689,right_base_cmd,right_joint_1,right_joint_2,right_joint_3,right_joint_4,right_joint_5,right_joint_6,right_joint_7,-93.4208337330546,-76.27691878988925,93.72121231257407,-89.8883938547748,-70.35406511873708,9.374420388828817,4.032226227587202,,
1780128039,784839628,right_base_cmd,right_joint_1,right_joint_2,right_joint_3,right_joint_4,right_joint_5,right_joint_6,right_joint_7,-93.52839136200109,-76.11401025542791,93.67428715037917,-89.9542255059845,-70.0883799900019,10.797958349480787,3.4611324679332682,,
1780128039,794889168,right_base_cmd,right_joint_1,right_joint_2,right_joint_3,right_joint_4,right_joint_5,right_joint_6,right_joint_7,-93.62302345470911,-75.94708130184138,93.666625872249,-89.99294784674471,-69.81583222863924,12.162967929662791,2.8792503543414654,,
1780128039,804628210,right_base_cmd,right_joint_1,right_joint_2,right_joint_3,right_joint_4,right_joint_5,right_joint_6,right_joint_7,-93.68125779757011,-75.79428288476352,93.59176577205344,-89.99557339403624,-69.55324152601514,13.468794493209664,2.313310463409195,,
1780128039,815214371,right_base_cmd,right_joint_1,right_joint_2,right_joint_3,right_joint_4,right_joint_5,right_joint_6,right_joint_7,-93.75494265829636,-75.65779845209586,93.63118345794757,-90.01839684157757,-69.30121678950673,14.66413576453892,1.794304584042024,,
1780128039,824884079,right_base_cmd,right_joint_1,right_joint_2,right_joint_3,right_joint_4,right_joint_5,right_joint_6,right_joint_7,-93.96704865222151,-75.43371681979939,93.89287744814081,-90.10661695228738,-68.86520190824285,16.017261279982627,1.1465362624008293,,
1780128039,834687152,right_base_cmd,right_joint_1,right_joint_2,right_joint_3,right_joint_4,right_joint_5,right_joint_6,right_joint_7,-94.04595474205635,-75.27641258686596,93.82945553141084,-90.10706501211548,-68.44559142999071,17.541063885071203,0.4758046931871007,,
1780128039,844496326,right_base_cmd,right_joint_1,right_joint_2,right_joint_3,right_joint_4,right_joint_5,right_joint_6,right_joint_7,-94.06294112274534,-75.15505827439257,93.72715251591657,-90.07660255498423,-68.06664557875706,18.905283049202133,-0.0993524025185053,,
1780128039,854316696,right_base_cmd,right_joint_1,right_joint_2,right_joint_3,right_joint_4,right_joint_5,right_joint_6,right_joint_7,-94.31678109576902,-74.9471741692163,93.99342000405031,-90.25515186782924,-67.52103139751978,20.332664657012295,-0.6451146603734088,,
1780128039,867196706,right_base_cmd,right_joint_1,right_joint_2,right_joint_3,right_joint_4,right_joint_5,right_joint_6,right_joint_7,-94.37272665662621,-74.81426530881602,93.91495249600044,-90.29419015310289,-67.05771180608883,21.87483359907629,-1.1896606220355608,,
1780128039,875199027,right_base_cmd,right_joint_1,right_joint_2,right_joint_3,right_joint_4,right_joint_5,right_joint_6,right_joint_7,-94.46872720910588,-74.68036631990033,93.85453287639231,-90.36963373438682,-66.5868403270822,23.290756032238853,-1.6733765548963362,,
1780128039,885213096,right_base_cmd,right_joint_1,right_joint_2,right_joint_3,right_joint_4,right_joint_5,right_joint_6,right_joint_7,-94.57951955300095,-74.55595571553,93.80323108665979,-90.4547201871983,-66.11053008019792,24.605125610938963,-2.129335017088991,,
1780128039,894635771,right_base_cmd,right_joint_1,right_joint_2,right_joint_3,right_joint_4,right_joint_5,right_joint_6,right_joint_7,-94.61288131629234,-74.435096114898,93.77675973249163,-90.46789532285693,-65.61217948915373,25.783890941118848,-2.5683512727309363,,
1780128039,904629289,right_base_cmd,right_joint_1,right_joint_2,right_joint_3,right_joint_4,right_joint_5,right_joint_6,right_joint_7,-94.82994393084218,-74.3109514275642,94.05929456070888,-90.59515000661305,-64.9114697128598,26.983199076471358,-3.108568796403304,,
1780128039,914486530,right_base_cmd,right_joint_1,right_joint_2,right_joint_3,right_joint_4,right_joint_5,right_joint_6,right_joint_7,-94.86101900293968,-74.1855424576391,93.93323428645581,-90.58636778104632,-64.1425915484175,28.322599240513064,-3.756757542990968,,
1780128039,924495223,right_base_cmd,right_joint_1,right_joint_2,right_joint_3,right_joint_4,right_joint_5,right_joint_6,right_joint_7,-94.87729390970875,-74.04470954677414,93.85469887247527,-90.58017846848112,-63.37008131457719,29.501382964206364,-4.356695738621866,,
1780128039,935054206,right_base_cmd,right_joint_1,right_joint_2,right_joint_3,right_joint_4,right_joint_5,right_joint_6,right_joint_7,-94.94429306747864,-73.93184063705031,93.79448610002234,-90.60469230021688,-62.58672607512602,30.582577777967806,-4.974119015115335,,
1780128039,944685011,right_base_cmd,right_joint_1,right_joint_2,right_joint_3,right_joint_4,right_joint_5,right_joint_6,right_joint_7,-94.98369295456021,-73.82622164246767,93.75768373834413,-90.61659426778375,-61.80673831562905,31.58441228716351,-5.561757397716136,,
1780128039,954297164,right_base_cmd,right_joint_1,right_joint_2,right_joint_3,right_joint_4,right_joint_5,right_joint_6,right_joint_7,-95.25418504020794,-73.81188689203562,94.06125325225347,-90.8325707211218,-60.95384865694757,32.64647976825825,-6.195512992038076,,
1780128039,964751573,right_base_cmd,right_joint_1,right_joint_2,right_joint_3,right_joint_4,right_joint_5,right_joint_6,right_joint_7,-95.31124294328,-73.68479527448785,93.98127374847925,-90.9007871308104,-60.019712397132935,33.90560973134598,-6.896788055491541,,
1780128039,974935681,right_base_cmd,right_joint_1,right_joint_2,right_joint_3,right_joint_4,right_joint_5,right_joint_6,right_joint_7,-95.4214701121164,-73.65819144975656,94.01493952117366,-91.02159071575217,-59.235206593041255,35.04678637853238,-7.533438233156474,,
1780128039,984867624,right_base_cmd,right_joint_1,right_joint_2,right_joint_3,right_joint_4,right_joint_5,right_joint_6,right_joint_7,-95.43690221014535,-73.6274801700085,94.00751026153185,-91.06070495787596,-58.52606567300285,36.07870391554929,-8.119911450799762,,
1780128039,994373259,right_base_cmd,right_joint_1,right_joint_2,right_joint_3,right_joint_4,right_joint_5,right_joint_6,right_joint_7,-95.54053262342288,-73.57893826293203,94.03060145239576,-91.15059923014697,-57.79305328658273,37.06588337486756,-8.73956810157263,,
1780128040,4320745,right_base_cmd,right_joint_1,right_joint_2,right_joint_3,right_joint_4,right_joint_5,right_joint_6,right_joint_7,-95.66245247493558,-73.54862319022773,94.07114405976333,-91.25645731816759,-57.09648861466667,37.999758887492995,-9.355617323278537,,
1780128040,14360490,right_base_cmd,right_joint_1,right_joint_2,right_joint_3,right_joint_4,right_joint_5,right_joint_6,right_joint_7,-95.92403284278967,-73.56065925579425,94.41343432995595,-91.46891453214893,-56.356498637812706,38.90561114839364,-10.021495302981933,,
1780128040,24748450,right_base_cmd,right_joint_1,right_joint_2,right_joint_3,right_joint_4,right_joint_5,right_joint_6,right_joint_7,-95.93147099458119,-73.41610933999364,94.33171976091981,-91.48778297807696,-55.45319533297709,40.00404668841964,-10.814749896519132,,
1780128040,34510858,right_base_cmd,right_joint_1,right_joint_2,right_joint_3,right_joint_4,right_joint_5,right_joint_6,right_joint_7,-95.97670341625295,-73.37438155115599,94.34743750065459,-91.52078762969519,-54.722581926355645,40.91590262152108,-11.534244027018886,,
1780128040,44600954,right_base_cmd,right_joint_1,right_joint_2,right_joint_3,right_joint_4,right_joint_5,right_joint_6,right_joint_7,-96.04405432436587,-73.31093885618726,94.34852643820065,-91.57933477700784,-54.00107086878188,41.78826484820542,-12.225236516300086,,
1780128040,54598873,right_base_cmd,right_joint_1,right_joint_2,right_joint_3,right_joint_4,right_joint_5,right_joint_6,right_joint_7,-96.09443146993053,-73.2831101831381,94.38967605538059,-91.6400244364079,-53.368845415401154,42.614943706618085,-12.847319489495149,,
1780128040,64343091,right_base_cmd,right_joint_1,right_joint_2,right_joint_3,right_joint_4,right_joint_5,right_joint_6,right_joint_7,-96.4713368846271,-73.26433170866956,94.65297481391704,-91.96248337030194,-52.555945010059645,43.593004727837986,-13.609434575845299,,
1780128040,74498989,right_base_cmd,right_joint_1,right_joint_2,right_joint_3,right_joint_4,right_joint_5,right_joint_6,right_joint_7,-96.53762806074226,-73.21399521062087,94.62399016372242,-92.04790394675048,-51.736540088967104,44.652697039207915,-14.395841038793904,,
1780128040,85293149,right_base_cmd,right_joint_1,right_joint_2,right_joint_3,right_joint_4,right_joint_5,right_joint_6,right_joint_7,-96.59937289847713,-73.16414193923397,94.60787775202627,-92.1087031604256,-50.93205512643402,45.59676615469653,-15.173325274457866,,
1780128040,94669021,right_base_cmd,right_joint_1,right_joint_2,right_joint_3,right_joint_4,right_joint_5,right_joint_6,right_joint_7,-96.68005883218703,-73.13008943206292,94.62518193600451,-92.19214556293055,-50.17819816753024,46.458433470669895,-15.890328028612558,,
1780128040,104205901,right_base_cmd,right_joint_1,right_joint_2,right_joint_3,right_joint_4,right_joint_5,right_joint_6,right_joint_7,-96.99002218160334,-73.10527777201118,94.8509241536988,-92.4216118942311,-49.24579461929602,47.320118555802544,-16.747750814020108,,
1780128040,114588247,right_base_cmd,right_joint_1,right_joint_2,right_joint_3,right_joint_4,right_joint_5,right_joint_6,right_joint_7,-97.00915145720845,-73.03523656473432,94.80269214391208,-92.41824141663206,-48.27951406032986,48.18133700528313,-17.6421670782333,,
1780128040,124709954,right_base_cmd,right_joint_1,right_joint_2,right_joint_3,right_joint_4,right_joint_5,right_joint_6,right_joint_7,-97.07208503559022,-72.97677498098206,94.81134136606985,-92.43511563058196,-47.34970483753415,48.899019944499976,-18.49124316185869,,
1780128040,134422912,right_base_cmd,right_joint_1,right_joint_2,right_joint_3,right_joint_4,right_joint_5,right_joint_6,right_joint_7,-97.1126159803438,-72.90170260924084,94.77188469432255,-92.4395147385763,-46.42799244543971,49.54639292346406,-19.304725898824884,,
1780128040,145450911,right_base_cmd,right_joint_1,right_joint_2,right_joint_3,right_joint_4,right_joint_5,right_joint_6,right_joint_7,-97.22525692206958,-72.81194327927507,94.75921334884245,-92.48674698604414,-45.45698125407853,50.13100294126003,-20.133807725505406,,
1780128040,154394168,right_base_cmd,right_joint_1,right_joint_2,right_joint_3,right_joint_4,right_joint_5,right_joint_6,right_joint_7,-97.5676798385488,-72.61921566632687,94.78518850690219,-92.67140645835578,-44.08913777371043,50.8102976040828,-21.21923425019152,,
1780128040,164974762,right_base_cmd,right_joint_1,right_joint_2,right_joint_3,right_joint_4,right_joint_5,right_joint_6,right_joint_7,-97.68108866952284,-72.4750255004321,94.68755578105211,-92.74298720679657,-42.91698126402645,51.52049879965967,-22.158833363444344,,
1780128040,174674101,right_base_cmd,right_joint_1,right_joint_2,right_joint_3,right_joint_4,right_joint_5,right_joint_6,right_joint_7,-97.77686312715,-72.34399019944262,94.62056132077916,-92.8176354588522,-41.87362421346194,52.158378941180224,-22.96330157023546,,
1780128040,184682737,right_base_cmd,right_joint_1,right_joint_2,right_joint_3,right_joint_4,right_joint_5,right_joint_6,right_joint_7,-97.88362329736978,-72.23131687050149,94.5977911954341,-92.9053324785336,-40.91738273111952,52.73634695473249,-23.68142957368515,,
1780128040,194839338,right_base_cmd,right_joint_1,right_joint_2,right_joint_3,right_joint_4,right_joint_5,right_joint_6,right_joint_7,-98.0216064279073,-72.10119617462114,94.54186120833302,-92.96327938775666,-39.8894531127242,53.261136798078276,-24.500562516778714,,
1780128040,204334541,right_base_cmd,right_joint_1,right_joint_2,right_joint_3,right_joint_4,right_joint_5,right_joint_6,right_joint_7,-98.40820888212235,-72.03180085243146,94.70359131225959,-93.19119259150814,-38.78431996410296,53.779826464486014,-25.383881647670265,,
1780128040,214852245,right_base_cmd,right_joint_1,right_joint_2,right_joint_3,right_joint_4,right_joint_5,right_joint_6,right_joint_7,-98.55242768808338,-71.68662202278252,94.47273670532806,-93.28892140758161,-37.282128196242866,54.54170172454935,-26.49362986511376,,
1780128040,224691807,right_base_cmd,right_joint_1,right_joint_2,right_joint_3,right_joint_4,right_joint_5,right_joint_6,right_joint_7,-98.67572435142344,-71.55383143600291,94.40517191358609,-93.35156390901439,-36.23187681308542,55.10469762107119,-27.32615748464157,,
1780128040,234680650,right_base_cmd,right_joint_1,right_joint_2,right_joint_3,right_joint_4,right_joint_5,right_joint_6,right_joint_7,-98.80472067329052,-71.40336084918165,94.34778126630655,-93.44980559203681,-35.2638710308982,55.6507930783634,-28.055041710740298,,
1780128040,244770774,right_base_cmd,right_joint_1,right_joint_2,right_joint_3,right_joint_4,right_joint_5,right_joint_6,right_joint_7,-98.94348078456565,-71.24056165146693,94.26738423554397,-93.54304104306586,-34.29582312509126,56.167345858587346,-28.783307932937205,,
1780128040,254309465,right_base_cmd,right_joint_1,right_joint_2,right_joint_3,right_joint_4,right_joint_5,right_joint_6,right_joint_7,-99.30321657859238,-70.96719466229344,94.2501848183239,-93.75449087497971,-33.01387045569271,56.71017461435509,-29.67703250059624,,
1780128040,264348231,right_base_cmd,right_joint_1,right_joint_2,right_joint_3,right_joint_4,right_joint_5,right_joint_6,right_joint_7,-99.44963252289452,-70.81049276780472,94.14252028535267,-93.83260887067588,-31.97611640250301,57.22106976132819,-30.4577597821483,,
1780128040,274352763,right_base_cmd,right_joint_1,right_joint_2,right_joint_3,right_joint_4,right_joint_5,right_joint_6,right_joint_7,-99.56060431062409,-70.67220969301736,94.08152301678436,-93.91599171133682,-31.135255483412664,57.66795884758967,-31.041523838162178,,
1780128040,284519209,right_base_cmd,right_joint_1,right_joint_2,right_joint_3,right_joint_4,right_joint_5,right_joint_6,right_joint_7,-99.72337994354328,-70.5033370045747,94.00669304722967,-94.02613433273224,-30.232833783440526,58.10385227681116,-31.67863082246528,,
1780128040,294762088,right_base_cmd,right_joint_1,right_joint_2,right_joint_3,right_joint_4,right_joint_5,right_joint_6,right_joint_7,-99.83399999424708,-70.37920153782507,93.9553840370892,-94.11219179514525,-29.494424714432057,58.50805496979479,-32.197440279981166,,
1780128040,304425649,right_base_cmd,right_joint_1,right_joint_2,right_joint_3,right_joint_4,right_joint_5,right_joint_6,right_joint_7,-99.96482570862096,-70.2483730082093,93.91493890742154,-94.21056281209043,-28.770518232507186,58.90519985925852,-32.701919106165704,,
1780128040,314804082,right_base_cmd,right_joint_1,right_joint_2,right_joint_3,right_joint_4,right_joint_5,right_joint_6,right_joint_7,-100.28316359407071,-70.0238361168385,93.8674518792075,-94.43656850930167,-27.700162539048733,59.0,-33.449490184695335,,
1780128040,324690693,right_base_cmd,right_joint_1,right_joint_2,right_joint_3,right_joint_4,right_joint_5,right_joint_6,right_joint_7,-100.36053530772105,-69.92397340503574,93.8253381898991,-94.49847421426558,-27.03872293118218,59.0,-33.909531102993085,,
1780128040,334440953,right_base_cmd,right_joint_1,right_joint_2,right_joint_3,right_joint_4,right_joint_5,right_joint_6,right_joint_7,-100.45111835588094,-69.85796971158676,93.8117015225466,-94.58059489205961,-26.518269420622232,59.0,-34.274501675175784,,
1780128040,344707441,right_base_cmd,right_joint_1,right_joint_2,right_joint_3,right_joint_4,right_joint_5,right_joint_6,right_joint_7,-100.54335232022984,-69.79544503067338,93.79643146629783,-94.64563215823229,-26.036118710787093,59.0,-34.619781868228884,,
1780128040,594468524,right_base_cmd,right_joint_1,right_joint_2,right_joint_3,right_joint_4,right_joint_5,right_joint_6,right_joint_7,-99.74971453066078,-70.20586578487338,93.3024804753725,-93.9347959198525,-29.908762948805304,59.0,-30.897792496437276,,
1780128040,604280298,right_base_cmd,right_joint_1,right_joint_2,right_joint_3,right_joint_4,right_joint_5,right_joint_6,right_joint_7,-99.33654394879139,-70.3203181643844,93.18192134778653,-93.61218646561282,-30.943319211666278,59.0,-30.080617951754007,,
1780128040,614264901,right_base_cmd,right_joint_1,right_joint_2,right_joint_3,right_joint_4,right_joint_5,right_joint_6,right_joint_7,-99.21773650846669,-70.35849240144013,93.13734253429882,-93.4992034327828,-31.73370709561675,59.0,-29.420124076802395,,
1780128040,624494676,right_base_cmd,right_joint_1,right_joint_2,right_joint_3,right_joint_4,right_joint_5,right_joint_6,right_joint_7,-99.06202448644618,-70.42077893826747,93.14269950089673,-93.39182807634894,-32.65187346633712,59.0,-28.62058091779251,,
1780128040,634488583,right_base_cmd,right_joint_1,right_joint_2,right_joint_3,right_joint_4,right_joint_5,right_joint_6,right_joint_7,-98.94744834247714,-70.4895592222402,93.13366143280919,-93.31098527302949,-33.52950013796652,59.0,-27.855901399168616,,
1780128040,644875363,right_base_cmd,right_joint_1,right_joint_2,right_joint_3,right_joint_4,right_joint_5,right_joint_6,right_joint_7,-98.78615226183209,-70.60951510390403,93.18277721324884,-93.22457920973103,-34.59009490309455,58.74428449620701,-26.92390874420461,,
1780128040,654593050,right_base_cmd,right_joint_1,right_joint_2,right_joint_3,right_joint_4,right_joint_5,right_joint_6,right_joint_7,-98.44631236601097,-70.83636869024208,93.1871407990918,-93.03521138246846,-36.09487125161269,58.307106662763836,-25.649793624236295,,
1780128040,664695304,right_base_cmd,right_joint_1,right_joint_2,right_joint_3,right_joint_4,right_joint_5,right_joint_6,right_joint_7,-98.28732879309374,-70.93243127906,93.22160281904948,-92.94328194534417,-37.20663116487873,57.87229684200219,-24.663101518019758,,
1780128040,675591623,right_base_cmd,right_joint_1,right_joint_2,right_joint_3,right_joint_4,right_joint_5,right_joint_6,right_joint_7,-98.1363107983241,-70.98089630551608,93.18971214847355,-92.83650708583686,-38.040783288433374,57.48605231671542,-23.951901813225746,,
1780128040,684999607,right_base_cmd,right_joint_1,right_joint_2,right_joint_3,right_joint_4,right_joint_5,right_joint_6,right_joint_7,-97.96898007429289,-71.0024728286689,93.10541449013326,-92.69836891973354,-38.68026475432606,57.1264468914103,-23.44045114690404,,
1780128040,694510280,right_base_cmd,right_joint_1,right_joint_2,right_joint_3,right_joint_4,right_joint_5,right_joint_6,right_joint_7,-97.77072531812885,-70.98086826528454,92.98122448512694,-92.52991260993203,-39.168416358715206,56.77532362229881,-23.06503511163534,,
1780128040,704376224,right_base_cmd,right_joint_1,right_joint_2,right_joint_3,right_joint_4,right_joint_5,right_joint_6,right_joint_7,-97.55702476770634,-70.95065697305428,92.85150465012688,-92.34912650735664,-39.60097492663044,56.40953949516439,-22.743121737291645,,
1780128040,716537558,right_base_cmd,right_joint_1,right_joint_2,right_joint_3,right_joint_4,right_joint_5,right_joint_6,right_joint_7,-97.02731152553142,-70.93496680988041,92.55325597822153,-91.9311978353199,-40.20786473101782,55.90577890643869,-22.29477420817797,,
1780128040,725403640,right_base_cmd,right_joint_1,right_joint_2,right_joint_3,right_joint_4,right_joint_5,right_joint_6,right_joint_7,-96.80302382922125,-71.02673237689795,92.56314082391654,-91.76530215656284,-41.05710984547147,55.24960535144738,-21.63546997422658,,
1780128040,734758490,right_base_cmd,right_joint_1,right_joint_2,right_joint_3,right_joint_4,right_joint_5,right_joint_6,right_joint_7,-96.63921027214477,-71.09727662488434,92.54522878822732,-91.62973893043296,-41.78370924024381,54.605436112042135,-21.07024103160923,,
1780128040,744821534,right_base_cmd,right_joint_1,right_joint_2,right_joint_3,right_joint_4,right_joint_5,right_joint_6,right_joint_7,-96.46365803666052,-71.1809730148017,92.53387954212022,-91.48476320646837,-42.50629703023304,53.957113367503105,-20.507094311862843,,
1780128040,754340109,right_base_cmd,right_joint_1,right_joint_2,right_joint_3,right_joint_4,right_joint_5,right_joint_6,right_joint_7,-96.00418508467678,-71.32939780401553,92.38631877134091,-91.18639887766712,-43.54266752657003,53.18204047666433,-19.698823084192455,,
1780128040,764395367,right_base_cmd,right_joint_1,right_joint_2,right_joint_3,right_joint_4,right_joint_5,right_joint_6,right_joint_7,-95.85527791403698,-71.36363599062857,92.35803393761475,-91.0887813298698,-44.25055867042812,52.41601017352287,-19.109754300049715,,
1780128040,774902630,right_base_cmd,right_joint_1,right_joint_2,right_joint_3,right_joint_4,right_joint_5,right_joint_6,right_joint_7,-95.70124285692575,-71.37119931446672,92.2642158918089,-90.97755019657059,-44.794875221815744,51.7518312197052,-18.704333492689003,,
1780128040,784478135,right_base_cmd,right_joint_1,right_joint_2,right_joint_3,right_joint_4,right_joint_5,right_joint_6,right_joint_7,-95.48672678604495,-71.35802862150702,92.1515882584155,-90.80638928148183,-45.27665257437485,51.13219696973028,-18.355670946924945,,
1780128040,794855564,right_base_cmd,right_joint_1,right_joint_2,right_joint_3,right_joint_4,right_joint_5,right_joint_6,right_joint_7,-95.28563273264459,-71.30010882384666,91.97942091646783,-90.6470628449418,-45.66583994692235,50.573797624259505,-18.119077283839957,,
1780128040,804681754,right_base_cmd,right_joint_1,right_joint_2,right_joint_3,right_joint_4,right_joint_5,right_joint_6,right_joint_7,-95.04774409872155,-71.23654780453258,91.8055947614125,-90.46290539883604,-46.076092955755314,50.01881584354965,-17.871919662155634,,
1780128040,816083494,right_base_cmd,right_joint_1,right_joint_2,right_joint_3,right_joint_4,right_joint_5,right_joint_6,right_joint_7,-94.5212037238056,-71.18540757420432,91.43864553483374,-90.12047589300921,-46.846408683563425,49.34475307020393,-17.37709900412831,,
1780128040,824817877,right_base_cmd,right_joint_1,right_joint_2,right_joint_3,right_joint_4,right_joint_5,right_joint_6,right_joint_7,-94.39706534422683,-71.225964722536,91.40346318414751,-90.05755468033551,-47.70563746597492,48.526504944151164,-16.811691415627607,,
1780128040,834806106,right_base_cmd,right_joint_1,right_joint_2,right_joint_3,right_joint_4,right_joint_5,right_joint_6,right_joint_7,-94.26130820584078,-71.32781234126391,91.40233907505771,-89.9694088957611,-48.62423328863275,47.69453629841548,-16.2183601574841,,
1780128040,844729044,right_base_cmd,right_joint_1,right_joint_2,right_joint_3,right_joint_4,right_joint_5,right_joint_6,right_joint_7,-94.05182968995584,-71.39447738707743,91.32658874116484,-89.84120496699303,-49.46807852728381,46.90731924187839,-15.663388149441587,,
1780128040,854601772,right_base_cmd,right_joint_1,right_joint_2,right_joint_3,right_joint_4,right_joint_5,right_joint_6,right_joint_7,-93.93566121581293,-71.45437816097053,91.29071601864663,-89.76552156431008,-50.22041552516589,46.11929864039826,-15.174376369187897,,
1780128040,864853296,right_base_cmd,right_joint_1,right_joint_2,right_joint_3,right_joint_4,right_joint_5,right_joint_6,right_joint_7,-93.42072665037634,-71.43136322072935,90.86291432400438,-89.45800357936851,-51.05209926069591,45.28584226839866,-14.625048002320696,,
1780128040,874630829,right_base_cmd,right_joint_1,right_joint_2,right_joint_3,right_joint_4,right_joint_5,right_joint_6,right_joint_7,-93.29771414030066,-71.38845307826564,90.73940259957803,-89.36208073668139,-51.76725871082698,44.28602050844939,-14.148956045597984,,
1780128040,884658462,right_base_cmd,right_joint_1,right_joint_2,right_joint_3,right_joint_4,right_joint_5,right_joint_6,right_joint_7,-93.12370691745039,-71.34244468200764,90.6006433740657,-89.25833357348195,-52.47971408185947,43.34872475647786,-13.649018041395394,,
1780128040,895393345,right_base_cmd,right_joint_1,right_joint_2,right_joint_3,right_joint_4,right_joint_5,right_joint_6,right_joint_7,-92.99150656464931,-71.31536225610928,90.48449646181555,-89.1738733345144,-53.192312810890996,42.413315994172315,-13.163664083184884,,
1780128040,904985009,right_base_cmd,right_joint_1,right_joint_2,right_joint_3,right_joint_4,right_joint_5,right_joint_6,right_joint_7,-92.83339167499096,-71.30374531203593,90.3574598929097,-89.07519416943104,-53.92248561512952,41.48348951414324,-12.671417286704994,,
1780128040,914361311,right_base_cmd,right_joint_1,right_joint_2,right_joint_3,right_joint_4,right_joint_5,right_joint_6,right_joint_7,-92.3729209819301,-71.4293196086145,90.06744809294125,-88.80272246097742,-55.08023911770556,40.31659221346707,-11.955018152836331,,
1780128040,924458251,right_base_cmd,right_joint_1,right_joint_2,right_joint_3,right_joint_4,right_joint_5,right_joint_6,right_joint_7,-92.23119323422546,-71.50965135382673,90.03123971770802,-88.67202449251239,-56.04511858016684,39.00072629519048,-11.388399108854358,,
1780128040,937252053,right_base_cmd,right_joint_1,right_joint_2,right_joint_3,right_joint_4,right_joint_5,right_joint_6,right_joint_7,-92.12673884900587,-71.56703921689872,90.01754484044815,-88.57451078321328,-56.87507089783179,37.7826595535118,-10.902255206036571,,
1780128040,944611323,right_base_cmd,right_joint_1,right_joint_2,right_joint_3,right_joint_4,right_joint_5,right_joint_6,right_joint_7,-91.96245395271822,-71.59217946039287,89.92008123890784,-88.43490806733423,-57.598473144851425,36.6529112841717,-10.482090028869791,,
1780128040,954664758,right_base_cmd,right_joint_1,right_joint_2,right_joint_3,right_joint_4,right_joint_5,right_joint_6,right_joint_7,-91.82231888838643,-71.5696492073521,89.77732582769116,-88.32602337688935,-58.22469854103019,35.58439919214141,-10.098174940574566,,
1780128040,964428625,right_base_cmd,right_joint_1,right_joint_2,right_joint_3,right_joint_4,right_joint_5,right_joint_6,right_joint_7,-91.448651278484,-71.49362321381712,89.22292856032519,-88.12436133650677,-58.98606214349786,34.45147771538053,-9.56957755047604,,
1780128040,974688545,right_base_cmd,right_joint_1,right_joint_2,right_joint_3,right_joint_4,right_joint_5,right_joint_6,right_joint_7,-91.41211665323638,-71.5503866082383,89.26458344021998,-88.11626016781032,-59.9218736423378,32.967804032455554,-8.87745318267686,,
1780128040,984867326,right_base_cmd,right_joint_1,right_joint_2,right_joint_3,right_joint_4,right_joint_5,right_joint_6,right_joint_7,-91.33264736886909,-71.61675559301439,89.26935958463142,-88.08545821233226,-60.79697366444401,31.58350981201341,-8.214540341610544,,
1780128040,994846280,right_base_cmd,right_joint_1,right_joint_2,right_joint_3,right_joint_4,right_joint_5,right_joint_6,right_joint_7,-91.23324503337548,-71.75794921421017,89.31470841268666,-88.0500070904181,-61.747242426563844,30.168848381890093,-7.499530431037684,,
1780128041,4484665,right_base_cmd,right_joint_1,right_joint_2,right_joint_3,right_joint_4,right_joint_5,right_joint_6,right_joint_7,-90.96672538393116,-71.91303186402423,89.05025915790165,-87.93143445540575,-62.77683517528078,28.68173736632088,-6.719563726116476,,
1780128041,14678836,right_base_cmd,right_joint_1,right_joint_2,right_joint_3,right_joint_4,right_joint_5,right_joint_6,right_joint_7,-90.9348620114313,-71.99468530602356,89.10931842513699,-87.92848126595096,-63.61330145230676,27.08285909019714,-6.031560695961744,,
1780128041,24570004,right_base_cmd,right_joint_1,right_joint_2,right_joint_3,right_joint_4,right_joint_5,right_joint_6,right_joint_7,-90.88494430804306,-72.03611918586587,89.07886609986511,-87.9043261934125,-64.29129650926717,25.66949577764911,-5.47189116848746,,
1780128041,34426073,right_base_cmd,right_joint_1,right_joint_2,right_joint_3,right_joint_4,right_joint_5,right_joint_6,right_joint_7,-90.82181560898178,-72.01204697129602,88.97401124768018,-87.87381823175049,-64.80343806405989,24.396165407964084,-5.0066617068045645,,
1780128041,47063423,right_base_cmd,right_joint_1,right_joint_2,right_joint_3,right_joint_4,right_joint_5,right_joint_6,right_joint_7,-90.75256290480482,-72.01852699150716,88.83546117172196,-87.8442861467101,-65.3127361214506,23.17348994910106,-4.557630021165906,,
1780128041,54703557,right_base_cmd,right_joint_1,right_joint_2,right_joint_3,right_joint_4,right_joint_5,right_joint_6,right_joint_7,-90.52405444008573,-72.04888537399906,88.4154045122356,-87.76399872866922,-65.94629714008795,21.826987007316696,-3.9598933573134474,,
1780128041,64798426,right_base_cmd,right_joint_1,right_joint_2,right_joint_3,right_joint_4,right_joint_5,right_joint_6,right_joint_7,-90.53068191261295,-72.04069996129944,88.36224615030258,-87.80427223467724,-66.47964052294537,20.328402445802062,-3.3863961191573395,,
1780128041,74487905,right_base_cmd,right_joint_1,right_joint_2,right_joint_3,right_joint_4,right_joint_5,right_joint_6,right_joint_7,-90.48566378428822,-72.31751787550424,88.52830304657616,-87.81422363299329,-67.28868211065117,18.68690701617721,-2.71863585834258,,
1780128041,84516852,right_base_cmd,right_joint_1,right_joint_2,right_joint_3,right_joint_4,right_joint_5,right_joint_6,right_joint_7,-90.48161488854063,-72.41435485979288,88.56917702435786,-87.83051219589164,-67.80492168977452,17.278391259474752,-2.2042331561911084,,
1780128041,94409288,right_base_cmd,right_joint_1,right_joint_2,right_joint_3,right_joint_4,right_joint_5,right_joint_6,right_joint_7,-90.42822454453417,-72.57009264701277,88.54137473251049,-87.83385860611465,-68.33588754896152,15.910577952472131,-1.6783280400135396,,
1780128041,104360000,right_base_cmd,right_joint_1,right_joint_2,right_joint_3,right_joint_4,right_joint_5,right_joint_6,right_joint_7,-90.35375776783488,-72.61354050291682,88.09179985709758,-87.83794293947763,-68.71545144918855,14.62858145592174,-1.2012076290919964,,
1780128041,114321835,right_base_cmd,right_joint_1,right_joint_2,right_joint_3,right_joint_4,right_joint_5,right_joint_6,right_joint_7,-90.33442575613438,-72.68629996211611,88.0431201657066,-87.87413928611495,-69.1306890222412,13.081381453528031,-0.6383736170455023,,
1780128041,127155443,right_base_cmd,right_joint_1,right_joint_2,right_joint_3,right_joint_4,right_joint_5,right_joint_6,right_joint_7,-90.35547639602365,-72.72337670603254,88.09545923585395,-87.9276019526675,-69.46442200344052,11.670521864676239,-0.13905311210125149,,
1780128041,134583588,right_base_cmd,right_joint_1,right_joint_2,right_joint_3,right_joint_4,right_joint_5,right_joint_6,right_joint_7,-90.33463994971257,-72.73848779848755,88.01461783243556,-87.96205994146119,-69.76138758555106,10.440925783833627,0.32453907354503997,,
1780128041,144690044,right_base_cmd,right_joint_1,right_joint_2,right_joint_3,right_joint_4,right_joint_5,right_joint_6,right_joint_7,-90.33205457393174,-72.77925686570053,87.9327068709197,-88.01055185498946,-70.08387877394432,9.25590317414828,0.7853568982745145,,
1780128041,154354075,right_base_cmd,right_joint_1,right_joint_2,right_joint_3,right_joint_4,right_joint_5,right_joint_6,right_joint_7,-90.25180118353424,-73.0359081433469,87.71630632838597,-88.06381807020604,-70.75763106417571,7.7848302945261665,1.4762937737590818,,
1780128041,164300542,right_base_cmd,right_joint_1,right_joint_2,right_joint_3,right_joint_4,right_joint_5,right_joint_6,right_joint_7,-90.25888882801289,-73.17783084933752,87.80592925349097,-88.11624259335589,-71.27731555833958,6.16158420020475,2.117647741260029,,
1780128041,174680729,right_base_cmd,right_joint_1,right_joint_2,right_joint_3,right_joint_4,right_joint_5,right_joint_6,right_joint_7,-90.25179883807166,-73.31861100247353,87.91005215965268,-88.16934218910303,-71.75169394468645,4.65676846115651,2.7229583482709785,,
1780128041,184887291,right_base_cmd,right_joint_1,right_joint_2,right_joint_3,right_joint_4,right_joint_5,right_joint_6,right_joint_7,-90.25263280432594,-73.39491345651255,87.89169946353687,-88.22612243834261,-72.10182124859358,3.356197972453579,3.243774670146294,,
1780128041,194601628,right_base_cmd,right_joint_1,right_joint_2,right_joint_3,right_joint_4,right_joint_5,right_joint_6,right_joint_7,-90.24599014162132,-73.48198127891193,87.87785254244821,-88.28373562768009,-72.43577633886008,2.121038478847943,3.7328817092794537,,
1780128041,206544017,right_base_cmd,right_joint_1,right_joint_2,right_joint_3,right_joint_4,right_joint_5,right_joint_6,right_joint_7,-90.22058754890858,-73.57363990449097,87.85736579035407,-88.32323511476842,-72.7565872864451,0.9275429686164287,4.192948193940865,,
1780128041,214871875,right_base_cmd,right_joint_1,right_joint_2,right_joint_3,right_joint_4,right_joint_5,right_joint_6,right_joint_7,-90.17873569866518,-73.68459432430792,87.49660846741276,-88.38376488290238,-73.14179809325282,-0.3132247015664049,4.698476324914608,,
1780128041,224530941,right_base_cmd,right_joint_1,right_joint_2,right_joint_3,right_joint_4,right_joint_5,right_joint_6,right_joint_7,-90.12871264800597,-73.80495514398434,87.42395684687583,-88.38825469180337,-73.5247286001117,-1.8876875391207406,5.262065996509975,,
1780128041,235547154,right_base_cmd,right_joint_1,right_joint_2,right_joint_3,right_joint_4,right_joint_5,right_joint_6,right_joint_7,-90.08232626408486,-73.90369048075253,87.60896853321319,-88.37961150635716,-73.83308156998237,-3.4242052037448545,5.7854674642339745,,
1780128041,244537162,right_base_cmd,right_joint_1,right_joint_2,right_joint_3,right_joint_4,right_joint_5,right_joint_6,right_joint_7,-90.01424255591692,-74.031867643159,87.65067442933045,-88.37728038966203,-74.14307548273644,-4.804050585407815,6.300627117730741,,
1780128041,254739570,right_base_cmd,right_joint_1,right_joint_2,right_joint_3,right_joint_4,right_joint_5,right_joint_6,right_joint_7,-89.95743330197425,-74.17855668047322,87.69916418628813,-88.37357006475465,-74.45473804510726,-6.187474665189079,6.815921898373901,,
1780128041,264636198,right_base_cmd,right_joint_1,right_joint_2,right_joint_3,right_joint_4,right_joint_5,right_joint_6,right_joint_7,-89.91036486669398,-74.4464769107931,87.50853882580518,-88.41906174450504,-74.87821936756671,-7.786386643742098,7.4853610809164906,,
1780128041,274496387,right_base_cmd,right_joint_1,right_joint_2,right_joint_3,right_joint_4,right_joint_5,right_joint_6,right_joint_7,-89.8396895972123,-74.57041368015884,87.60601056619166,-88.40565693636701,-75.10264317177797,-9.512957112776455,8.135261490401533,,
1780128041,285399584,right_base_cmd,right_joint_1,right_joint_2,right_joint_3,right_joint_4,right_joint_5,right_joint_6,right_joint_7,-89.75317851592828,-74.70756932399071,87.62655879135431,-88.38650914605724,-75.308165338707,-11.131475951190104,8.757339666325137,,
1780128041,294886287,right_base_cmd,right_joint_1,right_joint_2,right_joint_3,right_joint_4,right_joint_5,right_joint_6,right_joint_7,-89.64500267194634,-74.75693841457912,87.67280277684446,-88.32466737311678,-75.40683069324302,-12.62236591952938,9.294379745204012,,
1780128041,304355620,right_base_cmd,right_joint_1,right_joint_2,right_joint_3,right_joint_4,right_joint_5,right_joint_6,right_joint_7,-89.52927975428085,-74.82163790558151,87.31487272653877,-88.2920135003085,-75.52222398571337,-14.181276186881853,9.943836400767552,,
1780128041,314447577,right_base_cmd,right_joint_1,right_joint_2,right_joint_3,right_joint_4,right_joint_5,right_joint_6,right_joint_7,-89.40275100414541,-75.10016158480353,87.57947934876708,-88.22004876111704,-75.81596206579718,-16.179930657380275,10.703256869641265,,
1780128041,324866743,right_base_cmd,right_joint_1,right_joint_2,right_joint_3,right_joint_4,right_joint_5,right_joint_6,right_joint_7,-89.27017378642492,-75.25020202014214,87.68388972099385,-88.14924498403055,-75.94205592691196,-17.92274210958373,11.423222348430372,,
1780128041,334660664,right_base_cmd,right_joint_1,right_joint_2,right_joint_3,right_joint_4,right_joint_5,right_joint_6,right_joint_7,-89.19449530363116,-75.39509397025985,87.79881148789431,-88.14931657719627,-76.0334930512285,-19.569247705178093,12.193357663964989,,
1780128041,344590821,right_base_cmd,right_joint_1,right_joint_2,right_joint_3,right_joint_4,right_joint_5,right_joint_6,right_joint_7,-89.08922008443201,-75.49881195937685,87.83903231358082,-88.1324026806213,-76.04233043297802,-21.096845297439067,12.961637088266102,,
1780128041,354855125,right_base_cmd,right_joint_1,right_joint_2,right_joint_3,right_joint_4,right_joint_5,right_joint_6,right_joint_7,-89.00754351941035,-75.60442905742157,87.83054943134957,-88.14050116010533,-76.03368864847954,-22.59334222412081,13.75586745444484,,
1780128041,365124670,right_base_cmd,right_joint_1,right_joint_2,right_joint_3,right_joint_4,right_joint_5,right_joint_6,right_joint_7,-88.92510215261453,-75.69174695692375,87.6466109454984,-88.17872676228411,-75.96941649095163,-24.18051532254048,14.680441922250665,,
1780128041,374715496,right_base_cmd,right_joint_1,right_joint_2,right_joint_3,right_joint_4,right_joint_5,right_joint_6,right_joint_7,-88.7773121451934,-75.76687427931775,87.709106573686,-88.13648232315582,-75.90322983648014,-25.844205029840502,15.575386702560067,,
1780128041,384545803,right_base_cmd,right_joint_1,right_joint_2,right_joint_3,right_joint_4,right_joint_5,right_joint_6,right_joint_7,-88.60370826928735,-75.84666774972693,87.77228554490742,-88.06243876368013,-75.84458462114469,-27.376724430794518,16.414197038972347,,
1780128041,394785729,right_base_cmd,right_joint_1,right_joint_2,right_joint_3,right_joint_4,right_joint_5,right_joint_6,right_joint_7,-88.46369011781618,-75.96178490282928,87.85472628137799,-88.02481846758629,-75.87399604509216,-28.839265430346124,17.221112227998887,,
1780128041,404398507,right_base_cmd,right_joint_1,right_joint_2,right_joint_3,right_joint_4,right_joint_5,right_joint_6,right_joint_7,-88.34850378970751,-76.1780478427856,87.8529717903406,-88.06912527719955,-76.10156503544448,-30.548927863343742,18.241239817823825,,
1780128041,414795901,right_base_cmd,right_joint_1,right_joint_2,right_joint_3,right_joint_4,right_joint_5,right_joint_6,right_joint_7,-88.15720102104765,-76.30518268468849,88.02516543169887,-88.024387759211,-76.28797121415954,-32.232212071174835,19.193565868917332,,
1780128041,424490521,right_base_cmd,right_joint_1,right_joint_2,right_joint_3,right_joint_4,right_joint_5,right_joint_6,right_joint_7,-87.97025579287279,-76.40348424635086,88.14000321687732,-87.99132307662963,-76.51321529173123,-33.737748150316854,20.06406318199599,,
1780128041,434680490,right_base_cmd,right_joint_1,right_joint_2,right_joint_3,right_joint_4,right_joint_5,right_joint_6,right_joint_7,-87.78996345279401,-76.452802652774,88.22665197793802,-87.95856457352399,-76.76747802892709,-35.03756016070542,20.804603064227976,,
1780128041,444718322,right_base_cmd,right_joint_1,right_joint_2,right_joint_3,right_joint_4,right_joint_5,right_joint_6,right_joint_7,-87.6021798666034,-76.48189319067633,88.2562266484658,-87.92718702309959,-77.04295141689562,-36.20688442194869,21.463666316482986,,
1780128041,455406345,right_base_cmd,right_joint_1,right_joint_2,right_joint_3,right_joint_4,right_joint_5,right_joint_6,right_joint_7,-87.44161321188531,-76.48541411378427,88.24032417528534,-87.90292530467629,-77.36305541017276,-37.254099559728495,22.00014468953883,,
1780128041,464437481,right_base_cmd,right_joint_1,right_joint_2,right_joint_3,right_joint_4,right_joint_5,right_joint_6,right_joint_7,-87.26667296713626,-76.53383975402433,88.11191254545705,-87.9107822086577,-77.88146503745395,-38.457420133781106,22.542764353341497,,
1780128041,474337283,right_base_cmd,right_joint_1,right_joint_2,right_joint_3,right_joint_4,right_joint_5,right_joint_6,right_joint_7,-87.09172185386697,-76.59771275088606,88.1056363707913,-87.85563795971315,-78.36719277354518,-39.66029268199588,22.94506317888174,,
1780128041,484495206,right_base_cmd,right_joint_1,right_joint_2,right_joint_3,right_joint_4,right_joint_5,right_joint_6,right_joint_7,-86.91169810230079,-76.64331312611121,88.11118635200737,-87.7863062240943,-78.74813426590822,-40.72665308190158,23.288541789973564,,
1780128041,494602588,right_base_cmd,right_joint_1,right_joint_2,right_joint_3,right_joint_4,right_joint_5,right_joint_6,right_joint_7,-86.79671457970497,-76.67220471375954,88.0441333900005,-87.75120079139306,-79.06266941466498,-41.64814815122991,23.538696369412477,,
1780128041,504279919,right_base_cmd,right_joint_1,right_joint_2,right_joint_3,right_joint_4,right_joint_5,right_joint_6,right_joint_7,-86.72661942256909,-76.65866841814979,87.8451094128931,-87.78861949695194,-79.25870182771382,-42.54929191538752,23.84814728907115,,
1780128041,514476248,right_base_cmd,right_joint_1,right_joint_2,right_joint_3,right_joint_4,right_joint_5,right_joint_6,right_joint_7,-86.64961739354285,-76.66745827888555,87.79358934743462,-87.7718916432084,-79.36909984920032,-43.43601914902347,24.14821466166653,,
1780128041,524690836,right_base_cmd,right_joint_1,right_joint_2,right_joint_3,right_joint_4,right_joint_5,right_joint_6,right_joint_7,-86.58911371992448,-76.66861592221541,87.74282460985498,-87.78371308844659,-79.36912065787249,-44.198455598135176,24.49682734045392,,
1780128041,534511420,right_base_cmd,right_joint_1,right_joint_2,right_joint_3,right_joint_4,right_joint_5,right_joint_6,right_joint_7,-86.58002424315609,-76.67663954181866,87.69977589270727,-87.82160116934274,-79.29911536650445,-44.83478317042243,24.846218044598842,,
1780128041,544696072,right_base_cmd,right_joint_1,right_joint_2,right_joint_3,right_joint_4,right_joint_5,right_joint_6,right_joint_7,-86.59076978561635,-76.6857331110527,87.66415861415473,-87.8829307736611,-79.1646593882989,-45.39169433087488,25.21898535027536,,
1780128041,554382176,right_base_cmd,right_joint_1,right_joint_2,right_joint_3,right_joint_4,right_joint_5,right_joint_6,right_joint_7,-86.75229519083601,-76.68796097776443,87.53607768714127,-88.08422735743058,-78.89655202775077,-45.82928061492026,25.67814963975472,,
1780128041,564600505,right_base_cmd,right_joint_1,right_joint_2,right_joint_3,right_joint_4,right_joint_5,right_joint_6,right_joint_7,-86.73775937666974,-76.73511416034144,87.56149640249461,-88.11354558993413,-78.66606758654427,-46.3444898444726,26.11154734095861,,
1780128041,574717037,right_base_cmd,right_joint_1,right_joint_2,right_joint_3,right_joint_4,right_joint_5,right_joint_6,right_joint_7,-86.71482640153627,-76.7562571696679,87.55475149878598,-88.11060248844178,-78.48679352640556,-46.71996888663772,26.409552827973343,,
1780128041,584625858,right_base_cmd,right_joint_1,right_joint_2,right_joint_3,right_joint_4,right_joint_5,right_joint_6,right_joint_7,-86.67673405534268,-76.77399359808113,87.56499519037024,-88.1140569715027,-78.32023734122481,-47.05993380470789,26.69047451511794,,
1780128041,594793222,right_base_cmd,right_joint_1,right_joint_2,right_joint_3,right_joint_4,right_joint_5,right_joint_6,right_joint_7,-86.66342269859055,-76.81778800116105,87.57869886236298,-88.11234002924546,-78.24469083272925,-47.34115384046583,26.876180925963112,,
1780128041,604299953,right_base_cmd,right_joint_1,right_joint_2,right_joint_3,right_joint_4,right_joint_5,right_joint_6,right_joint_7,-86.70925498060629,-76.90945622761758,87.60635026701877,-88.15829480797841,-78.25349445578661,-47.609767369874525,27.038408709841505,,
1780128041,615379619,right_base_cmd,right_joint_1,right_joint_2,right_joint_3,right_joint_4,right_joint_5,right_joint_6,right_joint_7,-86.687388254392,-76.96766930846418,87.6578471932954,-88.1425313590242,-78.24010493684028,-47.84019856633363,27.17632061457941,,
1780128041,624918298,right_base_cmd,right_joint_1,right_joint_2,right_joint_3,right_joint_4,right_joint_5,right_joint_6,right_joint_7,-86.69396707551326,-77.01233246525756,87.69194223514418,-88.1501994269852,-78.23169062862326,-47.99948110381592,27.289903014326953,,
1780128041,634525432,right_base_cmd,right_joint_1,right_joint_2,right_joint_3,right_joint_4,right_joint_5,right_joint_6,right_joint_7,-86.7011380103605,-77.0640213209498,87.7554500692269,-88.1568823705518,-78.2127621396628,-48.08960128438729,27.395914516726222,,
1780128041,645076737,right_base_cmd,right_joint_1,right_joint_2,right_joint_3,right_joint_4,right_joint_5,right_joint_6,right_joint_7,-86.72906136783726,-77.09575861404745,87.78816059043979,-88.18702285037712,-78.18562513317801,-48.109851135142144,27.478774534442877,,
1780128041,654318839,right_base_cmd,right_joint_1,right_joint_2,right_joint_3,right_joint_4,right_joint_5,right_joint_6,right_joint_7,-86.77182220349405,-77.18145601936563,87.88371783304373,-88.2079920490137,-78.16222133339159,-48.050389735529556,27.535439659748008,,
1780128041,665563860,right_base_cmd,right_joint_1,right_joint_2,right_joint_3,right_joint_4,right_joint_5,right_joint_6,right_joint_7,-86.8023652689428,-77.22403105923514,87.9381120082709,-88.21947894414366,-78.10597709357228,-47.92686297246626,27.5602473148504,,
1780128041,674659553,right_base_cmd,right_joint_1,right_joint_2,right_joint_3,right_joint_4,right_joint_5,right_joint_6,right_joint_7,-86.83135681114382,-77.26308108083556,87.98397829957165,-88.22755490708688,-78.0484488511255,-47.74111870497381,27.541062738510774,,
1780128041,685037987,right_base_cmd,right_joint_1,right_joint_2,right_joint_3,right_joint_4,right_joint_5,right_joint_6,right_joint_7,-86.89821579812187,-77.3057705025662,88.02713039451842,-88.24468860551464,-78.03687547511254,-47.517412557094524,27.4562305160744,,
1780128041,694790539,right_base_cmd,right_joint_1,right_joint_2,right_joint_3,right_joint_4,right_joint_5,right_joint_6,right_joint_7,-86.92782616640275,-77.35257996157976,88.08449650411384,-88.24595166812021,-78.01258639037474,-47.27533059048937,27.36962204926418,,
1780128041,704331048,right_base_cmd,right_joint_1,right_joint_2,right_joint_3,right_joint_4,right_joint_5,right_joint_6,right_joint_7,-86.9685971101758,-77.42980931588717,88.188792703379,-88.21216021756904,-78.06507629185882,-46.93073967766241,27.141750880554568,,
1780128041,714515889,right_base_cmd,right_joint_1,right_joint_2,right_joint_3,right_joint_4,right_joint_5,right_joint_6,right_joint_7,-87.00287403652246,-77.46356913035665,88.23909303604265,-88.20908434056987,-78.06596608781427,-46.55238081679709,26.939411048552685,,
1780128041,724902390,right_base_cmd,right_joint_1,right_joint_2,right_joint_3,right_joint_4,right_joint_5,right_joint_6,right_joint_7,-87.01625344154249,-77.4818138679599,88.2946781938268,-88.19347343247968,-78.05679014650616,-46.20941682350752,26.751269807457717,,
1780128041,734844619,right_base_cmd,right_joint_1,right_joint_2,right_joint_3,right_joint_4,right_joint_5,right_joint_6,right_joint_7,-87.02741012510396,-77.50204568660867,88.3459687928283,-88.17136517217712,-78.07199648390929,-45.85935738446164,26.536163623500258,,
1780128041,744608919,right_base_cmd,right_joint_1,right_joint_2,right_joint_3,right_joint_4,right_joint_5,right_joint_6,right_joint_7,-87.02461809355734,-77.5214754410941,88.4125974674341,-88.12498704136239,-78.09196526176345,-45.53206593135854,26.314107660252304,,
1780128041,754656009,right_base_cmd,right_joint_1,right_joint_2,right_joint_3,right_joint_4,right_joint_5,right_joint_6,right_joint_7,-87.02880744029696,-77.52979231513025,88.45798806773516,-88.09453171068249,-78.11320085954412,-45.1719979929723,26.077626204764996,,
1780128041,764366124,right_base_cmd,right_joint_1,right_joint_2,right_joint_3,right_joint_4,right_joint_5,right_joint_6,right_joint_7,-86.94830188715397,-77.55265429081562,88.6069424296438,-87.9549394315642,-78.17920284333468,-44.739349554164555,25.716143343433018,,
1780128041,774347032,right_base_cmd,right_joint_1,right_joint_2,right_joint_3,right_joint_4,right_joint_5,right_joint_6,right_joint_7,-86.97925020144677,-77.54574032988178,88.64045826590043,-87.93630033539837,-78.2473810091858,-44.20218765635746,25.340298238100942,,
1780128041,785292772,right_base_cmd,right_joint_1,right_joint_2,right_joint_3,right_joint_4,right_joint_5,right_joint_6,right_joint_7,-86.98110453130906,-77.54508022471676,88.72061674021458,-87.8932184498715,-78.33613188956161,-43.700970618335866,24.969866070401665,,
1780128041,794671799,right_base_cmd,right_joint_1,right_joint_2,right_joint_3,right_joint_4,right_joint_5,right_joint_6,right_joint_7,-86.99941898942862,-77.5377492812345,88.77104828889881,-87.86839873560719,-78.44936486016252,-43.1706474578782,24.587702973404575,,
1780128041,804448745,right_base_cmd,right_joint_1,right_joint_2,right_joint_3,right_joint_4,right_joint_5,right_joint_6,right_joint_7,-86.88418295013017,-77.52724388725763,88.96988404507502,-87.7043190566642,-78.64013816433828,-42.57196994542186,24.081219264254045,,
1780128041,814470793,right_base_cmd,right_joint_1,right_joint_2,right_joint_3,right_joint_4,right_joint_5,right_joint_6,right_joint_7,-86.9158299871115,-77.51145932365746,89.021991185286,-87.68767419884507,-78.86306842582849,-41.842699216050214,23.55834208871555,,
1780128041,825205639,right_base_cmd,right_joint_1,right_joint_2,right_joint_3,right_joint_4,right_joint_5,right_joint_6,right_joint_7,-86.91977043987967,-77.48976956697875,89.08185643025988,-87.65351810988524,-79.07140666628976,-41.15817618134212,23.070207381585178,,
1780128041,834667909,right_base_cmd,right_joint_1,right_joint_2,right_joint_3,right_joint_4,right_joint_5,right_joint_6,right_joint_7,-86.92526975040826,-77.47213644975757,89.14013606084754,-87.6145652155371,-79.29421964266515,-40.49163600293138,22.584356137484278,,
1780128041,844637365,right_base_cmd,right_joint_1,right_joint_2,right_joint_3,right_joint_4,right_joint_5,right_joint_6,right_joint_7,-86.91453876026006,-77.46224175384289,89.21932935506695,-87.56499289124987,-79.50403638547482,-39.85757936695489,22.120130125617024,,
1780128041,857364115,right_base_cmd,right_joint_1,right_joint_2,right_joint_3,right_joint_4,right_joint_5,right_joint_6,right_joint_7,-86.77770835517228,-77.45534084576703,89.4721907088302,-87.36487855672932,-79.78973694057186,-39.15197845128085,21.51634823351712,,
1780128041,864537423,right_base_cmd,right_joint_1,right_joint_2,right_joint_3,right_joint_4,right_joint_5,right_joint_6,right_joint_7,-86.792135016912,-77.3999586260223,89.52397173828498,-87.33059611731899,-80.00704077076966,-38.243294282111314,20.916256066359253,,
1780128041,874338412,right_base_cmd,right_joint_1,right_joint_2,right_joint_3,right_joint_4,right_joint_5,right_joint_6,right_joint_7,-86.84478188909523,-77.37532122459113,89.56129530790903,-87.3277066397513,-80.21880765573258,-37.38494347457105,20.370260027881145,,
1780128041,884762142,right_base_cmd,right_joint_1,right_joint_2,right_joint_3,right_joint_4,right_joint_5,right_joint_6,right_joint_7,-86.86980717845617,-77.35251500808018,89.62463536752543,-87.29340864087102,-80.40449339063525,-36.575544075757584,19.84681655896121,,
1780128041,895521099,right_base_cmd,right_joint_1,right_joint_2,right_joint_3,right_joint_4,right_joint_5,right_joint_6,right_joint_7,-86.89769037097685,-77.31876371148009,89.6908824494586,-87.26133001285093,-80.54581419612185,-35.74632124641601,19.339783556803454,,
1780128041,904404409,right_base_cmd,right_joint_1,right_joint_2,right_joint_3,right_joint_4,right_joint_5,right_joint_6,right_joint_7,-86.91894885384752,-77.2809046035339,89.75043903734743,-87.2207978886096,-80.66061230596051,-34.89767356154902,18.840446405424913,,
1780128041,914669100,right_base_cmd,right_joint_1,right_joint_2,right_joint_3,right_joint_4,right_joint_5,right_joint_6,right_joint_7,-86.85372121511764,-77.21725609519224,89.95488843679445,-87.04869527152199,-80.74935944291593,-33.89443735434258,18.173677609022135,,
1780128041,924606569,right_base_cmd,right_joint_1,right_joint_2,right_joint_3,right_joint_4,right_joint_5,right_joint_6,right_joint_7,-86.93300860132106,-77.18265998833881,89.97059545672309,-87.04235285742705,-80.82209349144523,-32.777891880889676,17.548201090934512,,
1780128041,934459410,right_base_cmd,right_joint_1,right_joint_2,right_joint_3,right_joint_4,right_joint_5,right_joint_6,right_joint_7,-86.97457100903674,-77.15078765462296,90.0056933992773,-86.99316097381553,-80.86999764384132,-31.7611329017111,16.9649353887135,,
1780128041,946133914,right_base_cmd,right_joint_1,right_joint_2,right_joint_3,right_joint_4,right_joint_5,right_joint_6,right_joint_7,-87.02738350585432,-77.11308033543368,90.03471111756355,-86.9461374765432,-80.88815751686985,-30.78195106511145,16.399174321191808,,
1780128041,955475503,right_base_cmd,right_joint_1,right_joint_2,right_joint_3,right_joint_4,right_joint_5,right_joint_6,right_joint_7,-87.04324255690827,-77.08340734225875,90.09805410696922,-86.8739726635397,-80.89203976603795,-29.870679545723128,15.873585631078512,,
1780128041,964611045,right_base_cmd,right_joint_1,right_joint_2,right_joint_3,right_joint_4,right_joint_5,right_joint_6,right_joint_7,-86.98157263163566,-77.02895114110551,90.33771827798253,-86.68104131796561,-80.85897294567616,-28.866212039421264,15.22036834385925,,
1780128041,976699266,right_base_cmd,right_joint_1,right_joint_2,right_joint_3,right_joint_4,right_joint_5,right_joint_6,right_joint_7,-87.01379266877873,-76.99158313517252,90.38823759768573,-86.62053509381623,-80.83079134404915,-27.76089146328109,14.628389252937367,,
1780128041,986828301,right_base_cmd,right_joint_1,right_joint_2,right_joint_3,right_joint_4,right_joint_5,right_joint_6,right_joint_7,-87.09011122971927,-76.94213674170398,90.382370323326,-86.59029030405038,-80.779582302282,-26.678887960547563,14.06250520705872,,
1780128041,994661602,right_base_cmd,right_joint_1,right_joint_2,right_joint_3,right_joint_4,right_joint_5,right_joint_6,right_joint_7,-87.11187302215777,-76.897062676246,90.43669092133266,-86.51992847906946,-80.72744408613738,-25.709654883383102,13.54654391679928,,
1780128042,4514359,right_base_cmd,right_joint_1,right_joint_2,right_joint_3,right_joint_4,right_joint_5,right_joint_6,right_joint_7,-87.15472228982921,-76.863745874761,90.53219861121201,-86.43304389459128,-80.66615400195428,-24.733257543367124,13.003157213141876,,
1780128042,14609539,right_base_cmd,right_joint_1,right_joint_2,right_joint_3,right_joint_4,right_joint_5,right_joint_6,right_joint_7,-87.10936887157172,-76.78801608250184,90.75644390486522,-86.2557669691786,-80.54722388712014,-23.65646360219403,12.37762532702827,,
1780128042,24733649,right_base_cmd,right_joint_1,right_joint_2,right_joint_3,right_joint_4,right_joint_5,right_joint_6,right_joint_7,-87.24797864540616,-76.7372128500735,90.72407959212441,-86.22861984462192,-80.44397319319233,-22.377560016053103,11.722872732889627,,
1780128042,36592442,right_base_cmd,right_joint_1,right_joint_2,right_joint_3,right_joint_4,right_joint_5,right_joint_6,right_joint_7,-87.293211909875,-76.686034016114,90.7428416892403,-86.16658348735815,-80.31989507342848,-21.254120438005536,11.177545493441343,,
1780128042,44503293,right_base_cmd,right_joint_1,right_joint_2,right_joint_3,right_joint_4,right_joint_5,right_joint_6,right_joint_7,-87.31310931538448,-76.62914600358563,90.74722465737594,-86.05971391730226,-80.19133136048026,-20.1777145139527,10.641891323972615,,
1780128042,54409677,right_base_cmd,right_joint_1,right_joint_2,right_joint_3,right_joint_4,right_joint_5,right_joint_6,right_joint_7,-87.33483067669337,-76.57466039714866,90.79063733486046,-85.97395557295165,-80.04916486560421,-19.17314306286783,10.15149603963009,,
1780128042,64284631,right_base_cmd,right_joint_1,right_joint_2,right_joint_3,right_joint_4,right_joint_5,right_joint_6,right_joint_7,-87.352107298667,-76.46172422208458,91.09923836306419,-85.83554504225238,-79.79708879586121,-18.08249691074723,9.567956779092853,,
1780128042,74539477,right_base_cmd,right_joint_1,right_joint_2,right_joint_3,right_joint_4,right_joint_5,right_joint_6,right_joint_7,-87.43850466145571,-76.39346627725418,91.06715551907402,-85.82445607219087,-79.57264466966126,-16.81368477809047,9.06038208114147,,
1780128042,86498229,right_base_cmd,right_joint_1,right_joint_2,right_joint_3,right_joint_4,right_joint_5,right_joint_6,right_joint_7,-87.54102754001738,-76.32861635414186,91.09093951259686,-85.8293797838523,-79.35370045959007,-15.66223330644953,8.601839228122785,,
1780128042,95048989,right_base_cmd,right_joint_1,right_joint_2,right_joint_3,right_joint_4,right_joint_5,right_joint_6,right_joint_7,-87.62482766005004,-76.25591828340193,91.13954922259902,-85.83451592541725,-79.12360759223384,-14.57617815151496,8.198655527350624,,
1780128042,105215029,right_base_cmd,right_joint_1,right_joint_2,right_joint_3,right_joint_4,right_joint_5,right_joint_6,right_joint_7,-87.7246054240903,-76.17843417120186,91.23257774849654,-85.84765835930763,-78.87699545464869,-13.487926419257342,7.8011154917358425,,
1780128042,114989830,right_base_cmd,right_joint_1,right_joint_2,right_joint_3,right_joint_4,right_joint_5,right_joint_6,right_joint_7,-87.84531533574474,-76.05537639259457,91.47844087425275,-85.86363584659632,-78.5267717780672,-12.266311983949485,7.352062122273239,,
1780128042,124752478,right_base_cmd,right_joint_1,right_joint_2,right_joint_3,right_joint_4,right_joint_5,right_joint_6,right_joint_7,-87.91778954703571,-75.97197561400363,91.4633387971098,-85.8722770085089,-78.198621755148,-10.919222002535143,6.918058392915825,,
1780128042,134681088,right_base_cmd,right_joint_1,right_joint_2,right_joint_3,right_joint_4,right_joint_5,right_joint_6,right_joint_7,-88.02130413659879,-75.87059784323908,91.43967451543026,-85.8993242108494,-77.84513922701427,-9.651579997761864,6.484382303670472,,
1780128042,144440078,right_base_cmd,right_joint_1,right_joint_2,right_joint_3,right_joint_4,right_joint_5,right_joint_6,right_joint_7,-88.08302337827465,-75.77337070979708,91.45860966109004,-85.89144009804143,-77.48649492548498,-8.501361248500068,6.0687679895286095,,
1780128042,154247888,right_base_cmd,right_joint_1,right_joint_2,right_joint_3,right_joint_4,right_joint_5,right_joint_6,right_joint_7,-88.1548953076684,-75.66935978976552,91.4455385283907,-85.87897990159844,-77.10841562288391,-7.395296527822772,5.6299836685746385,,
1780128042,164850831,right_base_cmd,right_joint_1,right_joint_2,right_joint_3,right_joint_4,right_joint_5,right_joint_6,right_joint_7,-88.25427095514951,-75.50604533993636,91.72093934487035,-85.83677733302365,-76.5685709244492,-6.269000239660151,5.072487627065399,,
1780128042,174275931,right_base_cmd,right_joint_1,right_joint_2,right_joint_3,right_joint_4,right_joint_5,right_joint_6,right_joint_7,-88.34477676358958,-75.40525020546796,91.66955090636131,-85.83412556276632,-76.09455202915996,-4.964988116930947,4.528762833748587,,
1780128042,184583007,right_base_cmd,right_joint_1,right_joint_2,right_joint_3,right_joint_4,right_joint_5,right_joint_6,right_joint_7,-88.45127758130835,-75.32309715839223,91.67216980233977,-85.86676542445856,-75.65843946857717,-3.7799653779254,4.044628429697738,,
1780128042,195210351,right_base_cmd,right_joint_1,right_joint_2,right_joint_3,right_joint_4,right_joint_5,right_joint_6,right_joint_7,-88.55365327673033,-75.23397836009327,91.69158507356585,-85.89334937743702,-75.23400880377346,-2.6596254448503416,3.5799784443534435,,
1780128042,204328418,right_base_cmd,right_joint_1,right_joint_2,right_joint_3,right_joint_4,right_joint_5,right_joint_6,right_joint_7,-88.75399304045251,-75.19100132852192,92.09569230335981,-85.99672823415587,-74.79275063364037,-1.545313478797759,3.082433992452806,,
1780128042,214591380,right_base_cmd,right_joint_1,right_joint_2,right_joint_3,right_joint_4,right_joint_5,right_joint_6,right_joint_7,-88.88803979568368,-74.97247232627986,91.93975835739516,-86.05816335848318,-74.18729979379737,-0.05363632770393423,2.5203662774026583,,
1780128042,224523517,right_base_cmd,right_joint_1,right_joint_2,right_joint_3,right_joint_4,right_joint_5,right_joint_6,right_joint_7,-89.01190535347101,-74.8696469684452,91.91183385170123,-86.11988221664298,-73.73131734765383,1.2168348299819698,2.0185575138376493,,
1780128042,234507956,right_base_cmd,right_joint_1,right_joint_2,right_joint_3,right_joint_4,right_joint_5,right_joint_6,right_joint_7,-89.12154140660115,-74.76851249732256,91.90777660283973,-86.16418060370417,-73.29084314874945,2.3938090526140243,1.5353859369245555,,
1780128042,244531007,right_base_cmd,right_joint_1,right_joint_2,right_joint_3,right_joint_4,right_joint_5,right_joint_6,right_joint_7,-89.23437994486133,-74.66561065250956,91.91838411065604,-86.21542527266475,-72.85378964816198,3.510617764811748,1.0589516849299656,,
1780128042,254254650,right_base_cmd,right_joint_1,right_joint_2,right_joint_3,right_joint_4,right_joint_5,right_joint_6,right_joint_7,-89.34296841708644,-74.59396914734914,91.95780255090457,-86.25876973468401,-72.45818472826704,4.557232646493112,0.5939252960991865,,
1780128042,264478927,right_base_cmd,right_joint_1,right_joint_2,right_joint_3,right_joint_4,right_joint_5,right_joint_6,right_joint_7,-89.58200877970896,-74.4993795711447,92.36010627443406,-86.39534201308904,-71.97302074542938,5.632468927930411,0.05950548489106211,,
1780128042,276217710,right_base_cmd,right_joint_1,right_joint_2,right_joint_3,right_joint_4,right_joint_5,right_joint_6,right_joint_7,-89.69096764253138,-74.4252659415376,92.34287890876416,-86.43748769553049,-71.51324284010275,6.941694065250893,-0.5156871779895056,,
1780128042,284672176,right_base_cmd,right_joint_1,right_joint_2,right_joint_3,right_joint_4,right_joint_5,right_joint_6,right_joint_7,-89.8298946740899,-74.35698547441031,92.35897272512071,-86.51132774985344,-71.08641306650816,8.14571711015845,-1.0421283650368451,,
1780128042,294977503,right_base_cmd,right_joint_1,right_joint_2,right_joint_3,right_joint_4,right_joint_5,right_joint_6,right_joint_7,-89.98734707297356,-74.27861054047385,92.40550562502452,-86.62242510191858,-70.67156247777399,9.28339244020902,-1.4969645745228632,,
1780128042,304367131,right_base_cmd,right_joint_1,right_joint_2,right_joint_3,right_joint_4,right_joint_5,right_joint_6,right_joint_7,-90.35387894718102,-74.18075510781075,92.79222814864923,-86.90823040095383,-70.15770316646973,10.477631647659571,-1.9681631134449304,,
1780128042,314497886,right_base_cmd,right_joint_1,right_joint_2,right_joint_3,right_joint_4,right_joint_5,right_joint_6,right_joint_7,-90.5049378949507,-74.08559507316325,92.75559110508894,-87.0272270886252,-69.64707381172008,11.875271890552831,-2.4617816332568765,,
1780128042,325674899,right_base_cmd,right_joint_1,right_joint_2,right_joint_3,right_joint_4,right_joint_5,right_joint_6,right_joint_7,-90.62799245339235,-74.00860716584152,92.75973376768027,-87.12914755151782,-69.16719745576387,13.120880278308682,-2.9092935401457822,,
1780128042,334458816,right_base_cmd,right_joint_1,right_joint_2,right_joint_3,right_joint_4,right_joint_5,right_joint_6,right_joint_7,-90.768434884855,-73.9283021442928,92.77059658139288,-87.23643277775439,-68.67800928224591,14.281511411123411,-3.347116143971121,,
1780128042,345102284,right_base_cmd,right_joint_1,right_joint_2,right_joint_3,right_joint_4,right_joint_5,right_joint_6,right_joint_7,-90.90360799690208,-73.84427134742045,92.80299821889648,-87.33599263638781,-68.18108700961318,15.374506917936522,-3.7896094005594847,,
1780128042,354821429,right_base_cmd,right_joint_1,right_joint_2,right_joint_3,right_joint_4,right_joint_5,right_joint_6,right_joint_7,-91.22732390700193,-73.83253725649583,93.22859108486918,-87.5693159933074,-67.61816065845983,16.427346589006568,-4.301656561870928,,
1780128042,364890073,right_base_cmd,right_joint_1,right_joint_2,right_joint_3,right_joint_4,right_joint_5,right_joint_6,right_joint_7,-91.32700716009592,-73.64895813157058,93.09998217256143,-87.62282532146754,-66.86047988595652,17.79018927685599,-4.943957133314953,,
1780128042,374630455,right_base_cmd,right_joint_1,right_joint_2,right_joint_3,right_joint_4,right_joint_5,right_joint_6,right_joint_7,-91.4298488062822,-73.56756584138954,93.08029667153605,-87.67685497019825,-66.22927829538577,18.939218796075757,-5.533816007199235,,
1780128042,384744825,right_base_cmd,right_joint_1,right_joint_2,right_joint_3,right_joint_4,right_joint_5,right_joint_6,right_joint_7,-91.50599595929279,-73.50455034485965,93.12092459128539,-87.71861787371718,-65.64875978869895,19.959194077042532,-6.069954914866415,,
1780128042,394536594,right_base_cmd,right_joint_1,right_joint_2,right_joint_3,right_joint_4,right_joint_5,right_joint_6,right_joint_7,-91.62125468842291,-73.42623264379627,93.14807463430904,-87.78118590985561,-65.03753611948338,20.944309836450323,-6.626729527287537,,
1780128042,404265216,right_base_cmd,right_joint_1,right_joint_2,right_joint_3,right_joint_4,right_joint_5,right_joint_6,right_joint_7,-91.91247405123104,-73.34850750930492,93.52818561093207,-87.96513240284493,-64.30302304164331,21.91002115370538,-7.248748942603768,,
1780128042,414466789,right_base_cmd,right_joint_1,right_joint_2,right_joint_3,right_joint_4,right_joint_5,right_joint_6,right_joint_7,-92.00142915837685,-73.27710969973124,93.52044112328761,-88.00120424345177,-63.58753906261711,23.055019013237775,-7.914512125103229,,
1780128042,425906840,right_base_cmd,right_joint_1,right_joint_2,right_joint_3,right_joint_4,right_joint_5,right_joint_6,right_joint_7,-92.0643492996106,-73.22684049550254,93.58608330779148,-88.01928186931953,-62.94380454114935,24.0380777215371,-8.509754220002165,,
1780128042,434606661,right_base_cmd,right_joint_1,right_joint_2,right_joint_3,right_joint_4,right_joint_5,right_joint_6,right_joint_7,-92.16966805457074,-73.16050533102477,93.63143484307918,-88.05503326893349,-62.27567286365439,24.985027118820604,-9.117373965827724,,
1780128042,444830051,right_base_cmd,right_joint_1,right_joint_2,right_joint_3,right_joint_4,right_joint_5,right_joint_6,right_joint_7,-92.24563364669436,-73.08154821337293,93.68503632579697,-88.06640881900184,-61.618385686314355,25.864104745203527,-9.71024441776673,,
1780128042,454484718,right_base_cmd,right_joint_1,right_joint_2,right_joint_3,right_joint_4,right_joint_5,right_joint_6,right_joint_7,-92.58439324131032,-72.87305159146162,93.92606232456987,-88.22863733300615,-60.61827109730217,26.877031727686024,-10.473676600505726,,
1780128042,464632593,right_base_cmd,right_joint_1,right_joint_2,right_joint_3,right_joint_4,right_joint_5,right_joint_6,right_joint_7,-92.6685963573274,-72.69911972265335,93.85382403476248,-88.26146776431723,-59.72523902635169,28.03153005593186,-11.190173899350626,,
1780128042,474558667,right_base_cmd,right_joint_1,right_joint_2,right_joint_3,right_joint_4,right_joint_5,right_joint_6,right_joint_7,-92.78998642748562,-72.5519865691759,93.81706448391955,-88.31985144321045,-58.907999762165616,29.086061532525896,-11.840455763298806,,
1780128042,484755173,right_base_cmd,right_joint_1,right_joint_2,right_joint_3,right_joint_4,right_joint_5,right_joint_6,right_joint_7,-92.88578111337122,-72.45171345308542,93.8538101914962,-88.36050870235518,-58.19679067177316,30.018913475936877,-12.41712814821598,,
1780128042,494552797,right_base_cmd,right_joint_1,right_joint_2,right_joint_3,right_joint_4,right_joint_5,right_joint_6,right_joint_7,-93.00189127594334,-72.36898525366821,93.8981752219535,-88.41208719789297,-57.519412624271354,30.910407783594913,-12.96896696782541,,
1780128042,504271068,right_base_cmd,right_joint_1,right_joint_2,right_joint_3,right_joint_4,right_joint_5,right_joint_6,right_joint_7,-93.35554211350089,-72.27539127975446,94.26332066829949,-88.56912109635495,-56.6628678088141,31.810177892991028,-13.645463168831398,,
1780128042,514461420,right_base_cmd,right_joint_1,right_joint_2,right_joint_3,right_joint_4,right_joint_5,right_joint_6,right_joint_7,-93.44466087572565,-72.16632130089478,94.23684882470863,-88.60106866655265,-55.816548784729605,32.9157379112391,-14.334104208424108,,
1780128042,524913048,right_base_cmd,right_joint_1,right_joint_2,right_joint_3,right_joint_4,right_joint_5,right_joint_6,right_joint_7,-93.56551884416686,-72.0405237410754,94.21852957685857,-88.65092868906642,-54.990454160218576,33.93597488468556,-14.985474259081869,,
1780128042,534951656,right_base_cmd,right_joint_1,right_joint_2,right_joint_3,right_joint_4,right_joint_5,right_joint_6,right_joint_7,-93.7251206475336,-71.89972269549374,94.21176327179839,-88.75470844090769,-54.16318962297629,34.92532012191726,-15.582981377992283,,
1780128042,544849102,right_base_cmd,right_joint_1,right_joint_2,right_joint_3,right_joint_4,right_joint_5,right_joint_6,right_joint_7,-93.89786341007934,-71.7287890759397,94.17500324928673,-88.88953324312321,-53.30885382906075,35.92827446483961,-16.150325944287047,,
1780128042,554821631,right_base_cmd,right_joint_1,right_joint_2,right_joint_3,right_joint_4,right_joint_5,right_joint_6,right_joint_7,-94.12062034855327,-71.57337089171104,94.17153811211958,-89.08404056781212,-52.45819272662101,36.92529981968841,-16.668228755914996,,
1780128042,564583075,right_base_cmd,right_joint_1,right_joint_2,right_joint_3,right_joint_4,right_joint_5,right_joint_6,right_joint_7,-94.59703109816078,-71.39935494445304,94.4117329916364,-89.48018633454019,-51.376405464860454,38.043856277878554,-17.2422957547832,,
1780128042,575067434,right_base_cmd,right_joint_1,right_joint_2,right_joint_3,right_joint_4,right_joint_5,right_joint_6,right_joint_7,-94.71546749726255,-71.2873791909632,94.35035975757418,-89.62359453413627,-50.36261472890425,39.20925512810789,-17.877864732751235,,
1780128042,585242995,right_base_cmd,right_joint_1,right_joint_2,right_joint_3,right_joint_4,right_joint_5,right_joint_6,right_joint_7,-94.81298144284372,-71.16224657710593,94.30405313857094,-89.71762511736206,-49.339024858863354,40.22882974843004,-18.558133851277447,,
1780128042,594819643,right_base_cmd,right_joint_1,right_joint_2,right_joint_3,right_joint_4,right_joint_5,right_joint_6,right_joint_7,-94.90330101349426,-70.99603145795443,94.20470733209712,-89.79411177185416,-48.2098823669258,41.17193532017496,-19.348164997129757,,
1780128042,604414305,right_base_cmd,right_joint_1,right_joint_2,right_joint_3,right_joint_4,right_joint_5,right_joint_6,right_joint_7,-95.22517567362533,-70.90678383980294,94.37582048384334,-89.98731031584767,-46.85387936578178,42.04533576592002,-20.364626926723886,,
1780128042,615895826,right_base_cmd,right_joint_1,right_joint_2,right_joint_3,right_joint_4,right_joint_5,right_joint_6,right_joint_7,-95.31299721477595,-70.49644322519181,94.01179565173871,-90.05073659768688,-45.04688406207816,43.1813714413014,-21.663738078443842,,
1780128042,624933238,right_base_cmd,right_joint_1,right_joint_2,right_joint_3,right_joint_4,right_joint_5,right_joint_6,right_joint_7,-95.41347948498415,-70.31870755828602,93.88742369337845,-90.11363960156685,-43.660139109530235,44.036070544233674,-22.74740473564499,,
1780128042,635894688,right_base_cmd,right_joint_1,right_joint_2,right_joint_3,right_joint_4,right_joint_5,right_joint_6,right_joint_7,-95.5101560892704,-70.16573721446925,93.78449666251956,-90.18939118954394,-42.36639909991453,44.81241686940326,-23.777863621302586,,
1780128042,644701893,right_base_cmd,right_joint_1,right_joint_2,right_joint_3,right_joint_4,right_joint_5,right_joint_6,right_joint_7,-95.64195041808952,-70.01495701624152,93.70213772686915,-90.27726568469036,-41.111048310001365,45.50689429135651,-24.7991159951314,,
1780128042,654298975,right_base_cmd,right_joint_1,right_joint_2,right_joint_3,right_joint_4,right_joint_5,right_joint_6,right_joint_7,-95.75107313834727,-69.86901236890624,93.62364886109694,-90.35611022199227,-39.92160082886062,46.1575289878241,-25.77375981206508,,
1780128042,664375626,right_base_cmd,right_joint_1,right_joint_2,right_joint_3,right_joint_4,right_joint_5,right_joint_6,right_joint_7,-96.13510560134861,-69.57895061416464,93.60616135700721,-90.60749854196435,-38.2851448267682,46.888913772806866,-27.043024448485554,,
1780128042,674580806,right_base_cmd,right_joint_1,right_joint_2,right_joint_3,right_joint_4,right_joint_5,right_joint_6,right_joint_7,-96.23032833482395,-69.37294160372268,93.44716304406538,-90.69058102103777,-36.93476668582571,47.6177806881193,-28.12080547782945,,
1780128042,684780821,right_base_cmd,right_joint_1,right_joint_2,right_joint_3,right_joint_4,right_joint_5,right_joint_6,right_joint_7,-96.410285504048,-69.17173336890689,93.32799410602169,-90.84559352702685,-35.75422026678501,48.256231406203376,-29.023746245445423,,
1780128042,694675999,right_base_cmd,right_joint_1,right_joint_2,right_joint_3,right_joint_4,right_joint_5,right_joint_6,right_joint_7,-96.556770721417,-68.97658944194463,93.23459222695274,-90.98080223017145,-34.75864753839551,48.82961643153585,-29.736563445354435,,
1780128042,704372909,right_base_cmd,right_joint_1,right_joint_2,right_joint_3,right_joint_4,right_joint_5,right_joint_6,right_joint_7,-96.95228434170386,-68.6784542030634,93.24138722204677,-91.28199385601273,-33.67757552092462,49.425579211998816,-30.38852193884385,,
1780128042,714617163,right_base_cmd,right_joint_1,right_joint_2,right_joint_3,right_joint_4,right_joint_5,right_joint_6,right_joint_7,-97.07780973215588,-68.52794203370998,93.19230852377811,-91.4174584272425,-33.01738377990307,49.97103164176003,-30.764778165921953,,
1780128042,724436726,right_base_cmd,right_joint_1,right_joint_2,right_joint_3,right_joint_4,right_joint_5,right_joint_6,right_joint_7,-97.27473269849875,-68.35887641580435,93.1405140980813,-91.59391290033444,-32.39505300737636,50.44691468613406,-31.11746292228476,,
1780128042,735866208,right_base_cmd,right_joint_1,right_joint_2,right_joint_3,right_joint_4,right_joint_5,right_joint_6,right_joint_7,-97.43260060833168,-68.19959110977835,93.09905724272235,-91.7519305154894,-31.9192347707571,50.87511906276041,-31.325595136539235,,
1780128042,745048496,right_base_cmd,right_joint_1,right_joint_2,right_joint_3,right_joint_4,right_joint_5,right_joint_6,right_joint_7,-97.5856494855349,-68.04179448731306,93.05522627534938,-91.89160421783284,-31.49435696601273,51.25681907445267,-31.485782472934616,,
1780128042,754367356,right_base_cmd,right_joint_1,right_joint_2,right_joint_3,right_joint_4,right_joint_5,right_joint_6,right_joint_7,-97.92695940400316,-67.90393440579813,93.09585935469696,-92.17708391783738,-31.141970043626998,51.61692781513626,-31.52654230727093,,
1780128042,765289782,right_base_cmd,right_joint_1,right_joint_2,right_joint_3,right_joint_4,right_joint_5,right_joint_6,right_joint_7,-98.03966771331082,-67.63060785081673,92.90367468772175,-92.28105377162343,-30.550600165403125,52.004594078842906,-31.747158504106338,,
1780128042,774774596,right_base_cmd,right_joint_1,right_joint_2,right_joint_3,right_joint_4,right_joint_5,right_joint_6,right_joint_7,-98.10089954463902,-67.53418913457911,92.84069640057848,-92.35437007042653,-30.32861964644769,52.226732596022266,-31.736129214461428,,
1780128042,785972205,right_base_cmd,right_joint_1,right_joint_2,right_joint_3,right_joint_4,right_joint_5,right_joint_6,right_joint_7,-98.14951054846458,-67.45079429138572,92.80146835414521,-92.38676817995027,-30.163878324437576,52.34730265795998,-31.688450953603038,,
1780128042,795047456,right_base_cmd,right_joint_1,right_joint_2,right_joint_3,right_joint_4,right_joint_5,right_joint_6,right_joint_7,-98.18683056050756,-67.38829575765517,92.75649850786121,-92.42066724384274,-30.04510430081592,52.40927369392683,-31.631733525309087,,
1780128042,804600286,right_base_cmd,right_joint_1,right_joint_2,right_joint_3,right_joint_4,right_joint_5,right_joint_6,right_joint_7,-98.24958358699396,-67.25093741855746,92.62728091606121,-92.43508862503622,-29.767421352929034,52.382411099726376,-31.67872302791922,,
1780128042,815043305,right_base_cmd,right_joint_1,right_joint_2,right_joint_3,right_joint_4,right_joint_5,right_joint_6,right_joint_7,-98.28452891455495,-67.23441316867924,92.60984325999598,-92.46843371168337,-29.802249620722023,52.296570597612124,-31.512286598080394,,
1780128042,824493296,right_base_cmd,right_joint_1,right_joint_2,right_joint_3,right_joint_4,right_joint_5,right_joint_6,right_joint_7,-98.31273748067943,-67.23089662413084,92.61015273524967,-92.49189565918034,-29.90315923159011,52.18987137259695,-31.30756948823803,,
1780128042,834517663,right_base_cmd,right_joint_1,right_joint_2,right_joint_3,right_joint_4,right_joint_5,right_joint_6,right_joint_7,-98.30891665876575,-67.30932474337642,92.65843583243915,-92.49390443329266,-30.232397560336267,52.04515122105915,-30.98696819520451,,
1780128042,844545107,right_base_cmd,right_joint_1,right_joint_2,right_joint_3,right_joint_4,right_joint_5,right_joint_6,right_joint_7,-98.32980781123175,-67.3341808692294,92.66870298300793,-92.5035523339629,-30.478006000143807,51.92519303294859,-30.758363135739287,,
1780128042,854321224,right_base_cmd,right_joint_1,right_joint_2,right_joint_3,right_joint_4,right_joint_5,right_joint_6,right_joint_7,-98.26791277708597,-67.47349419697737,92.72268708320794,-92.44551368457583,-31.15373451880515,51.72978017048013,-30.276678361011776,,
1780128042,864470540,right_base_cmd,right_joint_1,right_joint_2,right_joint_3,right_joint_4,right_joint_5,right_joint_6,right_joint_7,-98.26300690032488,-67.55334688654439,92.78076326595524,-92.42342658710994,-31.74980328608848,51.543570960867505,-29.83284915374294,,
1780128042,874500865,right_base_cmd,right_joint_1,right_joint_2,right_joint_3,right_joint_4,right_joint_5,right_joint_6,right_joint_7,-98.24980971247314,-67.64403024999349,92.83905475997884,-92.39488204506019,-32.39362076649303,51.3665634958768,-29.36976078150697,,
1780128042,884663330,right_base_cmd,right_joint_1,right_joint_2,right_joint_3,right_joint_4,right_joint_5,right_joint_6,right_joint_7,-98.24050137432752,-67.73077485391708,92.87113296469417,-92.36277815848497,-33.000030473481615,51.202460561797075,-28.95771909270816,,
1780128042,894760041,right_base_cmd,right_joint_1,right_joint_2,right_joint_3,right_joint_4,right_joint_5,right_joint_6,right_joint_7,-98.17961685962408,-67.85673294931651,92.92070168649983,-92.2936566220658,-33.72188367823463,51.00971387460306,-28.45952686411438,,
1780128042,904457458,right_base_cmd,right_joint_1,right_joint_2,right_joint_3,right_joint_4,right_joint_5,right_joint_6,right_joint_7,-97.92226650073187,-67.9321310771232,92.77890753500404,-92.06032001666354,-34.47051863863288,50.79590608902385,-27.94704583712202,,
1780128042,915747517,right_base_cmd,right_joint_1,right_joint_2,right_joint_3,right_joint_4,right_joint_5,right_joint_6,right_joint_7,-97.82455827681017,-68.19691891743214,92.91530164758095,-91.9504212599066,-35.51496804540801,50.4155987588589,-27.227281755411084,,
1780128042,926396519,right_base_cmd,right_joint_1,right_joint_2,right_joint_3,right_joint_4,right_joint_5,right_joint_6,right_joint_7,-97.70882073275291,-68.27653978199022,92.88169426704613,-91.84044494537075,-36.171515409842925,50.137981617746114,-26.741991726365953,,
1780128042,934947076,right_base_cmd,right_joint_1,right_joint_2,right_joint_3,right_joint_4,right_joint_5,right_joint_6,right_joint_7,-97.58631919158657,-68.34026320224508,92.81265043311922,-91.7045852037602,-36.73593937911642,49.829120239078186,-26.31401053844708,,
1780128042,944838956,right_base_cmd,right_joint_1,right_joint_2,right_joint_3,right_joint_4,right_joint_5,right_joint_6,right_joint_7,-97.44838818562013,-68.40103419487356,92.7500272161374,-91.58875179258418,-37.31525392018085,49.5299598591613,-25.83728664135863,,
1780128042,956004971,right_base_cmd,right_joint_1,right_joint_2,right_joint_3,right_joint_4,right_joint_5,right_joint_6,right_joint_7,-97.12281957920041,-68.52081516501268,92.51945132016604,-91.28370784390479,-38.028481423309074,49.09066281959594,-25.262231391576066,,
1780128042,964672139,right_base_cmd,right_joint_1,right_joint_2,right_joint_3,right_joint_4,right_joint_5,right_joint_6,right_joint_7,-97.01018189450636,-68.63185493829947,92.5369442928455,-91.18973612050219,-38.82217949306386,48.57690458347333,-24.526753340243957,,
1780128042,974717906,right_base_cmd,right_joint_1,right_joint_2,right_joint_3,right_joint_4,right_joint_5,right_joint_6,right_joint_7,-96.91666311560849,-68.72050260797546,92.51475194352744,-91.08934808791567,-39.50747841345827,48.087727679569475,-23.892860660202658,,
1780128042,984897334,right_base_cmd,right_joint_1,right_joint_2,right_joint_3,right_joint_4,right_joint_5,right_joint_6,right_joint_7,-96.74838917005107,-68.81347252878722,92.51877912392942,-90.95283232461783,-40.28324527952287,47.62311285574976,-23.1697787440079,,
1780128042,995765893,right_base_cmd,right_joint_1,right_joint_2,right_joint_3,right_joint_4,right_joint_5,right_joint_6,right_joint_7,-96.62021208678468,-68.88577847372177,92.46654804773854,-90.83361347066655,-41.02073159216724,47.18616226946694,-22.510677882954568,,
1780128043,5062156,right_base_cmd,right_joint_1,right_joint_2,right_joint_3,right_joint_4,right_joint_5,right_joint_6,right_joint_7,-96.54267950602897,-68.9527778735493,92.47506570508861,-90.75900779392391,-41.75286930868691,46.75877943561574,-21.851996358593695,,
1780128043,14741582,right_base_cmd,right_joint_1,right_joint_2,right_joint_3,right_joint_4,right_joint_5,right_joint_6,right_joint_7,-96.20047516952357,-69.09581967308715,92.34955787040329,-90.476164964403,-42.93419036610294,46.263494167354516,-20.90583195218899,,
1780128043,24966757,right_base_cmd,right_joint_1,right_joint_2,right_joint_3,right_joint_4,right_joint_5,right_joint_6,right_joint_7,-96.10271952067788,-69.20315177488284,92.42932807246225,-90.40231523089825,-44.07497883313397,45.72230539290201,-19.933404209713686,,
1780128043,34839760,right_base_cmd,right_joint_1,right_joint_2,right_joint_3,right_joint_4,right_joint_5,right_joint_6,right_joint_7,-96.02763554790354,-69.29298911744708,92.47337090814571,-90.33873707124043,-45.135189431384276,45.22675687902893,-19.049083963077763,,
1780128043,44898907,right_base_cmd,right_joint_1,right_joint_2,right_joint_3,right_joint_4,right_joint_5,right_joint_6,right_joint_7,-95.93146183688114,-69.41722560804523,92.54286084746471,-90.26072200438337,-46.24927691826497,44.714258871981265,-18.12994928290813,,
1780128043,54778373,right_base_cmd,right_joint_1,right_joint_2,right_joint_3,right_joint_4,right_joint_5,right_joint_6,right_joint_7,-95.85351369146898,-69.56195368059652,92.63925746281146,-90.21508016913346,-47.41759528519981,44.19009621162662,-17.16379345104771,,
1780128043,64702262,right_base_cmd,right_joint_1,right_joint_2,right_joint_3,right_joint_4,right_joint_5,right_joint_6,right_joint_7,-95.54077760090351,-69.86530275288932,92.69732443302567,-90.02672467521337,-49.108048645952294,43.499805759936756,-15.832219987708257,,
1780128043,74946153,right_base_cmd,right_joint_1,right_joint_2,right_joint_3,right_joint_4,right_joint_5,right_joint_6,right_joint_7,-95.4692033215052,-70.04466163583022,92.83459550504486,-89.98912699730342,-50.423304120533146,42.792926949497605,-14.747265325427193,,
1780128043,84438973,right_base_cmd,right_joint_1,right_joint_2,right_joint_3,right_joint_4,right_joint_5,right_joint_6,right_joint_7,-95.33168511382101,-70.19643482851207,92.92314764245376,-89.904346189236,-51.578505198124844,42.13272080194839,-13.789605600713188,,
1780128043,94892442,right_base_cmd,right_joint_1,right_joint_2,right_joint_3,right_joint_4,right_joint_5,right_joint_6,right_joint_7,-95.19762128120206,-70.34439215190078,92.95815116423839,-89.80035577240467,-52.50696509629944,41.511805093233086,-13.06468859686187,,
1780128043,105544698,right_base_cmd,right_joint_1,right_joint_2,right_joint_3,right_joint_4,right_joint_5,right_joint_6,right_joint_7,-95.05513367070867,-70.48268954349255,92.98450238389424,-89.69086185312536,-53.32147117893771,40.90537288807787,-12.439350230849996,,
1780128043,114658553,right_base_cmd,right_joint_1,right_joint_2,right_joint_3,right_joint_4,right_joint_5,right_joint_6,right_joint_7,-94.5468628362128,-70.66770632852003,92.75728387714562,-89.29189514269929,-54.1191780670664,40.272192039287525,-11.93539358038062,,
1780128043,124919515,right_base_cmd,right_joint_1,right_joint_2,right_joint_3,right_joint_4,right_joint_5,right_joint_6,right_joint_7,-94.39096632296733,-70.79150517372194,92.73923961671838,-89.1470086283834,-54.70081400503233,39.59914345216141,-11.547197730438839,,
1780128043,135553996,right_base_cmd,right_joint_1,right_joint_2,right_joint_3,right_joint_4,right_joint_5,right_joint_6,right_joint_7,-94.23249680912843,-70.91476521154193,92.68436371537783,-89.00570891467693,-55.15072303388348,39.00049033356226,-11.26387426897135,,
1780128043,144556827,right_base_cmd,right_joint_1,right_joint_2,right_joint_3,right_joint_4,right_joint_5,right_joint_6,right_joint_7,-94.07790932047024,-71.04718243076799,92.6407188269192,-88.8892355298649,-55.56301224856037,38.43833640997935,-10.995642801943703,,
1780128043,155048217,right_base_cmd,right_joint_1,right_joint_2,right_joint_3,right_joint_4,right_joint_5,right_joint_6,right_joint_7,-93.90979288012667,-71.1882385290407,92.58034608833546,-88.75113871785636,-55.914313363717554,37.88102823175962,-10.778087137644278,,
1780128043,164877657,right_base_cmd,right_joint_1,right_joint_2,right_joint_3,right_joint_4,right_joint_5,right_joint_6,right_joint_7,-93.57627854912087,-71.42217012409169,92.32999892328186,-88.4882936918922,-56.33427194783803,37.25800567744859,-10.581200411743524,,
1780128043,174568174,right_base_cmd,right_joint_1,right_joint_2,right_joint_3,right_joint_4,right_joint_5,right_joint_6,right_joint_7,-93.47139422514559,-71.52336134060808,92.29006855943337,-88.40484937957565,-56.63622416137258,36.54828747349888,-10.326022592025097,,
1780128043,184480515,right_base_cmd,right_joint_1,right_joint_2,right_joint_3,right_joint_4,right_joint_5,right_joint_6,right_joint_7,-93.3961154165971,-71.63258556692615,92.25538638353996,-88.34711513505978,-56.91511401205315,35.88401931452757,-10.095278420260755,,
1780128043,195153299,right_base_cmd,right_joint_1,right_joint_2,right_joint_3,right_joint_4,right_joint_5,right_joint_6,right_joint_7,-93.30267416980612,-71.74090101398822,92.21901921300375,-88.28968597249839,-57.2124185404129,35.24392211155931,-9.831322658681145,,
1780128043,204862129,right_base_cmd,right_joint_1,right_joint_2,right_joint_3,right_joint_4,right_joint_5,right_joint_6,right_joint_7,-93.20871789589287,-71.85551555283429,92.21544042710227,-88.23596165091784,-57.523956126054884,34.61182624662826,-9.558882249379977,,
1780128043,214446540,right_base_cmd,right_joint_1,right_joint_2,right_joint_3,right_joint_4,right_joint_5,right_joint_6,right_joint_7,-92.95641421408382,-72.09458440066216,92.06505058193912,-88.10362378618312,-58.06239946578643,33.934592092054864,-9.200141446507487,,
1780128043,224891349,right_base_cmd,right_joint_1,right_joint_2,right_joint_3,right_joint_4,right_joint_5,right_joint_6,right_joint_7,-92.88498247345817,-72.23020284477492,92.07587577519249,-88.0545496825962,-58.462345479349096,33.21069192953451,-8.898447362801178,,
1780128043,234486831,right_base_cmd,right_joint_1,right_joint_2,right_joint_3,right_joint_4,right_joint_5,right_joint_6,right_joint_7,-92.82685201699755,-72.32652379834003,92.05191557921322,-88.0302798308888,-58.81487816019268,32.58950556902165,-8.627403368311448,,
1780128043,244719121,right_base_cmd,right_joint_1,right_joint_2,right_joint_3,right_joint_4,right_joint_5,right_joint_6,right_joint_7,-92.7497080808516,-72.41571051407853,91.97996482527222,-87.9769158219781,-59.13805302506455,32.01932702575147,-8.403855208856854,,
1780128043,254566964,right_base_cmd,right_joint_1,right_joint_2,right_joint_3,right_joint_4,right_joint_5,right_joint_6,right_joint_7,-92.70678768196305,-72.46327945817593,91.91367780475397,-87.96259766127959,-59.425546956895346,31.496362415582674,-8.175820966765357,,
1780128043,264643890,right_base_cmd,right_joint_1,right_joint_2,right_joint_3,right_joint_4,right_joint_5,right_joint_6,right_joint_7,-92.55943961619673,-72.50833793025414,91.59094068500949,-87.93230689914328,-59.82888544573791,31.00091163697693,-7.834346600424354,,
1780128043,274467248,right_base_cmd,right_joint_1,right_joint_2,right_joint_3,right_joint_4,right_joint_5,right_joint_6,right_joint_7,-92.63629334397658,-72.56326260283193,91.6182218155972,-88.07572158593588,-60.32747153013406,30.382491499383498,-7.360326019331595,,
1780128043,284731086,right_base_cmd,right_joint_1,right_joint_2,right_joint_3,right_joint_4,right_joint_5,right_joint_6,right_joint_7,-92.69325184794772,-72.66575696102326,91.66132536290186,-88.20820562395524,-60.87363142912534,29.84104581660842,-6.862345286581743,,
1780128043,295285433,right_base_cmd,right_joint_1,right_joint_2,right_joint_3,right_joint_4,right_joint_5,right_joint_6,right_joint_7,-92.77037837350426,-72.78462420456738,91.7032392999134,-88.37740572693043,-61.421209160198146,29.40909639762817,-6.37328503664061,,
1780128043,304651325,right_base_cmd,right_joint_1,right_joint_2,right_joint_3,right_joint_4,right_joint_5,right_joint_6,right_joint_7,-92.75476238501554,-72.86723542630223,91.49378754626397,-88.52576334562032,-62.003268327433204,29.112908717955413,-5.870167382013463,,
1780128043,315005393,right_base_cmd,right_joint_1,right_joint_2,right_joint_3,right_joint_4,right_joint_5,right_joint_6,right_joint_7,-92.78649586309686,-73.1786534844165,91.71440088052432,-88.62603471963423,-62.81156715127764,28.46405362405597,-5.330310182779172,,
1780128043,324771219,right_base_cmd,right_joint_1,right_joint_2,right_joint_3,right_joint_4,right_joint_5,right_joint_6,right_joint_7,-92.7653015201731,-73.28260111447646,91.70606938686254,-88.66269798882048,-63.293903130671424,28.010550347665635,-4.958237836227127,,
1780128043,334716375,right_base_cmd,right_joint_1,right_joint_2,right_joint_3,right_joint_4,right_joint_5,right_joint_6,right_joint_7,-92.79338186286506,-73.3592648334809,91.68293207398588,-88.73655701170493,-63.68538163940775,27.6051129007978,-4.661933524996201,,
1780128043,344736578,right_base_cmd,right_joint_1,right_joint_2,right_joint_3,right_joint_4,right_joint_5,right_joint_6,right_joint_7,-92.81626945219685,-73.40263825326277,91.59993026202235,-88.8062018519761,-64.00355580797236,27.230827671445418,-4.411481640626462,,
1780128043,354973822,right_base_cmd,right_joint_1,right_joint_2,right_joint_3,right_joint_4,right_joint_5,right_joint_6,right_joint_7,-92.85251115051548,-73.4334507358882,91.56259937269678,-88.8867480318025,-64.30257710223657,26.829803027006342,-4.149072929675825,,
1780128043,364808220,right_base_cmd,right_joint_1,right_joint_2,right_joint_3,right_joint_4,right_joint_5,right_joint_6,right_joint_7,-92.9335011535463,-73.55676967864214,91.40324814253515,-89.0786611937772,-64.77342498430323,26.429022080937564,-3.766066698686771,,
1780128043,374929490,right_base_cmd,right_joint_1,right_joint_2,right_joint_3,right_joint_4,right_joint_5,right_joint_6,right_joint_7,-93.00002567594956,-73.68119254769472,91.45923893896239,-89.21068367154727,-65.22710931504082,25.865297169109404,-3.343429226275603,,
1780128043,384549737,right_base_cmd,right_joint_1,right_joint_2,right_joint_3,right_joint_4,right_joint_5,right_joint_6,right_joint_7,-93.0552821284733,-73.78198811862809,91.47242884150435,-89.32841734093616,-65.60387944177444,25.367680849448796,-2.970120734796538,,
1780128043,394486804,right_base_cmd,right_joint_1,right_joint_2,right_joint_3,right_joint_4,right_joint_5,right_joint_6,right_joint_7,-93.09671451627563,-73.8966051498253,91.48023648837747,-89.4245588065286,-65.92918998203334,24.900472891125908,-2.6440421962989404,,
1780128043,404285050,right_base_cmd,right_joint_1,right_joint_2,right_joint_3,right_joint_4,right_joint_5,right_joint_6,right_joint_7,-93.12889751390915,-73.94971883453333,91.18244650763856,-89.53103984838641,-66.08968134926522,24.5805480460374,-2.427276597049243,,
1780128043,414406812,right_base_cmd,right_joint_1,right_joint_2,right_joint_3,right_joint_4,right_joint_5,right_joint_6,right_joint_7,-93.15414025023514,-73.99162730368973,91.09731300467556,-89.59024910750573,-66.20964646247518,24.085369217502837,-2.2146880962059328,,
1780128043,424416315,right_base_cmd,right_joint_1,right_joint_2,right_joint_3,right_joint_4,right_joint_5,right_joint_6,right_joint_7,-93.21550730347221,-73.98690717374963,91.00189554624919,-89.67131502239899,-66.25539486837494,23.656099412514784,-2.0537539995879825,,
1780128043,434646278,right_base_cmd,right_joint_1,right_joint_2,right_joint_3,right_joint_4,right_joint_5,right_joint_6,right_joint_7,-93.23232382454407,-73.93645558711832,90.85422947593096,-89.71743175597392,-66.25250876085994,23.249293968267928,-1.903917504562699,,
1780128043,445300864,right_base_cmd,right_joint_1,right_joint_2,right_joint_3,right_joint_4,right_joint_5,right_joint_6,right_joint_7,-93.27010764734351,-73.92785142047786,90.68823802870529,-89.79546250930544,-66.30347564062225,22.821789228329585,-1.7232650926152502,,
1780128043,454637630,right_base_cmd,right_joint_1,right_joint_2,right_joint_3,right_joint_4,right_joint_5,right_joint_6,right_joint_7,-93.3226481904126,-73.96130343331386,90.71193951570771,-89.88374278384482,-66.45394766280589,22.283121811449867,-1.4550554293257534,,
1780128043,464703786,right_base_cmd,right_joint_1,right_joint_2,right_joint_3,right_joint_4,right_joint_5,right_joint_6,right_joint_7,-93.34847240279342,-74.09692066640419,90.5554521545956,-89.99621075408625,-66.77443245776175,21.72226321344659,-1.102373182188515,,
1780128043,474739543,right_base_cmd,right_joint_1,right_joint_2,right_joint_3,right_joint_4,right_joint_5,right_joint_6,right_joint_7,-93.38759221066724,-74.2078312676248,90.62399503876227,-90.08378888155376,-67.0890750374133,21.009529992732503,-0.7212056855847919,,
1780128043,484704891,right_base_cmd,right_joint_1,right_joint_2,right_joint_3,right_joint_4,right_joint_5,right_joint_6,right_joint_7,-93.4226831636968,-74.28203648000364,90.63117719886529,-90.14605421269381,-67.32948715603459,20.38678410155837,-0.4234355989119223,,
1780128043,495130150,right_base_cmd,right_joint_1,right_joint_2,right_joint_3,right_joint_4,right_joint_5,right_joint_6,right_joint_7,-93.44008747503355,-74.32759856380655,90.609566192426,-90.20052486030342,-67.53575225899851,19.817466085069277,-0.15070703225002546,,
1780128043,504279350,right_base_cmd,right_joint_1,right_joint_2,right_joint_3,right_joint_4,right_joint_5,right_joint_6,right_joint_7,-93.41622274839241,-74.36010813323072,90.39648556826617,-90.24472895583803,-67.75405016700728,19.276418838223783,0.10708635272321487,,
1780128043,514424582,right_base_cmd,right_joint_1,right_joint_2,right_joint_3,right_joint_4,right_joint_5,right_joint_6,right_joint_7,-93.42293368901741,-74.39285978241294,90.39541138653337,-90.28268109567155,-67.97199692160274,18.60557024492409,0.3691222012138127,,
1780128043,525057920,right_base_cmd,right_joint_1,right_joint_2,right_joint_3,right_joint_4,right_joint_5,right_joint_6,right_joint_7,-93.46327272854731,-74.43467795482168,90.38022963853106,-90.33022032883129,-68.1800316958616,18.016769465581326,0.5824894046352114,,
1780128043,534913889,right_base_cmd,right_joint_1,right_joint_2,right_joint_3,right_joint_4,right_joint_5,right_joint_6,right_joint_7,-93.4638928289809,-74.5100793943355,90.40809942449684,-90.36342053383801,-68.434327928529,17.424152945397914,0.8256380601419409,,
1780128043,545028795,right_base_cmd,right_joint_1,right_joint_2,right_joint_3,right_joint_4,right_joint_5,right_joint_6,right_joint_7,-93.48164703384336,-74.65113664073267,90.40197721161357,-90.41472649498986,-68.76129075955703,16.83946451678731,1.0662616540023322,,
1780128043,554670903,right_base_cmd,right_joint_1,right_joint_2,right_joint_3,right_joint_4,right_joint_5,right_joint_6,right_joint_7,-93.489619476392,-74.74242168353608,90.50727603766254,-90.4372262455624,-69.00463802212624,16.252049730557196,1.2847118677361067,,
1780128043,564499758,right_base_cmd,right_joint_1,right_joint_2,right_joint_3,right_joint_4,right_joint_5,right_joint_6,right_joint_7,-93.46510889357413,-74.94634661969089,90.43260024921855,-90.45439751636447,-69.34476055222115,15.686499469501435,1.4932117548333252,,
1780128043,574809884,right_base_cmd,right_joint_1,right_joint_2,right_joint_3,right_joint_4,right_joint_5,right_joint_6,right_joint_7,-93.43428667600014,-75.0565816181453,90.43976760064103,-90.44690472443826,-69.55091012226524,15.059786757658749,1.679347197695435,,
1780128043,584802190,right_base_cmd,right_joint_1,right_joint_2,right_joint_3,right_joint_4,right_joint_5,right_joint_6,right_joint_7,-93.41987425578108,-75.13123925089685,90.50728476722182,-90.44979823402538,-69.67976570037416,14.49047218328571,1.8286718190083064,,
1780128043,594856093,right_base_cmd,right_joint_1,right_joint_2,right_joint_3,right_joint_4,right_joint_5,right_joint_6,right_joint_7,-93.38405999770512,-75.16113910204355,90.4548996886796,-90.41439588864445,-69.6987377032134,14.06068908356395,1.8778261084857917,,
1780128043,604520455,right_base_cmd,right_joint_1,right_joint_2,right_joint_3,right_joint_4,right_joint_5,right_joint_6,right_joint_7,-93.29770805095998,-75.21422536769872,90.22505472723108,-90.31114681255686,-69.64623468954647,13.670058446209005,1.8245117023660526,,
1780128043,614541452,right_base_cmd,right_joint_1,right_joint_2,right_joint_3,right_joint_4,right_joint_5,right_joint_6,right_joint_7,-93.32495689287467,-75.30673765827261,90.41880411102707,-90.31198812176133,-69.69209593098128,13.109570162421228,1.8929774676386018,,
1780128043,624923427,right_base_cmd,right_joint_1,right_joint_2,right_joint_3,right_joint_4,right_joint_5,right_joint_6,right_joint_7,-93.21049919423606,-75.52864415238692,90.34743026452347,-90.1967835489561,-69.75528493442863,12.653767730125374,1.8711758285802915,,
1780128043,636125675,right_base_cmd,right_joint_1,right_joint_2,right_joint_3,right_joint_4,right_joint_5,right_joint_6,right_joint_7,-93.17318388613208,-75.63844850959636,90.3773885458792,-90.12761176351479,-69.69152019500757,12.176852602787342,1.839500581538843,,
1780128043,644700467,right_base_cmd,right_joint_1,right_joint_2,right_joint_3,right_joint_4,right_joint_5,right_joint_6,right_joint_7,-93.13238509049219,-75.72854620658684,90.3779257198922,-90.06569480803866,-69.58937250517891,11.777675065519993,1.8003635030856202,,
1780128043,654609833,right_base_cmd,right_joint_1,right_joint_2,right_joint_3,right_joint_4,right_joint_5,right_joint_6,right_joint_7,-93.10459419727485,-75.81631258207314,90.36683214431454,-89.9990247831931,-69.45386521813174,11.430280249954826,1.7367371325154153,,
1780128043,664793487,right_base_cmd,right_joint_1,right_joint_2,right_joint_3,right_joint_4,right_joint_5,right_joint_6,right_joint_7,-93.04565285524185,-75.93783324607377,90.24060397167429,-89.89859557584624,-69.23289011774142,11.128536462439463,1.6231661404905111,,
1780128043,674809298,right_base_cmd,right_joint_1,right_joint_2,right_joint_3,right_joint_4,right_joint_5,right_joint_6,right_joint_7,-93.03400343583874,-75.98536822412622,90.2170971571662,-89.84069550719177,-68.96313877330681,10.809401649905915,1.5550096593833445,,
1780128043,684549023,right_base_cmd,right_joint_1,right_joint_2,right_joint_3,right_joint_4,right_joint_5,right_joint_6,right_joint_7,-93.01418686817189,-76.04180753897755,90.18485656879088,-89.77138549873804,-68.71564035792346,10.535979231553604,1.4968572353283633,,
1780128043,695442468,right_base_cmd,right_joint_1,right_joint_2,right_joint_3,right_joint_4,right_joint_5,right_joint_6,right_joint_7,-93.00982798638913,-76.10383838317013,90.16929309769094,-89.73087381151926,-68.48569049517431,10.301266692084717,1.4710964565257285,,
1780128043,705461676,right_base_cmd,right_joint_1,right_joint_2,right_joint_3,right_joint_4,right_joint_5,right_joint_6,right_joint_7,-93.03714769959058,-76.17999150330202,90.1523403814738,-89.70422732762377,-68.27017713129032,10.103945262323471,1.444785358860699,,
1780128043,714442588,right_base_cmd,right_joint_1,right_joint_2,right_joint_3,right_joint_4,right_joint_5,right_joint_6,right_joint_7,-93.08159345586435,-76.29976133515147,90.13427690978361,-89.7030972842277,-68.064165347717,9.937848403739117,1.4879410848336505,,
1780128043,725017592,right_base_cmd,right_joint_1,right_joint_2,right_joint_3,right_joint_4,right_joint_5,right_joint_6,right_joint_7,-93.09887940107487,-76.33329696995078,90.17273174928366,-89.73394307661762,-67.84371452192954,9.783419458371561,1.6162760090817727,,
1780128043,734792453,right_base_cmd,right_joint_1,right_joint_2,right_joint_3,right_joint_4,right_joint_5,right_joint_6,right_joint_7,-93.15314374462051,-76.36317901701211,90.18890268527164,-89.78729455434389,-67.66424886236695,9.703136189457673,1.732619017690908,,
1780128043,744966013,right_base_cmd,right_joint_1,right_joint_2,right_joint_3,right_joint_4,right_joint_5,right_joint_6,right_joint_7,-93.16899597341117,-76.3757881065704,90.22063021539716,-89.82181287501187,-67.50914188494403,9.63817055618842,1.8787638100152293,,
1780128043,754399267,right_base_cmd,right_joint_1,right_joint_2,right_joint_3,right_joint_4,right_joint_5,right_joint_6,right_joint_7,-93.22919842959894,-76.38597938015319,90.23457936898464,-89.8877879205548,-67.39281489698544,9.63022185070782,2.00640832419343,,
1780128043,764483559,right_base_cmd,right_joint_1,right_joint_2,right_joint_3,right_joint_4,right_joint_5,right_joint_6,right_joint_7,-93.3163064190754,-76.40007352436335,90.28100589763287,-89.98334493871245,-67.32313209962496,9.654140852804069,2.176709401251273,,
1780128043,774941003,right_base_cmd,right_joint_1,right_joint_2,right_joint_3,right_joint_4,right_joint_5,right_joint_6,right_joint_7,-93.37933302356814,-76.4100003330038,90.30371813879484,-90.06494043431032,-67.28764436264049,9.714949839316382,2.325032710690479,,
1780128043,784907099,right_base_cmd,right_joint_1,right_joint_2,right_joint_3,right_joint_4,right_joint_5,right_joint_6,right_joint_7,-93.40259706936914,-76.43000720178021,90.34671869436286,-90.09468780393219,-67.30336948745685,9.747999373468481,2.443033906205173,,
1780128043,794971883,right_base_cmd,right_joint_1,right_joint_2,right_joint_3,right_joint_4,right_joint_5,right_joint_6,right_joint_7,-93.44763630287733,-76.43748051497035,90.37883941425699,-90.14777249205487,-67.3421040433222,9.80392549848262,2.5281119883848504,,
1780128043,804706911,right_base_cmd,right_joint_1,right_joint_2,right_joint_3,right_joint_4,right_joint_5,right_joint_6,right_joint_7,-93.50521362509303,-76.44763191094616,90.45074918774495,-90.19110600891487,-67.43733209041733,9.829801577363533,2.5862188818964995,,
1780128043,815755950,right_base_cmd,right_joint_1,right_joint_2,right_joint_3,right_joint_4,right_joint_5,right_joint_6,right_joint_7,-93.53926493933645,-76.4191032628187,90.44658802759002,-90.22482719279749,-67.5011282122519,9.910999409126823,2.6102599665283464,,
1780128043,824545393,right_base_cmd,right_joint_1,right_joint_2,right_joint_3,right_joint_4,right_joint_5,right_joint_6,right_joint_7,-93.56937296640317,-76.42228614873439,90.46621520575675,-90.24670995857947,-67.59448043621472,9.94697905565841,2.633918701453112,,
1780128043,834610311,right_base_cmd,right_joint_1,right_joint_2,right_joint_3,right_joint_4,right_joint_5,right_joint_6,right_joint_7,-93.60819502072277,-76.41643733873771,90.48345673093596,-90.27748488337444,-67.68163514932183,9.975839545210086,2.650330786981314,,
1780128043,844862633,right_base_cmd,right_joint_1,right_joint_2,right_joint_3,right_joint_4,right_joint_5,right_joint_6,right_joint_7,-93.64363836119631,-76.4022114113629,90.49181303281202,-90.31406749444297,-67.74691015694486,10.009540332888726,2.6695066403649292,,
1780128043,855095599,right_base_cmd,right_joint_1,right_joint_2,right_joint_3,right_joint_4,right_joint_5,right_joint_6,right_joint_7,-93.72375033892891,-76.34305435341857,90.47373625362374,-90.38989873718471,-67.76611216165566,10.07262743632652,2.6632774861104025,,
1780128043,864517621,right_base_cmd,right_joint_1,right_joint_2,right_joint_3,right_joint_4,right_joint_5,right_joint_6,right_joint_7,-93.7504389258356,-76.32714888084867,90.4687243679829,-90.41554578668162,-67.81481370509607,10.108827197284832,2.663258651918099,,
1780128043,874364856,right_base_cmd,right_joint_1,right_joint_2,right_joint_3,right_joint_4,right_joint_5,right_joint_6,right_joint_7,-93.78892883539103,-76.30251859365718,90.45894678112663,-90.44505721969547,-67.84145676385708,10.145762268464019,2.650065890397613,,
1780128043,884423268,right_base_cmd,right_joint_1,right_joint_2,right_joint_3,right_joint_4,right_joint_5,right_joint_6,right_joint_7,-93.83222966661023,-76.29368056095929,90.4431061080783,-90.47251286801192,-67.8666235921309,10.18173875127281,2.632368494513841,,
1780128043,894595353,right_base_cmd,right_joint_1,right_joint_2,right_joint_3,right_joint_4,right_joint_5,right_joint_6,right_joint_7,-93.85868152713974,-76.28580885216594,90.43924909990469,-90.49164430610354,-67.88425346920178,10.202857971326587,2.6282601928432285,,
1780128043,905686796,right_base_cmd,right_joint_1,right_joint_2,right_joint_3,right_joint_4,right_joint_5,right_joint_6,right_joint_7,-93.88374434698122,-76.27818303709218,90.43958500671746,-90.51607192216757,-67.89311978889509,10.224844608222277,2.6297210945345313,,
1780128043,915061798,right_base_cmd,right_joint_1,right_joint_2,right_joint_3,right_joint_4,right_joint_5,right_joint_6,right_joint_7,-93.91280603846619,-76.28220877195157,90.45601928616864,-90.54482472201097,-67.90351940636452,10.24470084132043,2.634059721208118,,
1780128043,924896115,right_base_cmd,right_joint_1,right_joint_2,right_joint_3,right_joint_4,right_joint_5,right_joint_6,right_joint_7,-93.9672169583728,-76.28589646902675,90.43908220179529,-90.5764594519401,-67.90004156819327,10.297538176074006,2.6016131293987286,,
1780128043,934544509,right_base_cmd,right_joint_1,right_joint_2,right_joint_3,right_joint_4,right_joint_5,right_joint_6,right_joint_7,-93.99470802269937,-76.29257858009971,90.44694571589977,-90.60217465021749,-67.89986486317781,10.331272734015563,2.604149521213955,,
1780128043,944595876,right_base_cmd,right_joint_1,right_joint_2,right_joint_3,right_joint_4,right_joint_5,right_joint_6,right_joint_7,-94.04811520972751,-76.28574853825309,90.41974997280877,-90.6395462476519,-67.8738453825053,10.393708692831076,2.5831420613215386,,
1780128043,954586609,right_base_cmd,right_joint_1,right_joint_2,right_joint_3,right_joint_4,right_joint_5,right_joint_6,right_joint_7,-94.06028097096836,-76.2916948725332,90.41521843771167,-90.65217314012439,-67.85045404806823,10.426261217749591,2.5827312826714177,,
1780128043,965033979,right_base_cmd,right_joint_1,right_joint_2,right_joint_3,right_joint_4,right_joint_5,right_joint_6,right_joint_7,-94.05616270519121,-76.33735655535783,90.42998438046212,-90.64766568191119,-67.82056589259702,10.431566172877133,2.563066410466135,,
1780128043,974821513,right_base_cmd,right_joint_1,right_joint_2,right_joint_3,right_joint_4,right_joint_5,right_joint_6,right_joint_7,-94.07004130420873,-76.35436262524048,90.40169084584304,-90.64034995022071,-67.74341676182047,10.4734300211992,2.494752247511414,,
1780128043,984664231,right_base_cmd,right_joint_1,right_joint_2,right_joint_3,right_joint_4,right_joint_5,right_joint_6,right_joint_7,-94.05246895026036,-76.37501626538888,90.40001110475245,-90.6169304086999,-67.67188900019823,10.489804684563758,2.4427096912544215,,
1780128043,994723147,right_base_cmd,right_joint_1,right_joint_2,right_joint_3,right_joint_4,right_joint_5,right_joint_6,right_joint_7,-94.03668084091109,-76.39896700061952,90.39687719649575,-90.5928135099905,-67.60325696780637,10.50355560044597,2.3767199308179414,,
1780128044,4281309,right_base_cmd,right_joint_1,right_joint_2,right_joint_3,right_joint_4,right_joint_5,right_joint_6,right_joint_7,-94.01882115775922,-76.4184796747357,90.35591667686239,-90.54826820154393,-67.50189723268983,10.543805506561974,2.2441900352692272,,
1780128044,14516803,right_base_cmd,right_joint_1,right_joint_2,right_joint_3,right_joint_4,right_joint_5,right_joint_6,right_joint_7,-93.97631500225563,-76.43047970049936,90.36091542108292,-90.51593168848031,-67.41547834946118,10.545014705046192,2.1557536605497347,,
1780128044,24822743,right_base_cmd,right_joint_1,right_joint_2,right_joint_3,right_joint_4,right_joint_5,right_joint_6,right_joint_7,-93.95227726682268,-76.4363170684368,90.33122963000861,-90.45350280101947,-67.33047819299634,10.56413934805159,1.990519587206947,,
1780128044,34373859,right_base_cmd,right_joint_1,right_joint_2,right_joint_3,right_joint_4,right_joint_5,right_joint_6,right_joint_7,-93.91151272399989,-76.45873859008692,90.3325548609404,-90.3912140903412,-67.28879401042798,10.562807213548929,1.8411806389126326,,
1780128044,44407138,right_base_cmd,right_joint_1,right_joint_2,right_joint_3,right_joint_4,right_joint_5,right_joint_6,right_joint_7,-93.836630954752,-76.47640286057562,90.34616561359056,-90.30883723178256,-67.26277533117775,10.55023360182907,1.7068786256387938,,
1780128044,54579763,right_base_cmd,right_joint_1,right_joint_2,right_joint_3,right_joint_4,right_joint_5,right_joint_6,right_joint_7,-93.79001306402537,-76.49702842722958,90.34785372268075,-90.23788904415655,-67.25391635253277,10.549886438245274,1.5448655405631229,,
1780128044,64908795,right_base_cmd,right_joint_1,right_joint_2,right_joint_3,right_joint_4,right_joint_5,right_joint_6,right_joint_7,-93.70149469664611,-76.5361589208484,90.3546943680046,-90.1309769588831,-67.2719026796326,10.544007935211717,1.3487249582598082,,
1780128044,74401657,right_base_cmd,right_joint_1,right_joint_2,right_joint_3,right_joint_4,right_joint_5,right_joint_6,right_joint_7,-93.65987526956079,-76.5539584042004,90.34963056480385,-90.05871325383136,-67.27558112980961,10.552393994499035,1.1553018184964543,,
1780128044,84638569,right_base_cmd,right_joint_1,right_joint_2,right_joint_3,right_joint_4,right_joint_5,right_joint_6,right_joint_7,-93.61956708074436,-76.5620406408487,90.35524596615343,-90.00920772899578,-67.2830846805158,10.553209806125842,1.0126415335971473,,
1780128044,94527822,right_base_cmd,right_joint_1,right_joint_2,right_joint_3,right_joint_4,right_joint_5,right_joint_6,right_joint_7,-93.6031530391572,-76.57411220571494,90.35347272950818,-89.97641850390575,-67.29591862400378,10.558314032479082,0.9004871081397567,,
1780128044,104301940,right_base_cmd,right_joint_1,right_joint_2,right_joint_3,right_joint_4,right_joint_5,right_joint_6,right_joint_7,-93.57415957824898,-76.58859341443623,90.36980343196225,-89.95894424778449,-67.3147886894223,10.554660414987389,0.8549654457216178,,
1780128044,114408978,right_base_cmd,right_joint_1,right_joint_2,right_joint_3,right_joint_4,right_joint_5,right_joint_6,right_joint_7,-93.58160037718116,-76.59380279139135,90.361155308142,-89.96477610711578,-67.31126619134693,10.567640253768907,0.821160987998141,,
1780128044,124555731,right_base_cmd,right_joint_1,right_joint_2,right_joint_3,right_joint_4,right_joint_5,right_joint_6,right_joint_7,-93.57167393153426,-76.6000921965361,90.36340267452525,-89.96105187700097,-67.30118248460712,10.562442641291575,0.8216777151228456,,
1780128044,134486441,right_base_cmd,right_joint_1,right_joint_2,right_joint_3,right_joint_4,right_joint_5,right_joint_6,right_joint_7,-93.57034470730693,-76.61635431892468,90.36355547610268,-89.96212031364259,-67.28601620172554,10.559123110566539,0.8201690919060383,,
1780128044,144876245,right_base_cmd,right_joint_1,right_joint_2,right_joint_3,right_joint_4,right_joint_5,right_joint_6,right_joint_7,-93.55217750242409,-76.63979226031621,90.37147751850151,-89.94181262959337,-67.27274695032992,10.549237725480289,0.8047922596339134,,
1780128044,154702211,right_base_cmd,right_joint_1,right_joint_2,right_joint_3,right_joint_4,right_joint_5,right_joint_6,right_joint_7,-93.5383470786534,-76.6568023890111,90.38083520350122,-89.92957229509643,-67.26389739767563,10.550281983217424,0.7794093400323021,,
1780128044,164357583,right_base_cmd,right_joint_1,right_joint_2,right_joint_3,right_joint_4,right_joint_5,right_joint_6,right_joint_7,-93.4951850908632,-76.6975273314521,90.41789023141362,-89.8992272898624,-67.31065317699228,10.542089582138495,0.7518199808954904,,
1780128044,174608204,right_base_cmd,right_joint_1,right_joint_2,right_joint_3,right_joint_4,right_joint_5,right_joint_6,right_joint_7,-93.4751556640505,-76.72211967057105,90.43514915585118,-89.87705019460886,-67.3498854854185,10.549123237099998,0.7041698162069991,,
1780128044,184724811,right_base_cmd,right_joint_1,right_joint_2,right_joint_3,right_joint_4,right_joint_5,right_joint_6,right_joint_7,-93.43276789698874,-76.7467958663158,90.45301236341291,-89.83889940890522,-67.39605412430251,10.54572795493602,0.6671166244053524,,
1780128044,194556836,right_base_cmd,right_joint_1,right_joint_2,right_joint_3,right_joint_4,right_joint_5,right_joint_6,right_joint_7,-93.40065656783057,-76.78581117515604,90.49180996788303,-89.8067081590146,-67.48186240037785,10.527709312157931,0.6286024351863801,,
1780128044,204273552,right_base_cmd,right_joint_1,right_joint_2,right_joint_3,right_joint_4,right_joint_5,right_joint_6,right_joint_7,-93.3715128427759,-76.83760064857462,90.54454968697794,-89.77221038549563,-67.62541868806613,10.513206512789516,0.5806425368571553,,
1780128044,214440359,right_base_cmd,right_joint_1,right_joint_2,right_joint_3,right_joint_4,right_joint_5,right_joint_6,right_joint_7,-93.35098269545651,-76.86244655259345,90.56974311866682,-89.74687488682925,-67.74200173560035,10.523826974285448,0.5320936766822655,,
1780128044,224575897,right_base_cmd,right_joint_1,right_joint_2,right_joint_3,right_joint_4,right_joint_5,right_joint_6,right_joint_7,-93.31905768823955,-76.87847882613319,90.58948662693209,-89.7243857358741,-67.83515595676988,10.526568153656747,0.5147169200698016,,
1780128044,235053716,right_base_cmd,right_joint_1,right_joint_2,right_joint_3,right_joint_4,right_joint_5,right_joint_6,right_joint_7,-93.30385621046375,-76.89612999731692,90.59809702395162,-89.70224542141638,-67.90817230084906,10.528992946172657,0.4825324873435619,,
1780128044,244754853,right_base_cmd,right_joint_1,right_joint_2,right_joint_3,right_joint_4,right_joint_5,right_joint_6,right_joint_7,-93.2640810645951,-76.93173438451363,90.62743121138104,-89.66406756852167,-67.97507304188264,10.498531761035913,0.46490722314102584,,
1780128044,254555524,right_base_cmd,right_joint_1,right_joint_2,right_joint_3,right_joint_4,right_joint_5,right_joint_6,right_joint_7,-93.2543657315048,-76.94668052661139,90.62537014835416,-89.64606697554014,-67.99401486778174,10.498015434019187,0.4300552884782718,,
1780128044,264793291,right_base_cmd,right_joint_1,right_joint_2,right_joint_3,right_joint_4,right_joint_5,right_joint_6,right_joint_7,-93.27067535054383,-76.97938926091457,90.61945645510846,-89.65801525141838,-67.98833839693964,10.512499199668817,0.40990225693103355,,
1780128044,274582913,right_base_cmd,right_joint_1,right_joint_2,right_joint_3,right_joint_4,right_joint_5,right_joint_6,right_joint_7,-93.27802000723605,-76.99363572637994,90.61283393171439,-89.6602826849391,-67.95036607961333,10.524258351467502,0.4006472542744035,,
1780128044,284829599,right_base_cmd,right_joint_1,right_joint_2,right_joint_3,right_joint_4,right_joint_5,right_joint_6,right_joint_7,-93.27785720365878,-77.01003467038619,90.59847369916386,-89.66251180290693,-67.90858432521526,10.547034717728316,0.39896396027192793,,
1780128044,294549602,right_base_cmd,right_joint_1,right_joint_2,right_joint_3,right_joint_4,right_joint_5,right_joint_6,right_joint_7,-93.27822242707421,-77.02232043814332,90.59402969782403,-89.66244942190106,-67.86689835929388,10.56102511327368,0.3969961787953338,,
1780128044,304416029,right_base_cmd,right_joint_1,right_joint_2,right_joint_3,right_joint_4,right_joint_5,right_joint_6,right_joint_7,-93.27767349521727,-77.05026652228823,90.61664537010316,-89.66088983021105,-67.85667725751449,10.56266838159997,0.41758821290930825,,
1780128044,315781461,right_base_cmd,right_joint_1,right_joint_2,right_joint_3,right_joint_4,right_joint_5,right_joint_6,right_joint_7,-93.28801890620153,-77.06022170767763,90.62210706738668,-89.67653872786708,-67.8430995937344,10.584765567563132,0.44466078659597486,,
1780128044,324585024,right_base_cmd,right_joint_1,right_joint_2,right_joint_3,right_joint_4,right_joint_5,right_joint_6,right_joint_7,-93.28991741072471,-77.0793981945783,90.65403611728684,-89.68780023246144,-67.85962496976771,10.576119298988722,0.504182822674224,,
1780128044,335924562,right_base_cmd,right_joint_1,right_joint_2,right_joint_3,right_joint_4,right_joint_5,right_joint_6,right_joint_7,-93.30726208120527,-77.08913180402267,90.67927398900653,-89.71785211942155,-67.88989184183777,10.57613374965559,0.5765187503700844,,
1780128044,344727304,right_base_cmd,right_joint_1,right_joint_2,right_joint_3,right_joint_4,right_joint_5,right_joint_6,right_joint_7,-93.30392878897905,-77.1087499599118,90.72058819927244,-89.73445316231722,-67.93594120978611,10.558064009294078,0.670661374165249,,
1780128044,354316981,right_base_cmd,right_joint_1,right_joint_2,right_joint_3,right_joint_4,right_joint_5,right_joint_6,right_joint_7,-93.32007828895527,-77.11677766133148,90.75722853805397,-89.77055721666353,-67.98274871442925,10.559082650603962,0.7899885022467714,,
1780128044,364530716,right_base_cmd,right_joint_1,right_joint_2,right_joint_3,right_joint_4,right_joint_5,right_joint_6,right_joint_7,-93.33179270269832,-77.12799224530507,90.77406819026638,-89.79785933095651,-68.02390624264399,10.573324297620225,0.885850147937262,,
1780128044,374545934,right_base_cmd,right_joint_1,right_joint_2,right_joint_3,right_joint_4,right_joint_5,right_joint_6,right_joint_7,-93.33123452866917,-77.11759743578234,90.76435278861916,-89.81029402871924,-68.03127658186474,10.605010212376051,0.9542367458001166,,
1780128044,384508264,right_base_cmd,right_joint_1,right_joint_2,right_joint_3,right_joint_4,right_joint_5,right_joint_6,right_joint_7,-93.3242166778509,-77.11283086097718,90.77708765817928,-89.8268963612975,-68.0433858699879,10.616397050301437,1.0301189941134652,,
1780128044,395076304,right_base_cmd,right_joint_1,right_joint_2,right_joint_3,right_joint_4,right_joint_5,right_joint_6,right_joint_7,-93.33322733004363,-77.09882250216164,90.76935368732367,-89.84284460483117,-68.0365956635344,10.643616556269599,1.0701121816965582,,
1780128044,404203722,right_base_cmd,right_joint_1,right_joint_2,right_joint_3,right_joint_4,right_joint_5,right_joint_6,right_joint_7,-93.34388340305608,-77.08624254587444,90.76167265060926,-89.84916522972004,-68.02788530913807,10.664304110548933,1.1105907838796014,,
1780128044,414322931,right_base_cmd,right_joint_1,right_joint_2,right_joint_3,right_joint_4,right_joint_5,right_joint_6,right_joint_7,-93.33758978781108,-77.08155102665627,90.76063761989965,-89.85791752697862,-68.02963908618625,10.676920111855345,1.1695106983171257,,
1780128044,424563904,right_base_cmd,right_joint_1,right_joint_2,right_joint_3,right_joint_4,right_joint_5,right_joint_6,right_joint_7,-93.33690013318702,-77.09376005822942,90.77505656630305,-89.86641431685958,-68.04862536629224,10.668044994912698,1.2243084177043642,,
1780128044,434673620,right_base_cmd,right_joint_1,right_joint_2,right_joint_3,right_joint_4,right_joint_5,right_joint_6,right_joint_7,-93.33168991165243,-77.09980867662189,90.78156595713287,-89.87461035314955,-68.06228291471666,10.662373813167626,1.2776260308300351,,
1780128044,444662507,right_base_cmd,right_joint_1,right_joint_2,right_joint_3,right_joint_4,right_joint_5,right_joint_6,right_joint_7,-93.329000551527,-77.09611080486464,90.78273978410996,-89.88010419692587,-68.06675712112872,10.658981722825338,1.324088750771736,,
1780128044,454818404,right_base_cmd,right_joint_1,right_joint_2,right_joint_3,right_joint_4,right_joint_5,right_joint_6,right_joint_7,-93.3225386547962,-77.09647674500782,90.7852968038188,-89.88282488938081,-68.0759765833609,10.653395901392294,1.3682874652154027,,
1780128044,464622330,right_base_cmd,right_joint_1,right_joint_2,right_joint_3,right_joint_4,right_joint_5,right_joint_6,right_joint_7,-93.32923681512969,-77.07900121058687,90.7642819838401,-89.88163976640767,-68.07437693149228,10.668879799951647,1.386219623736494,,
1780128044,474439108,right_base_cmd,right_joint_1,right_joint_2,right_joint_3,right_joint_4,right_joint_5,right_joint_6,right_joint_7,-93.32104032891428,-77.07288137382581,90.76806395155498,-89.88164683418297,-68.0954786354668,10.664658193984344,1.4238409149061653,,
1780128044,484592665,right_base_cmd,right_joint_1,right_joint_2,right_joint_3,right_joint_4,right_joint_5,right_joint_6,right_joint_7,-93.32270453103504,-77.07072539604748,90.77345816711195,-89.89432609212743,-68.12612169884375,10.663712353481124,1.4597837323459402,,
1780128044,494663196,right_base_cmd,right_joint_1,right_joint_2,right_joint_3,right_joint_4,right_joint_5,right_joint_6,right_joint_7,-93.31062565782278,-77.07093741197714,90.78356736419508,-89.89029544589785,-68.16500148707433,10.654919502880666,1.49088215595485,,
1780128044,504821629,right_base_cmd,right_joint_1,right_joint_2,right_joint_3,right_joint_4,right_joint_5,right_joint_6,right_joint_7,-93.2996076307605,-77.07512667263082,90.79722959855471,-89.89098342960007,-68.2213052464196,10.648536587535723,1.5235676111647507,,
1780128044,514805662,right_base_cmd,right_joint_1,right_joint_2,right_joint_3,right_joint_4,right_joint_5,right_joint_6,right_joint_7,-93.29765262065607,-77.07937947587426,90.8009189226029,-89.88944865529943,-68.26505586214006,10.650559118543875,1.5382158256392557,,
1780128044,525091223,right_base_cmd,right_joint_1,right_joint_2,right_joint_3,right_joint_4,right_joint_5,right_joint_6,right_joint_7,-93.27383361322646,-77.08739207865791,90.81626807730865,-89.87590399585197,-68.305823310692,10.637854909764378,1.5665662925342048,,
1780128044,534587755,right_base_cmd,right_joint_1,right_joint_2,right_joint_3,right_joint_4,right_joint_5,right_joint_6,right_joint_7,-93.26605173368714,-77.09168959566416,90.8198812534101,-89.87267472516773,-68.32993187725111,10.636483091290309,1.5824855017397539,,
1780128044,544604164,right_base_cmd,right_joint_1,right_joint_2,right_joint_3,right_joint_4,right_joint_5,right_joint_6,right_joint_7,-93.26148815503521,-77.09149926471476,90.81333416925858,-89.87283442204121,-68.33594291675143,10.643681545412058,1.5906808428039625,,
1780128044,554691422,right_base_cmd,right_joint_1,right_joint_2,right_joint_3,right_joint_4,right_joint_5,right_joint_6,right_joint_7,-93.25446095441626,-77.09692752088365,90.81443927827044,-89.86773079096783,-68.34042112816525,10.638832678267143,1.5980032348611957,,
1780128044,564521976,right_base_cmd,right_joint_1,right_joint_2,right_joint_3,right_joint_4,right_joint_5,right_joint_6,right_joint_7,-93.22836814360645,-77.11581488532836,90.81421440881306,-89.84513469073092,-68.34846953257664,10.623783355085273,1.608638697659714,,
1780128044,574508593,right_base_cmd,right_joint_1,right_joint_2,right_joint_3,right_joint_4,right_joint_5,right_joint_6,right_joint_7,-93.21441148263025,-77.1266672579634,90.81752504061686,-89.83315268767338,-68.34660854691202,10.6057923302588,1.6177804181317441,,
1780128044,585802006,right_base_cmd,right_joint_1,right_joint_2,right_joint_3,right_joint_4,right_joint_5,right_joint_6,right_joint_7,-93.20851602293956,-77.13211353793601,90.82228672620354,-89.83123212998215,-68.34377012495617,10.593275532219089,1.6290238295585908,,
1780128044,594607110,right_base_cmd,right_joint_1,right_joint_2,right_joint_3,right_joint_4,right_joint_5,right_joint_6,right_joint_7,-93.20630707757104,-77.13830148925992,90.82893483700084,-89.83144257838173,-68.34372000079566,10.583365188885473,1.6392226644675674,,
1780128044,604544641,right_base_cmd,right_joint_1,right_joint_2,right_joint_3,right_joint_4,right_joint_5,right_joint_6,right_joint_7,-93.18300482209636,-77.14347277371105,90.83461747992592,-89.81565509160318,-68.34568357198975,10.570125455224861,1.6565864888773234,,
1780128044,614482867,right_base_cmd,right_joint_1,right_joint_2,right_joint_3,right_joint_4,right_joint_5,right_joint_6,right_joint_7,-93.17965378398523,-77.1383132929076,90.82931828988208,-89.81222213166394,-68.34698386368439,10.572031380938604,1.6620137905749601,,
1780128044,624519879,right_base_cmd,right_joint_1,right_joint_2,right_joint_3,right_joint_4,right_joint_5,right_joint_6,right_joint_7,-93.17228062915402,-77.15514595526248,90.84816529000116,-89.804772389196,-68.37745819237409,10.552277035501739,1.6752299261925003,,
1780128044,634493471,right_base_cmd,right_joint_1,right_joint_2,right_joint_3,right_joint_4,right_joint_5,right_joint_6,right_joint_7,-93.16188062921677,-77.16249214333472,90.85753364744059,-89.79389559428365,-68.40347015560064,10.5396504814886,1.6855100976235775,,
1780128044,644601495,right_base_cmd,right_joint_1,right_joint_2,right_joint_3,right_joint_4,right_joint_5,right_joint_6,right_joint_7,-93.17681863733608,-77.17655471388566,90.8559041971238,-89.79913651669291,-68.43135495260145,10.541836565459626,1.6824263915014939,,
1780128044,654226323,right_base_cmd,right_joint_1,right_joint_2,right_joint_3,right_joint_4,right_joint_5,right_joint_6,right_joint_7,-93.17251739622739,-77.17962149571834,90.85740527723439,-89.78630778029715,-68.45796486156604,10.534934269030266,1.691460131720234,,
1780128044,665576461,right_base_cmd,right_joint_1,right_joint_2,right_joint_3,right_joint_4,right_joint_5,right_joint_6,right_joint_7,-93.17525351738973,-77.18026865963476,90.8629354967284,-89.78806267363429,-68.48051638911858,10.531006248033528,1.7108976469431667,,
1780128044,674625228,right_base_cmd,right_joint_1,right_joint_2,right_joint_3,right_joint_4,right_joint_5,right_joint_6,right_joint_7,-93.17576587043479,-77.17088748804731,90.85967271843961,-89.79529311752329,-68.49353464194314,10.539255730594057,1.7337739145011568,,
1780128044,684500376,right_base_cmd,right_joint_1,right_joint_2,right_joint_3,right_joint_4,right_joint_5,right_joint_6,right_joint_7,-93.17963293871426,-77.16833709136263,90.86067943821709,-89.79836697413812,-68.50756862744367,10.541342698892613,1.750111590887613,,
1780128044,694719634,right_base_cmd,right_joint_1,right_joint_2,right_joint_3,right_joint_4,right_joint_5,right_joint_6,right_joint_7,-93.18224319210586,-77.16470010766996,90.86162305742542,-89.8012671152327,-68.51840326812169,10.543551867484162,1.7653301582616763,,
1780128044,704312269,right_base_cmd,right_joint_1,right_joint_2,right_joint_3,right_joint_4,right_joint_5,right_joint_6,right_joint_7,-93.16987957319716,-77.15993972036974,90.86635602997191,-89.79411766848587,-68.53506665111928,10.534688416227489,1.7961488427725811,,
1780128044,716183302,right_base_cmd,right_joint_1,right_joint_2,right_joint_3,right_joint_4,right_joint_5,right_joint_6,right_joint_7,-93.17021805934385,-77.16021652567487,90.87409032071619,-89.8026473372545,-68.55504637655008,10.52640243176257,1.8309776648097085,,
1780128044,724472397,right_base_cmd,right_joint_1,right_joint_2,right_joint_3,right_joint_4,right_joint_5,right_joint_6,right_joint_7,-93.17251630962474,-77.16338557606163,90.8827734238541,-89.80694231845742,-68.57274328403963,10.515691134000242,1.855349636984883,,
1780128044,734428593,right_base_cmd,right_joint_1,right_joint_2,right_joint_3,right_joint_4,right_joint_5,right_joint_6,right_joint_7,-93.17188449299297,-77.16555783530733,90.89002635043877,-89.8078035665409,-68.58644983019116,10.504312141625867,1.874638977525521,,
1780128044,745891909,right_base_cmd,right_joint_1,right_joint_2,right_joint_3,right_joint_4,right_joint_5,right_joint_6,right_joint_7,-93.15910587360045,-77.15723920831881,90.89462929627487,-89.80478372557117,-68.59041516181156,10.497538589547737,1.8997453406656035,,
1780128044,754261759,right_base_cmd,right_joint_1,right_joint_2,right_joint_3,right_joint_4,right_joint_5,right_joint_6,right_joint_7,-93.1550829930525,-77.15123630090012,90.89405195231379,-89.80329807572862,-68.5942400179618,10.496854805294,1.908900871173259,,
1780128044,764277304,right_base_cmd,right_joint_1,right_joint_2,right_joint_3,right_joint_4,right_joint_5,right_joint_6,right_joint_7,-93.17372929690984,-77.13800822963908,90.87562482509222,-89.8078721568648,-68.59861060753695,10.519837331618938,1.8920837474814078,,
1780128044,774516890,right_base_cmd,right_joint_1,right_joint_2,right_joint_3,right_joint_4,right_joint_5,right_joint_6,right_joint_7,-93.16872324569775,-77.13414952459517,90.88177152433647,-89.80490487951586,-68.62486772549073,10.523515886854007,1.896022530671857,,
1780128044,784826016,right_base_cmd,right_joint_1,right_joint_2,right_joint_3,right_joint_4,right_joint_5,right_joint_6,right_joint_7,-93.16689143367009,-77.12923586103365,90.89066345090438,-89.8110879378287,-68.67380296371073,10.528410539598902,1.9053434990962472,,
1780128044,794944600,right_base_cmd,right_joint_1,right_joint_2,right_joint_3,right_joint_4,right_joint_5,right_joint_6,right_joint_7,-93.16234971224785,-77.12927720352708,90.90425576966354,-89.80907472833043,-68.73232217858799,10.525483824419332,1.9135920787534673,,
1780128044,804315743,right_base_cmd,right_joint_1,right_joint_2,right_joint_3,right_joint_4,right_joint_5,right_joint_6,right_joint_7,-93.16721506220168,-77.13128936264174,90.91225082055414,-89.80862750818473,-68.79330020666907,10.523686019368377,1.9130987082616997,,
1780128044,814617392,right_base_cmd,right_joint_1,right_joint_2,right_joint_3,right_joint_4,right_joint_5,right_joint_6,right_joint_7,-93.18164186171961,-77.13329006878566,90.9186674107008,-89.81064456536656,-68.86291101168649,10.522141735726912,1.9051891026391985,,
1780128044,824971821,right_base_cmd,right_joint_1,right_joint_2,right_joint_3,right_joint_4,right_joint_5,right_joint_6,right_joint_7,-93.17006254502482,-77.13462691689632,90.91788647490407,-89.79729209845387,-68.91024106683261,10.521330315491817,1.8975514456967488,,
1780128044,834755250,right_base_cmd,right_joint_1,right_joint_2,right_joint_3,right_joint_4,right_joint_5,right_joint_6,right_joint_7,-93.15927721203374,-77.13671871525027,90.91855277818533,-89.78356893856211,-68.94289723069232,10.517859447479971,1.8823949096122732,,
1780128044,844656791,right_base_cmd,right_joint_1,right_joint_2,right_joint_3,right_joint_4,right_joint_5,right_joint_6,right_joint_7,-93.13333596508951,-77.13699084436497,90.91988137803364,-89.76988266685568,-68.97060436589629,10.513852277190047,1.867495411574609,,
1780128044,854373134,right_base_cmd,right_joint_1,right_joint_2,right_joint_3,right_joint_4,right_joint_5,right_joint_6,right_joint_7,-93.12231904689091,-77.1317471692545,90.91101546893631,-89.75819871472687,-68.99596605998079,10.52055005782558,1.8272025114671209,,
1780128044,864567274,right_base_cmd,right_joint_1,right_joint_2,right_joint_3,right_joint_4,right_joint_5,right_joint_6,right_joint_7,-93.11868541241049,-77.13341343718862,90.91610708444264,-89.75201000527075,-69.02569423478411,10.515038725777352,1.8016588389884163,,
1780128044,874848004,right_base_cmd,right_joint_1,right_joint_2,right_joint_3,right_joint_4,right_joint_5,right_joint_6,right_joint_7,-93.11059934579717,-77.13732184309937,90.9211462474635,-89.74394014479141,-69.05369218569268,10.507695735120087,1.7839435934619559,,
1780128044,885250938,right_base_cmd,right_joint_1,right_joint_2,right_joint_3,right_joint_4,right_joint_5,right_joint_6,right_joint_7,-93.09211068621917,-77.1387072384389,90.91879249368921,-89.72206476399823,-69.06823205243296,10.499011308363954,1.76948981170095,,
1780128044,894610017,right_base_cmd,right_joint_1,right_joint_2,right_joint_3,right_joint_4,right_joint_5,right_joint_6,right_joint_7,-93.08088080032874,-77.14757258438966,90.92146545148111,-89.7093917805221,-69.07890333580195,10.480485784199296,1.7589465371594741,,
1780128044,904259523,right_base_cmd,right_joint_1,right_joint_2,right_joint_3,right_joint_4,right_joint_5,right_joint_6,right_joint_7,-93.04793298612705,-77.15361031740339,90.92551220849876,-89.68402522430127,-69.08051230644838,10.453164639988252,1.7510579572819864,,
1780128044,914903985,right_base_cmd,right_joint_1,right_joint_2,right_joint_3,right_joint_4,right_joint_5,right_joint_6,right_joint_7,-92.99310569268775,-77.1573430896109,90.90613591368336,-89.62083641806164,-69.05681070052702,10.43505324518015,1.6772516301141849,,
1780128044,924846742,right_base_cmd,right_joint_1,right_joint_2,right_joint_3,right_joint_4,right_joint_5,right_joint_6,right_joint_7,-92.95633688863805,-77.1593208467079,90.90955720623211,-89.56978923301047,-69.0534109868359,10.403638431123234,1.5961224421991318,,
1780128044,934579584,right_base_cmd,right_joint_1,right_joint_2,right_joint_3,right_joint_4,right_joint_5,right_joint_6,right_joint_7,-92.92664739025108,-77.15690083927605,90.91008341678085,-89.52859535118343,-69.0608732110419,10.380051626816858,1.5140961915465567,,
1780128044,945128906,right_base_cmd,right_joint_1,right_joint_2,right_joint_3,right_joint_4,right_joint_5,right_joint_6,right_joint_7,-92.88385452280252,-77.16983277673656,90.93224663745676,-89.47739978099362,-69.09850322718506,10.33579610652226,1.448660361288475,,
1780128044,955064906,right_base_cmd,right_joint_1,right_joint_2,right_joint_3,right_joint_4,right_joint_5,right_joint_6,right_joint_7,-92.8625782320162,-77.18418541847883,90.97573870234365,-89.4567413256873,-69.18770141522333,10.284734774414524,1.4154097834028647,,
1780128044,965723701,right_base_cmd,right_joint_1,right_joint_2,right_joint_3,right_joint_4,right_joint_5,right_joint_6,right_joint_7,-92.8491257230477,-77.20147118161539,91.03572603725277,-89.44964057116921,-69.34245804971039,10.228704024490533,1.4041299791038426,,
1780128044,974734454,right_base_cmd,right_joint_1,right_joint_2,right_joint_3,right_joint_4,right_joint_5,right_joint_6,right_joint_7,-92.85899416954246,-77.20528673999355,91.04590845765492,-89.44918119973302,-69.45902950926381,10.219291020934243,1.3778241792442572,,
1780128044,985017900,right_base_cmd,right_joint_1,right_joint_2,right_joint_3,right_joint_4,right_joint_5,right_joint_6,right_joint_7,-92.85888083174117,-77.18871298152614,91.04529376129014,-89.4521017124364,-69.54563902875657,10.222777140712374,1.3789993929992619,,
1780128044,994840702,right_base_cmd,right_joint_1,right_joint_2,right_joint_3,right_joint_4,right_joint_5,right_joint_6,right_joint_7,-92.8627792261452,-77.17928846409997,91.05185833101373,-89.46275044100436,-69.62919231712408,10.22205922215904,1.4004963991762196,,
1780128045,4397637,right_base_cmd,right_joint_1,right_joint_2,right_joint_3,right_joint_4,right_joint_5,right_joint_6,right_joint_7,-92.88458106606569,-77.1683384126243,91.04441566837616,-89.48434668443947,-69.68464648435543,10.233182445007067,1.4161052004302945,,
1780128045,14675188,right_base_cmd,right_joint_1,right_joint_2,right_joint_3,right_joint_4,right_joint_5,right_joint_6,right_joint_7,-92.885530221925,-77.16806668448665,91.04222972322688,-89.48827960264238,-69.72357531955441,10.231567279920348,1.4359224492221614,,
1780128045,24858270,right_base_cmd,right_joint_1,right_joint_2,right_joint_3,right_joint_4,right_joint_5,right_joint_6,right_joint_7,-92.87035490862829,-77.16864741756446,91.03383515953138,-89.48231048792265,-69.72944347606472,10.233439015631014,1.4473881310258179,,
1780128045,34814738,right_base_cmd,right_joint_1,right_joint_2,right_joint_3,right_joint_4,right_joint_5,right_joint_6,right_joint_7,-92.86007353433567,-77.16889489121355,91.02248370260887,-89.46963829586566,-69.71470519304825,10.231982683545887,1.431654984536678,,
1780128045,45387138,right_base_cmd,right_joint_1,right_joint_2,right_joint_3,right_joint_4,right_joint_5,right_joint_6,right_joint_7,-92.8581626973623,-77.15811785066388,91.00496248002307,-89.4585270083556,-69.70531652156734,10.242211921073256,1.3954938080917003,,
1780128045,54631454,right_base_cmd,right_joint_1,right_joint_2,right_joint_3,right_joint_4,right_joint_5,right_joint_6,right_joint_7,-92.8524404178709,-77.16315578955563,91.01841044589727,-89.44926655208447,-69.74301629000018,10.23308213278245,1.3748647103877687,,
1780128045,64571452,right_base_cmd,right_joint_1,right_joint_2,right_joint_3,right_joint_4,right_joint_5,right_joint_6,right_joint_7,-92.85512604427404,-77.1615325351162,91.0332603014057,-89.4543657652198,-69.79379459681405,10.228949744302732,1.3766625903897278,,
1780128045,74816884,right_base_cmd,right_joint_1,right_joint_2,right_joint_3,right_joint_4,right_joint_5,right_joint_6,right_joint_7,-92.86415911064265,-77.16234656880768,91.04210906950615,-89.46516563764307,-69.84629977001447,10.233143847172933,1.385157580392999,,
1780128045,86089946,right_base_cmd,right_joint_1,right_joint_2,right_joint_3,right_joint_4,right_joint_5,right_joint_6,right_joint_7,-92.8725238007103,-77.16703411205806,91.0603060268015,-89.47714292675592,-69.90782467309424,10.232639939336089,1.4072192611160261,,
1780128045,94649736,right_base_cmd,right_joint_1,right_joint_2,right_joint_3,right_joint_4,right_joint_5,right_joint_6,right_joint_7,-92.88005938190227,-77.17508877190728,91.07208735289512,-89.48707406905397,-69.96073970597598,10.231231554840527,1.4337716198246397,,
1780128045,104410034,right_base_cmd,right_joint_1,right_joint_2,right_joint_3,right_joint_4,right_joint_5,right_joint_6,right_joint_7,-92.8974502390121,-77.17737682611967,91.08143352817333,-89.50193298996301,-69.99228783625512,10.232720498961733,1.449336224750411,,
1780128045,114484788,right_base_cmd,right_joint_1,right_joint_2,right_joint_3,right_joint_4,right_joint_5,right_joint_6,right_joint_7,-92.92476441663874,-77.16516722141837,91.06103344996288,-89.52734984069004,-69.96777836848099,10.261000102688747,1.4640607130013308,,
1780128045,124592391,right_base_cmd,right_joint_1,right_joint_2,right_joint_3,right_joint_4,right_joint_5,right_joint_6,right_joint_7,-92.93369850677018,-77.1498455566935,91.02945736600472,-89.53572806604826,-69.92241570351604,10.293014124418058,1.472251413824992,,
1780128045,134869017,right_base_cmd,right_joint_1,right_joint_2,right_joint_3,right_joint_4,right_joint_5,right_joint_6,right_joint_7,-92.94255796940624,-77.14889123513497,91.01828749545857,-89.54369418487933,-69.8808753036015,10.302563516641392,1.4851708707719666,,
1780128045,145674957,right_base_cmd,right_joint_1,right_joint_2,right_joint_3,right_joint_4,right_joint_5,right_joint_6,right_joint_7,-92.95856463768322,-77.15002666684815,91.00092886040986,-89.55563052840002,-69.84040103658128,10.32153989574477,1.4951927220635497,,
1780128045,154325755,right_base_cmd,right_joint_1,right_joint_2,right_joint_3,right_joint_4,right_joint_5,right_joint_6,right_joint_7,-92.98454097265264,-77.15778951971176,90.98531093910591,-89.5776257716848,-69.79378577511056,10.344835840735534,1.5096045688905946,,
1780128045,164639829,right_base_cmd,right_joint_1,right_joint_2,right_joint_3,right_joint_4,right_joint_5,right_joint_6,right_joint_7,-93.00442465159992,-77.14843692696208,90.97351696064263,-89.6003223855288,-69.7397462469292,10.369235967177197,1.5336231653770795,,
1780128045,174654007,right_base_cmd,right_joint_1,right_joint_2,right_joint_3,right_joint_4,right_joint_5,right_joint_6,right_joint_7,-93.02430648444246,-77.14249797666606,90.96946323893323,-89.62344840851394,-69.70137277143584,10.390173396377413,1.5610259814742307,,
1780128045,185511318,right_base_cmd,right_joint_1,right_joint_2,right_joint_3,right_joint_4,right_joint_5,right_joint_6,right_joint_7,-93.02451350706585,-77.11934555706422,90.9581807057576,-89.6393894370404,-69.66151024098878,10.418096726022732,1.5929607812624198,,
1780128045,194795156,right_base_cmd,right_joint_1,right_joint_2,right_joint_3,right_joint_4,right_joint_5,right_joint_6,right_joint_7,-93.03647248110812,-77.11825346560848,90.95762951426988,-89.65527542323703,-69.65286768785711,10.433729509069856,1.6194161308539918,,
1780128045,204432906,right_base_cmd,right_joint_1,right_joint_2,right_joint_3,right_joint_4,right_joint_5,right_joint_6,right_joint_7,-93.03507526523813,-77.13054407116802,90.97016859637361,-89.65045498849783,-69.67613247326494,10.42702462979134,1.65900940008531,,
1780128045,214701961,right_base_cmd,right_joint_1,right_joint_2,right_joint_3,right_joint_4,right_joint_5,right_joint_6,right_joint_7,-93.04037299408756,-77.14218179050631,90.98306279422403,-89.65625474662694,-69.70490058465805,10.42116678976209,1.7019838704140255,,
1780128045,224577787,right_base_cmd,right_joint_1,right_joint_2,right_joint_3,right_joint_4,right_joint_5,right_joint_6,right_joint_7,-93.04541135653531,-77.15094992218458,90.99741914863833,-89.66808689932272,-69.73995217334567,10.413493952454651,1.7508225232580656,,
1780128045,234928825,right_base_cmd,right_joint_1,right_joint_2,right_joint_3,right_joint_4,right_joint_5,right_joint_6,right_joint_7,-93.04958262988967,-77.15194756746554,91.00547816656845,-89.67887417910676,-69.77303834382934,10.409411972472704,1.7970039920456173,,
1780128045,244774199,right_base_cmd,right_joint_1,right_joint_2,right_joint_3,right_joint_4,right_joint_5,right_joint_6,right_joint_7,-93.076980108117,-77.14561142093335,90.98868025221842,-89.69443456085004,-69.78793664089437,10.426073797033617,1.8154567937411201,,
1780128045,254275869,right_base_cmd,right_joint_1,right_joint_2,right_joint_3,right_joint_4,right_joint_5,right_joint_6,right_joint_7,-93.0939790352941,-77.14033319893458,90.98243983806637,-89.71097312289875,-69.8078137505255,10.43251933765351,1.8547401190260615,,
1780128045,264704170,right_base_cmd,right_joint_1,right_joint_2,right_joint_3,right_joint_4,right_joint_5,right_joint_6,right_joint_7,-93.09825406455636,-77.13042367186968,90.97445776822948,-89.7195188802474,-69.81969446609014,10.437874665875036,1.8943776573364488,,
1780128045,274531470,right_base_cmd,right_joint_1,right_joint_2,right_joint_3,right_joint_4,right_joint_5,right_joint_6,right_joint_7,-93.09955278523907,-77.12539813045869,90.97337224696125,-89.73179727121244,-69.8349067930601,10.440313000063504,1.9388974082125827,,
1780128045,284436148,right_base_cmd,right_joint_1,right_joint_2,right_joint_3,right_joint_4,right_joint_5,right_joint_6,right_joint_7,-93.10592749228803,-77.12154689990184,90.96944479648661,-89.74168028970998,-69.84249576960542,10.441691724327661,1.971002700792937,,
1780128045,294513740,right_base_cmd,right_joint_1,right_joint_2,right_joint_3,right_joint_4,right_joint_5,right_joint_6,right_joint_7,-93.11110283457438,-77.12352807045063,90.96970082593393,-89.74992414748478,-69.84982806450836,10.437332878981586,2.0003566299848643,,
1780128045,304558167,right_base_cmd,right_joint_1,right_joint_2,right_joint_3,right_joint_4,right_joint_5,right_joint_6,right_joint_7,-93.08214123962316,-77.13125375560499,90.98798306874991,-89.73639925213952,-69.86278803685332,10.412561791463027,2.045379709858807,,
1780128045,314668865,right_base_cmd,right_joint_1,right_joint_2,right_joint_3,right_joint_4,right_joint_5,right_joint_6,right_joint_7,-93.06575626059899,-77.13309849151166,90.98906959742092,-89.73215767792477,-69.86699806387514,10.403155537885148,2.0672599620723844,,
1780128045,325295593,right_base_cmd,right_joint_1,right_joint_2,right_joint_3,right_joint_4,right_joint_5,right_joint_6,right_joint_7,-93.06396850477941,-77.13520214090018,90.9920176161979,-89.73207331374722,-69.87080362169604,10.393669165524678,2.0752036619204404,,
1780128045,334607895,right_base_cmd,right_joint_1,right_joint_2,right_joint_3,right_joint_4,right_joint_5,right_joint_6,right_joint_7,-93.06067893110756,-77.14220561450982,90.99800279740944,-89.72819671053408,-69.8800520607465,10.382047759485893,2.0783411221615182,,
1780128045,344468152,right_base_cmd,right_joint_1,right_joint_2,right_joint_3,right_joint_4,right_joint_5,right_joint_6,right_joint_7,-93.05870767398486,-77.15313103786339,91.00494064538296,-89.71755696990671,-69.89241694868815,10.365685376397387,2.0749254622230495,,
1780128045,354887625,right_base_cmd,right_joint_1,right_joint_2,right_joint_3,right_joint_4,right_joint_5,right_joint_6,right_joint_7,-93.06620369155198,-77.15947842579216,91.00080418005174,-89.71430252180927,-69.90030147929338,10.362860001903933,2.066364658163465,,
1780128045,365390001,right_base_cmd,right_joint_1,right_joint_2,right_joint_3,right_joint_4,right_joint_5,right_joint_6,right_joint_7,-93.06839360539848,-77.17229673270124,91.01701644185911,-89.71963016591566,-69.9224541949493,10.346457062959765,2.0802260679175646,,
1780128045,374808333,right_base_cmd,right_joint_1,right_joint_2,right_joint_3,right_joint_4,right_joint_5,right_joint_6,right_joint_7,-93.06004660464922,-77.1858127581831,91.02902097471022,-89.71071771804499,-69.94477429401468,10.326795741631095,2.092594082347645,,
1780128045,384807802,right_base_cmd,right_joint_1,right_joint_2,right_joint_3,right_joint_4,right_joint_5,right_joint_6,right_joint_7,-93.05988610987086,-77.18999065973044,91.03223127989102,-89.711447176052,-69.95563915032699,10.319505691063974,2.1022576426210975,,
1780128045,394636765,right_base_cmd,right_joint_1,right_joint_2,right_joint_3,right_joint_4,right_joint_5,right_joint_6,right_joint_7,-93.05604981805553,-77.19799145986731,91.04019926084081,-89.70942813307359,-69.97209572292087,10.307633265212992,2.113898078259453,,
1780128045,404284727,right_base_cmd,right_joint_1,right_joint_2,right_joint_3,right_joint_4,right_joint_5,right_joint_6,right_joint_7,-93.0557366766881,-77.20433745537521,91.03281642705483,-89.71120593767746,-69.98434688975283,10.308413516788512,2.1224576180736534,,
1780128045,414594059,right_base_cmd,right_joint_1,right_joint_2,right_joint_3,right_joint_4,right_joint_5,right_joint_6,right_joint_7,-93.05609916606366,-77.21053035722129,91.03035044439403,-89.71156302988676,-69.99200378047664,10.304311956476575,2.1268414627966052,,
1780128045,424654618,right_base_cmd,right_joint_1,right_joint_2,right_joint_3,right_joint_4,right_joint_5,right_joint_6,right_joint_7,-93.05370660466488,-77.20992606819722,91.02639493687516,-89.70968384757863,-69.9906273441959,10.30000709985081,2.1311184820998363,,
1780128045,434509608,right_base_cmd,right_joint_1,right_joint_2,right_joint_3,right_joint_4,right_joint_5,right_joint_6,right_joint_7,-93.05519588307445,-77.21032210004883,91.02398825170891,-89.7108104841558,-69.98573211873492,10.29619732041045,2.13213843551641,,
1780128045,444524546,right_base_cmd,right_joint_1,right_joint_2,right_joint_3,right_joint_4,right_joint_5,right_joint_6,right_joint_7,-93.04641281166707,-77.19798113301336,91.016510458829,-89.71071121439196,-69.96806029991171,10.301351802650693,2.141252606547127,,
1780128045,454343293,right_base_cmd,right_joint_1,right_joint_2,right_joint_3,right_joint_4,right_joint_5,right_joint_6,right_joint_7,-93.04930368674226,-77.19597153521114,91.01144313745519,-89.71463878966905,-69.9570625662111,10.30395388264521,2.1424768118298374,,
1780128045,464637069,right_base_cmd,right_joint_1,right_joint_2,right_joint_3,right_joint_4,right_joint_5,right_joint_6,right_joint_7,-93.04088533786503,-77.18962450981856,91.00739771832556,-89.71156761509259,-69.94916987600539,10.301317304622906,2.154038947605599,,
1780128045,474645486,right_base_cmd,right_joint_1,right_joint_2,right_joint_3,right_joint_4,right_joint_5,right_joint_6,right_joint_7,-93.04278835923483,-77.19129347489793,91.00976815471219,-89.71401565663395,-69.95225592990153,10.29364654478065,2.161851627766609,,
1780128045,484799713,right_base_cmd,right_joint_1,right_joint_2,right_joint_3,right_joint_4,right_joint_5,right_joint_6,right_joint_7,-93.0463428101439,-77.19605321840938,91.01485726401776,-89.71403107524453,-69.96040719978834,10.281983237590403,2.1628521852787657,,
1780128045,494739055,right_base_cmd,right_joint_1,right_joint_2,right_joint_3,right_joint_4,right_joint_5,right_joint_6,right_joint_7,-93.0478607109093,-77.19643972534682,91.02231263810344,-89.71828088076838,-69.97547868747449,10.268933757486884,2.174457399562627,,
1780128045,504347444,right_base_cmd,right_joint_1,right_joint_2,right_joint_3,right_joint_4,right_joint_5,right_joint_6,right_joint_7,-93.06061360430866,-77.20341359532752,91.03625432135746,-89.72676503610047,-70.01313259289901,10.250857904290235,2.183090411229486,,
1780128045,514301547,right_base_cmd,right_joint_1,right_joint_2,right_joint_3,right_joint_4,right_joint_5,right_joint_6,right_joint_7,-93.0527660773923,-77.21033500332437,91.05172339016744,-89.72292642051646,-70.0491752041417,10.233434221812793,2.199071115446529,,
1780128045,524691154,right_base_cmd,right_joint_1,right_joint_2,right_joint_3,right_joint_4,right_joint_5,right_joint_6,right_joint_7,-93.05349351033166,-77.20918548241237,91.05591525568056,-89.72287067646825,-70.07240017396009,10.22916506403255,2.2036242078439017,,
1780128045,534504267,right_base_cmd,right_joint_1,right_joint_2,right_joint_3,right_joint_4,right_joint_5,right_joint_6,right_joint_7,-93.05345364393631,-77.20712264180652,91.05778528533412,-89.72124895452704,-70.09224536137276,10.226808487923456,2.20581639017216,,
1780128045,544791188,right_base_cmd,right_joint_1,right_joint_2,right_joint_3,right_joint_4,right_joint_5,right_joint_6,right_joint_7,-93.05934720231019,-77.21602488497884,91.057498236692,-89.72196411564376,-70.11103608848452,10.227445481568289,2.201451789260986,,
1780128045,555044750,right_base_cmd,right_joint_1,right_joint_2,right_joint_3,right_joint_4,right_joint_5,right_joint_6,right_joint_7,-93.06027884607639,-77.21738230739949,91.0561460270907,-89.71809916371525,-70.11336536613493,10.228189775462688,2.1961377904258796,,
1780128045,565859108,right_base_cmd,right_joint_1,right_joint_2,right_joint_3,right_joint_4,right_joint_5,right_joint_6,right_joint_7,-93.06251658831891,-77.22837741717815,91.06385792068798,-89.72215636160446,-70.11709609935986,10.223857226143771,2.199854086799675,,
1780128045,574634024,right_base_cmd,right_joint_1,right_joint_2,right_joint_3,right_joint_4,right_joint_5,right_joint_6,right_joint_7,-93.07131656541063,-77.22855787574731,91.06394199597875,-89.72890110727742,-70.10582776496881,10.227676238827264,2.203097699228053,,
1780128045,586218156,right_base_cmd,right_joint_1,right_joint_2,right_joint_3,right_joint_4,right_joint_5,right_joint_6,right_joint_7,-93.0911330419149,-77.22865656858205,91.04923350528472,-89.73354526033923,-70.08860752914666,10.242740476660408,2.194733751588032,,
1780128045,595328682,right_base_cmd,right_joint_1,right_joint_2,right_joint_3,right_joint_4,right_joint_5,right_joint_6,right_joint_7,-93.09969196944061,-77.23012818557375,91.05123755702934,-89.74152369943603,-70.07561536927994,10.2444143859367,2.208626421084986,,
1780128045,604747140,right_base_cmd,right_joint_1,right_joint_2,right_joint_3,right_joint_4,right_joint_5,right_joint_6,right_joint_7,-93.09229451822918,-77.23435972645434,91.06340840783096,-89.74881969998553,-70.06976359570302,10.240816528555179,2.2353010983102166,,
1780128045,614510484,right_base_cmd,right_joint_1,right_joint_2,right_joint_3,right_joint_4,right_joint_5,right_joint_6,right_joint_7,-93.10812160487777,-77.24091441792196,91.05973017241766,-89.74891674775576,-70.05591445383027,10.249969375092867,2.2299033964235804,,
1780128045,624678238,right_base_cmd,right_joint_1,right_joint_2,right_joint_3,right_joint_4,right_joint_5,right_joint_6,right_joint_7,-93.11527472024656,-77.23838350330864,91.0601386854834,-89.75757468917199,-70.0414664972148,10.261374923957312,2.241427971603102,,
1780128045,634593942,right_base_cmd,right_joint_1,right_joint_2,right_joint_3,right_joint_4,right_joint_5,right_joint_6,right_joint_7,-93.11972121655904,-77.23955393163006,91.06463064607001,-89.76530536540368,-70.03783795769294,10.269091985080031,2.2549223747144964,,
1780128045,644666322,right_base_cmd,right_joint_1,right_joint_2,right_joint_3,right_joint_4,right_joint_5,right_joint_6,right_joint_7,-93.12319989729096,-77.2482780919773,91.07507200846081,-89.76656112799681,-70.04837428126945,10.274360072458997,2.266268588221564,,
1780128045,654915015,right_base_cmd,right_joint_1,right_joint_2,right_joint_3,right_joint_4,right_joint_5,right_joint_6,right_joint_7,-93.12591917192893,-77.24925390865168,91.08255421970429,-89.7746580762197,-70.05931596197047,10.28356757029065,2.282571844263984,,
1780128045,664657267,right_base_cmd,right_joint_1,right_joint_2,right_joint_3,right_joint_4,right_joint_5,right_joint_6,right_joint_7,-93.11926249083345,-77.24428635337746,91.09521752479074,-89.78403809650753,-70.07526455248541,10.291743380542421,2.3138549523041974,,
1780128045,674543604,right_base_cmd,right_joint_1,right_joint_2,right_joint_3,right_joint_4,right_joint_5,right_joint_6,right_joint_7,-93.12155838477364,-77.24658090108001,91.10317333308896,-89.79326646142341,-70.09477318022533,10.30055085777196,2.3311558833202497,,
1780128045,685971599,right_base_cmd,right_joint_1,right_joint_2,right_joint_3,right_joint_4,right_joint_5,right_joint_6,right_joint_7,-93.10031810487729,-77.25612206560363,91.11922537533141,-89.78041038784791,-70.1164562904973,10.289366272627781,2.3516228506387478,,
1780128045,694538371,right_base_cmd,right_joint_1,right_joint_2,right_joint_3,right_joint_4,right_joint_5,right_joint_6,right_joint_7,-93.10075940588692,-77.25221268342843,91.1197755399431,-89.78835209806478,-70.11852130219575,10.297394487315962,2.360821516011967,,
1780128045,704469190,right_base_cmd,right_joint_1,right_joint_2,right_joint_3,right_joint_4,right_joint_5,right_joint_6,right_joint_7,-93.09509122333637,-77.25326561471276,91.12467038515271,-89.79460563510658,-70.12525582247122,10.2966618087329,2.368778344937354,,
1780128045,715295099,right_base_cmd,right_joint_1,right_joint_2,right_joint_3,right_joint_4,right_joint_5,right_joint_6,right_joint_7,-93.0913279792999,-77.2549894381918,91.13319759976528,-89.8097918445571,-70.12589617527112,10.295248174828608,2.379585497279251,,
1780128045,724451083,right_base_cmd,right_joint_1,right_joint_2,right_joint_3,right_joint_4,right_joint_5,right_joint_6,right_joint_7,-93.09289410525602,-77.25258270005277,91.13069488861723,-89.8173369943644,-70.12060262846899,10.299281086382912,2.3736751450505125,,
1780128045,734659069,right_base_cmd,right_joint_1,right_joint_2,right_joint_3,right_joint_4,right_joint_5,right_joint_6,right_joint_7,-93.08977360437311,-77.2486178944177,91.13176447773097,-89.82509131294309,-70.11520267852029,10.299904776468289,2.371468893486096,,
1780128045,744977505,right_base_cmd,right_joint_1,right_joint_2,right_joint_3,right_joint_4,right_joint_5,right_joint_6,right_joint_7,-93.07220584818546,-77.24085691210486,91.13735685387124,-89.82548422171386,-70.11144400485216,10.29204591572256,2.375445731006536,,
1780128045,755199524,right_base_cmd,right_joint_1,right_joint_2,right_joint_3,right_joint_4,right_joint_5,right_joint_6,right_joint_7,-93.06781734952708,-77.23771906535167,91.14360280266149,-89.83318225022198,-70.11359447285503,10.28453023554193,2.370234122433928,,
1780128045,764511486,right_base_cmd,right_joint_1,right_joint_2,right_joint_3,right_joint_4,right_joint_5,right_joint_6,right_joint_7,-93.06306612951764,-77.23737473951452,91.15062820924393,-89.83743981864895,-70.12066519832882,10.276709050688574,2.3531794602949816,,
1780128045,774643437,right_base_cmd,right_joint_1,right_joint_2,right_joint_3,right_joint_4,right_joint_5,right_joint_6,right_joint_7,-93.07312896478916,-77.2315325374088,91.14165131832377,-89.84485496400056,-70.12137552710095,10.286914821394994,2.3226101387950138,,
1780128045,784928942,right_base_cmd,right_joint_1,right_joint_2,right_joint_3,right_joint_4,right_joint_5,right_joint_6,right_joint_7,-93.06880066349882,-77.22156624188018,91.13922736246181,-89.85698511490013,-70.12358513356725,10.296577642433256,2.312582603658754,,
1780128045,794363217,right_base_cmd,right_joint_1,right_joint_2,right_joint_3,right_joint_4,right_joint_5,right_joint_6,right_joint_7,-93.06108807560324,-77.2119616316602,91.14261775082664,-89.86955410659432,-70.13211859741324,10.299937272086943,2.3039988301880356,,
1780128045,804323598,right_base_cmd,right_joint_1,right_joint_2,right_joint_3,right_joint_4,right_joint_5,right_joint_6,right_joint_7,-93.04526813715071,-77.21110382666355,91.1489421538167,-89.87016979191016,-70.15082810492424,10.291795516163695,2.2837519118618133,,
1780128045,814718484,right_base_cmd,right_joint_1,right_joint_2,right_joint_3,right_joint_4,right_joint_5,right_joint_6,right_joint_7,-92.99380012068193,-77.20255670011097,91.13710433949458,-89.84957909571882,-70.1575804994161,10.282364242909587,2.2135797622058675,,
1780128045,824713435,right_base_cmd,right_joint_1,right_joint_2,right_joint_3,right_joint_4,right_joint_5,right_joint_6,right_joint_7,-92.95252863294124,-77.20283994092985,91.13453869407257,-89.8139433968616,-70.16055331241785,10.25141109191265,2.1089762461185586,,
1780128045,834399314,right_base_cmd,right_joint_1,right_joint_2,right_joint_3,right_joint_4,right_joint_5,right_joint_6,right_joint_7,-92.91119690608863,-77.17968131498971,91.11490194795326,-89.78059865983552,-70.13391072339061,10.236101556359934,1.985569877015152,,
1780128045,844690667,right_base_cmd,right_joint_1,right_joint_2,right_joint_3,right_joint_4,right_joint_5,right_joint_6,right_joint_7,-92.87297397010846,-77.16584627287507,91.10763009669981,-89.74499817560287,-70.11418495243879,10.208327016365622,1.8613588303747264,,
1780128045,855125561,right_base_cmd,right_joint_1,right_joint_2,right_joint_3,right_joint_4,right_joint_5,right_joint_6,right_joint_7,-92.82426868866472,-77.154218933584,91.10067429540791,-89.70255446529673,-70.09694002461401,10.177458061428588,1.7219342260241177,,
1780128045,865068013,right_base_cmd,right_joint_1,right_joint_2,right_joint_3,right_joint_4,right_joint_5,right_joint_6,right_joint_7,-92.78808998639553,-77.16853291253439,91.11155008869272,-89.66253280212068,-70.10718194996235,10.131126730455954,1.573122864131605,,
1780128045,874504734,right_base_cmd,right_joint_1,right_joint_2,right_joint_3,right_joint_4,right_joint_5,right_joint_6,right_joint_7,-92.63856181228775,-77.18147760527229,91.11972378654613,-89.53465701006691,-70.11333558873702,10.052649572794458,1.3218181716664361,,
1780128045,884572824,right_base_cmd,right_joint_1,right_joint_2,right_joint_3,right_joint_4,right_joint_5,right_joint_6,right_joint_7,-92.54847341390015,-77.18145104904114,91.10342019916075,-89.41544363323403,-70.08715557231886,9.991187792241938,1.0018213281328912,,
1780128045,894796695,right_base_cmd,right_joint_1,right_joint_2,right_joint_3,right_joint_4,right_joint_5,right_joint_6,right_joint_7,-92.46564217466599,-77.1868767129787,91.09726267901956,-89.30045984810967,-70.066830708868,9.919733731677816,0.6840561580695379,,
1780128045,904355574,right_base_cmd,right_joint_1,right_joint_2,right_joint_3,right_joint_4,right_joint_5,right_joint_6,right_joint_7,-92.30122207998065,-77.17714579351413,91.08454182743745,-89.14070273503872,-70.05197180033593,9.825970993088397,0.29777074735294207,,
1780128045,914345391,right_base_cmd,right_joint_1,right_joint_2,right_joint_3,right_joint_4,right_joint_5,right_joint_6,right_joint_7,-92.21806297933338,-77.17849920193784,91.09201089575245,-89.02744970197604,-70.05286111468166,9.725415490829398,-0.07745080726341769,,
1780128045,925083255,right_base_cmd,right_joint_1,right_joint_2,right_joint_3,right_joint_4,right_joint_5,right_joint_6,right_joint_7,-92.14691276655921,-77.15811496056189,91.07115712416018,-88.93233836493694,-70.03319468104729,9.652252511634295,-0.39799862508552053,,
1780128045,934840015,right_base_cmd,right_joint_1,right_joint_2,right_joint_3,right_joint_4,right_joint_5,right_joint_6,right_joint_7,-92.07372653452327,-77.16323722271689,91.07921070736538,-88.84566424658586,-70.04314187963291,9.555590121858764,-0.6651068861924756,,
1780128045,944667139,right_base_cmd,right_joint_1,right_joint_2,right_joint_3,right_joint_4,right_joint_5,right_joint_6,right_joint_7,-91.99951234681427,-77.16773766823697,91.08891862610957,-88.76749167694858,-70.05347341826933,9.461184226192195,-0.9032869242411863,,
1780128045,954590090,right_base_cmd,right_joint_1,right_joint_2,right_joint_3,right_joint_4,right_joint_5,right_joint_6,right_joint_7,-91.93830526580646,-77.15443237612722,91.08249189446335,-88.71031232575821,-70.04121049158823,9.391036316461971,-1.1160333911405047,,
1780128045,965695049,right_base_cmd,right_joint_1,right_joint_2,right_joint_3,right_joint_4,right_joint_5,right_joint_6,right_joint_7,-91.86177471992667,-77.11329774327665,91.06097693787726,-88.70997864797245,-69.99881469867364,9.346976923721975,-1.3074087373098138,,
1780128045,975040267,right_base_cmd,right_joint_1,right_joint_2,right_joint_3,right_joint_4,right_joint_5,right_joint_6,right_joint_7,-91.81080179429713,-77.08317147048702,91.0458777708786,-88.68292729129054,-69.95711341967592,9.29136534675883,-1.5196483566699754,,
1780128045,985771225,right_base_cmd,right_joint_1,right_joint_2,right_joint_3,right_joint_4,right_joint_5,right_joint_6,right_joint_7,-91.75549694473582,-77.06292002168017,91.0313610635574,-88.6581973259019,-69.91822464017281,9.237630090462297,-1.7181042988023165,,
1780128045,994756084,right_base_cmd,right_joint_1,right_joint_2,right_joint_3,right_joint_4,right_joint_5,right_joint_6,right_joint_7,-91.6767216626424,-77.03401253435312,91.00590267383828,-88.62830194271483,-69.86518378356385,9.183923555155395,-1.9204402633258297,,
1780128046,4774422,right_base_cmd,right_joint_1,right_joint_2,right_joint_3,right_joint_4,right_joint_5,right_joint_6,right_joint_7,-91.62158363748281,-76.99698276406441,90.96805276845319,-88.60060469973276,-69.79487182911964,9.138441962669908,-2.1441057060539634,,
1780128046,14413187,right_base_cmd,right_joint_1,right_joint_2,right_joint_3,right_joint_4,right_joint_5,right_joint_6,right_joint_7,-91.48349616550232,-76.94473261021615,90.91609073965927,-88.61851593175233,-69.70842812045316,9.100115906254878,-2.3456504338874,,
1780128046,24740864,right_base_cmd,right_joint_1,right_joint_2,right_joint_3,right_joint_4,right_joint_5,right_joint_6,right_joint_7,-91.39907345852251,-76.90865729685727,90.88734258471814,-88.59592519450435,-69.64100751111118,9.024634681360347,-2.6187530665882974,,
1780128046,34483621,right_base_cmd,right_joint_1,right_joint_2,right_joint_3,right_joint_4,right_joint_5,right_joint_6,right_joint_7,-91.31168453267261,-76.87392837812088,90.86214413800181,-88.57841157458883,-69.58851327311066,8.949874006043565,-2.879879902968881,,
1780128046,44484584,right_base_cmd,right_joint_1,right_joint_2,right_joint_3,right_joint_4,right_joint_5,right_joint_6,right_joint_7,-91.22309883575727,-76.83206614793694,90.82382307429097,-88.55700692364998,-69.53662059234932,8.882443279923457,-3.149437022904422,,
1780128046,54286359,right_base_cmd,right_joint_1,right_joint_2,right_joint_3,right_joint_4,right_joint_5,right_joint_6,right_joint_7,-90.98220980720279,-76.79268356497421,90.80519520363382,-88.55279966315045,-69.5507654499437,8.75521615117436,-3.4243873597482803,,
1780128046,64368985,right_base_cmd,right_joint_1,right_joint_2,right_joint_3,right_joint_4,right_joint_5,right_joint_6,right_joint_7,-90.84196651575141,-76.68840821009378,90.72817703304852,-88.47760856274137,-69.49064255240603,8.65456302133908,-3.871677866152041,,
1780128046,74406464,right_base_cmd,right_joint_1,right_joint_2,right_joint_3,right_joint_4,right_joint_5,right_joint_6,right_joint_7,-90.70398915876453,-76.63323380089493,90.6981196159102,-88.41429624315909,-69.4988407649517,8.52398427103919,-4.2846716128828035,,
1780128046,85083940,right_base_cmd,right_joint_1,right_joint_2,right_joint_3,right_joint_4,right_joint_5,right_joint_6,right_joint_7,-90.56353101326059,-76.57242603554438,90.66882062423028,-88.34963674248645,-69.50583754516316,8.405685960849048,-4.688458628287393,,
1780128046,95309316,right_base_cmd,right_joint_1,right_joint_2,right_joint_3,right_joint_4,right_joint_5,right_joint_6,right_joint_7,-90.40678759950819,-76.5194917923592,90.64136858215991,-88.27977026871902,-69.53664436988169,8.285121934780996,-5.085945940544505,,
1780128046,104486698,right_base_cmd,right_joint_1,right_joint_2,right_joint_3,right_joint_4,right_joint_5,right_joint_6,right_joint_7,-90.27787356156577,-76.46498550379825,90.58150407765149,-88.2180372757996,-69.55915507136854,8.193288006943028,-5.517045172435772,,
1780128046,114443979,right_base_cmd,right_joint_1,right_joint_2,right_joint_3,right_joint_4,right_joint_5,right_joint_6,right_joint_7,-89.9330538778207,-76.34526673054155,90.51263350378085,-88.18280786961476,-69.57397057523559,8.078108505208725,-5.903868861945185,,
1780128046,124461743,right_base_cmd,right_joint_1,right_joint_2,right_joint_3,right_joint_4,right_joint_5,right_joint_6,right_joint_7,-89.75260652045111,-76.28423527479659,90.46627238082121,-88.06249507362106,-69.59701656405787,7.91217551024193,-6.467909853117888,,
1780128046,134986605,right_base_cmd,right_joint_1,right_joint_2,right_joint_3,right_joint_4,right_joint_5,right_joint_6,right_joint_7,-89.5761626320569,-76.22107136656821,90.41070188188647,-87.9581545643098,-69.59945567117319,7.771139614699116,-6.973505155223577,,
1780128046,144821294,right_base_cmd,right_joint_1,right_joint_2,right_joint_3,right_joint_4,right_joint_5,right_joint_6,right_joint_7,-89.41518334650996,-76.14240698051653,90.34529378807807,-87.91891029768296,-69.5758379397277,7.670288914294083,-7.403130808172207,,
1780128046,154449467,right_base_cmd,right_joint_1,right_joint_2,right_joint_3,right_joint_4,right_joint_5,right_joint_6,right_joint_7,-89.26270744712193,-76.07335746413453,90.29143389059007,-87.88334894794248,-69.55188349335202,7.5728041740245615,-7.794084752913378,,
1780128046,165030718,right_base_cmd,right_joint_1,right_joint_2,right_joint_3,right_joint_4,right_joint_5,right_joint_6,right_joint_7,-88.9601350601171,-75.91875083770738,90.18151899452798,-87.96619785642277,-69.47727602952864,7.545664564036095,-8.078230891124193,,
1780128046,174624575,right_base_cmd,right_joint_1,right_joint_2,right_joint_3,right_joint_4,right_joint_5,right_joint_6,right_joint_7,-88.76762171477597,-75.82024903956945,90.09907941018835,-87.89967489103516,-69.41389599461763,7.4371356528623735,-8.548206002682733,,
1780128046,185629002,right_base_cmd,right_joint_1,right_joint_2,right_joint_3,right_joint_4,right_joint_5,right_joint_6,right_joint_7,-88.58747928721229,-75.71180096798982,90.00531501989522,-87.8736374182018,-69.33167371785703,7.350470595818258,-8.981401610911988,,
1780128046,195314860,right_base_cmd,right_joint_1,right_joint_2,right_joint_3,right_joint_4,right_joint_5,right_joint_6,right_joint_7,-88.40884163944119,-75.61492636199218,89.92447596294838,-87.83469457760954,-69.25169919704149,7.251674184699091,-9.397317941979637,,
1780128046,205323023,right_base_cmd,right_joint_1,right_joint_2,right_joint_3,right_joint_4,right_joint_5,right_joint_6,right_joint_7,-88.28381879653782,-75.51593247778204,89.82810847573231,-87.84398437824952,-69.15882960849439,7.194065264368881,-9.810007474416082,,
1780128046,215039653,right_base_cmd,right_joint_1,right_joint_2,right_joint_3,right_joint_4,right_joint_5,right_joint_6,right_joint_7,-87.96735678313976,-75.3012842785222,89.65554625998746,-87.96597133521091,-68.97774117073004,7.215987020521659,-10.154744445226882,,
1780128046,224895733,right_base_cmd,right_joint_1,right_joint_2,right_joint_3,right_joint_4,right_joint_5,right_joint_6,right_joint_7,-87.77971434842888,-75.19879405456665,89.56535877609375,-87.90809287025981,-68.86847630876366,7.106581750753158,-10.719405836863942,,
1780128046,234682873,right_base_cmd,right_joint_1,right_joint_2,right_joint_3,right_joint_4,right_joint_5,right_joint_6,right_joint_7,-87.58777536238685,-75.0858379192439,89.46887465627319,-87.87330766442297,-68.747642661594,7.019410579085452,-11.237952654924882,,
1780128046,245767885,right_base_cmd,right_joint_1,right_joint_2,right_joint_3,right_joint_4,right_joint_5,right_joint_6,right_joint_7,-87.42928457686227,-74.96529952966104,89.35334446705443,-87.8518106289031,-68.6089028326528,6.959229705913749,-11.756340417844356,,
1780128046,254306245,right_base_cmd,right_joint_1,right_joint_2,right_joint_3,right_joint_4,right_joint_5,right_joint_6,right_joint_7,-87.24470899472485,-74.80201592831095,89.21111600035093,-87.85666682124032,-68.4233609876735,6.932609763854948,-12.24182558196982,,
1780128046,264859393,right_base_cmd,right_joint_1,right_joint_2,right_joint_3,right_joint_4,right_joint_5,right_joint_6,right_joint_7,-86.87663263815242,-74.50554100917846,88.96365837339525,-87.95285819085747,-68.10995054888161,6.9718436421295635,-12.738649407641688,,
1780128046,274782316,right_base_cmd,right_joint_1,right_joint_2,right_joint_3,right_joint_4,right_joint_5,right_joint_6,right_joint_7,-86.62870936612782,-74.3672388802918,88.82446726699354,-87.82615445779386,-67.91685507744893,6.825714792840934,-13.47773768363568,,
1780128046,284819750,right_base_cmd,right_joint_1,right_joint_2,right_joint_3,right_joint_4,right_joint_5,right_joint_6,right_joint_7,-86.40664544463718,-74.23374172084978,88.67492490349909,-87.73360654597066,-67.72730972104972,6.700017135113633,-14.189394075332714,,
1780128046,294960816,right_base_cmd,right_joint_1,right_joint_2,right_joint_3,right_joint_4,right_joint_5,right_joint_6,right_joint_7,-86.16111533876276,-74.06696257792261,88.50472198689667,-87.63436544117918,-67.50545479372221,6.5913179479877115,-14.882765370683629,,
1780128046,305462622,right_base_cmd,right_joint_1,right_joint_2,right_joint_3,right_joint_4,right_joint_5,right_joint_6,right_joint_7,-85.80155967417252,-73.71145408081783,88.20729531171955,-87.74223530236635,-67.122958771441,6.623377911641292,-15.524242028491315,,
1780128046,314447157,right_base_cmd,right_joint_1,right_joint_2,right_joint_3,right_joint_4,right_joint_5,right_joint_6,right_joint_7,-85.59840085844425,-73.54028219314456,88.05370043309611,-87.66007377375281,-66.91908432242917,6.47645982597988,-16.327698130458273,,
1780128046,324566716,right_base_cmd,right_joint_1,right_joint_2,right_joint_3,right_joint_4,right_joint_5,right_joint_6,right_joint_7,-85.40682134644337,-73.36193638103647,87.89891714620236,-87.60701903644578,-66.72878593032294,6.371947147141562,-17.034920754508065,,
1780128046,334567327,right_base_cmd,right_joint_1,right_joint_2,right_joint_3,right_joint_4,right_joint_5,right_joint_6,right_joint_7,-85.21523071746199,-73.17300674603213,87.73710648485891,-87.57612084549426,-66.5465079340317,6.299341201708394,-17.67288102210763,,
1780128046,344524917,right_base_cmd,right_joint_1,right_joint_2,right_joint_3,right_joint_4,right_joint_5,right_joint_6,right_joint_7,-85.01976050959425,-72.97366076028744,87.5663993034594,-87.567852346735,-66.35587759118988,6.245662354323777,-18.26025830315139,,
1780128046,355018660,right_base_cmd,right_joint_1,right_joint_2,right_joint_3,right_joint_4,right_joint_5,right_joint_6,right_joint_7,-84.50457993982721,-72.60167669360125,87.43417184844688,-87.56747549799196,-66.01511487721604,6.129116766308307,-18.684914446876704,,
1780128046,364542804,right_base_cmd,right_joint_1,right_joint_2,right_joint_3,right_joint_4,right_joint_5,right_joint_6,right_joint_7,-84.25582399657472,-72.33463238684352,87.17666621771858,-87.48306668551193,-65.74286330905085,6.070839933478062,-19.450674727805293,,
1780128046,374657124,right_base_cmd,right_joint_1,right_joint_2,right_joint_3,right_joint_4,right_joint_5,right_joint_6,right_joint_7,-84.0379150102369,-72.12950934795107,86.96817614324769,-87.36778198385424,-65.52949846865135,5.968983221552385,-20.17618854380352,,
1780128046,384967119,right_base_cmd,right_joint_1,right_joint_2,right_joint_3,right_joint_4,right_joint_5,right_joint_6,right_joint_7,-83.78435436455808,-71.87225608466919,86.72627410986095,-87.3252897887419,-65.2717488808047,5.912548609728283,-20.808574714506804,,
1780128046,395363753,right_base_cmd,right_joint_1,right_joint_2,right_joint_3,right_joint_4,right_joint_5,right_joint_6,right_joint_7,-83.58499757343938,-71.64744298885667,86.51546207698757,-87.2587806162601,-65.0445270304337,5.831793268147187,-21.45541621897975,,
1780128046,404298154,right_base_cmd,right_joint_1,right_joint_2,right_joint_3,right_joint_4,right_joint_5,right_joint_6,right_joint_7,-83.48601941082242,-71.35836683035645,86.18611592869152,-87.32824967583532,-64.76612767127295,5.915604672992465,-22.100405169795422,,
1780128046,414469187,right_base_cmd,right_joint_1,right_joint_2,right_joint_3,right_joint_4,right_joint_5,right_joint_6,right_joint_7,-83.20334549277877,-70.80435200380141,85.69807650964637,-87.50044962290555,-64.24340376920196,6.132824189105754,-22.721498887343458,,
1780128046,424596674,right_base_cmd,right_joint_1,right_joint_2,right_joint_3,right_joint_4,right_joint_5,right_joint_6,right_joint_7,-82.98543692152955,-70.53346064293483,85.44693825993662,-87.44057714396361,-64.0021210252147,6.0735714994101,-23.44119820933402,,
1780128046,434512222,right_base_cmd,right_joint_1,right_joint_2,right_joint_3,right_joint_4,right_joint_5,right_joint_6,right_joint_7,-82.8037581489402,-70.29633243204337,85.22250566152147,-87.36796280310945,-63.7908094305501,6.0169114987931565,-24.10877851548851,,
1780128046,444991502,right_base_cmd,right_joint_1,right_joint_2,right_joint_3,right_joint_4,right_joint_5,right_joint_6,right_joint_7,-82.61644824165623,-70.05205537507301,84.99622293080793,-87.33272231504868,-63.57217768116783,5.989720601646702,-24.691761855522557,,
1780128046,454906948,right_base_cmd,right_joint_1,right_joint_2,right_joint_3,right_joint_4,right_joint_5,right_joint_6,right_joint_7,-82.45596347509607,-69.84299120107688,84.80293392641548,-87.26824259296309,-63.39026735160951,5.9482618516466985,-25.251763177170474,,
1780128046,464478936,right_base_cmd,right_joint_1,right_joint_2,right_joint_3,right_joint_4,right_joint_5,right_joint_6,right_joint_7,-82.20692712906671,-69.38172542005044,84.42863102023787,-87.39695368214485,-62.96524100975017,6.113312939672717,-25.790706331427728,,
1780128046,474374463,right_base_cmd,right_joint_1,right_joint_2,right_joint_3,right_joint_4,right_joint_5,right_joint_6,right_joint_7,-82.04639413299557,-69.15397644011752,84.21343536208983,-87.32734329860149,-62.761375913588665,6.091944944597238,-26.42420273565746,,
1780128046,484755527,right_base_cmd,right_joint_1,right_joint_2,right_joint_3,right_joint_4,right_joint_5,right_joint_6,right_joint_7,-81.92182264864593,-68.93161615450926,84.00701966115915,-87.286993629174,-62.56171191304736,6.099549622440641,-26.98901876038964,,
1780128046,494719434,right_base_cmd,right_joint_1,right_joint_2,right_joint_3,right_joint_4,right_joint_5,right_joint_6,right_joint_7,-81.77585097104392,-68.71159238657988,83.8014686169769,-87.23816367511348,-62.3638765864298,6.123132572459504,-27.499703354480246,,
1780128046,504436473,right_base_cmd,right_joint_1,right_joint_2,right_joint_3,right_joint_4,right_joint_5,right_joint_6,right_joint_7,-81.65457090978398,-68.51560620606303,83.61202633169628,-87.20943612475442,-62.18953485708312,6.1509640532324354,-27.973576256950267,,
1780128046,515296868,right_base_cmd,right_joint_1,right_joint_2,right_joint_3,right_joint_4,right_joint_5,right_joint_6,right_joint_7,-81.46761546995393,-68.17976942276108,83.31667423423855,-87.22937602019432,-61.872726626031636,6.274953692459356,-28.481606216018648,,
1780128046,524761770,right_base_cmd,right_joint_1,right_joint_2,right_joint_3,right_joint_4,right_joint_5,right_joint_6,right_joint_7,-81.33189002929751,-68.07663372551384,83.20095730035885,-87.10633256411434,-61.785712490401465,6.214059944231515,-28.984978603579535,,
1780128046,534710649,right_base_cmd,right_joint_1,right_joint_2,right_joint_3,right_joint_4,right_joint_5,right_joint_6,right_joint_7,-81.21407036541669,-67.99711978924269,83.1211982464911,-86.99672006608104,-61.72627204645113,6.153530964596435,-29.416349345423,,
1780128046,545828608,right_base_cmd,right_joint_1,right_joint_2,right_joint_3,right_joint_4,right_joint_5,right_joint_6,right_joint_7,-81.13592354906766,-67.92646404835723,83.06008778780384,-86.93589312028384,-61.6863894697853,6.121243345454566,-29.7857645639224,,
1780128046,554804300,right_base_cmd,right_joint_1,right_joint_2,right_joint_3,right_joint_4,right_joint_5,right_joint_6,right_joint_7,-81.06727891646634,-67.86334430796946,83.01793932719838,-86.85801829205401,-61.6580071224426,6.100003624387234,-30.107839419577502,,
1780128046,564476551,right_base_cmd,right_joint_1,right_joint_2,right_joint_3,right_joint_4,right_joint_5,right_joint_6,right_joint_7,-80.99941386538481,-67.73763233703922,82.95891630189399,-86.81952530610654,-61.57833248491181,6.156110678196235,-30.384344942496128,,
1780128046,574401832,right_base_cmd,right_joint_1,right_joint_2,right_joint_3,right_joint_4,right_joint_5,right_joint_6,right_joint_7,-80.96626937812951,-67.70515234261013,82.94246233115686,-86.75963630001384,-61.58330122567099,6.191441381524619,-30.609953869651136,,
1780128046,585057961,right_base_cmd,right_joint_1,right_joint_2,right_joint_3,right_joint_4,right_joint_5,right_joint_6,right_joint_7,-80.97154270934695,-67.68912980228113,82.92652068116527,-86.7216036411369,-61.579432869950494,6.244387494644805,-30.775147489399345,,
1780128046,594800381,right_base_cmd,right_joint_1,right_joint_2,right_joint_3,right_joint_4,right_joint_5,right_joint_6,right_joint_7,-80.97048078799017,-67.6744507466047,82.91748451420554,-86.6876288436177,-61.55855908111516,6.299719172429043,-30.8716261669053,,
1780128046,604406541,right_base_cmd,right_joint_1,right_joint_2,right_joint_3,right_joint_4,right_joint_5,right_joint_6,right_joint_7,-81.05733374104167,-67.61787412086416,82.86060901121309,-86.78418920399999,-61.48837542506965,6.437899804889362,-30.94084471629766,,
1780128046,615388909,right_base_cmd,right_joint_1,right_joint_2,right_joint_3,right_joint_4,right_joint_5,right_joint_6,right_joint_7,-81.08811336209394,-67.60375696056083,82.84095179249911,-86.7211585034711,-61.410728426423816,6.489899330140993,-31.008018342432493,,
1780128046,624655651,right_base_cmd,right_joint_1,right_joint_2,right_joint_3,right_joint_4,right_joint_5,right_joint_6,right_joint_7,-81.1138739177475,-67.59116345038036,82.82951087319461,-86.70357220850123,-61.33650112424749,6.554293270051922,-31.00188314962635,,
1780128046,634685676,right_base_cmd,right_joint_1,right_joint_2,right_joint_3,right_joint_4,right_joint_5,right_joint_6,right_joint_7,-81.15167255886101,-67.59712622465044,82.84278049198949,-86.68887187437771,-61.284117612179784,6.6054485473822595,-30.966794298170342,,
1780128046,645155493,right_base_cmd,right_joint_1,right_joint_2,right_joint_3,right_joint_4,right_joint_5,right_joint_6,right_joint_7,-81.20050136522374,-67.61346443482655,82.87272825137651,-86.6828440832801,-61.25122921874765,6.668122184356385,-30.90241071123593,,
1780128046,654379760,right_base_cmd,right_joint_1,right_joint_2,right_joint_3,right_joint_4,right_joint_5,right_joint_6,right_joint_7,-81.28966589575393,-67.64750546434631,82.93118245697761,-86.61403417192379,-61.21543600799993,6.731015486083898,-30.84026503097614,,
1780128046,664506019,right_base_cmd,right_joint_1,right_joint_2,right_joint_3,right_joint_4,right_joint_5,right_joint_6,right_joint_7,-81.37195329714834,-67.7509638091819,83.04914980682108,-86.62401080203047,-61.273342295085115,6.789600730323862,-30.655722117913243,,
1780128046,674544235,right_base_cmd,right_joint_1,right_joint_2,right_joint_3,right_joint_4,right_joint_5,right_joint_6,right_joint_7,-81.47255476363759,-67.78660514640326,83.07334923311552,-86.6667052115089,-61.265253561344366,6.935150618096209,-30.49848327729184,,
1780128046,684690612,right_base_cmd,right_joint_1,right_joint_2,right_joint_3,right_joint_4,right_joint_5,right_joint_6,right_joint_7,-81.54335513256527,-67.84307391318585,83.15061197090651,-86.65217347494333,-61.28437524013992,7.018125154584659,-30.314120485185654,,
1780128046,694659481,right_base_cmd,right_joint_1,right_joint_2,right_joint_3,right_joint_4,right_joint_5,right_joint_6,right_joint_7,-81.64388600854161,-67.91810600191117,83.24831843658669,-86.6668102202507,-61.32986198621745,7.104065522157562,-30.107871738650957,,
1780128046,704448798,right_base_cmd,right_joint_1,right_joint_2,right_joint_3,right_joint_4,right_joint_5,right_joint_6,right_joint_7,-81.6293956038169,-68.04001073726307,83.40958826937842,-86.55450527899013,-61.41937589855553,7.081713621250806,-29.859768125482972,,
1780128046,714529785,right_base_cmd,right_joint_1,right_joint_2,right_joint_3,right_joint_4,right_joint_5,right_joint_6,right_joint_7,-81.76837681298653,-68.23828265813871,83.63980158679655,-86.43448437065844,-61.57383199941006,7.047112351025085,-29.628065566629303,,
1780128046,725380288,right_base_cmd,right_joint_1,right_joint_2,right_joint_3,right_joint_4,right_joint_5,right_joint_6,right_joint_7,-81.87640677709274,-68.3343975791059,83.75217464490774,-86.46539208807282,-61.63371285983612,7.164725628680692,-29.322226505959307,,
1780128046,734777755,right_base_cmd,right_joint_1,right_joint_2,right_joint_3,right_joint_4,right_joint_5,right_joint_6,right_joint_7,-81.97147201670444,-68.46157916227112,83.89211724385748,-86.46168615311787,-61.72565065595893,7.233648105313144,-29.020798844170557,,
1780128046,744686691,right_base_cmd,right_joint_1,right_joint_2,right_joint_3,right_joint_4,right_joint_5,right_joint_6,right_joint_7,-82.04448134204657,-68.5446757686969,83.97463307969551,-86.45478832747723,-61.77050853773375,7.332325789504019,-28.754966967954104,,
1780128046,754517679,right_base_cmd,right_joint_1,right_joint_2,right_joint_3,right_joint_4,right_joint_5,right_joint_6,right_joint_7,-82.13451810184327,-68.66571600865628,84.08602985491117,-86.40715626749609,-61.84242319576924,7.3844222067588206,-28.518620051624694,,
1780128046,764484374,right_base_cmd,right_joint_1,right_joint_2,right_joint_3,right_joint_4,right_joint_5,right_joint_6,right_joint_7,-82.21672445583809,-68.89197767270032,84.29962887109477,-86.21741438757597,-61.994880514605825,7.315790622832203,-28.271215577266517,,
1780128046,774994285,right_base_cmd,right_joint_1,right_joint_2,right_joint_3,right_joint_4,right_joint_5,right_joint_6,right_joint_7,-82.51134192249324,-68.9497690158557,84.15760957289044,-86.33811738899472,-61.968459732319616,7.622557327041086,-28.168047419526843,,
1780128046,784796462,right_base_cmd,right_joint_1,right_joint_2,right_joint_3,right_joint_4,right_joint_5,right_joint_6,right_joint_7,-82.61899568408685,-69.05478042411137,84.26436826054666,-86.31466320906902,-62.023314983118155,7.6747274756276695,-27.87652793900544,,
1780128046,794798660,right_base_cmd,right_joint_1,right_joint_2,right_joint_3,right_joint_4,right_joint_5,right_joint_6,right_joint_7,-82.74482849407454,-69.14753179519302,84.3589199843776,-86.29841204659671,-62.06897996526004,7.74459831066725,-27.583351743453832,,
1780128046,804788236,right_base_cmd,right_joint_1,right_joint_2,right_joint_3,right_joint_4,right_joint_5,right_joint_6,right_joint_7,-82.97385455632863,-69.1923519780445,84.33520903672186,-86.39538982432596,-62.06989237125964,7.961005742310142,-27.340242588539937,,
1780128046,814498074,right_base_cmd,right_joint_1,right_joint_2,right_joint_3,right_joint_4,right_joint_5,right_joint_6,right_joint_7,-83.20486112345097,-69.40077134952652,84.55867896597479,-86.23827384439177,-62.24016046171175,7.944534969697095,-26.988220497666603,,
1780128046,824395580,right_base_cmd,right_joint_1,right_joint_2,right_joint_3,right_joint_4,right_joint_5,right_joint_6,right_joint_7,-83.35802748363736,-69.4943751969811,84.68665053038356,-86.27717060257511,-62.328166312577764,8.08869508293612,-26.47770307373095,,
1780128046,834337235,right_base_cmd,right_joint_1,right_joint_2,right_joint_3,right_joint_4,right_joint_5,right_joint_6,right_joint_7,-83.49736081694854,-69.61415436685094,84.84690253697752,-86.24837628003043,-62.456362107284406,8.177431177505248,-25.986331758112797,,
1780128046,844493501,right_base_cmd,right_joint_1,right_joint_2,right_joint_3,right_joint_4,right_joint_5,right_joint_6,right_joint_7,-83.62716520366533,-69.71008185564331,84.9713196639004,-86.25182330426266,-62.5701638548133,8.29328658463556,-25.523010189471407,,
1780128046,854834691,right_base_cmd,right_joint_1,right_joint_2,right_joint_3,right_joint_4,right_joint_5,right_joint_6,right_joint_7,-83.7750529538321,-69.98492112306288,85.34632403653572,-85.96548595196704,-62.878081204016155,8.154777615519102,-25.02236472540092,,
1780128046,864594632,right_base_cmd,right_joint_1,right_joint_2,right_joint_3,right_joint_4,right_joint_5,right_joint_6,right_joint_7,-84.00375528159023,-70.10078331885332,85.51924751757073,-86.03467974661494,-63.03393859607047,8.331558132406663,-24.427036502365254,,
1780128046,874349426,right_base_cmd,right_joint_1,right_joint_2,right_joint_3,right_joint_4,right_joint_5,right_joint_6,right_joint_7,-84.28834205732525,-70.17465978536622,85.64335948536089,-86.12506557077246,-63.140463169102475,8.581483559309397,-23.87995956587919,,
1780128046,884736129,right_base_cmd,right_joint_1,right_joint_2,right_joint_3,right_joint_4,right_joint_5,right_joint_6,right_joint_7,-84.52435284990705,-70.28993750125518,85.81124277986734,-86.22358012597324,-63.297704419020874,8.788346536111654,-23.28212577110692,,
1780128046,894430841,right_base_cmd,right_joint_1,right_joint_2,right_joint_3,right_joint_4,right_joint_5,right_joint_6,right_joint_7,-84.81439582243101,-70.47643867059391,86.0544436968539,-86.28294449747206,-63.523839572471445,8.923984205624159,-22.681955133960074,,
1780128046,904420530,right_base_cmd,right_joint_1,right_joint_2,right_joint_3,right_joint_4,right_joint_5,right_joint_6,right_joint_7,-85.34937816422823,-70.81597826162722,86.42390485368523,-86.3335798453556,-63.88735961180009,9.019603990514959,-22.021389255377372,,
1780128046,914331831,right_base_cmd,right_joint_1,right_joint_2,right_joint_3,right_joint_4,right_joint_5,right_joint_6,right_joint_7,-85.73983102616623,-70.97562541319094,86.638713984323,-86.54035785332304,-64.08121670614628,9.310674039650287,-21.162153936386474,,
1780128046,924743671,right_base_cmd,right_joint_1,right_joint_2,right_joint_3,right_joint_4,right_joint_5,right_joint_6,right_joint_7,-86.0302783937714,-71.11315615222561,86.83084887419366,-86.72404132365774,-64.25095302466696,9.57526248666273,-20.29334044040168,,
1780128046,935252240,right_base_cmd,right_joint_1,right_joint_2,right_joint_3,right_joint_4,right_joint_5,right_joint_6,right_joint_7,-86.3115989010332,-71.25031542317733,87.00633030244293,-86.81788642062175,-64.40088052853599,9.793899847208145,-19.525511700588893,,
1780128046,944813439,right_base_cmd,right_joint_1,right_joint_2,right_joint_3,right_joint_4,right_joint_5,right_joint_6,right_joint_7,-86.65508491639682,-71.3532154116585,87.1427439356265,-86.965861257937,-64.50319230205872,10.040285968646522,-18.806851261584328,,
1780128046,954369576,right_base_cmd,right_joint_1,right_joint_2,right_joint_3,right_joint_4,right_joint_5,right_joint_6,right_joint_7,-87.16276230957888,-71.62974880025418,87.47216749247625,-86.86966937926424,-64.72769584253643,10.080825724172378,-18.160489701550105,,
1780128046,964468401,right_base_cmd,right_joint_1,right_joint_2,right_joint_3,right_joint_4,right_joint_5,right_joint_6,right_joint_7,-87.49451112910296,-71.75613263598247,87.66648709845205,-87.02152654056785,-64.86234714623782,10.32975139997513,-17.266293454697305,,
1780128046,975029564,right_base_cmd,right_joint_1,right_joint_2,right_joint_3,right_joint_4,right_joint_5,right_joint_6,right_joint_7,-87.82655079956433,-71.83211596588264,87.81139150118949,-87.19205556676253,-64.94863056313699,10.614816380254759,-16.44215047846548,,
1780128046,985272386,right_base_cmd,right_joint_1,right_joint_2,right_joint_3,right_joint_4,right_joint_5,right_joint_6,right_joint_7,-88.23909654375367,-71.86836929205914,87.94380580505944,-87.43408911178774,-65.01699142804551,10.975293503234646,-15.629271863990951,,
1780128046,994661456,right_base_cmd,right_joint_1,right_joint_2,right_joint_3,right_joint_4,right_joint_5,right_joint_6,right_joint_7,-88.73286673765224,-71.94535139980668,88.15987867350307,-87.72167675105688,-65.17678586534396,11.333308824394017,-14.748804221544347,,
1780128047,4514624,right_base_cmd,right_joint_1,right_joint_2,right_joint_3,right_joint_4,right_joint_5,right_joint_6,right_joint_7,-89.01577150057173,-72.08808199389104,88.49010825065201,-87.88501766580897,-65.43260667980064,11.56264961990076,-13.75421964817356,,
1780128047,15559326,right_base_cmd,right_joint_1,right_joint_2,right_joint_3,right_joint_4,right_joint_5,right_joint_6,right_joint_7,-89.80035268439948,-72.34158002764805,88.89334385308516,-88.1593355881641,-65.79024125242518,11.88642623596025,-12.813972208818782,,
1780128047,24845151,right_base_cmd,right_joint_1,right_joint_2,right_joint_3,right_joint_4,right_joint_5,right_joint_6,right_joint_7,-90.201471447969,-72.48154689784691,89.11064809739023,-88.46910857804137,-66.08447171314015,12.35172588513803,-11.68152552944845,,
1780128047,34959735,right_base_cmd,right_joint_1,right_joint_2,right_joint_3,right_joint_4,right_joint_5,right_joint_6,right_joint_7,-90.59263220381516,-72.59559577586926,89.30216100246159,-88.73287463367872,-66.33728089210007,12.76870967133943,-10.694493421356029,,
1780128047,44964755,right_base_cmd,right_joint_1,right_joint_2,right_joint_3,right_joint_4,right_joint_5,right_joint_6,right_joint_7,-90.94995200707942,-72.66935996666707,89.42272198334356,-88.9131789037428,-66.52472910193279,13.168721570211183,-9.885067590382633,,
1780128047,54563708,right_base_cmd,right_joint_1,right_joint_2,right_joint_3,right_joint_4,right_joint_5,right_joint_6,right_joint_7,-91.24741251613469,-72.7456608288244,89.55056037626846,-89.01828400760492,-66.69836562320046,13.477847327427988,-9.192703298851328,,
1780128047,64498977,right_base_cmd,right_joint_1,right_joint_2,right_joint_3,right_joint_4,right_joint_5,right_joint_6,right_joint_7,-91.82832001145957,-72.909344846791,89.8207452049966,-88.98363968307287,-66.87767901172066,13.657016505393024,-8.70213056209964,,
1780128047,74985926,right_base_cmd,right_joint_1,right_joint_2,right_joint_3,right_joint_4,right_joint_5,right_joint_6,right_joint_7,-92.28851982882159,-72.92546118698574,89.89592985233699,-89.23271821330617,-66.97930791518496,14.136681399008644,-7.913117318769778,,
1780128047,85853354,right_base_cmd,right_joint_1,right_joint_2,right_joint_3,right_joint_4,right_joint_5,right_joint_6,right_joint_7,-92.64631563544648,-72.9586085211496,89.98346531069282,-89.46038330945483,-67.12500715375808,14.566165654241452,-7.111189933948381,,
1780128047,94555363,right_base_cmd,right_joint_1,right_joint_2,right_joint_3,right_joint_4,right_joint_5,right_joint_6,right_joint_7,-92.96983380267275,-73.05631321559265,90.10462991821177,-89.56968542200413,-67.33403682454122,14.918230869762802,-6.415497957670269,,
1780128047,104383814,right_base_cmd,right_joint_1,right_joint_2,right_joint_3,right_joint_4,right_joint_5,right_joint_6,right_joint_7,-93.17271624498417,-73.16323494079394,90.19863936695847,-89.5522764421333,-67.55442405277802,15.19538880332528,-5.754205304892437,,
1780128047,114594786,right_base_cmd,right_joint_1,right_joint_2,right_joint_3,right_joint_4,right_joint_5,right_joint_6,right_joint_7,-93.90091793564304,-73.00554952117706,90.21938603559349,-89.76514810785763,-67.63357570670377,15.577513964890393,-4.910865704280312,,
1780128047,124552908,right_base_cmd,right_joint_1,right_joint_2,right_joint_3,right_joint_4,right_joint_5,right_joint_6,right_joint_7,-94.24766465464128,-72.77542323810265,90.13903737691211,-90.00455783593004,-67.78301705791347,15.99365050767512,-3.744378733691306,,
1780128047,134531695,right_base_cmd,right_joint_1,right_joint_2,right_joint_3,right_joint_4,right_joint_5,right_joint_6,right_joint_7,-94.55005546344367,-72.64274379337964,90.17387459586504,-90.15325750435467,-68.09180931166071,16.192434598211612,-2.64101151710652,,
1780128047,144848921,right_base_cmd,right_joint_1,right_joint_2,right_joint_3,right_joint_4,right_joint_5,right_joint_6,right_joint_7,-94.74415841758483,-72.67827416956108,90.40030239928817,-90.14717193035524,-68.62606655591071,16.123733981257267,-1.6320569269656318,,
1780128047,154248878,right_base_cmd,right_joint_1,right_joint_2,right_joint_3,right_joint_4,right_joint_5,right_joint_6,right_joint_7,-95.24827661431212,-72.79416596700914,90.80357260874027,-90.0683639805239,-69.41597962290041,15.865233365470495,-0.6143462461590872,,
1780128047,164916170,right_base_cmd,right_joint_1,right_joint_2,right_joint_3,right_joint_4,right_joint_5,right_joint_6,right_joint_7,-95.25281542559631,-72.86591117300794,90.92319420548833,-90.3149061087059,-70.08790337740828,15.944309623023862,0.6178096836587628,,
1780128047,174409277,right_base_cmd,right_joint_1,right_joint_2,right_joint_3,right_joint_4,right_joint_5,right_joint_6,right_joint_7,-95.97866128486427,-73.08072787174366,91.46518651728346,-90.50165503642911,-70.98949357474845,15.719925903344127,1.7035974245081746,,
1780128047,185002522,right_base_cmd,right_joint_1,right_joint_2,right_joint_3,right_joint_4,right_joint_5,right_joint_6,right_joint_7,-96.45257092239169,-73.13236168724627,91.67124632391645,-90.90600952365578,-71.80848213039297,15.94750912337566,3.165160666272058,,
1780128047,196462453,right_base_cmd,right_joint_1,right_joint_2,right_joint_3,right_joint_4,right_joint_5,right_joint_6,right_joint_7,-96.85890354979873,-73.23654813073735,91.94303345004383,-91.30875982937904,-72.65000720882892,16.122383750318598,4.657611235413,,
1780128047,204606653,right_base_cmd,right_joint_1,right_joint_2,right_joint_3,right_joint_4,right_joint_5,right_joint_6,right_joint_7,-97.79337765721553,-73.55931989699958,92.520219784994,-91.9032440781311,-73.79305415667613,16.176728076124796,6.361220831084765,,
1780128047,214483761,right_base_cmd,right_joint_1,right_joint_2,right_joint_3,right_joint_4,right_joint_5,right_joint_6,right_joint_7,-98.1847348352641,-73.7837139390452,92.88222662881097,-92.36293545314079,-74.83514250433541,16.33977283552776,8.244274832376092,,
1780128047,224505185,right_base_cmd,right_joint_1,right_joint_2,right_joint_3,right_joint_4,right_joint_5,right_joint_6,right_joint_7,-98.50075874776977,-73.98196864323923,93.14829965233625,-92.65847263386259,-75.65539835426506,16.4678315377567,9.77746277441996,,
1780128047,234572469,right_base_cmd,right_joint_1,right_joint_2,right_joint_3,right_joint_4,right_joint_5,right_joint_6,right_joint_7,-98.87324674750701,-74.14384375531542,93.38201790490311,-92.96651417184593,-76.27546917923655,16.60680679175767,11.08853681909953,,
1780128047,244891724,right_base_cmd,right_joint_1,right_joint_2,right_joint_3,right_joint_4,right_joint_5,right_joint_6,right_joint_7,-99.2979401864632,-74.22784041348434,93.4659456934979,-93.24496688969772,-76.66478877130618,16.90059698142216,12.141234968957903,,
1780128047,254409135,right_base_cmd,right_joint_1,right_joint_2,right_joint_3,right_joint_4,right_joint_5,right_joint_6,right_joint_7,-99.6185389696623,-74.36607983921466,93.60855790195873,-93.42559261067085,-76.97556529753314,17.12735861194512,13.021891841018757,,
1780128047,264361178,right_base_cmd,right_joint_1,right_joint_2,right_joint_3,right_joint_4,right_joint_5,right_joint_6,right_joint_7,-100.25573268855854,-74.68309405684592,93.92790991953038,-93.589116197526,-77.28692055760422,17.30928496339994,13.739740885913577,,
1780128047,274580538,right_base_cmd,right_joint_1,right_joint_2,right_joint_3,right_joint_4,right_joint_5,right_joint_6,right_joint_7,-100.60111243664844,-74.7713401365914,93.99473752953517,-93.86456411966584,-77.48388078115892,17.71913741101867,14.75072328078032,,
1780128047,284547334,right_base_cmd,right_joint_1,right_joint_2,right_joint_3,right_joint_4,right_joint_5,right_joint_6,right_joint_7,-100.94437049806012,-74.7987751356339,94.05794332467909,-94.17653665108823,-77.64874854862927,18.091425523342828,15.79664094669134,,
1780128047,294790415,right_base_cmd,right_joint_1,right_joint_2,right_joint_3,right_joint_4,right_joint_5,right_joint_6,right_joint_7,-101.27479618832021,-74.85970610464206,94.17432225031715,-94.48128371572228,-77.88160156963608,18.348282803913897,16.866371996734912,,
1780128047,304240663,right_base_cmd,right_joint_1,right_joint_2,right_joint_3,right_joint_4,right_joint_5,right_joint_6,right_joint_7,-101.5780603405453,-74.9491272250827,94.36752775411199,-94.76042753908582,-78.1608041384128,18.470400946467812,17.92596416474599,,
1780128047,314721765,right_base_cmd,right_joint_1,right_joint_2,right_joint_3,right_joint_4,right_joint_5,right_joint_6,right_joint_7,-102.14174474279642,-75.17123061521364,94.60436171942266,-95.03016017684406,-78.33048216428551,18.588372064231358,18.821145542523922,,
1780128047,324499650,right_base_cmd,right_joint_1,right_joint_2,right_joint_3,right_joint_4,right_joint_5,right_joint_6,right_joint_7,-102.31215202948229,-75.30888193713686,94.66211494836037,-95.17590163570516,-78.35520980122061,18.828485575102327,19.687184645255442,,
1780128047,334657647,right_base_cmd,right_joint_1,right_joint_2,right_joint_3,right_joint_4,right_joint_5,right_joint_6,right_joint_7,-102.52063764498749,-75.45771872101422,94.73955540776998,-95.30910583220965,-78.25043866099998,19.053240520919253,20.32397668221749,,
1780128047,344475961,right_base_cmd,right_joint_1,right_joint_2,right_joint_3,right_joint_4,right_joint_5,right_joint_6,right_joint_7,-102.62264247670626,-75.53757401196818,94.74731611290676,-95.34976580618128,-78.03028675558664,19.33048059889979,20.79194551473101,,
1780128047,354681321,right_base_cmd,right_joint_1,right_joint_2,right_joint_3,right_joint_4,right_joint_5,right_joint_6,right_joint_7,-102.71863890846052,-75.62725656658581,94.78189156977041,-95.35313975083331,-77.7776025684932,19.56658419411327,21.06274290852302,,
1780128047,364476539,right_base_cmd,right_joint_1,right_joint_2,right_joint_3,right_joint_4,right_joint_5,right_joint_6,right_joint_7,-102.97846555096058,-75.76122147546586,94.87677383828455,-95.37337123321858,-77.45154708786879,19.83237574123013,21.199279707832417,,
1780128047,374453014,right_base_cmd,right_joint_1,right_joint_2,right_joint_3,right_joint_4,right_joint_5,right_joint_6,right_joint_7,-103.10923096937435,-75.79265944019632,94.94075733150552,-95.49623371374174,-77.22122122706293,20.1072851993165,21.559814448452514,,
1780128047,384513701,right_base_cmd,right_joint_1,right_joint_2,right_joint_3,right_joint_4,right_joint_5,right_joint_6,right_joint_7,-103.2217173485466,-75.83750819180814,95.01673526814804,-95.60378461145281,-77.09477122907475,20.33368327682644,21.911734253406777,,
1780128047,394761383,right_base_cmd,right_joint_1,right_joint_2,right_joint_3,right_joint_4,right_joint_5,right_joint_6,right_joint_7,-103.34974022470655,-75.90609154648702,95.13284202638769,-95.74468038091142,-77.08718496747525,20.503098984576077,22.31022599470758,,
1780128047,404303920,right_base_cmd,right_joint_1,right_joint_2,right_joint_3,right_joint_4,right_joint_5,right_joint_6,right_joint_7,-103.66815276609177,-76.18150945473748,95.57989410725307,-96.09592989397295,-77.45825695517357,20.417354882294212,22.977037637857606,,
1780128047,414838607,right_base_cmd,right_joint_1,right_joint_2,right_joint_3,right_joint_4,right_joint_5,right_joint_6,right_joint_7,-103.76114285420661,-76.33390609606091,95.80091624998713,-96.28288315543791,-77.81603620326496,20.459987152019387,23.623726593492663,,
1780128047,424402266,right_base_cmd,right_joint_1,right_joint_2,right_joint_3,right_joint_4,right_joint_5,right_joint_6,right_joint_7,-103.83482010515914,-76.44999918699143,95.98747945018667,-96.45616500045186,-78.19601174696419,20.490155939116285,24.234078338282856,,
1780128047,434606225,right_base_cmd,right_joint_1,right_joint_2,right_joint_3,right_joint_4,right_joint_5,right_joint_6,right_joint_7,-103.89961506387797,-76.52305608010512,96.11630843797857,-96.59057890989335,-78.53347044785824,20.530349237937465,24.74561158186036,,
1780128047,445167001,right_base_cmd,right_joint_1,right_joint_2,right_joint_3,right_joint_4,right_joint_5,right_joint_6,right_joint_7,-103.93055646534631,-76.53768881169653,96.19584190411646,-96.67503221888286,-78.81042064484348,20.57568284876016,25.156666098451737,,
1780128047,454521769,right_base_cmd,right_joint_1,right_joint_2,right_joint_3,right_joint_4,right_joint_5,right_joint_6,right_joint_7,-103.96014619529805,-76.54730112104711,96.26966619466228,-96.7423584502874,-79.07200421294829,20.596954381021938,25.495055959977876,,
1780128047,464345704,right_base_cmd,right_joint_1,right_joint_2,right_joint_3,right_joint_4,right_joint_5,right_joint_6,right_joint_7,-104.02202311297268,-76.52260895154758,96.319678685311,-96.76548566164901,-79.2632051541213,20.641438211239638,25.679466606308935,,
1780128047,474667054,right_base_cmd,right_joint_1,right_joint_2,right_joint_3,right_joint_4,right_joint_5,right_joint_6,right_joint_7,-104.02537304151727,-76.52176675028848,96.33558828990127,-96.78130457830407,-79.46093927154232,20.69006400938975,25.85759336157598,,
1780128047,484496554,right_base_cmd,right_joint_1,right_joint_2,right_joint_3,right_joint_4,right_joint_5,right_joint_6,right_joint_7,-104.02451213721318,-76.53037752019874,96.33860186307649,-96.7676773773501,-79.58617051391565,20.733876552888724,25.936554709285858,,
1780128047,494606329,right_base_cmd,right_joint_1,right_joint_2,right_joint_3,right_joint_4,right_joint_5,right_joint_6,right_joint_7,-104.03033504949056,-76.52688570562744,96.34452590570541,-96.79124280911829,-79.68484301269433,20.771275308523975,26.03264212956968,,
1780128047,504189966,right_base_cmd,right_joint_1,right_joint_2,right_joint_3,right_joint_4,right_joint_5,right_joint_6,right_joint_7,-104.13750285735344,-76.50116642881359,96.32461806207985,-96.87479145444725,-79.71462184191279,20.869266802964553,26.12014141944381,,
1780128047,514475471,right_base_cmd,right_joint_1,right_joint_2,right_joint_3,right_joint_4,right_joint_5,right_joint_6,right_joint_7,-104.18321894328423,-76.43103265739053,96.30352960187852,-96.96594547854092,-79.73203767385917,20.954183531772465,26.296815180781877,,
1780128047,524543657,right_base_cmd,right_joint_1,right_joint_2,right_joint_3,right_joint_4,right_joint_5,right_joint_6,right_joint_7,-104.20016233650276,-76.37964784318838,96.27580492726995,-97.01784995170614,-79.75615683278244,21.012033549050393,26.461198576869364,,
1780128047,534603169,right_base_cmd,right_joint_1,right_joint_2,right_joint_3,right_joint_4,right_joint_5,right_joint_6,right_joint_7,-104.23363361592996,-76.33174381270386,96.25586211647274,-97.07833831111442,-79.77339203638968,21.05348687923118,26.603492762176003,,
1780128047,544529930,right_base_cmd,right_joint_1,right_joint_2,right_joint_3,right_joint_4,right_joint_5,right_joint_6,right_joint_7,-104.21995924922518,-76.30091888484726,96.25612132220695,-97.09421529212592,-79.80840242726998,21.035971410433554,26.73213193831866,,
1780128047,554349922,right_base_cmd,right_joint_1,right_joint_2,right_joint_3,right_joint_4,right_joint_5,right_joint_6,right_joint_7,-104.19124584372534,-76.26358887553467,96.24926894941413,-97.08976626052011,-79.839281538291,21.005108059976244,26.821356615433714,,
1780128047,564703528,right_base_cmd,right_joint_1,right_joint_2,right_joint_3,right_joint_4,right_joint_5,right_joint_6,right_joint_7,-104.13459258035905,-76.2173781874687,96.24869272271908,-97.05058573967177,-79.90135703554574,20.93916187607335,26.85036756951051,,
1780128047,574893339,right_base_cmd,right_joint_1,right_joint_2,right_joint_3,right_joint_4,right_joint_5,right_joint_6,right_joint_7,-104.11761651345924,-76.22515568752551,96.27732883071937,-97.04376555365037,-79.99858396625115,20.86090148101517,26.86092724403663,,
1780128047,584931555,right_base_cmd,right_joint_1,right_joint_2,right_joint_3,right_joint_4,right_joint_5,right_joint_6,right_joint_7,-104.07654630701401,-76.2291900693286,96.2979902694648,-97.02171764465432,-80.09175430298006,20.800589757220628,26.856370442080376,,
1780128047,595351790,right_base_cmd,right_joint_1,right_joint_2,right_joint_3,right_joint_4,right_joint_5,right_joint_6,right_joint_7,-104.04252311350743,-76.23131980852652,96.31200542703661,-97.01026381068222,-80.1776216043047,20.75967440796547,26.842063817109917,,
1780128047,604748688,right_base_cmd,right_joint_1,right_joint_2,right_joint_3,right_joint_4,right_joint_5,right_joint_6,right_joint_7,-103.93566819986174,-76.22161601614046,96.3258042279567,-96.95785503787171,-80.26809125085163,20.725999464803017,26.815491723551688,,
1780128047,616519113,right_base_cmd,right_joint_1,right_joint_2,right_joint_3,right_joint_4,right_joint_5,right_joint_6,right_joint_7,-103.90276251809766,-76.20537546489159,96.29580809511984,-96.9256408771101,-80.31684766305978,20.749839160284985,26.723831739476438,,
1780128047,624804735,right_base_cmd,right_joint_1,right_joint_2,right_joint_3,right_joint_4,right_joint_5,right_joint_6,right_joint_7,-103.84839059532632,-76.18547354123139,96.27484331562752,-96.89167634130747,-80.3510957714978,20.76880651431413,26.653025378706886,,
1780128047,635114673,right_base_cmd,right_joint_1,right_joint_2,right_joint_3,right_joint_4,right_joint_5,right_joint_6,right_joint_7,-103.79443841528527,-76.16499755260249,96.25535452109128,-96.85982867029959,-80.37162863846902,20.790130820429916,26.582945338865258,,
1780128047,644836024,right_base_cmd,right_joint_1,right_joint_2,right_joint_3,right_joint_4,right_joint_5,right_joint_6,right_joint_7,-103.77004756741567,-76.13253566100686,96.20289920728337,-96.83467155921234,-80.36010963288345,20.84787686396522,26.480024317689626,,
1780128047,654333142,right_base_cmd,right_joint_1,right_joint_2,right_joint_3,right_joint_4,right_joint_5,right_joint_6,right_joint_7,-103.59485619338713,-76.10897435939115,96.16593528613456,-96.74074512251731,-80.37550988632984,20.85993684582906,26.394586822388234,,
1780128047,664437105,right_base_cmd,right_joint_1,right_joint_2,right_joint_3,right_joint_4,right_joint_5,right_joint_6,right_joint_7,-103.48222939555703,-76.06739679242459,96.11085051158707,-96.65539906539972,-80.3303017322794,20.892944386010136,26.227162379741216,,
1780128047,674733035,right_base_cmd,right_joint_1,right_joint_2,right_joint_3,right_joint_4,right_joint_5,right_joint_6,right_joint_7,-103.40778714222736,-76.04105303702325,96.0498487884021,-96.57318458313019,-80.27508734100223,20.926718755400323,26.00449638400157,,
1780128047,686022598,right_base_cmd,right_joint_1,right_joint_2,right_joint_3,right_joint_4,right_joint_5,right_joint_6,right_joint_7,-103.27436896020245,-76.01023091164099,96.00261922213795,-96.46938682504391,-80.22065149801631,20.93358529839407,25.79556596838158,,
1780128047,694827751,right_base_cmd,right_joint_1,right_joint_2,right_joint_3,right_joint_4,right_joint_5,right_joint_6,right_joint_7,-103.14017979254223,-75.97406154899728,95.952406581529,-96.36740332183952,-80.154097390105,20.944674899566685,25.565926910511493,,
1780128047,704670175,right_base_cmd,right_joint_1,right_joint_2,right_joint_3,right_joint_4,right_joint_5,right_joint_6,right_joint_7,-102.86156513457391,-75.91955488770863,95.85080465828426,-96.2272110995349,-80.12151467958546,21.00302069483923,25.323524306315434,,
1780128047,714394457,right_base_cmd,right_joint_1,right_joint_2,right_joint_3,right_joint_4,right_joint_5,right_joint_6,right_joint_7,-102.78014292096626,-75.8650554811261,95.7737683828756,-96.17338980799708,-80.05698378405515,21.0701666791577,24.99589497572076,,
1780128047,724766861,right_base_cmd,right_joint_1,right_joint_2,right_joint_3,right_joint_4,right_joint_5,right_joint_6,right_joint_7,-102.58936172316956,-75.83606717710292,95.73325626058548,-96.06485043358897,-80.0710075749995,21.056287828946502,24.72038824152365,,
1780128047,734891578,right_base_cmd,right_joint_1,right_joint_2,right_joint_3,right_joint_4,right_joint_5,right_joint_6,right_joint_7,-102.37734868212911,-75.79797963529269,95.69670554357944,-95.9246861089455,-80.07305122053981,20.994373142386458,24.40850145153972,,
1780128047,745055059,right_base_cmd,right_joint_1,right_joint_2,right_joint_3,right_joint_4,right_joint_5,right_joint_6,right_joint_7,-102.090643809255,-75.75100790735645,95.67026345942335,-95.72352710469507,-80.06714044649249,20.863025898751864,24.038943313278978,,
1780128047,754447661,right_base_cmd,right_joint_1,right_joint_2,right_joint_3,right_joint_4,right_joint_5,right_joint_6,right_joint_7,-101.54873925757377,-75.66727000701293,95.57519612524467,-95.34691380969498,-80.03892284636373,20.676936689824466,23.460652761889136,,
1780128047,765265186,right_base_cmd,right_joint_1,right_joint_2,right_joint_3,right_joint_4,right_joint_5,right_joint_6,right_joint_7,-101.31992609533157,-75.52659661962231,95.43297167411939,-95.10794054572888,-79.84006914408923,20.607048958597836,22.702413664703258,,
1780128047,776693273,right_base_cmd,right_joint_1,right_joint_2,right_joint_3,right_joint_4,right_joint_5,right_joint_6,right_joint_7,-101.09044086991852,-75.46909426573593,95.35846634330719,-94.89949490363604,-79.72044827135682,20.48609598589082,22.012469503012696,,
1780128047,784724615,right_base_cmd,right_joint_1,right_joint_2,right_joint_3,right_joint_4,right_joint_5,right_joint_6,right_joint_7,-100.85191066132504,-75.43223635712532,95.29304842885753,-94.70253465612349,-79.60827698218401,20.379528802369187,21.35373747993377,,
1780128047,794760892,right_base_cmd,right_joint_1,right_joint_2,right_joint_3,right_joint_4,right_joint_5,right_joint_6,right_joint_7,-100.60277825077193,-75.38861847460272,95.21986513166675,-94.5013064510239,-79.48327392503228,20.29184351664555,20.709848517532507,,
1780128047,804292010,right_base_cmd,right_joint_1,right_joint_2,right_joint_3,right_joint_4,right_joint_5,right_joint_6,right_joint_7,-100.08894501208383,-75.29680800547261,95.09125013504453,-94.26774605584377,-79.33919222421054,20.224121579815353,20.130754502699276,,
1780128047,814518481,right_base_cmd,right_joint_1,right_joint_2,right_joint_3,right_joint_4,right_joint_5,right_joint_6,right_joint_7,-99.90838190582187,-75.27543890861013,95.01734063479049,-94.13734844787804,-79.14114167587815,20.15549592581562,19.394883810552912,,
1780128047,824445365,right_base_cmd,right_joint_1,right_joint_2,right_joint_3,right_joint_4,right_joint_5,right_joint_6,right_joint_7,-99.715342203919,-75.09029785974202,94.82498391288081,-94.00597088784868,-78.78230071997496,20.222605455641833,18.740197795499782,,
1780128047,834453702,right_base_cmd,right_joint_1,right_joint_2,right_joint_3,right_joint_4,right_joint_5,right_joint_6,right_joint_7,-99.47078210420236,-74.96148986228839,94.69702860856151,-93.86430013628025,-78.4855423094549,20.217023471372222,18.168208030191906,,
1780128047,844444152,right_base_cmd,right_joint_1,right_joint_2,right_joint_3,right_joint_4,right_joint_5,right_joint_6,right_joint_7,-99.31654965262666,-74.84327641311593,94.57357713266876,-93.81235804235656,-78.19579599307701,20.23193883966821,17.65721265086306,,
1780128047,854327681,right_base_cmd,right_joint_1,right_joint_2,right_joint_3,right_joint_4,right_joint_5,right_joint_6,right_joint_7,-99.11750372627418,-74.69891299329181,94.42848808189481,-93.74762128958282,-77.88345483016064,20.267276326515464,17.201274630668863,,
1780128047,864558258,right_base_cmd,right_joint_1,right_joint_2,right_joint_3,right_joint_4,right_joint_5,right_joint_6,right_joint_7,-98.70060278578407,-74.4344968518604,94.16484464742089,-93.73923527409944,-77.49935871914192,20.398939962012953,16.835633543106027,,
1780128047,874518092,right_base_cmd,right_joint_1,right_joint_2,right_joint_3,right_joint_4,right_joint_5,right_joint_6,right_joint_7,-98.52752720964989,-74.3069049113521,94.04915441029735,-93.68214787118627,-77.17274411839145,20.386208402377072,16.242115044568763,,
1780128047,884763385,right_base_cmd,right_joint_1,right_joint_2,right_joint_3,right_joint_4,right_joint_5,right_joint_6,right_joint_7,-98.31468543671431,-74.17295032671485,93.92973653595973,-93.62061953722038,-76.87501786344183,20.371701901462764,15.698000579272602,,
1780128047,894821910,right_base_cmd,right_joint_1,right_joint_2,right_joint_3,right_joint_4,right_joint_5,right_joint_6,right_joint_7,-98.08870006028295,-73.98631148525182,93.77130499548005,-93.5596280146657,-76.54303602704766,20.404103111030345,15.149827115544596,,
1780128047,904568869,right_base_cmd,right_joint_1,right_joint_2,right_joint_3,right_joint_4,right_joint_5,right_joint_6,right_joint_7,-97.85930158341992,-73.78225210307444,93.5895232022568,-93.49185808129444,-76.19389910726977,20.457653043316107,14.543639587408265,,
1780128047,914747936,right_base_cmd,right_joint_1,right_joint_2,right_joint_3,right_joint_4,right_joint_5,right_joint_6,right_joint_7,-97.3431036915006,-73.35242050662096,93.25487954438844,-93.45082417774155,-75.69857399725498,20.62628982225784,13.928828525312426,,
1780128047,925579678,right_base_cmd,right_joint_1,right_joint_2,right_joint_3,right_joint_4,right_joint_5,right_joint_6,right_joint_7,-97.08061675025792,-73.10451258804711,93.05404740475146,-93.33059933862997,-75.27373108578132,20.63382673494801,13.016231076933295,,
1780128047,934581525,right_base_cmd,right_joint_1,right_joint_2,right_joint_3,right_joint_4,right_joint_5,right_joint_6,right_joint_7,-96.85683168102813,-72.874551698323,92.85581788074572,-93.23265608810438,-74.85622746825936,20.647236434698364,12.12637379919424,,
1780128047,945867340,right_base_cmd,right_joint_1,right_joint_2,right_joint_3,right_joint_4,right_joint_5,right_joint_6,right_joint_7,-96.60130357196752,-72.6655733073173,92.66930796672787,-93.13945037815047,-74.4645307031347,20.64626934382654,11.27578914467243,,
1780128047,955853675,right_base_cmd,right_joint_1,right_joint_2,right_joint_3,right_joint_4,right_joint_5,right_joint_6,right_joint_7,-96.29909469569893,-72.43707671049539,92.47116350031504,-93.04830158771189,-74.05451714981973,20.645883057075714,10.427513109587593,,
1780128047,964541328,right_base_cmd,right_joint_1,right_joint_2,right_joint_3,right_joint_4,right_joint_5,right_joint_6,right_joint_7,-95.78030751815643,-72.1015621431384,92.17068111590302,-93.01544881224181,-73.50962807060165,20.708568321050002,9.509088927925447,,
1780128047,975112525,right_base_cmd,right_joint_1,right_joint_2,right_joint_3,right_joint_4,right_joint_5,right_joint_6,right_joint_7,-95.55619538400387,-71.92934299119936,91.98942361999602,-92.91230019188028,-72.99615522959056,20.646753815421626,8.343998421967555,,
1780128047,984602834,right_base_cmd,right_joint_1,right_joint_2,right_joint_3,right_joint_4,right_joint_5,right_joint_6,right_joint_7,-95.29749100698021,-71.74682489032757,91.78677619435032,-92.8094118369636,-72.46672935679976,20.612551947627658,7.271588114174946,,
1780128047,994627771,right_base_cmd,right_joint_1,right_joint_2,right_joint_3,right_joint_4,right_joint_5,right_joint_6,right_joint_7,-95.07342935199514,-71.5644247754279,91.58469451425847,-92.76771949238493,-71.93881413938448,20.610079750115695,6.259519825705681,,
1780128048,4254151,right_base_cmd,right_joint_1,right_joint_2,right_joint_3,right_joint_4,right_joint_5,right_joint_6,right_joint_7,-94.51431044288645,-71.20696069021541,91.17729508508287,-92.8058688813207,-71.180853706172,20.775404228679186,5.255462159561304,,
1780128048,14616075,right_base_cmd,right_joint_1,right_joint_2,right_joint_3,right_joint_4,right_joint_5,right_joint_6,right_joint_7,-94.25374873469084,-71.04245467692944,90.97623277570975,-92.70307597741159,-70.49989285354815,20.701718204271124,3.979530167020741,,
1780128048,25064000,right_base_cmd,right_joint_1,right_joint_2,right_joint_3,right_joint_4,right_joint_5,right_joint_6,right_joint_7,-93.9547705125149,-70.87475918912322,90.73825601718292,-92.56459676925961,-69.8201048422714,20.63926143302269,2.7626396706574923,,
1780128048,34510628,right_base_cmd,right_joint_1,right_joint_2,right_joint_3,right_joint_4,right_joint_5,right_joint_6,right_joint_7,-93.65378785803446,-70.70399266564483,90.51405240633991,-92.4411121340557,-69.14543113810913,20.557562556429225,1.6015845317567,,
1780128048,44655375,right_base_cmd,right_joint_1,right_joint_2,right_joint_3,right_joint_4,right_joint_5,right_joint_6,right_joint_7,-93.33581314822962,-70.55169575771153,90.2915693271556,-92.29904920784493,-68.4859711422447,20.44983139797518,0.44768543299322516,,
1780128048,54750552,right_base_cmd,right_joint_1,right_joint_2,right_joint_3,right_joint_4,right_joint_5,right_joint_6,right_joint_7,-93.00387825813519,-70.41063306162512,90.06751130989127,-92.1511021794325,-67.84213537319692,20.321849723355633,-0.6938088200050885,,
1780128048,64454180,right_base_cmd,right_joint_1,right_joint_2,right_joint_3,right_joint_4,right_joint_5,right_joint_6,right_joint_7,-92.38578882056206,-70.16221204058657,89.70649538222042,-92.13778900110414,-67.06341840501545,20.280787186505286,-1.8583079817261279,,
1780128048,75270677,right_base_cmd,right_joint_1,right_joint_2,right_joint_3,right_joint_4,right_joint_5,right_joint_6,right_joint_7,-92.08309294944186,-70.03365441148317,89.49702354499621,-91.98088520911524,-66.33865309064197,20.052516995934475,-3.2774331112182864,,
1780128048,84485497,right_base_cmd,right_joint_1,right_joint_2,right_joint_3,right_joint_4,right_joint_5,right_joint_6,right_joint_7,-91.78358269301182,-69.90247364640483,89.28797591757976,-91.83950173239812,-65.69249555006365,19.846630651138305,-4.543447758759513,,
1780128048,94503307,right_base_cmd,right_joint_1,right_joint_2,right_joint_3,right_joint_4,right_joint_5,right_joint_6,right_joint_7,-91.48256902794523,-69.78274206750025,89.0980750772039,-91.72781294054154,-65.13464121731283,19.645790898335697,-5.6734851733913985,,
1780128048,104536426,right_base_cmd,right_joint_1,right_joint_2,right_joint_3,right_joint_4,right_joint_5,right_joint_6,right_joint_7,-91.15396564764146,-69.68690350759125,88.95377779472196,-91.62384765602327,-64.67828735014564,19.408058000237254,-6.693770952111564,,
1780128048,114708189,right_base_cmd,right_joint_1,right_joint_2,right_joint_3,right_joint_4,right_joint_5,right_joint_6,right_joint_7,-90.55709990346364,-69.56624489182566,88.7357862304967,-91.62460324511922,-64.24217617507418,19.18491961676694,-7.714068255364808,,
1780128048,124932972,right_base_cmd,right_joint_1,right_joint_2,right_joint_3,right_joint_4,right_joint_5,right_joint_6,right_joint_7,-90.20924502482146,-69.50287960523936,88.58893718476182,-91.41540581751725,-63.80089173032826,18.811303976546192,-9.014014070989688,,
1780128048,134594218,right_base_cmd,right_joint_1,right_joint_2,right_joint_3,right_joint_4,right_joint_5,right_joint_6,right_joint_7,-89.91379805385341,-69.40979052123693,88.43351151410323,-91.26290412798512,-63.38479390933736,18.497593360708045,-10.20199587100042,,
1780128048,144596362,right_base_cmd,right_joint_1,right_joint_2,right_joint_3,right_joint_4,right_joint_5,right_joint_6,right_joint_7,-89.58523318242183,-69.29774310235065,88.26114773927137,-91.11165848589611,-63.01055936107929,18.2225741044984,-11.290778961133597,,
1780128048,154473252,right_base_cmd,right_joint_1,right_joint_2,right_joint_3,right_joint_4,right_joint_5,right_joint_6,right_joint_7,-89.25501900027481,-69.18344215780049,88.10144739736754,-90.95365967499494,-62.69159205860865,17.931195751187154,-12.331562113305282,,
1780128048,164359576,right_base_cmd,right_joint_1,right_joint_2,right_joint_3,right_joint_4,right_joint_5,right_joint_6,right_joint_7,-88.57589611107633,-68.8839682953331,87.74680908937157,-90.86345645396376,-62.260132995304275,17.740689213712024,-13.383655135332063,,
1780128048,174979811,right_base_cmd,right_joint_1,right_joint_2,right_joint_3,right_joint_4,right_joint_5,right_joint_6,right_joint_7,-88.20388152437184,-68.72235090872506,87.51179357329696,-90.60148298490437,-61.885046028372756,17.37560519569451,-14.703854862872973,,
1780128048,184893150,right_base_cmd,right_joint_1,right_joint_2,right_joint_3,right_joint_4,right_joint_5,right_joint_6,right_joint_7,-87.84854859376233,-68.55629071959505,87.28502198609502,-90.36538960545273,-61.54806439196392,17.053857206823075,-15.88178511507256,,
1780128048,195531539,right_base_cmd,right_joint_1,right_joint_2,right_joint_3,right_joint_4,right_joint_5,right_joint_6,right_joint_7,-87.51388068806259,-68.41877453751864,87.0886528300845,-90.13803124088896,-61.271205767899175,16.74163807914801,-16.942737238967894,,
1780128048,205351387,right_base_cmd,right_joint_1,right_joint_2,right_joint_3,right_joint_4,right_joint_5,right_joint_6,right_joint_7,-87.21714416441964,-68.30579719700621,86.90618432815236,-89.98196282058275,-61.05376715011607,16.456881378715146,-17.914608472778653,,
1780128048,216493577,right_base_cmd,right_joint_1,right_joint_2,right_joint_3,right_joint_4,right_joint_5,right_joint_6,right_joint_7,-86.63259154676396,-67.9988616918334,86.53390716431042,-89.90542212202679,-60.67376448816452,16.285751169388625,-18.89824340047717,,
1780128048,224504427,right_base_cmd,right_joint_1,right_joint_2,right_joint_3,right_joint_4,right_joint_5,right_joint_6,right_joint_7,-86.30243350555091,-67.81275648764593,86.29612178504667,-89.6518310880755,-60.360766335901246,15.946854022448186,-20.055413489153537,,
1780128048,235156469,right_base_cmd,right_joint_1,right_joint_2,right_joint_3,right_joint_4,right_joint_5,right_joint_6,right_joint_7,-86.01400517978536,-67.61256823066272,86.0431909720713,-89.46383843927494,-60.063612282604765,15.703150006545236,-21.073383767527176,,
1780128048,244918259,right_base_cmd,right_joint_1,right_joint_2,right_joint_3,right_joint_4,right_joint_5,right_joint_6,right_joint_7,-85.72002643796432,-67.43858415610164,85.83325368941203,-89.28896689817402,-59.82671140268559,15.469061221362729,-21.950404614526192,,
1780128048,255031270,right_base_cmd,right_joint_1,right_joint_2,right_joint_3,right_joint_4,right_joint_5,right_joint_6,right_joint_7,-85.45632517982423,-67.27029106439518,85.63749934192182,-89.18097539626145,-59.61401986996111,15.269097619371628,-22.71530737165189,,
1780128048,264358995,right_base_cmd,right_joint_1,right_joint_2,right_joint_3,right_joint_4,right_joint_5,right_joint_6,right_joint_7,-85.01220000104027,-66.94932969384253,85.28653608533338,-89.16494218514448,-59.278543466694714,15.205679846175379,-23.43840176610378,,
1780128048,275469091,right_base_cmd,right_joint_1,right_joint_2,right_joint_3,right_joint_4,right_joint_5,right_joint_6,right_joint_7,-84.7709093155531,-66.75588563825598,85.05121332393534,-89.0067137709719,-59.02197705350591,15.008252117494699,-24.29256041511475,,
1780128048,284594418,right_base_cmd,right_joint_1,right_joint_2,right_joint_3,right_joint_4,right_joint_5,right_joint_6,right_joint_7,-84.5501017151391,-66.58419304397059,84.8449765471872,-88.8822468812465,-58.79057196347367,14.841300964390093,-25.01662614861904,,
1780128048,294814002,right_base_cmd,right_joint_1,right_joint_2,right_joint_3,right_joint_4,right_joint_5,right_joint_6,right_joint_7,-84.3303483400309,-66.39938149602246,84.61922152148097,-88.78349514319076,-58.53780325756361,14.720485958693878,-25.674905045562937,,
1780128048,304203498,right_base_cmd,right_joint_1,right_joint_2,right_joint_3,right_joint_4,right_joint_5,right_joint_6,right_joint_7,-83.98609009414466,-66.0259462657947,84.16564036967137,-88.77667107229986,-58.05960321933742,14.768840883404273,-26.39401038865175,,
1780128048,314379104,right_base_cmd,right_joint_1,right_joint_2,right_joint_3,right_joint_4,right_joint_5,right_joint_6,right_joint_7,-83.76535719447892,-65.85366280169116,83.92871093134053,-88.64909414992987,-57.77651563137306,14.599739003003897,-27.113965980770175,,
1780128048,324632367,right_base_cmd,right_joint_1,right_joint_2,right_joint_3,right_joint_4,right_joint_5,right_joint_6,right_joint_7,-83.55483412618278,-65.69832378552458,83.71130362173514,-88.536693803478,-57.51247127892816,14.44445416536741,-27.749105069798148,,
1780128048,334679209,right_base_cmd,right_joint_1,right_joint_2,right_joint_3,right_joint_4,right_joint_5,right_joint_6,right_joint_7,-83.40269895660018,-65.61873496752368,83.58066880481195,-88.4398355632198,-57.341523432207225,14.256956811713003,-28.296904481246273,,
1780128048,344655136,right_base_cmd,right_joint_1,right_joint_2,right_joint_3,right_joint_4,right_joint_5,right_joint_6,right_joint_7,-83.23408680174575,-65.48875909724877,83.3912480662431,-88.36183610566555,-57.12458829214819,14.140531039749028,-28.8074524382031,,
1780128048,354779462,right_base_cmd,right_joint_1,right_joint_2,right_joint_3,right_joint_4,right_joint_5,right_joint_6,right_joint_7,-83.06505307232655,-65.37634059937041,83.23112104574594,-88.26758407876044,-56.94315059003537,14.012901284749837,-29.270387897815468,,
1780128048,364701126,right_base_cmd,right_joint_1,right_joint_2,right_joint_3,right_joint_4,right_joint_5,right_joint_6,right_joint_7,-82.63465565554847,-65.25748990285634,83.06496037395024,-88.01298007309755,-56.750683836616815,13.769273157629478,-29.68489803911764,,
1780128048,376362359,right_base_cmd,right_joint_1,right_joint_2,right_joint_3,right_joint_4,right_joint_5,right_joint_6,right_joint_7,-82.40602200943405,-65.12819440683707,82.8903276763144,-87.85448509359402,-56.54910106221638,13.599779824341347,-30.15566669586174,,
1780128048,384897015,right_base_cmd,right_joint_1,right_joint_2,right_joint_3,right_joint_4,right_joint_5,right_joint_6,right_joint_7,-82.26808769982833,-65.01307835841074,82.7339699412606,-87.74220922179462,-56.376954218988374,13.478798327367151,-30.59764607042213,,
1780128048,394653942,right_base_cmd,right_joint_1,right_joint_2,right_joint_3,right_joint_4,right_joint_5,right_joint_6,right_joint_7,-82.1315224120602,-64.91981487846245,82.60050489115926,-87.6635574251409,-56.25052159315868,13.387022300498877,-30.956666200545172,,
1780128048,404376714,right_base_cmd,right_joint_1,right_joint_2,right_joint_3,right_joint_4,right_joint_5,right_joint_6,right_joint_7,-82.05559994821053,-64.93323527231696,82.60589934322965,-87.59677088222527,-56.26439345328487,13.234845386390937,-31.21562531024712,,
1780128048,414433078,right_base_cmd,right_joint_1,right_joint_2,right_joint_3,right_joint_4,right_joint_5,right_joint_6,right_joint_7,-81.93131911385487,-64.94961910676837,82.61612668195343,-87.55794637618142,-56.32536545208552,13.10725786311071,-31.399354701510973,,
1780128048,424405068,right_base_cmd,right_joint_1,right_joint_2,right_joint_3,right_joint_4,right_joint_5,right_joint_6,right_joint_7,-81.87108682504211,-64.96104394685126,82.60738177828651,-87.48317728154167,-56.367786283474516,12.99609809546292,-31.6204457374064,,
1780128048,434724539,right_base_cmd,right_joint_1,right_joint_2,right_joint_3,right_joint_4,right_joint_5,right_joint_6,right_joint_7,-81.79383001063346,-64.9753844605623,82.59556165396694,-87.3987941485724,-56.41457275558571,12.898424674586586,-31.787179487087727,,
1780128048,444565829,right_base_cmd,right_joint_1,right_joint_2,right_joint_3,right_joint_4,right_joint_5,right_joint_6,right_joint_7,-81.7451855132899,-65.01670999197462,82.61672495804473,-87.32700977002379,-56.493546065440455,12.794996767963319,-31.911252951659904,,
1780128048,454345956,right_base_cmd,right_joint_1,right_joint_2,right_joint_3,right_joint_4,right_joint_5,right_joint_6,right_joint_7,-81.6994730460394,-65.03698026368973,82.61337303865318,-87.25290037524162,-56.54083141288038,12.72054959804661,-32.022515523221,,
1780128048,464673861,right_base_cmd,right_joint_1,right_joint_2,right_joint_3,right_joint_4,right_joint_5,right_joint_6,right_joint_7,-81.63284059731305,-65.21354781260892,82.756900228695,-87.11207673400442,-56.75083276044637,12.522542239692264,-32.04630440006254,,
1780128048,474459022,right_base_cmd,right_joint_1,right_joint_2,right_joint_3,right_joint_4,right_joint_5,right_joint_6,right_joint_7,-81.60411952020738,-65.3305143125037,82.85343850388946,-87.01795966922693,-56.88308649535452,12.396773502318474,-32.06369585387041,,
1780128048,484742494,right_base_cmd,right_joint_1,right_joint_2,right_joint_3,right_joint_4,right_joint_5,right_joint_6,right_joint_7,-81.6082055770764,-65.39964311694196,82.90885007195206,-86.96343269053183,-56.952053140940166,12.33839359661011,-32.07959074409332,,
1780128048,494642883,right_base_cmd,right_joint_1,right_joint_2,right_joint_3,right_joint_4,right_joint_5,right_joint_6,right_joint_7,-81.58028367511017,-65.46734289263118,82.97881066158877,-86.86012725310162,-57.0143680222335,12.270247935892094,-32.04845520140158,,
1780128048,506237394,right_base_cmd,right_joint_1,right_joint_2,right_joint_3,right_joint_4,right_joint_5,right_joint_6,right_joint_7,-81.61073751302305,-65.53738855127467,83.0426572174475,-86.82342231249238,-57.07662664302768,12.25505626465634,-31.991941924552307,,
1780128048,514365581,right_base_cmd,right_joint_1,right_joint_2,right_joint_3,right_joint_4,right_joint_5,right_joint_6,right_joint_7,-81.66427517905387,-65.7114193645183,83.19275156817864,-86.6865732433538,-57.2198484280791,12.177441664494047,-31.858455369361778,,
1780128048,524415655,right_base_cmd,right_joint_1,right_joint_2,right_joint_3,right_joint_4,right_joint_5,right_joint_6,right_joint_7,-81.74993125439923,-65.79379633414852,83.28052244379862,-86.70331070297938,-57.278667771538096,12.225423183100254,-31.645121050587036,,
1780128048,534633596,right_base_cmd,right_joint_1,right_joint_2,right_joint_3,right_joint_4,right_joint_5,right_joint_6,right_joint_7,-81.84491548516397,-65.9195200970906,83.40812863478536,-86.71380194237385,-57.37912917094684,12.242851407820872,-31.405270667709217,,
1780128048,544584497,right_base_cmd,right_joint_1,right_joint_2,right_joint_3,right_joint_4,right_joint_5,right_joint_6,right_joint_7,-81.93064627940961,-66.01579496995846,83.51990797849598,-86.72600196271783,-57.43891405824991,12.276353228831233,-31.14565254485929,,
1780128048,554296043,right_base_cmd,right_joint_1,right_joint_2,right_joint_3,right_joint_4,right_joint_5,right_joint_6,right_joint_7,-82.11142568926707,-66.22366385321051,83.72564147738379,-86.6755325650578,-57.56926624222331,12.24494204938123,-30.854480363220674,,
1780128048,564653672,right_base_cmd,right_joint_1,right_joint_2,right_joint_3,right_joint_4,right_joint_5,right_joint_6,right_joint_7,-82.15571963608491,-66.21909935241929,83.74256555127212,-86.80311296084422,-57.533175180809565,12.404528783266763,-30.525823248856412,,
1780128048,575322898,right_base_cmd,right_joint_1,right_joint_2,right_joint_3,right_joint_4,right_joint_5,right_joint_6,right_joint_7,-82.34229587400014,-66.36958398687996,83.8823471801513,-86.74091707787109,-57.59630193875989,12.416821752399933,-30.291426770489082,,
1780128048,585728984,right_base_cmd,right_joint_1,right_joint_2,right_joint_3,right_joint_4,right_joint_5,right_joint_6,right_joint_7,-82.46905892032729,-66.4579734263328,83.99190693429435,-86.78791197015887,-57.63513304972918,12.509092521259284,-29.94882533547066,,
1780128048,596284038,right_base_cmd,right_joint_1,right_joint_2,right_joint_3,right_joint_4,right_joint_5,right_joint_6,right_joint_7,-82.60128044293455,-66.57531927580528,84.12598548972059,-86.81301041591043,-57.708702484825835,12.57177059304366,-29.620645699836658,,
1780128048,604387539,right_base_cmd,right_joint_1,right_joint_2,right_joint_3,right_joint_4,right_joint_5,right_joint_6,right_joint_7,-82.77055710685406,-66.75346345664401,84.28166810086745,-86.7091767831213,-57.81130600476217,12.591073152629924,-29.340990435589575,,
1780128048,614512131,right_base_cmd,right_joint_1,right_joint_2,right_joint_3,right_joint_4,right_joint_5,right_joint_6,right_joint_7,-82.96714259805603,-66.78910017430202,84.31834938265669,-86.81759109634972,-57.79778554387207,12.799167523773242,-29.028527926762777,,
1780128048,624352528,right_base_cmd,right_joint_1,right_joint_2,right_joint_3,right_joint_4,right_joint_5,right_joint_6,right_joint_7,-83.09307788425983,-66.89116791136418,84.4358296514994,-86.83059428645397,-57.863652502783,12.900277290742345,-28.709855942327195,,
1780128048,634772602,right_base_cmd,right_joint_1,right_joint_2,right_joint_3,right_joint_4,right_joint_5,right_joint_6,right_joint_7,-83.20886427910293,-66.9895954928053,84.54492087530699,-86.83325330030335,-57.92851562902666,12.997059929518123,-28.418660547918947,,
1780128048,644554352,right_base_cmd,right_joint_1,right_joint_2,right_joint_3,right_joint_4,right_joint_5,right_joint_6,right_joint_7,-83.36665980002832,-67.04159427685222,84.58054715722196,-86.84815018039491,-57.93448953523722,13.15227519332462,-28.210397814703086,,
1780128048,654334565,right_base_cmd,right_joint_1,right_joint_2,right_joint_3,right_joint_4,right_joint_5,right_joint_6,right_joint_7,-83.6692448257929,-67.12390649049412,84.6226470570667,-86.78705652208647,-57.91353573169238,13.33133741108248,-28.06127628037713,,
1780128048,664549134,right_base_cmd,right_joint_1,right_joint_2,right_joint_3,right_joint_4,right_joint_5,right_joint_6,right_joint_7,-83.72249176852185,-67.20210301680079,84.71614167204379,-86.9391414987099,-58.00019346836024,13.517926252017737,-27.614605154004565,,
1780128048,674283089,right_base_cmd,right_joint_1,right_joint_2,right_joint_3,right_joint_4,right_joint_5,right_joint_6,right_joint_7,-84.12591337816227,-67.28222904895587,84.80703090194257,-86.95985052852843,-58.00535591033139,13.717791452853426,-27.408641609930456,,
1780128048,684759747,right_base_cmd,right_joint_1,right_joint_2,right_joint_3,right_joint_4,right_joint_5,right_joint_6,right_joint_7,-84.33048051939718,-67.36418576923701,84.91751121746015,-87.05405182923796,-58.08042374889135,13.951908573080011,-26.923091783838018,,
1780128048,694748466,right_base_cmd,right_joint_1,right_joint_2,right_joint_3,right_joint_4,right_joint_5,right_joint_6,right_joint_7,-84.52439364761963,-67.45445872846678,85.03493092174145,-87.12691135648255,-58.17713394079601,14.153059498751652,-26.440809251774695,,
1780128048,704423417,right_base_cmd,right_joint_1,right_joint_2,right_joint_3,right_joint_4,right_joint_5,right_joint_6,right_joint_7,-84.74807947278796,-67.51386701684852,85.08237392173046,-87.20008282627249,-58.232534938605625,14.386324412512757,-26.058750747609068,,
1780128048,714497404,right_base_cmd,right_joint_1,right_joint_2,right_joint_3,right_joint_4,right_joint_5,right_joint_6,right_joint_7,-85.00730204427728,-67.70419418210578,85.26636183311004,-87.03080434050527,-58.393847582405385,14.441410300380944,-25.731663226138906,,
1780128048,724395997,right_base_cmd,right_joint_1,right_joint_2,right_joint_3,right_joint_4,right_joint_5,right_joint_6,right_joint_7,-85.12557588158282,-67.85565848353765,85.41044473420149,-86.98605055263512,-58.551583769455135,14.563112712596713,-25.26917962607753,,
1780128048,734476772,right_base_cmd,right_joint_1,right_joint_2,right_joint_3,right_joint_4,right_joint_5,right_joint_6,right_joint_7,-85.28976754430462,-67.98411265832381,85.5310662678796,-86.97635180543388,-58.666452037004206,14.698856717847498,-24.88615300715817,,
1780128048,744783838,right_base_cmd,right_joint_1,right_joint_2,right_joint_3,right_joint_4,right_joint_5,right_joint_6,right_joint_7,-85.43945880450681,-68.13427324414069,85.68130225749721,-86.93030754856132,-58.79699706476845,14.790551571088834,-24.523946451994746,,
1780128048,754403503,right_base_cmd,right_joint_1,right_joint_2,right_joint_3,right_joint_4,right_joint_5,right_joint_6,right_joint_7,-85.81523219951825,-68.3577756788289,85.95626304663571,-86.8512765146328,-58.96886415450132,14.88602928401992,-24.092585157182114,,
1780128048,764544114,right_base_cmd,right_joint_1,right_joint_2,right_joint_3,right_joint_4,right_joint_5,right_joint_6,right_joint_7,-86.12872619627942,-68.45055405012927,86.10235590318027,-87.03907300616795,-59.07977341622717,15.222357359790074,-23.40645705054898,,
1780128048,774311688,right_base_cmd,right_joint_1,right_joint_2,right_joint_3,right_joint_4,right_joint_5,right_joint_6,right_joint_7,-86.41363929165257,-68.51999260952535,86.253359895015,-87.19722854990148,-59.1952910363558,15.53257573577293,-22.673873437103012,,
1780128048,785780245,right_base_cmd,right_joint_1,right_joint_2,right_joint_3,right_joint_4,right_joint_5,right_joint_6,right_joint_7,-86.74384913327177,-68.58532876488563,86.38748173305314,-87.42372778293857,-59.33666918194848,15.863913892513104,-21.898001073151946,,
1780128048,794921412,right_base_cmd,right_joint_1,right_joint_2,right_joint_3,right_joint_4,right_joint_5,right_joint_6,right_joint_7,-86.98683931808583,-68.65191297959247,86.54065900260971,-87.54617332021287,-59.49791632735969,16.103648352663875,-21.117000308147126,,
1780128048,804526582,right_base_cmd,right_joint_1,right_joint_2,right_joint_3,right_joint_4,right_joint_5,right_joint_6,right_joint_7,-87.52670180244391,-68.65559041841927,86.63733114628732,-87.66534133514934,-59.562300228006166,16.39244468095763,-20.382320520944134,,
1780128048,815554717,right_base_cmd,right_joint_1,right_joint_2,right_joint_3,right_joint_4,right_joint_5,right_joint_6,right_joint_7,-87.803213314452,-68.64289113411986,86.71616386868484,-87.8659955000838,-59.669173575933996,16.73252999600556,-19.433091149292537,,
1780128048,825472315,right_base_cmd,right_joint_1,right_joint_2,right_joint_3,right_joint_4,right_joint_5,right_joint_6,right_joint_7,-88.16447042582766,-68.5693167733004,86.74585580468263,-88.14400183117858,-59.69662954694161,17.1202848220861,-18.594627507770284,,
1780128048,834483354,right_base_cmd,right_joint_1,right_joint_2,right_joint_3,right_joint_4,right_joint_5,right_joint_6,right_joint_7,-88.50818980973477,-68.52566656417328,86.81599128768588,-88.41279608179623,-59.77356102447334,17.483064154743666,-17.74238245103824,,
1780128048,844778092,right_base_cmd,right_joint_1,right_joint_2,right_joint_3,right_joint_4,right_joint_5,right_joint_6,right_joint_7,-88.94240957740496,-68.48051162871401,86.90417786423083,-88.76506266908468,-59.8678591880867,17.879397478626238,-16.89684065944006,,
1780128048,854790564,right_base_cmd,right_joint_1,right_joint_2,right_joint_3,right_joint_4,right_joint_5,right_joint_6,right_joint_7,-89.38189990523952,-68.48934786401902,87.04619924059679,-89.13077854612824,-60.055538954744975,18.248214609118072,-15.998779469305035,,
1780128048,864380156,right_base_cmd,right_joint_1,right_joint_2,right_joint_3,right_joint_4,right_joint_5,right_joint_6,right_joint_7,-90.1579951831325,-68.62603571062472,87.37690558102602,-89.57461133460482,-60.43145837578845,18.55672593011679,-14.93579207350622,,
1780128048,874621430,right_base_cmd,right_joint_1,right_joint_2,right_joint_3,right_joint_4,right_joint_5,right_joint_6,right_joint_7,-90.55112893017562,-68.68470701379336,87.57741867843876,-89.95170106967466,-60.78999825745694,18.923610322046166,-13.72033288356512,,
1780128048,885620088,right_base_cmd,right_joint_1,right_joint_2,right_joint_3,right_joint_4,right_joint_5,right_joint_6,right_joint_7,-90.94967192359363,-68.73406378656644,87.75759910864846,-90.30337019174125,-61.12367543911569,19.222130449266338,-12.63739462626934,,
1780128048,894576651,right_base_cmd,right_joint_1,right_joint_2,right_joint_3,right_joint_4,right_joint_5,right_joint_6,right_joint_7,-91.29940530432609,-68.76482997022181,87.92233273787465,-90.58866776790565,-61.408522933792256,19.461770175637646,-11.644062580697394,,
1780128048,904264358,right_base_cmd,right_joint_1,right_joint_2,right_joint_3,right_joint_4,right_joint_5,right_joint_6,right_joint_7,-91.69890879773365,-68.78623251666535,88.06196123012111,-90.89828572513728,-61.632437507241264,19.692254128728344,-10.74543543975956,,
1780128048,914665714,right_base_cmd,right_joint_1,right_joint_2,right_joint_3,right_joint_4,right_joint_5,right_joint_6,right_joint_7,-92.45319860054829,-68.78674398464331,88.23632675001213,-91.28055483811984,-61.74650981549979,19.950634521907894,-9.891339192945921,,
1780128048,924663100,right_base_cmd,right_joint_1,right_joint_2,right_joint_3,right_joint_4,right_joint_5,right_joint_6,right_joint_7,-92.853972518868,-68.84667029223728,88.39072137103548,-91.61943723355525,-61.97116429815327,20.211162029032728,-8.849597769272819,,
1780128048,934497986,right_base_cmd,right_joint_1,right_joint_2,right_joint_3,right_joint_4,right_joint_5,right_joint_6,right_joint_7,-93.21422722747488,-68.90082118113612,88.53495113537255,-91.90678934797587,-62.15366044920802,20.44403544452542,-7.900046067639906,,
1780128048,944528233,right_base_cmd,right_joint_1,right_joint_2,right_joint_3,right_joint_4,right_joint_5,right_joint_6,right_joint_7,-93.59523959861949,-68.97729785246715,88.6645319325651,-92.15948633593088,-62.31524505807914,20.648795814609294,-7.079431727898637,,
1780128048,954756455,right_base_cmd,right_joint_1,right_joint_2,right_joint_3,right_joint_4,right_joint_5,right_joint_6,right_joint_7,-94.24660193120818,-69.0139863682946,88.78370980204753,-92.36916538187047,-62.375428161656885,20.838816320396695,-6.3813311077840495,,
1780128048,964757589,right_base_cmd,right_joint_1,right_joint_2,right_joint_3,right_joint_4,right_joint_5,right_joint_6,right_joint_7,-94.56383424047883,-69.08763143828203,88.93370423177296,-92.56111891169947,-62.593560471300236,20.976636163815563,-5.4574170454724396,,
1780128048,975267017,right_base_cmd,right_joint_1,right_joint_2,right_joint_3,right_joint_4,right_joint_5,right_joint_6,right_joint_7,-94.87879221386723,-69.09537457350264,89.0501324090117,-92.74076280518058,-62.738560573126904,21.112267179799126,-4.636870536160544,,
1780128048,984977837,right_base_cmd,right_joint_1,right_joint_2,right_joint_3,right_joint_4,right_joint_5,right_joint_6,right_joint_7,-95.2333552712029,-69.09840383000194,89.1595767148265,-92.94097857354389,-62.89665161588607,21.253903350820856,-3.866060599856624,,
1780128048,995616335,right_base_cmd,right_joint_1,right_joint_2,right_joint_3,right_joint_4,right_joint_5,right_joint_6,right_joint_7,-95.60098028572057,-69.13693490736155,89.3357709971651,-93.14857640401347,-63.139078443055496,21.359371768474382,-3.057409277312061,,
1780128049,4335951,right_base_cmd,right_joint_1,right_joint_2,right_joint_3,right_joint_4,right_joint_5,right_joint_6,right_joint_7,-95.95929644993103,-69.1801684546618,89.50065951120982,-93.35814242122116,-63.42865921051447,21.49357716104374,-2.25053599989657,,
1780128049,14516451,right_base_cmd,right_joint_1,right_joint_2,right_joint_3,right_joint_4,right_joint_5,right_joint_6,right_joint_7,-96.64431806630691,-69.38663935821508,89.88625620194532,-93.53512562730363,-63.94733901164875,21.470574275525685,-1.4030309426450032,,
1780128049,24512730,right_base_cmd,right_joint_1,right_joint_2,right_joint_3,right_joint_4,right_joint_5,right_joint_6,right_joint_7,-96.9538476492464,-69.46242731664775,90.07538593824049,-93.7147060059586,-64.4418577704401,21.623955426492792,-0.3664795963442913,,
1780128049,34525017,right_base_cmd,right_joint_1,right_joint_2,right_joint_3,right_joint_4,right_joint_5,right_joint_6,right_joint_7,-97.26387137566516,-69.4696552581158,90.19164071161461,-93.84691467222298,-64.84170567904135,21.784207588780426,0.5186316331711822,,
1780128049,45489910,right_base_cmd,right_joint_1,right_joint_2,right_joint_3,right_joint_4,right_joint_5,right_joint_6,right_joint_7,-97.6618923587715,-69.40981400922358,90.29037467533246,-93.97527546973897,-65.16764507636464,21.958496324609605,1.3195223845965387,,
1780128049,54278757,right_base_cmd,right_joint_1,right_joint_2,right_joint_3,right_joint_4,right_joint_5,right_joint_6,right_joint_7,-98.21957838002814,-69.37804303604453,90.47187174571351,-94.11002502168101,-65.57548644574752,22.107651240281207,2.170768410302898,,
1780128049,64413209,right_base_cmd,right_joint_1,right_joint_2,right_joint_3,right_joint_4,right_joint_5,right_joint_6,right_joint_7,-98.6061514765922,-69.39406187044797,90.62479818514717,-94.38143286997798,-66.09028121117785,22.35674883639269,3.2584569759734876,,
1780128049,75722057,right_base_cmd,right_joint_1,right_joint_2,right_joint_3,right_joint_4,right_joint_5,right_joint_6,right_joint_7,-98.99036864369796,-69.46593753062093,90.81177974500136,-94.63396803510075,-66.65173872401635,22.569735172085196,4.33690412103617,,
1780128049,85076505,right_base_cmd,right_joint_1,right_joint_2,right_joint_3,right_joint_4,right_joint_5,right_joint_6,right_joint_7,-99.33446060401045,-69.55861982946239,91.00939094524179,-94.89202765490053,-67.22518718682272,22.759817181394972,5.423062457635794,,
1780128049,95091538,right_base_cmd,right_joint_1,right_joint_2,right_joint_3,right_joint_4,right_joint_5,right_joint_6,right_joint_7,-99.62800098464695,-69.73690797491453,91.25751843344679,-95.07141551613076,-67.85847806740833,22.83336556798492,6.471347286648026,,
1780128049,104631406,right_base_cmd,right_joint_1,right_joint_2,right_joint_3,right_joint_4,right_joint_5,right_joint_6,right_joint_7,-99.94750047025403,-69.9353620719079,91.51834641305643,-95.2654306806589,-68.4682707094803,22.87593766935624,7.470017869520447,,
1780128049,114502079,right_base_cmd,right_joint_1,right_joint_2,right_joint_3,right_joint_4,right_joint_5,right_joint_6,right_joint_7,-100.5230249837617,-70.30852669765558,91.9611687291634,-95.36695160938338,-69.14885123792033,22.718849153665424,8.370050352323048,,
1780128049,124429850,right_base_cmd,right_joint_1,right_joint_2,right_joint_3,right_joint_4,right_joint_5,right_joint_6,right_joint_7,-100.78742190792204,-70.44596727592831,92.13962119414603,-95.53478958359314,-69.62779072560818,22.82652720297984,9.374360080656785,,
1780128049,134736624,right_base_cmd,right_joint_1,right_joint_2,right_joint_3,right_joint_4,right_joint_5,right_joint_6,right_joint_7,-101.10877870684564,-70.54045769494537,92.27898001780497,-95.72456259933615,-69.99375941479468,22.990712033977907,10.237790837388545,,
1780128049,145184316,right_base_cmd,right_joint_1,right_joint_2,right_joint_3,right_joint_4,right_joint_5,right_joint_6,right_joint_7,-101.45351932743935,-70.66381719787837,92.45747692797678,-95.93712776417551,-70.34949404839847,23.135673496184445,11.044622693371124,,
1780128049,154593451,right_base_cmd,right_joint_1,right_joint_2,right_joint_3,right_joint_4,right_joint_5,right_joint_6,right_joint_7,-101.79253975549275,-70.80336241265896,92.63893789572816,-96.1394610817651,-70.68814806950996,23.27656576067603,11.798467541356032,,
1780128049,164841535,right_base_cmd,right_joint_1,right_joint_2,right_joint_3,right_joint_4,right_joint_5,right_joint_6,right_joint_7,-102.49661638012881,-71.01497825833333,92.95396445367558,-96.45321586825106,-71.0184866471929,23.400852232438815,12.533551421019055,,
1780128049,174738275,right_base_cmd,right_joint_1,right_joint_2,right_joint_3,right_joint_4,right_joint_5,right_joint_6,right_joint_7,-102.7855020334321,-71.08785968813375,93.06471746545381,-96.64405183859482,-71.28041069652102,23.639388390997745,13.379567935995496,,
1780128049,185239432,right_base_cmd,right_joint_1,right_joint_2,right_joint_3,right_joint_4,right_joint_5,right_joint_6,right_joint_7,-103.01085411964348,-71.18356869481035,93.1488393166139,-96.74599159159779,-71.47172863320418,23.79700294284425,14.023537546353666,,
1780128049,196952704,right_base_cmd,right_joint_1,right_joint_2,right_joint_3,right_joint_4,right_joint_5,right_joint_6,right_joint_7,-103.29870062979953,-71.24985306698507,93.24301890712886,-96.88905734213655,-71.56952732271782,23.942314830248684,14.536352266000264,,
1780128049,204365099,right_base_cmd,right_joint_1,right_joint_2,right_joint_3,right_joint_4,right_joint_5,right_joint_6,right_joint_7,-104.14025632919996,-71.38319172952113,93.47941880871005,-97.32431239900735,-71.44395095795574,24.20556586221199,14.79217121381673,,
1780128049,214510850,right_base_cmd,right_joint_1,right_joint_2,right_joint_3,right_joint_4,right_joint_5,right_joint_6,right_joint_7,-104.47098554656262,-71.55548073296173,93.63439769551647,-97.54747550995894,-71.50287780627508,24.445980516859215,15.300232266668601,,
1780128049,224583569,right_base_cmd,right_joint_1,right_joint_2,right_joint_3,right_joint_4,right_joint_5,right_joint_6,right_joint_7,-104.80585327326483,-71.77965413871,93.81564714682148,-97.82570865186405,-71.63525146240892,24.654926421911064,15.804066693326078,,
1780128049,234528157,right_base_cmd,right_joint_1,right_joint_2,right_joint_3,right_joint_4,right_joint_5,right_joint_6,right_joint_7,-105.15508243415198,-71.96254349532678,93.94795866828528,-98.0809930633268,-71.72621238435903,24.875798104512235,16.219579770023913,,
1780128049,244574912,right_base_cmd,right_joint_1,right_joint_2,right_joint_3,right_joint_4,right_joint_5,right_joint_6,right_joint_7,-105.48143217790803,-72.12830781352933,94.08628931354801,-98.34288864374015,-71.82392935198914,25.067105306382707,16.629369741788807,,
1780128049,254368615,right_base_cmd,right_joint_1,right_joint_2,right_joint_3,right_joint_4,right_joint_5,right_joint_6,right_joint_7,-105.98779879396162,-72.32232576027572,94.24172585702328,-98.65972249012721,-71.8882898852628,25.22610384916147,16.96761615606401,,
1780128049,264470935,right_base_cmd,right_joint_1,right_joint_2,right_joint_3,right_joint_4,right_joint_5,right_joint_6,right_joint_7,-106.09331369453852,-72.31960631465758,94.22089033836417,-98.77441988219194,-71.90385552169522,25.415860435037764,17.377410614407196,,
1780128049,274593031,right_base_cmd,right_joint_1,right_joint_2,right_joint_3,right_joint_4,right_joint_5,right_joint_6,right_joint_7,-106.22520493159223,-72.28902154708454,94.20294607473468,-98.88678327536276,-71.90702306139718,25.54782582112893,17.7105349617958,,
1780128049,284620485,right_base_cmd,right_joint_1,right_joint_2,right_joint_3,right_joint_4,right_joint_5,right_joint_6,right_joint_7,-106.29716025940743,-72.2202359161707,94.14695045269323,-98.96511428316508,-71.92726870586847,25.64001222570574,18.01430374496185,,
1780128049,294439046,right_base_cmd,right_joint_1,right_joint_2,right_joint_3,right_joint_4,right_joint_5,right_joint_6,right_joint_7,-106.3573379818528,-72.17849758720486,94.12990873169528,-99.06086319230577,-72.06492213956722,25.633866758928782,18.36314802091077,,
1780128049,305283865,right_base_cmd,right_joint_1,right_joint_2,right_joint_3,right_joint_4,right_joint_5,right_joint_6,right_joint_7,-106.15959570208261,-72.27792675864687,94.1171510816786,-98.90568476361206,-72.3856935742225,25.39280325614414,18.69643384289354,,
1780128049,314305337,right_base_cmd,right_joint_1,right_joint_2,right_joint_3,right_joint_4,right_joint_5,right_joint_6,right_joint_7,-105.07988377430374,-72.39074235675896,93.85507446211048,-98.02506658547658,-73.06659248525801,24.67136921446241,19.166698312251455,,
1780128049,324435444,right_base_cmd,right_joint_1,right_joint_2,right_joint_3,right_joint_4,right_joint_5,right_joint_6,right_joint_7,-104.49936768071254,-72.56843897095168,93.87524748668059,-97.52955512632691,-73.69430566926331,23.747537204860187,19.459439901847347,,
1780128049,334381735,right_base_cmd,right_joint_1,right_joint_2,right_joint_3,right_joint_4,right_joint_5,right_joint_6,right_joint_7,-104.04428876222377,-72.73228475087485,93.91219900813039,-97.10663594968527,-74.21981474327566,22.845730410464064,19.58144128451748,,
1780128049,344411696,right_base_cmd,right_joint_1,right_joint_2,right_joint_3,right_joint_4,right_joint_5,right_joint_6,right_joint_7,-103.61023618696831,-72.81486483364684,93.93331326453969,-96.72487471340357,-74.6599827804938,22.011295583697127,19.655436548515397,,
1780128049,354312275,right_base_cmd,right_joint_1,right_joint_2,right_joint_3,right_joint_4,right_joint_5,right_joint_6,right_joint_7,-103.31805282203024,-72.86056472147295,93.97643061667932,-96.46055201990397,-75.00729541809801,21.284793318483715,19.62496599719053,,
1780128049,364797429,right_base_cmd,right_joint_1,right_joint_2,right_joint_3,right_joint_4,right_joint_5,right_joint_6,right_joint_7,-103.31723213970835,-72.88526903904342,94.11755062096788,-96.49117773020266,-75.30340452531925,20.71709583243365,19.515624300648355,,
1780128049,374580394,right_base_cmd,right_joint_1,right_joint_2,right_joint_3,right_joint_4,right_joint_5,right_joint_6,right_joint_7,-103.26090382994082,-72.96157239077242,94.20960384839984,-96.4407092817657,-75.57967372746555,20.29325192403821,19.366277295135134,,
1780128049,384742286,right_base_cmd,right_joint_1,right_joint_2,right_joint_3,right_joint_4,right_joint_5,right_joint_6,right_joint_7,-103.19967606612656,-72.99367318149321,94.23465143310622,-96.37155644640781,-75.74226793934213,20.02794059135892,19.173720309402356,,
1780128049,394676620,right_base_cmd,right_joint_1,right_joint_2,right_joint_3,right_joint_4,right_joint_5,right_joint_6,right_joint_7,-102.93913951865287,-72.99410336243484,94.14554332449777,-96.14158511273145,-75.88907579378304,19.802817791913306,19.001489137981523,,
1780128049,404670896,right_base_cmd,right_joint_1,right_joint_2,right_joint_3,right_joint_4,right_joint_5,right_joint_6,right_joint_7,-102.7241156682521,-73.0021403173579,94.07041852189755,-95.96516186600333,-76.00729258796247,19.591925847564887,18.825265785916017,,
1780128049,414468729,right_base_cmd,right_joint_1,right_joint_2,right_joint_3,right_joint_4,right_joint_5,right_joint_6,right_joint_7,-102.329853115193,-72.97650326279712,93.89343491666952,-95.66907691108976,-76.03878253080387,19.41736153423995,18.574300428554906,,
1780128049,424590524,right_base_cmd,right_joint_1,right_joint_2,right_joint_3,right_joint_4,right_joint_5,right_joint_6,right_joint_7,-102.19362521391074,-72.96491289561654,93.83285995394536,-95.53156373024991,-75.97547201085109,19.24127297182492,18.251700744130673,,
1780128049,434539178,right_base_cmd,right_joint_1,right_joint_2,right_joint_3,right_joint_4,right_joint_5,right_joint_6,right_joint_7,-102.12282304653215,-72.955057333656,93.77618622569904,-95.45088865922504,-75.86853261458918,19.137676249234012,17.922922412142086,,
1780128049,444812634,right_base_cmd,right_joint_1,right_joint_2,right_joint_3,right_joint_4,right_joint_5,right_joint_6,right_joint_7,-102.0041215515541,-72.9331845855149,93.69451851638647,-95.3435529318872,-75.71012265178763,19.088368931350495,17.596082673890166,,
1780128049,455939230,right_base_cmd,right_joint_1,right_joint_2,right_joint_3,right_joint_4,right_joint_5,right_joint_6,right_joint_7,-101.89656021429172,-72.91654717013951,93.62233380467072,-95.2407042020758,-75.53775917229348,19.052543088684565,17.27572796506847,,
1780128049,464824989,right_base_cmd,right_joint_1,right_joint_2,right_joint_3,right_joint_4,right_joint_5,right_joint_6,right_joint_7,-101.59375804857339,-72.8634518989971,93.44054578795956,-95.04507333131313,-75.33742844565631,19.0709879772756,16.940654341655303,,
1780128049,474455413,right_base_cmd,right_joint_1,right_joint_2,right_joint_3,right_joint_4,right_joint_5,right_joint_6,right_joint_7,-101.473236107475,-72.83147803496327,93.31830672807988,-94.89893178310605,-75.13009070762303,19.049415453503634,16.52172124051502,,
1780128049,484581319,right_base_cmd,right_joint_1,right_joint_2,right_joint_3,right_joint_4,right_joint_5,right_joint_6,right_joint_7,-101.27215202278242,-72.80994918390981,93.23608654833654,-94.72725590800668,-74.9908492274393,18.958926954117324,16.189315844460893,,
1780128049,494642591,right_base_cmd,right_joint_1,right_joint_2,right_joint_3,right_joint_4,right_joint_5,right_joint_6,right_joint_7,-101.0584161133078,-72.80810417999932,93.15739618201602,-94.53750024926713,-74.88446728255599,18.841466791851538,15.857774423350449,,
1780128049,504376048,right_base_cmd,right_joint_1,right_joint_2,right_joint_3,right_joint_4,right_joint_5,right_joint_6,right_joint_7,-100.550357278407,-72.78589666340885,92.9685673878902,-94.12750903969614,-74.80667052140473,18.65534745923663,15.461797715774466,,
1780128049,514518181,right_base_cmd,right_joint_1,right_joint_2,right_joint_3,right_joint_4,right_joint_5,right_joint_6,right_joint_7,-100.34820360716239,-72.7672836682162,92.86185784396585,-93.89170209329934,-74.70696666620955,18.458216812593214,14.989218926442092,,
1780128049,524703009,right_base_cmd,right_joint_1,right_joint_2,right_joint_3,right_joint_4,right_joint_5,right_joint_6,right_joint_7,-100.10636780433245,-72.7960567386353,92.81984026888873,-93.6473905284637,-74.70078155962784,18.19168597590329,14.598039290170945,,
1780128049,535011101,right_base_cmd,right_joint_1,right_joint_2,right_joint_3,right_joint_4,right_joint_5,right_joint_6,right_joint_7,-99.88112093059968,-72.80187701654047,92.76631035887752,-93.43162440387779,-74.69401110469619,17.955881819448003,14.238129143460682,,
1780128049,544948050,right_base_cmd,right_joint_1,right_joint_2,right_joint_3,right_joint_4,right_joint_5,right_joint_6,right_joint_7,-99.68373036787963,-72.80989891897646,92.75859182235351,-93.26804533749034,-74.7154105447787,17.69882210021604,13.944331748050544,,
1780128049,554582499,right_base_cmd,right_joint_1,right_joint_2,right_joint_3,right_joint_4,right_joint_5,right_joint_6,right_joint_7,-99.5027202614273,-72.82278873192031,92.7271825051856,-93.09252312619903,-74.73699663158578,17.471913871320744,13.632929651536855,,
1780128049,564687625,right_base_cmd,right_joint_1,right_joint_2,right_joint_3,right_joint_4,right_joint_5,right_joint_6,right_joint_7,-99.18694241298672,-72.77845681095768,92.58708515752849,-92.83521925539152,-74.70545988795095,17.284321926509286,13.270260723246551,,
1780128049,574677761,right_base_cmd,right_joint_1,right_joint_2,right_joint_3,right_joint_4,right_joint_5,right_joint_6,right_joint_7,-99.03132192964787,-72.76230097764439,92.53293448519824,-92.65874632535078,-74.6706368265568,17.068666010980174,12.889077197931712,,
1780128049,585173699,right_base_cmd,right_joint_1,right_joint_2,right_joint_3,right_joint_4,right_joint_5,right_joint_6,right_joint_7,-98.92162987880906,-72.71941378849881,92.46970108924202,-92.53171062547501,-74.60152197608471,16.909040995504434,12.551317656973694,,
1780128049,595105166,right_base_cmd,right_joint_1,right_joint_2,right_joint_3,right_joint_4,right_joint_5,right_joint_6,right_joint_7,-98.79296427083639,-72.67805750455467,92.40108803136766,-92.39849654268421,-74.53758864088434,16.765906816111745,12.253580167191771,,
1780128049,604459954,right_base_cmd,right_joint_1,right_joint_2,right_joint_3,right_joint_4,right_joint_5,right_joint_6,right_joint_7,-98.64300569760738,-72.64893450330585,92.3149695150785,-92.24444570859664,-74.48555277496814,16.63083279075517,11.97264448561451,,
1780128049,615537891,right_base_cmd,right_joint_1,right_joint_2,right_joint_3,right_joint_4,right_joint_5,right_joint_6,right_joint_7,-98.29676132171741,-72.63837869228418,92.19252324851473,-91.94337887629332,-74.44540754350635,16.415237195101447,11.673615599583272,,
1780128049,625059009,right_base_cmd,right_joint_1,right_joint_2,right_joint_3,right_joint_4,right_joint_5,right_joint_6,right_joint_7,-98.12519297086325,-72.65052732348046,92.14880463061658,-91.74239763288587,-74.39822073627568,16.16755345769696,11.34276429372845,,
1780128049,634432198,right_base_cmd,right_joint_1,right_joint_2,right_joint_3,right_joint_4,right_joint_5,right_joint_6,right_joint_7,-97.95983587989608,-72.65115222142579,92.10584435806115,-91.54948565612035,-74.33801281531737,15.931334667533527,11.031785874256272,,
1780128049,644452596,right_base_cmd,right_joint_1,right_joint_2,right_joint_3,right_joint_4,right_joint_5,right_joint_6,right_joint_7,-97.83613377761552,-72.64621983058358,92.06882944750546,-91.39542906194983,-74.2659020008112,15.724262115517725,10.737455032204693,,
1780128049,654384086,right_base_cmd,right_joint_1,right_joint_2,right_joint_3,right_joint_4,right_joint_5,right_joint_6,right_joint_7,-97.69096267302703,-72.62448370852299,92.00054873788733,-91.25132857565019,-74.16143627138507,15.554681115875162,10.412870980779914,,
1780128049,664482948,right_base_cmd,right_joint_1,right_joint_2,right_joint_3,right_joint_4,right_joint_5,right_joint_6,right_joint_7,-97.66592776450378,-72.56348536432513,91.9554620448034,-91.18174070213918,-74.01673827673125,15.44048598819331,10.098582188928262,,
1780128049,674739164,right_base_cmd,right_joint_1,right_joint_2,right_joint_3,right_joint_4,right_joint_5,right_joint_6,right_joint_7,-97.6165263477287,-72.54015194037778,91.9418467142307,-91.12324095969372,-73.9305926939424,15.327330054236377,9.863284173609642,,
1780128049,685292809,right_base_cmd,right_joint_1,right_joint_2,right_joint_3,right_joint_4,right_joint_5,right_joint_6,right_joint_7,-97.58825259813702,-72.52520020342372,91.92726121030782,-91.07260818096485,-73.86608250887372,15.24078399366892,9.659422160663482,,
1780128049,694694581,right_base_cmd,right_joint_1,right_joint_2,right_joint_3,right_joint_4,right_joint_5,right_joint_6,right_joint_7,-97.533936882257,-72.51418096781158,91.90329580292857,-91.00715642701938,-73.82003160989359,15.163234031899442,9.492014426409341,,
1780128049,705141078,right_base_cmd,right_joint_1,right_joint_2,right_joint_3,right_joint_4,right_joint_5,right_joint_6,right_joint_7,-97.3759970438903,-72.50636314270595,91.85772534046541,-90.87748038378119,-73.80404961912808,15.058233668265139,9.36672684692256,,
1780128049,715840062,right_base_cmd,right_joint_1,right_joint_2,right_joint_3,right_joint_4,right_joint_5,right_joint_6,right_joint_7,-97.32599121964668,-72.48691509403228,91.85073771237941,-90.81489567002849,-73.76470628824268,14.960172283227514,9.228973863061,,
1780128049,724477952,right_base_cmd,right_joint_1,right_joint_2,right_joint_3,right_joint_4,right_joint_5,right_joint_6,right_joint_7,-97.28923168877569,-72.47221833896778,91.83751373453529,-90.77074165900423,-73.73360748423431,14.88622431665619,9.117463422257387,,
1780128049,734660025,right_base_cmd,right_joint_1,right_joint_2,right_joint_3,right_joint_4,right_joint_5,right_joint_6,right_joint_7,-97.2484104706912,-72.45932656624832,91.83011487719037,-90.72997518914742,-73.69995637874939,14.820997577514454,9.02139203216312,,
1780128049,744714515,right_base_cmd,right_joint_1,right_joint_2,right_joint_3,right_joint_4,right_joint_5,right_joint_6,right_joint_7,-97.27444674486136,-72.43127702919612,91.79222227432987,-90.72593197799473,-73.63825358839279,14.821840606410099,8.899231659059964,,
1780128049,754488791,right_base_cmd,right_joint_1,right_joint_2,right_joint_3,right_joint_4,right_joint_5,right_joint_6,right_joint_7,-97.25437124202128,-72.4115462478073,91.77005365617529,-90.70216319858356,-73.59449965155807,14.808598364809605,8.815224412191569,,
1780128049,764738627,right_base_cmd,right_joint_1,right_joint_2,right_joint_3,right_joint_4,right_joint_5,right_joint_6,right_joint_7,-97.21909147241988,-72.39506716314783,91.75968444143379,-90.67509873329745,-73.56793457895196,14.789116159389614,8.748088043106108,,
1780128049,776153094,right_base_cmd,right_joint_1,right_joint_2,right_joint_3,right_joint_4,right_joint_5,right_joint_6,right_joint_7,-97.13762363520672,-72.36427631559106,91.71253059087852,-90.61220457779724,-73.53583349999286,14.782468452676262,8.66540954374021,,
1780128049,785049597,right_base_cmd,right_joint_1,right_joint_2,right_joint_3,right_joint_4,right_joint_5,right_joint_6,right_joint_7,-97.09335251158697,-72.36964417226558,91.69772858353022,-90.56448967381284,-73.53088098896762,14.744835812099844,8.578346450891033,,
1780128049,796597178,right_base_cmd,right_joint_1,right_joint_2,right_joint_3,right_joint_4,right_joint_5,right_joint_6,right_joint_7,-97.06063104357881,-72.36050760120499,91.66995308726777,-90.52353024686978,-73.5034169779608,14.724266284424523,8.49258646796629,,
1780128049,805377110,right_base_cmd,right_joint_1,right_joint_2,right_joint_3,right_joint_4,right_joint_5,right_joint_6,right_joint_7,-97.01656747164108,-72.3413169988121,91.63311605968951,-90.48732851819234,-73.45821910763186,14.710581219862497,8.406401677080154,,
1780128049,814814735,right_base_cmd,right_joint_1,right_joint_2,right_joint_3,right_joint_4,right_joint_5,right_joint_6,right_joint_7,-96.95908405845287,-72.34506336730472,91.64161385550582,-90.44686254291004,-73.440501820973,14.651464030271889,8.358210315992707,,
1780128049,824782772,right_base_cmd,right_joint_1,right_joint_2,right_joint_3,right_joint_4,right_joint_5,right_joint_6,right_joint_7,-96.95386827984024,-72.30541305203208,91.60385889462256,-90.44495297478205,-73.3642859115484,14.655422731290805,8.28838387884825,,
1780128049,835009975,right_base_cmd,right_joint_1,right_joint_2,right_joint_3,right_joint_4,right_joint_5,right_joint_6,right_joint_7,-96.94707438633682,-72.28623405520234,91.5842125054198,-90.4433228917667,-73.30673215034966,14.647132401201539,8.229091285124795,,
1780128049,844754043,right_base_cmd,right_joint_1,right_joint_2,right_joint_3,right_joint_4,right_joint_5,right_joint_6,right_joint_7,-96.93313842604314,-72.25282642220954,91.54198307744215,-90.44558160644034,-73.22710216238681,14.662478976288476,8.166582229928608,,
1780128049,854681907,right_base_cmd,right_joint_1,right_joint_2,right_joint_3,right_joint_4,right_joint_5,right_joint_6,right_joint_7,-96.92222439432888,-72.23234583503849,91.5175084653034,-90.4449111240494,-73.1597876855617,14.663248068068533,8.099092762394534,,
1780128049,864758374,right_base_cmd,right_joint_1,right_joint_2,right_joint_3,right_joint_4,right_joint_5,right_joint_6,right_joint_7,-96.81699958219056,-72.18424918491839,91.4678265491008,-90.40884714225145,-73.08434985468375,14.661688665636696,8.04220632385038,,
1780128049,875357603,right_base_cmd,right_joint_1,right_joint_2,right_joint_3,right_joint_4,right_joint_5,right_joint_6,right_joint_7,-96.79835781305829,-72.1472951495008,91.42237671049642,-90.40039770367709,-73.01037699553376,14.664528235485314,7.929686345699608,,
1780128049,884526875,right_base_cmd,right_joint_1,right_joint_2,right_joint_3,right_joint_4,right_joint_5,right_joint_6,right_joint_7,-96.75827659804364,-72.12515762066336,91.39048135102192,-90.3827392393547,-72.9635158745765,14.64485140333381,7.839462671045666,,
1780128049,894625781,right_base_cmd,right_joint_1,right_joint_2,right_joint_3,right_joint_4,right_joint_5,right_joint_6,right_joint_7,-96.71354048947038,-72.11125937012208,91.36136386124244,-90.35869844917183,-72.92551342104161,14.615765624185606,7.748835675416316,,
1780128049,904368973,right_base_cmd,right_joint_1,right_joint_2,right_joint_3,right_joint_4,right_joint_5,right_joint_6,right_joint_7,-96.58680024229423,-72.08525673073156,91.30154888931642,-90.30879983152148,-72.86472503609673,14.57024074035747,7.660692636841972,,
1780128049,914511262,right_base_cmd,right_joint_1,right_joint_2,right_joint_3,right_joint_4,right_joint_5,right_joint_6,right_joint_7,-96.54353535520445,-72.0635318709679,91.25331505056826,-90.27025924810779,-72.78596855618116,14.523590795013725,7.50747329552847,,
1780128049,925556624,right_base_cmd,right_joint_1,right_joint_2,right_joint_3,right_joint_4,right_joint_5,right_joint_6,right_joint_7,-96.49009672431956,-72.05071924728345,91.21673284012158,-90.22912071478727,-72.72442015933888,14.471189485882526,7.371712041586463,,
1780128049,934444794,right_base_cmd,right_joint_1,right_joint_2,right_joint_3,right_joint_4,right_joint_5,right_joint_6,right_joint_7,-96.41850644462195,-72.03746020678166,91.17570039652745,-90.1780874485607,-72.67784142541285,14.419999996247903,7.246317778493093,,
1780128049,944545245,right_base_cmd,right_joint_1,right_joint_2,right_joint_3,right_joint_4,right_joint_5,right_joint_6,right_joint_7,-96.34570226113593,-72.04076989197263,91.15186610495604,-90.13270010282044,-72.66760312838056,14.35275380189649,7.140445430463657,,
1780128049,954400778,right_base_cmd,right_joint_1,right_joint_2,right_joint_3,right_joint_4,right_joint_5,right_joint_6,right_joint_7,-96.19307893397692,-72.0630676820381,91.11381225493389,-90.06585193935696,-72.71003949642812,14.25816082667479,7.049099458911186,,
1780128049,965153083,right_base_cmd,right_joint_1,right_joint_2,right_joint_3,right_joint_4,right_joint_5,right_joint_6,right_joint_7,-96.1117694519858,-72.07406713669873,91.09613344326849,-90.00774562923517,-72.7264419937955,14.153866536298672,6.913911323898603,,
1780128049,974568441,right_base_cmd,right_joint_1,right_joint_2,right_joint_3,right_joint_4,right_joint_5,right_joint_6,right_joint_7,-96.04606227519778,-72.06057058844523,91.04445360039907,-89.95574738012967,-72.70509535070505,14.088067191334694,6.763850076800779,,
1780128049,986293960,right_base_cmd,right_joint_1,right_joint_2,right_joint_3,right_joint_4,right_joint_5,right_joint_6,right_joint_7,-95.96775091540238,-72.06728345753397,91.01518075922698,-89.90130968925253,-72.69950435309312,14.00387869807566,6.63459753846864,,
1780128049,994697815,right_base_cmd,right_joint_1,right_joint_2,right_joint_3,right_joint_4,right_joint_5,right_joint_6,right_joint_7,-95.88110745732664,-72.05051945580671,90.9579331172009,-89.85487003439296,-72.65983340240581,13.950922896415996,6.508383708518679,,
1780128050,4956366,right_base_cmd,right_joint_1,right_joint_2,right_joint_3,right_joint_4,right_joint_5,right_joint_6,right_joint_7,-95.8076081546748,-72.04900615198854,90.91304157066335,-89.8023344014622,-72.61910381599637,13.889831907967114,6.371813282554271,,
1780128050,14548527,right_base_cmd,right_joint_1,right_joint_2,right_joint_3,right_joint_4,right_joint_5,right_joint_6,right_joint_7,-95.63101228666127,-72.06118767828868,90.83588482929653,-89.73876026688556,-72.58851188912809,13.825197074258604,6.281849018089176,,
1780128050,24472827,right_base_cmd,right_joint_1,right_joint_2,right_joint_3,right_joint_4,right_joint_5,right_joint_6,right_joint_7,-95.55366334885375,-72.06649690758049,90.79616447560946,-89.6971364097749,-72.53349552003709,13.738573243270714,6.146947259992757,,
1780128050,34608000,right_base_cmd,right_joint_1,right_joint_2,right_joint_3,right_joint_4,right_joint_5,right_joint_6,right_joint_7,-95.47552176832599,-72.0616193915878,90.75268701345308,-89.65809664762538,-72.47462281986685,13.660357991771555,6.033300501491894,,
1780128050,45206395,right_base_cmd,right_joint_1,right_joint_2,right_joint_3,right_joint_4,right_joint_5,right_joint_6,right_joint_7,-95.40613026365313,-72.09174930711715,90.74612226702683,-89.63219648721032,-72.45993122640829,13.556113540351937,5.95006641718355,,
1780128050,54313836,right_base_cmd,right_joint_1,right_joint_2,right_joint_3,right_joint_4,right_joint_5,right_joint_6,right_joint_7,-95.22074242681677,-72.13552629343776,90.70135013119656,-89.57828735689476,-72.46145045650502,13.440467568858601,5.903882665893022,,
1780128050,64493882,right_base_cmd,right_joint_1,right_joint_2,right_joint_3,right_joint_4,right_joint_5,right_joint_6,right_joint_7,-95.14137098654763,-72.15314361964359,90.68074345322313,-89.53955211182576,-72.41727239097912,13.3187631030275,5.7830701464085195,,
1780128050,74341515,right_base_cmd,right_joint_1,right_joint_2,right_joint_3,right_joint_4,right_joint_5,right_joint_6,right_joint_7,-95.05158827240749,-72.16309717603379,90.65182560467744,-89.4979200361022,-72.36209454045309,13.214901071890559,5.6675038609413235,,
1780128050,84617134,right_base_cmd,right_joint_1,right_joint_2,right_joint_3,right_joint_4,right_joint_5,right_joint_6,right_joint_7,-94.97152370668661,-72.16540567037607,90.61283609652756,-89.46872459259625,-72.29603703977659,13.132307785211204,5.54909374015709,,
1780128050,94667101,right_base_cmd,right_joint_1,right_joint_2,right_joint_3,right_joint_4,right_joint_5,right_joint_6,right_joint_7,-94.86126782124936,-72.16981357972067,90.55393199630228,-89.43454791637028,-72.23157912626914,13.064958489197984,5.443360977992299,,
1780128050,106816163,right_base_cmd,right_joint_1,right_joint_2,right_joint_3,right_joint_4,right_joint_5,right_joint_6,right_joint_7,-94.81826430216367,-72.15786850770117,90.52658156807607,-89.42684353084543,-72.15772522442421,12.997186591716464,5.33085685023444,,
1780128050,114616236,right_base_cmd,right_joint_1,right_joint_2,right_joint_3,right_joint_4,right_joint_5,right_joint_6,right_joint_7,-94.69649469800422,-72.14756700476813,90.43243763906449,-89.47009449449128,-72.08822093282095,12.985329050046296,5.281856251920871,,
1780128050,124599074,right_base_cmd,right_joint_1,right_joint_2,right_joint_3,right_joint_4,right_joint_5,right_joint_6,right_joint_7,-94.61217688011212,-72.14666967119145,90.39325210262123,-89.4543776132315,-72.01198877368773,12.904965344151897,5.154331129938427,,
1780128050,134896244,right_base_cmd,right_joint_1,right_joint_2,right_joint_3,right_joint_4,right_joint_5,right_joint_6,right_joint_7,-94.5254866971018,-72.1390962388726,90.34237714462589,-89.42768090217636,-71.91913572519621,12.831505054800978,5.0080249981058245,,
1780128050,144509688,right_base_cmd,right_joint_1,right_joint_2,right_joint_3,right_joint_4,right_joint_5,right_joint_6,right_joint_7,-94.43693819648772,-72.13685601624952,90.31309085108958,-89.41665086218678,-71.83434812064189,12.74443285650154,4.876969907317445,,
1780128050,154379279,right_base_cmd,right_joint_1,right_joint_2,right_joint_3,right_joint_4,right_joint_5,right_joint_6,right_joint_7,-94.20044552806766,-72.14332887747237,90.22604553067603,-89.35548630586415,-71.72310619910616,12.655290419265164,4.720797328548244,,
1780128050,165251016,right_base_cmd,right_joint_1,right_joint_2,right_joint_3,right_joint_4,right_joint_5,right_joint_6,right_joint_7,-94.09200348786484,-72.14521126237419,90.1855315595258,-89.29488649619215,-71.59403316218572,12.53356920468088,4.464541874280414,,
1780128050,174840469,right_base_cmd,right_joint_1,right_joint_2,right_joint_3,right_joint_4,right_joint_5,right_joint_6,right_joint_7,-93.98302831090464,-72.15265760926418,90.14985379007638,-89.24508907482267,-71.48776659176036,12.419672882522498,4.233870675182558,,
1780128050,184713191,right_base_cmd,right_joint_1,right_joint_2,right_joint_3,right_joint_4,right_joint_5,right_joint_6,right_joint_7,-93.85808899023144,-72.16612349501538,90.11157662901181,-89.17730566395859,-71.39412360633037,12.305565882746471,4.0083442935901274,,
1780128050,194896902,right_base_cmd,right_joint_1,right_joint_2,right_joint_3,right_joint_4,right_joint_5,right_joint_6,right_joint_7,-93.71598220674954,-72.17445534481227,90.08708033686358,-89.1069440925511,-71.3070390773978,12.183375505872512,3.8036636617636503,,
1780128050,204293415,right_base_cmd,right_joint_1,right_joint_2,right_joint_3,right_joint_4,right_joint_5,right_joint_6,right_joint_7,-93.48457701287677,-72.18246675480556,90.00020926240003,-89.0439242079478,-71.19570823235352,12.106455546768025,3.583127224633685,,
1780128050,214362289,right_base_cmd,right_joint_1,right_joint_2,right_joint_3,right_joint_4,right_joint_5,right_joint_6,right_joint_7,-93.38908535863212,-72.15972358782257,89.9306515493893,-89.00548309805488,-71.03416413887044,12.043712164982033,3.2743588067216223,,
1780128050,224542910,right_base_cmd,right_joint_1,right_joint_2,right_joint_3,right_joint_4,right_joint_5,right_joint_6,right_joint_7,-93.30695270775439,-72.15784817232255,89.88970773364125,-88.95312494113621,-70.90583435694799,11.971602975934339,3.0005342168827127,,
1780128050,235729895,right_base_cmd,right_joint_1,right_joint_2,right_joint_3,right_joint_4,right_joint_5,right_joint_6,right_joint_7,-93.1753280082327,-72.16939215442387,89.85925635249046,-88.90495995504251,-70.80295754933178,11.895195791542626,2.7977524868575046,,
1780128050,245181011,right_base_cmd,right_joint_1,right_joint_2,right_joint_3,right_joint_4,right_joint_5,right_joint_6,right_joint_7,-93.08333658809951,-72.17534875925726,89.81752754729061,-88.86636621087099,-70.69006989373923,11.841123727673853,2.5884637369306205,,
1780128050,256158025,right_base_cmd,right_joint_1,right_joint_2,right_joint_3,right_joint_4,right_joint_5,right_joint_6,right_joint_7,-92.9819967864843,-72.18291686625908,89.77265938202626,-88.83140067120736,-70.57804822238865,11.795681938046023,2.4008232923091413,,
1780128050,264524821,right_base_cmd,right_joint_1,right_joint_2,right_joint_3,right_joint_4,right_joint_5,right_joint_6,right_joint_7,-92.75902374228085,-72.20785145482337,89.6782840613989,-88.7838870588321,-70.43080342920263,11.75786569413902,2.2210789122301975,,
1780128050,274303450,right_base_cmd,right_joint_1,right_joint_2,right_joint_3,right_joint_4,right_joint_5,right_joint_6,right_joint_7,-92.66266288823064,-72.21863052218397,89.64365652890692,-88.70724381310096,-70.25975050329708,11.661547163949429,1.9403769595395914,,
1780128050,284687366,right_base_cmd,right_joint_1,right_joint_2,right_joint_3,right_joint_4,right_joint_5,right_joint_6,right_joint_7,-92.53277914656675,-72.22389061819321,89.57592812994946,-88.62104503262852,-70.08473685932455,11.5880846789479,1.6781816542524979,,
1780128050,294757421,right_base_cmd,right_joint_1,right_joint_2,right_joint_3,right_joint_4,right_joint_5,right_joint_6,right_joint_7,-92.4182079936181,-72.23181802956022,89.53627232571918,-88.54369712176607,-69.93200222173289,11.500167394383489,1.4404520177386502,,
1780128050,304483772,right_base_cmd,right_joint_1,right_joint_2,right_joint_3,right_joint_4,right_joint_5,right_joint_6,right_joint_7,-92.2830839358746,-72.24694932761169,89.47904317467803,-88.44606945220347,-69.79140956542665,11.41840296971862,1.1987429800234253,,
1780128050,314572433,right_base_cmd,right_joint_1,right_joint_2,right_joint_3,right_joint_4,right_joint_5,right_joint_6,right_joint_7,-92.09075912692569,-72.24733985610341,89.37488523116733,-88.37117412135025,-69.62605922482749,11.370119312629988,0.9667393365959214,,
1780128050,324526857,right_base_cmd,right_joint_1,right_joint_2,right_joint_3,right_joint_4,right_joint_5,right_joint_6,right_joint_7,-92.01734224533018,-72.25957427581717,89.35156531625879,-88.30410301366307,-69.49718354649059,11.265683484382187,0.7091085167411819,,
1780128050,334596848,right_base_cmd,right_joint_1,right_joint_2,right_joint_3,right_joint_4,right_joint_5,right_joint_6,right_joint_7,-91.93336312412438,-72.27582614281535,89.33903787130228,-88.25397478676406,-69.40373240259726,11.167113682627651,0.5177530210840331,,
1780128050,344692102,right_base_cmd,right_joint_1,right_joint_2,right_joint_3,right_joint_4,right_joint_5,right_joint_6,right_joint_7,-91.86091012124845,-72.29031488564813,89.3202461357861,-88.20625542439588,-69.33252507966785,11.08336829082112,0.35017616517943395,,
1780128050,354272228,right_base_cmd,right_joint_1,right_joint_2,right_joint_3,right_joint_4,right_joint_5,right_joint_6,right_joint_7,-91.72232946976501,-72.30089147828325,89.2760206282965,-88.16252672277245,-69.27607962244093,11.01479856846624,0.2233029328481706,,
1780128050,364482012,right_base_cmd,right_joint_1,right_joint_2,right_joint_3,right_joint_4,right_joint_5,right_joint_6,right_joint_7,-91.67203812955111,-72.30997578377271,89.26835682078641,-88.12112574139242,-69.23071016045998,10.928170913754634,0.06652891610274025,,
1780128050,374702280,right_base_cmd,right_joint_1,right_joint_2,right_joint_3,right_joint_4,right_joint_5,right_joint_6,right_joint_7,-91.61577676427967,-72.31821769368294,89.26514019293941,-88.0860669941003,-69.19872451710688,10.858493802413825,-0.048756950553539014,,
1780128050,384575655,right_base_cmd,right_joint_1,right_joint_2,right_joint_3,right_joint_4,right_joint_5,right_joint_6,right_joint_7,-91.58499715206543,-72.32500806756117,89.2576088650741,-88.06361185631603,-69.17520360508655,10.807644757391309,-0.14605120765561708,,
1780128050,395462534,right_base_cmd,right_joint_1,right_joint_2,right_joint_3,right_joint_4,right_joint_5,right_joint_6,right_joint_7,-91.55003305448767,-72.33042607119707,89.25373660081183,-88.04544820984758,-69.16128216500755,10.76362208201244,-0.21090574895005432,,
1780128050,404425920,right_base_cmd,right_joint_1,right_joint_2,right_joint_3,right_joint_4,right_joint_5,right_joint_6,right_joint_7,-91.5030775273826,-72.33402465426504,89.21386334355051,-88.01881400175058,-69.13395043884213,10.743168098114673,-0.26602031053040776,,
1780128050,414525472,right_base_cmd,right_joint_1,right_joint_2,right_joint_3,right_joint_4,right_joint_5,right_joint_6,right_joint_7,-91.46336635315853,-72.35021167285443,89.2099652176561,-87.99007461785534,-69.12503763653416,10.689959147464613,-0.3083877763565539,,
1780128050,424991021,right_base_cmd,right_joint_1,right_joint_2,right_joint_3,right_joint_4,right_joint_5,right_joint_6,right_joint_7,-91.44185546697187,-72.35021901331739,89.19343025685978,-87.9644106431049,-69.09579236814159,10.652532590508095,-0.3601992024989755,,
1780128050,434563210,right_base_cmd,right_joint_1,right_joint_2,right_joint_3,right_joint_4,right_joint_5,right_joint_6,right_joint_7,-91.3976102734376,-72.36455899723946,89.2034789939926,-87.91706682563041,-69.08370375232869,10.58710932717458,-0.39147157580352143,,
1780128050,444704367,right_base_cmd,right_joint_1,right_joint_2,right_joint_3,right_joint_4,right_joint_5,right_joint_6,right_joint_7,-91.38840823069276,-72.36426056539058,89.1843375034068,-87.89050654996608,-69.05423911301511,10.563036699443963,-0.44019616367445735,,
1780128050,456565395,right_base_cmd,right_joint_1,right_joint_2,right_joint_3,right_joint_4,right_joint_5,right_joint_6,right_joint_7,-91.39461379749557,-72.36593546779103,89.18443207051436,-87.88550213554664,-69.03310443472299,10.538760636512173,-0.4644437734566651,,
1780128050,464490997,right_base_cmd,right_joint_1,right_joint_2,right_joint_3,right_joint_4,right_joint_5,right_joint_6,right_joint_7,-91.44581607175658,-72.36130894793759,89.17593197660463,-87.89895220628956,-68.99346960183306,10.54420643730493,-0.48902412940448414,,
1780128050,474415267,right_base_cmd,right_joint_1,right_joint_2,right_joint_3,right_joint_4,right_joint_5,right_joint_6,right_joint_7,-91.44517558479626,-72.35760638929948,89.17868642308164,-87.89737293043943,-68.9631888096722,10.537313219961796,-0.47349515331195846,,
1780128050,484835661,right_base_cmd,right_joint_1,right_joint_2,right_joint_3,right_joint_4,right_joint_5,right_joint_6,right_joint_7,-91.46321171029595,-72.35082392206023,89.17044822578961,-87.90362680968197,-68.92958946451114,10.546343909642196,-0.46732779326687535,,
1780128050,494501216,right_base_cmd,right_joint_1,right_joint_2,right_joint_3,right_joint_4,right_joint_5,right_joint_6,right_joint_7,-91.47523779860936,-72.33983128132009,89.15689879863109,-87.90607958639386,-68.8942833114856,10.56096785452548,-0.46073633528375524,,
1780128050,504299900,right_base_cmd,right_joint_1,right_joint_2,right_joint_3,right_joint_4,right_joint_5,right_joint_6,right_joint_7,-91.48103349078613,-72.32644132260545,89.13164865715359,-87.8847338394158,-68.83738112233533,10.586140890768611,-0.4819600384065126,,
1780128050,514723621,right_base_cmd,right_joint_1,right_joint_2,right_joint_3,right_joint_4,right_joint_5,right_joint_6,right_joint_7,-91.48766823997713,-72.32146354582382,89.12192501496665,-87.87500801052632,-68.7991191041956,10.604857766164123,-0.49025740321782507,,
1780128050,524743835,right_base_cmd,right_joint_1,right_joint_2,right_joint_3,right_joint_4,right_joint_5,right_joint_6,right_joint_7,-91.4965258521494,-72.32941859190568,89.12723428688335,-87.8741947280454,-68.78491097132968,10.617019559365765,-0.48726742004102164,,
1780128050,534814875,right_base_cmd,right_joint_1,right_joint_2,right_joint_3,right_joint_4,right_joint_5,right_joint_6,right_joint_7,-91.49555428189055,-72.34639414873574,89.15763772166198,-87.87144823766052,-68.78754451071444,10.60382775878282,-0.4713943616664693,,
1780128050,544633876,right_base_cmd,right_joint_1,right_joint_2,right_joint_3,right_joint_4,right_joint_5,right_joint_6,right_joint_7,-91.51427876796808,-72.37942822685564,89.18656725242553,-87.8811054754765,-68.80256052308573,10.599838079224533,-0.45861864619327264,,
1780128050,554292095,right_base_cmd,right_joint_1,right_joint_2,right_joint_3,right_joint_4,right_joint_5,right_joint_6,right_joint_7,-91.53008911415995,-72.41967213497044,89.22214934881137,-87.88917948164398,-68.82484919573159,10.591344068471138,-0.44140296682657265,,
1780128050,564328842,right_base_cmd,right_joint_1,right_joint_2,right_joint_3,right_joint_4,right_joint_5,right_joint_6,right_joint_7,-91.55456343220735,-72.45417764912351,89.22519584392714,-87.87026341011479,-68.81709377193334,10.601747173792212,-0.45906261259723635,,
1780128050,574666843,right_base_cmd,right_joint_1,right_joint_2,right_joint_3,right_joint_4,right_joint_5,right_joint_6,right_joint_7,-91.57691569678647,-72.46407403182208,89.23074008138585,-87.88817573579293,-68.79473498949397,10.61720509582927,-0.4400576492138413,,
1780128050,584582935,right_base_cmd,right_joint_1,right_joint_2,right_joint_3,right_joint_4,right_joint_5,right_joint_6,right_joint_7,-91.5741577782845,-72.416230685511,89.1719162672143,-87.88748194511909,-68.70913946601041,10.674996480490854,-0.4418280062582909,,
1780128050,594551094,right_base_cmd,right_joint_1,right_joint_2,right_joint_3,right_joint_4,right_joint_5,right_joint_6,right_joint_7,-91.56449733166605,-72.39864317786522,89.1546340764888,-87.88259288781292,-68.66176906191589,10.693020709038315,-0.43037148015527293,,
1780128050,604287425,right_base_cmd,right_joint_1,right_joint_2,right_joint_3,right_joint_4,right_joint_5,right_joint_6,right_joint_7,-91.55232842337048,-72.37584885335896,89.09693570702356,-87.86080141370844,-68.59365868049042,10.731915962699027,-0.46346406538744134,,
1780128050,614776438,right_base_cmd,right_joint_1,right_joint_2,right_joint_3,right_joint_4,right_joint_5,right_joint_6,right_joint_7,-91.54566107129236,-72.39602691664943,89.12296755770157,-87.85980861968575,-68.58910801492556,10.707290920297233,-0.45707881550806917,,
1780128050,624563541,right_base_cmd,right_joint_1,right_joint_2,right_joint_3,right_joint_4,right_joint_5,right_joint_6,right_joint_7,-91.53455381788982,-72.42537242948363,89.14439761422861,-87.84841115889806,-68.60016378692495,10.683235782891423,-0.459427960977294,,
1780128050,634702442,right_base_cmd,right_joint_1,right_joint_2,right_joint_3,right_joint_4,right_joint_5,right_joint_6,right_joint_7,-91.53805997062037,-72.44616260487341,89.15166321300941,-87.83051473847145,-68.59878349149079,10.671218530641802,-0.4823513850850105,,
1780128050,644563680,right_base_cmd,right_joint_1,right_joint_2,right_joint_3,right_joint_4,right_joint_5,right_joint_6,right_joint_7,-91.52674222052045,-72.46762044216167,89.16689426894172,-87.82228955114523,-68.6054266780053,10.656801642444698,-0.48313716277165497,,
1780128050,654233408,right_base_cmd,right_joint_1,right_joint_2,right_joint_3,right_joint_4,right_joint_5,right_joint_6,right_joint_7,-91.49044781361263,-72.4778695257216,89.17247802355635,-87.79488861993094,-68.59334130399407,10.641061959999043,-0.49551574992860026,,
1780128050,664706164,right_base_cmd,right_joint_1,right_joint_2,right_joint_3,right_joint_4,right_joint_5,right_joint_6,right_joint_7,-91.46506187929222,-72.47804062362464,89.16042884005626,-87.77063309220257,-68.56886278668424,10.640024882022153,-0.5280075358027858,,
1780128050,674562667,right_base_cmd,right_joint_1,right_joint_2,right_joint_3,right_joint_4,right_joint_5,right_joint_6,right_joint_7,-91.45962715036924,-72.46911316803069,89.13475144831156,-87.76749488517653,-68.53657302618757,10.659191982890839,-0.5684658780753722,,
1780128050,685680187,right_base_cmd,right_joint_1,right_joint_2,right_joint_3,right_joint_4,right_joint_5,right_joint_6,right_joint_7,-91.43831791817749,-72.45951777782876,89.11504504914447,-87.749626180482,-68.50185203342812,10.669842675152616,-0.611764615825976,,
1780128050,694487920,right_base_cmd,right_joint_1,right_joint_2,right_joint_3,right_joint_4,right_joint_5,right_joint_6,right_joint_7,-91.43699638103973,-72.47209254551105,89.10487903084064,-87.72777313033966,-68.4800982875442,10.672222650843715,-0.676618118874913,,
1780128050,705514440,right_base_cmd,right_joint_1,right_joint_2,right_joint_3,right_joint_4,right_joint_5,right_joint_6,right_joint_7,-91.4118784951726,-72.4837156959136,89.10477553385036,-87.70528241751227,-68.4658333568413,10.665427080568357,-0.717891544351474,,
1780128050,714370287,right_base_cmd,right_joint_1,right_joint_2,right_joint_3,right_joint_4,right_joint_5,right_joint_6,right_joint_7,-91.39944092406702,-72.51567782128349,89.10294766064592,-87.68443674860659,-68.46463138440208,10.659077583175424,-0.7878427728461048,,
1780128050,724735041,right_base_cmd,right_joint_1,right_joint_2,right_joint_3,right_joint_4,right_joint_5,right_joint_6,right_joint_7,-91.38158782197652,-72.5283607340058,89.1049722200236,-87.66178533915884,-68.44851331840698,10.64993724274263,-0.847498825365804,,
1780128050,734548895,right_base_cmd,right_joint_1,right_joint_2,right_joint_3,right_joint_4,right_joint_5,right_joint_6,right_joint_7,-91.32919354718936,-72.53880500501761,89.1145595410608,-87.63481601386293,-68.43756371990918,10.635012126623515,-0.8784546748044164,,
1780128050,744829669,right_base_cmd,right_joint_1,right_joint_2,right_joint_3,right_joint_4,right_joint_5,right_joint_6,right_joint_7,-91.30531665978882,-72.53945298797329,89.10347875915002,-87.61016236116963,-68.41277675470718,10.63681319007356,-0.9426906233749293,,
1780128050,754460069,right_base_cmd,right_joint_1,right_joint_2,right_joint_3,right_joint_4,right_joint_5,right_joint_6,right_joint_7,-91.26174316571556,-72.52803999765486,89.08167510381125,-87.58087356194507,-68.38161370478946,10.648043321746236,-1.0051231268244152,,
1780128050,764466056,right_base_cmd,right_joint_1,right_joint_2,right_joint_3,right_joint_4,right_joint_5,right_joint_6,right_joint_7,-91.22161570388849,-72.52927506281493,89.08875824315336,-87.5532782321845,-68.37012432771331,10.639886792867237,-1.0717787063367865,,
1780128050,775538960,right_base_cmd,right_joint_1,right_joint_2,right_joint_3,right_joint_4,right_joint_5,right_joint_6,right_joint_7,-91.20736788344212,-72.53907769783827,89.0823445089886,-87.52285179169947,-68.36200709221208,10.64055428084965,-1.1609700401474612,,
1780128050,784694224,right_base_cmd,right_joint_1,right_joint_2,right_joint_3,right_joint_4,right_joint_5,right_joint_6,right_joint_7,-91.18620061865207,-72.54771683669021,89.08992666175382,-87.50469686970611,-68.3738118982464,10.635239589310693,-1.2161820241620518,,
1780128050,794759498,right_base_cmd,right_joint_1,right_joint_2,right_joint_3,right_joint_4,right_joint_5,right_joint_6,right_joint_7,-91.16164064276362,-72.55741620523277,89.08490416649173,-87.47440159715195,-68.39048646956218,10.636552288810329,-1.2767845657459844,,
1780128050,804742964,right_base_cmd,right_joint_1,right_joint_2,right_joint_3,right_joint_4,right_joint_5,right_joint_6,right_joint_7,-91.14409972946672,-72.57396755164548,89.09879650467079,-87.46074160897139,-68.42319413250522,10.62657419243039,-1.3151337357041513,,
1780128050,814816805,right_base_cmd,right_joint_1,right_joint_2,right_joint_3,right_joint_4,right_joint_5,right_joint_6,right_joint_7,-91.11361732736756,-72.59091114835839,89.1271483992908,-87.45226182581003,-68.46818022953124,10.608723126261175,-1.3480587721114858,,
1780128050,824523675,right_base_cmd,right_joint_1,right_joint_2,right_joint_3,right_joint_4,right_joint_5,right_joint_6,right_joint_7,-91.09584568321961,-72.59972898700853,89.13792303956811,-87.43392081247181,-68.50317754162785,10.603264600145572,-1.4093630967974633,,
1780128050,834619089,right_base_cmd,right_joint_1,right_joint_2,right_joint_3,right_joint_4,right_joint_5,right_joint_6,right_joint_7,-91.04902219612202,-72.61434999153023,89.15935617487256,-87.39551758262441,-68.54741835573276,10.580258707214007,-1.4547511505802646,,
1780128050,844466562,right_base_cmd,right_joint_1,right_joint_2,right_joint_3,right_joint_4,right_joint_5,right_joint_6,right_joint_7,-91.04172783772188,-72.61346283133118,89.16138177207947,-87.38756740114191,-68.5705112780476,10.586535952720858,-1.512000480203838,,
1780128050,854501785,right_base_cmd,right_joint_1,right_joint_2,right_joint_3,right_joint_4,right_joint_5,right_joint_6,right_joint_7,-91.03764731339973,-72.60667522838777,89.18712081973715,-87.41672736119575,-68.60408724816398,10.597124550154838,-1.5456009337735424,,
1780128050,864329474,right_base_cmd,right_joint_1,right_joint_2,right_joint_3,right_joint_4,right_joint_5,right_joint_6,right_joint_7,-91.03771428053713,-72.60597716784936,89.18769155409288,-87.41553590733817,-68.63018405308583,10.622262055320853,-1.611346197674564,,
1780128050,875187739,right_base_cmd,right_joint_1,right_joint_2,right_joint_3,right_joint_4,right_joint_5,right_joint_6,right_joint_7,-91.03131793456319,-72.60403500960133,89.18377521308818,-87.41077666883713,-68.6567538824902,10.654562615470134,-1.667620577753624,,
1780128050,884739279,right_base_cmd,right_joint_1,right_joint_2,right_joint_3,right_joint_4,right_joint_5,right_joint_6,right_joint_7,-91.03323407782179,-72.61228333341298,89.19093869088661,-87.41267452873764,-68.68910480141801,10.677045023459307,-1.7139763331345108,,
1780128050,894642947,right_base_cmd,right_joint_1,right_joint_2,right_joint_3,right_joint_4,right_joint_5,right_joint_6,right_joint_7,-91.01305463304729,-72.62927726186463,89.22535038554926,-87.39156548862026,-68.72472668235946,10.663208508827104,-1.750381546563304,,
1780128050,904555356,right_base_cmd,right_joint_1,right_joint_2,right_joint_3,right_joint_4,right_joint_5,right_joint_6,right_joint_7,-91.01506462339714,-72.63829200224627,89.23273754686878,-87.39228947883716,-68.7444762544173,10.678125770534855,-1.7927775708524933,,
1780128050,914651304,right_base_cmd,right_joint_1,right_joint_2,right_joint_3,right_joint_4,right_joint_5,right_joint_6,right_joint_7,-91.01178451995091,-72.6544707341563,89.25631530069884,-87.40723738069126,-68.76745397773112,10.689978355188266,-1.817924396720187,,
1780128050,924505418,right_base_cmd,right_joint_1,right_joint_2,right_joint_3,right_joint_4,right_joint_5,right_joint_6,right_joint_7,-91.01546692608352,-72.65672522412974,89.25146110855283,-87.40762031734074,-68.76534767026106,10.71714043771221,-1.8673524971120656,,
1780128050,934638477,right_base_cmd,right_joint_1,right_joint_2,right_joint_3,right_joint_4,right_joint_5,right_joint_6,right_joint_7,-91.01092562018485,-72.67031977174271,89.26565381890683,-87.40312061133797,-68.77619209028472,10.722312299047935,-1.899224158627888,,
1780128050,944630583,right_base_cmd,right_joint_1,right_joint_2,right_joint_3,right_joint_4,right_joint_5,right_joint_6,right_joint_7,-91.01884674614237,-72.67266319001875,89.2620028813217,-87.40790603510813,-68.77087265017673,10.743164531063265,-1.9338716944556182,,
1780128050,954478188,right_base_cmd,right_joint_1,right_joint_2,right_joint_3,right_joint_4,right_joint_5,right_joint_6,right_joint_7,-91.02988612090107,-72.67468826687481,89.26068507764742,-87.41728470987336,-68.76468100586345,10.76290590850926,-1.9606829977205535,,
1780128050,964759845,right_base_cmd,right_joint_1,right_joint_2,right_joint_3,right_joint_4,right_joint_5,right_joint_6,right_joint_7,-91.05746327310223,-72.69314535716605,89.28981526200292,-87.45527629500295,-68.77928662389081,10.765372894460832,-1.953023311232485,,
1780128050,975084988,right_base_cmd,right_joint_1,right_joint_2,right_joint_3,right_joint_4,right_joint_5,right_joint_6,right_joint_7,-91.04927480482556,-72.71107013550979,89.32023486121992,-87.45606451534475,-68.79205770545417,10.752187113489477,-1.9364425427015277,,
1780128050,984513012,right_base_cmd,right_joint_1,right_joint_2,right_joint_3,right_joint_4,right_joint_5,right_joint_6,right_joint_7,-91.06929468885667,-72.71132532780685,89.31772556289448,-87.47831522610257,-68.78130922339403,10.772534333763709,-1.9308876373290929,,
1780128050,995183829,right_base_cmd,right_joint_1,right_joint_2,right_joint_3,right_joint_4,right_joint_5,right_joint_6,right_joint_7,-91.05946261434624,-72.71195597132846,89.33808872892067,-87.48020666184483,-68.77679722089982,10.762544687223176,-1.9033373264133644,,
1780128051,4385164,right_base_cmd,right_joint_1,right_joint_2,right_joint_3,right_joint_4,right_joint_5,right_joint_6,right_joint_7,-91.06958239969677,-72.7110624420841,89.33756921538728,-87.49182243461077,-68.76845100777376,10.771343379459275,-1.8955373915475917,,
1780128051,14486449,right_base_cmd,right_joint_1,right_joint_2,right_joint_3,right_joint_4,right_joint_5,right_joint_6,right_joint_7,-91.08933340925162,-72.72996521139062,89.36284034476145,-87.5237749022448,-68.78672127077175,10.764664654179803,-1.8644178918136873,,
1780128051,24673014,right_base_cmd,right_joint_1,right_joint_2,right_joint_3,right_joint_4,right_joint_5,right_joint_6,right_joint_7,-91.1019052082045,-72.74200940089555,89.37299160821365,-87.53607979853247,-68.79231867678675,10.76168855592153,-1.852298912203949,,
1780128051,34693148,right_base_cmd,right_joint_1,right_joint_2,right_joint_3,right_joint_4,right_joint_5,right_joint_6,right_joint_7,-91.11711335881901,-72.76357315988766,89.37991514366533,-87.5314420515157,-68.7955864005296,10.752495660048915,-1.8612204683219744,,
1780128051,45102796,right_base_cmd,right_joint_1,right_joint_2,right_joint_3,right_joint_4,right_joint_5,right_joint_6,right_joint_7,-91.11931589126286,-72.76998538888581,89.37732783396095,-87.52614153250683,-68.77829663322944,10.748103177513492,-1.868047390354164,,
1780128051,54361932,right_base_cmd,right_joint_1,right_joint_2,right_joint_3,right_joint_4,right_joint_5,right_joint_6,right_joint_7,-91.13842355352622,-72.7845475472425,89.37141091467154,-87.53331900317023,-68.73255768397433,10.742256816565437,-1.8902159654338249,,
1780128051,64550693,right_base_cmd,right_joint_1,right_joint_2,right_joint_3,right_joint_4,right_joint_5,right_joint_6,right_joint_7,-91.1578409435248,-72.7930526241196,89.3652954355471,-87.53995454767296,-68.67226906878574,10.738418578122214,-1.9054491014289425,,
1780128051,74480234,right_base_cmd,right_joint_1,right_joint_2,right_joint_3,right_joint_4,right_joint_5,right_joint_6,right_joint_7,-91.15587713288667,-72.80947359702618,89.3710034987412,-87.53093007091913,-68.61982646784679,10.716518997173985,-1.904536122139703,,
1780128051,84693756,right_base_cmd,right_joint_1,right_joint_2,right_joint_3,right_joint_4,right_joint_5,right_joint_6,right_joint_7,-91.17502540039246,-72.82873706000187,89.37135336247954,-87.53970096574302,-68.56376935455586,10.704503588921462,-1.8974858360083005,,
1780128051,94542375,right_base_cmd,right_joint_1,right_joint_2,right_joint_3,right_joint_4,right_joint_5,right_joint_6,right_joint_7,-91.17522095421404,-72.84374189143149,89.38102698481512,-87.54203792203454,-68.50430449731829,10.684437298803978,-1.8652193685454819,,
1780128051,104390165,right_base_cmd,right_joint_1,right_joint_2,right_joint_3,right_joint_4,right_joint_5,right_joint_6,right_joint_7,-91.2331209896142,-72.83605064640405,89.35793657350516,-87.58533552968966,-68.39649921762361,10.712306518523356,-1.8425239735921792,,
1780128051,115672184,right_base_cmd,right_joint_1,right_joint_2,right_joint_3,right_joint_4,right_joint_5,right_joint_6,right_joint_7,-91.2627421733363,-72.8409348808146,89.37412396511044,-87.61461446982175,-68.32180288348127,10.708307855795006,-1.7901809610705328,,
1780128051,124739348,right_base_cmd,right_joint_1,right_joint_2,right_joint_3,right_joint_4,right_joint_5,right_joint_6,right_joint_7,-91.30176169125937,-72.83868300954147,89.37927666665811,-87.64901089208713,-68.25644133254787,10.726443947324988,-1.7500775949855694,,
1780128051,134456460,right_base_cmd,right_joint_1,right_joint_2,right_joint_3,right_joint_4,right_joint_5,right_joint_6,right_joint_7,-91.32385048549716,-72.84317126536486,89.40005917181085,-87.67596400192657,-68.21744272464912,10.734030146935488,-1.6943854596390366,,
1780128051,144527532,right_base_cmd,right_joint_1,right_joint_2,right_joint_3,right_joint_4,right_joint_5,right_joint_6,right_joint_7,-91.3520913999732,-72.85999528529688,89.42624657952265,-87.69803472635517,-68.2145199252717,10.7415087717306,-1.6532830266270508,,
1780128051,154420016,right_base_cmd,right_joint_1,right_joint_2,right_joint_3,right_joint_4,right_joint_5,right_joint_6,right_joint_7,-91.3955638834145,-72.89760157455562,89.48565556896946,-87.71373917004924,-68.27936778607352,10.725283652412493,-1.617009252702374,,
1780128051,164437331,right_base_cmd,right_joint_1,right_joint_2,right_joint_3,right_joint_4,right_joint_5,right_joint_6,right_joint_7,-91.4063426182341,-72.91730713591967,89.52249565969512,-87.72490782293552,-68.35528780292753,10.728838304168399,-1.5691383123765519,,
1780128051,174546493,right_base_cmd,right_joint_1,right_joint_2,right_joint_3,right_joint_4,right_joint_5,right_joint_6,right_joint_7,-91.39439916579121,-72.93819804348028,89.58880460064964,-87.72027957712005,-68.46990961342118,10.704110696099185,-1.5105012085606546,,
1780128051,184549603,right_base_cmd,right_joint_1,right_joint_2,right_joint_3,right_joint_4,right_joint_5,right_joint_6,right_joint_7,-91.39588432412441,-72.95660632939816,89.65558107317801,-87.72450223732666,-68.63663521314658,10.687642402386025,-1.4644930240994114,,
1780128051,194476822,right_base_cmd,right_joint_1,right_joint_2,right_joint_3,right_joint_4,right_joint_5,right_joint_6,right_joint_7,-91.4007904047048,-72.97562559304187,89.73660689068097,-87.7304939831783,-68.84889190740358,10.665018916573679,-1.4148001862763664,,
1780128051,204332043,right_base_cmd,right_joint_1,right_joint_2,right_joint_3,right_joint_4,right_joint_5,right_joint_6,right_joint_7,-91.39511617722687,-73.03988771377068,89.9870180503365,-87.7374740912182,-69.37735691858876,10.53993506171998,-1.3212146553639315,,
1780128051,214487842,right_base_cmd,right_joint_1,right_joint_2,right_joint_3,right_joint_4,right_joint_5,right_joint_6,right_joint_7,-91.36565128298915,-73.08946896429644,90.14470907003326,-87.71961992412396,-69.96362990280988,10.49957395457222,-1.2909829159492148,,
1780128051,225102931,right_base_cmd,right_joint_1,right_joint_2,right_joint_3,right_joint_4,right_joint_5,right_joint_6,right_joint_7,-91.31037348297409,-73.19022031898886,90.3955540119201,-87.6867290941325,-70.7502985942046,10.38765728458521,-1.2460585419659793,,
1780128051,234581881,right_base_cmd,right_joint_1,right_joint_2,right_joint_3,right_joint_4,right_joint_5,right_joint_6,right_joint_7,-91.25454045227971,-73.26794616493534,90.62530919553964,-87.65299524764949,-71.62977277066113,10.311742972282566,-1.2352098729123924,,
1780128051,244484365,right_base_cmd,right_joint_1,right_joint_2,right_joint_3,right_joint_4,right_joint_5,right_joint_6,right_joint_7,-91.1762480526468,-73.35014610983735,90.93180736607846,-87.62865757443781,-72.7271120685894,10.199403396225371,-1.1880868518527024,,
1780128051,254558913,right_base_cmd,right_joint_1,right_joint_2,right_joint_3,right_joint_4,right_joint_5,right_joint_6,right_joint_7,-91.02245585978315,-73.45991407470753,91.54548164343495,-87.65964169264983,-74.54780034980939,9.908817952045304,-0.9502591657420254,,
1780128051,264495357,right_base_cmd,right_joint_1,right_joint_2,right_joint_3,right_joint_4,right_joint_5,right_joint_6,right_joint_7,-90.96782020213922,-73.49643452637629,91.83923921376945,-87.70755903732795,-76.28717994255231,9.908819872299667,-0.8084755959442447,,
1780128051,274273123,right_base_cmd,right_joint_1,right_joint_2,right_joint_3,right_joint_4,right_joint_5,right_joint_6,right_joint_7,-90.91526122260436,-73.57818400258158,92.15158130783922,-87.77648199153414,-78.04595067859361,9.878978672598016,-0.5944417848514973,,
1780128051,285019619,right_base_cmd,right_joint_1,right_joint_2,right_joint_3,right_joint_4,right_joint_5,right_joint_6,right_joint_7,-90.97455832214379,-73.66511550656743,92.53459815211815,-88.00579368939528,-79.88370978204034,9.808572542971156,-0.17363409664774565,,
1780128051,295392856,right_base_cmd,right_joint_1,right_joint_2,right_joint_3,right_joint_4,right_joint_5,right_joint_6,right_joint_7,-91.02313732524632,-73.75914531186602,92.91020590595329,-88.26336132814431,-81.7611619712618,9.723798856119807,0.37134821627533654,,
1780128051,305504659,right_base_cmd,right_joint_1,right_joint_2,right_joint_3,right_joint_4,right_joint_5,right_joint_6,right_joint_7,-91.1730949640154,-73.86146609787154,93.30926490015199,-88.68931294736491,-83.6931440605374,9.632433836954029,1.1312304008724112,,
1780128051,315597318,right_base_cmd,right_joint_1,right_joint_2,right_joint_3,right_joint_4,right_joint_5,right_joint_6,right_joint_7,-91.38227089226504,-74.00016818244701,94.08012781368703,-89.53335122469049,-86.51489076839266,9.215110822953882,2.608621313353737,,
1780128051,324471867,right_base_cmd,right_joint_1,right_joint_2,right_joint_3,right_joint_4,right_joint_5,right_joint_6,right_joint_7,-91.44139154598784,-74.0361917469847,94.40208539368004,-89.9826832940304,-89.0137557183898,9.077322854859183,3.748905155323584,,
1780128051,334471460,right_base_cmd,right_joint_1,right_joint_2,right_joint_3,right_joint_4,right_joint_5,right_joint_6,right_joint_7,-91.48439560209951,-74.0806632559826,94.71419324745742,-90.41665422997006,-91.3982507503519,8.882571947419088,4.827252756474294,,
1780128051,344636221,right_base_cmd,right_joint_1,right_joint_2,right_joint_3,right_joint_4,right_joint_5,right_joint_6,right_joint_7,-91.47580843475939,-74.10758795992685,94.88848153752477,-90.74075044729013,-93.55464951947499,8.823301469306053,5.670920185182339,,
1780128051,354299118,right_base_cmd,right_joint_1,right_joint_2,right_joint_3,right_joint_4,right_joint_5,right_joint_6,right_joint_7,-91.39224470659022,-74.21580302667537,95.2802307592631,-91.18658097092613,-96.19665310261394,8.52107242601506,6.63452206530512,,
1780128051,364598291,right_base_cmd,right_joint_1,right_joint_2,right_joint_3,right_joint_4,right_joint_5,right_joint_6,right_joint_7,-91.31698548258171,-74.25619739519125,95.33427693384843,-91.25290200664604,-98.22037664794891,8.555933480155382,7.0376491898282865,,
1780128051,374980798,right_base_cmd,right_joint_1,right_joint_2,right_joint_3,right_joint_4,right_joint_5,right_joint_6,right_joint_7,-91.24410740299427,-74.2830410460136,95.34828198624123,-91.31148902785999,-99.91413623413268,8.597246193969575,7.359142312340211,,
1780128051,384985795,right_base_cmd,right_joint_1,right_joint_2,right_joint_3,right_joint_4,right_joint_5,right_joint_6,right_joint_7,-91.21453621940091,-74.32073154275999,95.31950092830161,-91.28311168926429,-101.15634970676973,8.688367095615043,7.4694779159974445,,
1780128051,394638267,right_base_cmd,right_joint_1,right_joint_2,right_joint_3,right_joint_4,right_joint_5,right_joint_6,right_joint_7,-91.28546774111058,-74.35252473766566,95.22066743312936,-91.32508249019351,-102.05418243634887,8.86384024906932,7.589885347588037,,
1780128051,404228519,right_base_cmd,right_joint_1,right_joint_2,right_joint_3,right_joint_4,right_joint_5,right_joint_6,right_joint_7,-91.37784932670954,-74.41314738739693,95.14422967443298,-91.35530528052688,-102.7195844859059,8.950997294066845,7.748199641499909,,
1780128051,415189760,right_base_cmd,right_joint_1,right_joint_2,right_joint_3,right_joint_4,right_joint_5,right_joint_6,right_joint_7,-91.50198724355843,-74.43677545268515,95.10843168319568,-91.49007636938764,-103.23434633258853,8.982051665618435,7.993823367884303,,
1780128051,424765463,right_base_cmd,right_joint_1,right_joint_2,right_joint_3,right_joint_4,right_joint_5,right_joint_6,right_joint_7,-91.59257058749594,-74.45423191734336,95.07727369075027,-91.59250526276277,-103.61129251002444,8.983627452857213,8.260481219528387,,
1780128051,434715636,right_base_cmd,right_joint_1,right_joint_2,right_joint_3,right_joint_4,right_joint_5,right_joint_6,right_joint_7,-91.7172952113327,-74.47157556320498,95.05387442323885,-91.72657143581712,-103.92548706355342,8.999741472027559,8.51467694102034,,
1780128051,444578430,right_base_cmd,right_joint_1,right_joint_2,right_joint_3,right_joint_4,right_joint_5,right_joint_6,right_joint_7,-91.78142285281936,-74.49385710353899,95.04794360619226,-91.824085535458,-104.22745867518302,8.964165658653378,8.779581917323,,
1780128051,454453860,right_base_cmd,right_joint_1,right_joint_2,right_joint_3,right_joint_4,right_joint_5,right_joint_6,right_joint_7,-91.94016271919511,-74.57023048876609,95.10857278694951,-92.01465238586373,-104.72172221336405,8.873226975408052,9.096596169078097,,
1780128051,464334355,right_base_cmd,right_joint_1,right_joint_2,right_joint_3,right_joint_4,right_joint_5,right_joint_6,right_joint_7,-92.00249784310793,-74.60547425774014,95.1495679417678,-92.15919628623904,-105.20544641446872,8.783280162513684,9.441977968793239,,
1780128051,474362645,right_base_cmd,right_joint_1,right_joint_2,right_joint_3,right_joint_4,right_joint_5,right_joint_6,right_joint_7,-92.06624675198728,-74.6278831877819,95.17389155345458,-92.27675394002291,-105.67088152849811,8.738385699988449,9.75425827289125,,
1780128051,484455712,right_base_cmd,right_joint_1,right_joint_2,right_joint_3,right_joint_4,right_joint_5,right_joint_6,right_joint_7,-92.15246001384006,-74.65918422655263,95.22408188962598,-92.46041852697023,-106.19840939295824,8.688433892399935,10.114770701062739,,
1780128051,494488302,right_base_cmd,right_joint_1,right_joint_2,right_joint_3,right_joint_4,right_joint_5,right_joint_6,right_joint_7,-92.24765166883188,-74.68349961532557,95.23068877051938,-92.60050140542621,-106.71297466247358,8.707824174261482,10.43039088095746,,
1780128051,505068906,right_base_cmd,right_joint_1,right_joint_2,right_joint_3,right_joint_4,right_joint_5,right_joint_6,right_joint_7,-92.26237912888914,-74.71367888229993,95.26421965037176,-92.70340167250698,-107.23011667922117,8.669232556119717,10.750331083616672,,
1780128051,515388924,right_base_cmd,right_joint_1,right_joint_2,right_joint_3,right_joint_4,right_joint_5,right_joint_6,right_joint_7,-92.40812721768023,-74.74553341046261,95.30243818450813,-92.93111604841546,-107.85246517353744,8.658155163703618,11.139256927270068,,
1780128051,525193490,right_base_cmd,right_joint_1,right_joint_2,right_joint_3,right_joint_4,right_joint_5,right_joint_6,right_joint_7,-92.4855410698813,-74.76755612800527,95.30388046946533,-93.05169292363333,-108.35220009582872,8.677715107416937,11.459399618464815,,
1780128051,534383043,right_base_cmd,right_joint_1,right_joint_2,right_joint_3,right_joint_4,right_joint_5,right_joint_6,right_joint_7,-92.51584236214867,-74.78588208855037,95.28710113764512,-93.12236902629839,-108.76104410310234,8.709303603611893,11.761485891991512,,
1780128051,544740592,right_base_cmd,right_joint_1,right_joint_2,right_joint_3,right_joint_4,right_joint_5,right_joint_6,right_joint_7,-92.59017375553324,-74.81314809638151,95.28135558075499,-93.20690929702336,-109.07886852421473,8.741280520814662,12.01362864896383,,
1780128051,554336566,right_base_cmd,right_joint_1,right_joint_2,right_joint_3,right_joint_4,right_joint_5,right_joint_6,right_joint_7,-92.73473817605961,-74.85617016191982,95.25901237662626,-93.31947567994298,-109.34800452125944,8.783059159087777,12.283786316099835,,
1780128051,564446638,right_base_cmd,right_joint_1,right_joint_2,right_joint_3,right_joint_4,right_joint_5,right_joint_6,right_joint_7,-92.79066911779287,-74.85394742715631,95.22245357899553,-93.3757925695851,-109.49943480768542,8.787811633429278,12.547600441494566,,
1780128051,574940326,right_base_cmd,right_joint_1,right_joint_2,right_joint_3,right_joint_4,right_joint_5,right_joint_6,right_joint_7,-92.86926176165971,-74.85440359673983,95.18257327384921,-93.45371774574092,-109.5955040885068,8.796978106412048,12.787266136056687,,
1780128051,584754328,right_base_cmd,right_joint_1,right_joint_2,right_joint_3,right_joint_4,right_joint_5,right_joint_6,right_joint_7,-92.94666798866106,-74.82921284520314,95.14004013042481,-93.51476596397727,-109.60735477331502,8.81391207700836,12.997675269183091,,
1780128051,595139895,right_base_cmd,right_joint_1,right_joint_2,right_joint_3,right_joint_4,right_joint_5,right_joint_6,right_joint_7,-93.02727159596705,-74.80510969071044,95.09949778607117,-93.58643062530179,-109.59308042463812,8.840919953822215,13.20009461749963,,
1780128051,604476551,right_base_cmd,right_joint_1,right_joint_2,right_joint_3,right_joint_4,right_joint_5,right_joint_6,right_joint_7,-93.10465194680827,-74.78704077715624,95.06998939448951,-93.65180603729387,-109.54867262944265,8.882827967020042,13.366321447019331,,
1780128051,614636210,right_base_cmd,right_joint_1,right_joint_2,right_joint_3,right_joint_4,right_joint_5,right_joint_6,right_joint_7,-93.22321853668663,-74.77359990659399,95.03385277061281,-93.71523444755668,-109.47144961339711,8.983783295992858,13.493560676512615,,
1780128051,625050761,right_base_cmd,right_joint_1,right_joint_2,right_joint_3,right_joint_4,right_joint_5,right_joint_6,right_joint_7,-93.2561008570452,-74.78462113998826,95.0354862873123,-93.75293693132524,-109.43383397046216,9.014592090274967,13.607068882335042,,
1780128051,635026843,right_base_cmd,right_joint_1,right_joint_2,right_joint_3,right_joint_4,right_joint_5,right_joint_6,right_joint_7,-93.28543662440134,-74.7987312298397,95.0511723839924,-93.78004093891873,-109.39516576779556,9.035897190018268,13.691898976567117,,
1780128051,645128357,right_base_cmd,right_joint_1,right_joint_2,right_joint_3,right_joint_4,right_joint_5,right_joint_6,right_joint_7,-93.33239922203919,-74.8084268318565,95.05713617661709,-93.81886369728257,-109.3340962406782,9.078836563775788,13.764434673585114,,
1780128051,654641097,right_base_cmd,right_joint_1,right_joint_2,right_joint_3,right_joint_4,right_joint_5,right_joint_6,right_joint_7,-93.42540523394766,-74.81573211497,95.07033663424036,-93.87256492533596,-109.17019659447482,9.160354581759073,13.831386152522938,,
1780128051,664856591,right_base_cmd,right_joint_1,right_joint_2,right_joint_3,right_joint_4,right_joint_5,right_joint_6,right_joint_7,-93.49011575806983,-74.77464906709822,95.01377030267238,-93.91116428393953,-108.92330457248687,9.310327176919948,13.914590416060705,,
1780128051,674607252,right_base_cmd,right_joint_1,right_joint_2,right_joint_3,right_joint_4,right_joint_5,right_joint_6,right_joint_7,-93.50937783270152,-74.74323054646813,94.96803853109682,-93.90566556934893,-108.65328815392735,9.44784814989601,13.953264989071087,,
1780128051,684634743,right_base_cmd,right_joint_1,right_joint_2,right_joint_3,right_joint_4,right_joint_5,right_joint_6,right_joint_7,-93.54640920267465,-74.70335892233318,94.90473981931879,-93.90069936372113,-108.32427446437265,9.623817699734282,13.942721414296656,,
1780128051,694818406,right_base_cmd,right_joint_1,right_joint_2,right_joint_3,right_joint_4,right_joint_5,right_joint_6,right_joint_7,-93.527370742692,-74.68423128704423,94.88789168795833,-93.86509113457164,-107.98769164868077,9.738090279262515,13.898131292415016,,
1780128051,704645054,right_base_cmd,right_joint_1,right_joint_2,right_joint_3,right_joint_4,right_joint_5,right_joint_6,right_joint_7,-93.53581089677508,-74.66940584759284,94.84317641149252,-93.81072971493042,-107.60193701315995,9.91092435328546,13.767956673145804,,
1780128051,715241411,right_base_cmd,right_joint_1,right_joint_2,right_joint_3,right_joint_4,right_joint_5,right_joint_6,right_joint_7,-93.50920819665592,-74.64537676643222,94.73323684910733,-93.60524294196195,-106.89162802916456,10.24319701400595,13.372688214060517,,
1780128051,725586491,right_base_cmd,right_joint_1,right_joint_2,right_joint_3,right_joint_4,right_joint_5,right_joint_6,right_joint_7,-93.50778977336088,-74.62336857002727,94.65060997747028,-93.45117247794873,-106.14450457957872,10.54076086879838,12.968471915937286,,
1780128051,734853953,right_base_cmd,right_joint_1,right_joint_2,right_joint_3,right_joint_4,right_joint_5,right_joint_6,right_joint_7,-93.47243226982599,-74.59439735930592,94.54987876143454,-93.2500813555542,-105.30730841616838,10.851431898397898,12.528076707806335,,
1780128051,744672916,right_base_cmd,right_joint_1,right_joint_2,right_joint_3,right_joint_4,right_joint_5,right_joint_6,right_joint_7,-93.49131850458954,-74.53385727055463,94.38216468040125,-93.04968853625196,-104.2959273133917,11.249348698922525,12.046128836694592,,
1780128051,754917227,right_base_cmd,right_joint_1,right_joint_2,right_joint_3,right_joint_4,right_joint_5,right_joint_6,right_joint_7,-93.46907459266194,-74.48345041367072,94.25404270832459,-92.86044558370624,-103.22514129811799,11.570606684061438,11.584132336346656,,
1780128051,764787911,right_base_cmd,right_joint_1,right_joint_2,right_joint_3,right_joint_4,right_joint_5,right_joint_6,right_joint_7,-93.50248765627637,-74.3535465987214,93.78437229691568,-92.4109686282559,-101.30534269089173,12.323411863645738,10.759281147349427,,
1780128051,774500463,right_base_cmd,right_joint_1,right_joint_2,right_joint_3,right_joint_4,right_joint_5,right_joint_6,right_joint_7,-93.50542178337005,-74.28214229414279,93.57043959543276,-92.19511387758298,-99.49929319494606,12.702788107690658,10.147049874786418,,
1780128051,785020516,right_base_cmd,right_joint_1,right_joint_2,right_joint_3,right_joint_4,right_joint_5,right_joint_6,right_joint_7,-93.52853785638982,-74.18433876138938,93.26697784564257,-91.94785406561847,-97.59199632988509,13.131653970366706,9.49313014723866,,
1780128051,794929778,right_base_cmd,right_joint_1,right_joint_2,right_joint_3,right_joint_4,right_joint_5,right_joint_6,right_joint_7,-93.49562087388145,-74.09527466875984,93.01111883819019,-91.70395711471049,-95.68671349491683,13.4477152660237,8.862041444161875,,
1780128051,804461164,right_base_cmd,right_joint_1,right_joint_2,right_joint_3,right_joint_4,right_joint_5,right_joint_6,right_joint_7,-93.3871822275182,-73.94511948398777,92.34135825249112,-91.07528512294313,-92.86623507774368,14.082929479982859,7.663457475858351,,
1780128051,815383054,right_base_cmd,right_joint_1,right_joint_2,right_joint_3,right_joint_4,right_joint_5,right_joint_6,right_joint_7,-93.33326442647669,-73.78345147846149,91.94865066308873,-90.76420154292846,-90.26511256420872,14.367066807185502,6.694435086072346,,
1780128051,826059151,right_base_cmd,right_joint_1,right_joint_2,right_joint_3,right_joint_4,right_joint_5,right_joint_6,right_joint_7,-93.24808714921139,-73.70268451518992,91.61552710471582,-90.43142323816524,-87.86643049126053,14.524192113033571,5.706532276621473,,
1780128051,834660393,right_base_cmd,right_joint_1,right_joint_2,right_joint_3,right_joint_4,right_joint_5,right_joint_6,right_joint_7,-93.14673906119057,-73.62740746315644,91.3138204727683,-90.09857141782727,-85.56665589224656,14.60337665256845,4.732834591133027,,
1780128051,844458558,right_base_cmd,right_joint_1,right_joint_2,right_joint_3,right_joint_4,right_joint_5,right_joint_6,right_joint_7,-93.05724411569074,-73.55972063925465,90.98520230333136,-89.78931187149045,-83.35697173328128,14.682683108648526,3.7613170201675388,,
1780128051,854319832,right_base_cmd,right_joint_1,right_joint_2,right_joint_3,right_joint_4,right_joint_5,right_joint_6,right_joint_7,-92.84245591370407,-73.40764678450309,90.33430815949802,-89.27296800253431,-80.52258555628254,14.940428212852687,2.4582905370502743,,
1780128051,864713068,right_base_cmd,right_joint_1,right_joint_2,right_joint_3,right_joint_4,right_joint_5,right_joint_6,right_joint_7,-92.74220183437106,-73.37488134855438,90.08995916420255,-89.00436350361214,-78.1060139777831,14.835043777196638,1.4350487820003508,,
1780128051,874473227,right_base_cmd,right_joint_1,right_joint_2,right_joint_3,right_joint_4,right_joint_5,right_joint_6,right_joint_7,-92.67409826038775,-73.29064857176316,89.84468905833754,-88.81624424178996,-76.02691086845078,14.76410072082826,0.5887931475112822,,
1780128051,884605219,right_base_cmd,right_joint_1,right_joint_2,right_joint_3,right_joint_4,right_joint_5,right_joint_6,right_joint_7,-92.55898561508516,-73.20329413491585,89.46575994977243,-88.56969122283716,-73.96540250974857,14.779494194391539,-0.2979635113649266,,
1780128051,894664836,right_base_cmd,right_joint_1,right_joint_2,right_joint_3,right_joint_4,right_joint_5,right_joint_6,right_joint_7,-92.48135458543968,-73.17741656504093,89.35192679462548,-88.40749451462581,-72.32177956613918,14.568271375332138,-0.9651044128798532,,
1780128051,904566647,right_base_cmd,right_joint_1,right_joint_2,right_joint_3,right_joint_4,right_joint_5,right_joint_6,right_joint_7,-92.37829690624378,-73.12524563306376,89.06697235076868,-88.20590929083393,-70.68284752711486,14.49028579950852,-1.6873294623907924,,
1780128051,914409225,right_base_cmd,right_joint_1,right_joint_2,right_joint_3,right_joint_4,right_joint_5,right_joint_6,right_joint_7,-92.08954303650498,-73.02822584148704,88.41318622381496,-87.75887120181586,-68.39414143045417,14.483151140379455,-2.8119841666562735,,
1780128051,925174902,right_base_cmd,right_joint_1,right_joint_2,right_joint_3,right_joint_4,right_joint_5,right_joint_6,right_joint_7,-91.97120785145975,-72.9705661744464,88.12427491022359,-87.52158154484631,-66.44300178089406,14.192499535808004,-3.6905909091070868,,
1780128051,934426558,right_base_cmd,right_joint_1,right_joint_2,right_joint_3,right_joint_4,right_joint_5,right_joint_6,right_joint_7,-91.79112005675935,-72.92304083216511,87.80303076398084,-87.23346478746755,-64.59363641264235,13.86967019550395,-4.510440244786892,,
1780128051,944781297,right_base_cmd,right_joint_1,right_joint_2,right_joint_3,right_joint_4,right_joint_5,right_joint_6,right_joint_7,-91.63493509547718,-72.84649378334622,87.38642905800165,-86.9656140326165,-62.69586507819133,13.562802896257047,-5.344236177673295,,
1780128051,954513051,right_base_cmd,right_joint_1,right_joint_2,right_joint_3,right_joint_4,right_joint_5,right_joint_6,right_joint_7,-91.37721925427033,-72.73740672679959,86.56986353640659,-86.63280775265544,-60.11985483268319,13.314554432621783,-6.4125010645032745,,
1780128051,964374238,right_base_cmd,right_joint_1,right_joint_2,right_joint_3,right_joint_4,right_joint_5,right_joint_6,right_joint_7,-91.28569757515746,-72.70297401093485,86.18493164940693,-86.4818257088914,-57.84283582255705,12.758884794570072,-7.142499668420228,,
1780128051,975352621,right_base_cmd,right_joint_1,right_joint_2,right_joint_3,right_joint_4,right_joint_5,right_joint_6,right_joint_7,-91.20440507419173,-72.66087933320246,85.82076476747065,-86.41163019269659,-55.65499371161735,12.233937314233806,-7.697831849780542,,
1780128051,984602497,right_base_cmd,right_joint_1,right_joint_2,right_joint_3,right_joint_4,right_joint_5,right_joint_6,right_joint_7,-91.15875782616249,-72.63463953947071,85.40163212913589,-86.38335555156006,-53.47176820718067,11.77649922910701,-8.191181990754401,,
1780128051,995483302,right_base_cmd,right_joint_1,right_joint_2,right_joint_3,right_joint_4,right_joint_5,right_joint_6,right_joint_7,-91.08027149424717,-72.60826012050582,84.99562218191127,-86.36239897768361,-51.29600157081319,11.322643629892362,-8.594671035022557,,
1780128052,4314791,right_base_cmd,right_joint_1,right_joint_2,right_joint_3,right_joint_4,right_joint_5,right_joint_6,right_joint_7,-90.93163099850764,-72.50093145266625,83.97819970087139,-86.4385273323747,-48.13808004061866,11.106575838490649,-9.220317319374786,,
1780128052,14451571,right_base_cmd,right_joint_1,right_joint_2,right_joint_3,right_joint_4,right_joint_5,right_joint_6,right_joint_7,-90.91688218433634,-72.44388073496374,83.49946758101336,-86.53704130570817,-45.31201975960266,10.492673971144207,-9.539185228585453,,
1780128052,26964686,right_base_cmd,right_joint_1,right_joint_2,right_joint_3,right_joint_4,right_joint_5,right_joint_6,right_joint_7,-90.87398910046099,-72.39292236360201,83.01917913092652,-86.67022230229982,-42.58216766196557,9.928308145236322,-9.751757997279881,,
1780128052,34902181,right_base_cmd,right_joint_1,right_joint_2,right_joint_3,right_joint_4,right_joint_5,right_joint_6,right_joint_7,-90.81406308194423,-72.35482097156343,82.62252194009429,-86.84288042843208,-39.94770039170044,9.348537345220855,-9.808935057271654,,
1780128052,44873474,right_base_cmd,right_joint_1,right_joint_2,right_joint_3,right_joint_4,right_joint_5,right_joint_6,right_joint_7,-90.79897045442428,-72.32088309472421,82.14670620814454,-87.081595471293,-37.27397616873526,8.845599042085219,-9.868956788640858,,
1780128052,54417947,right_base_cmd,right_joint_1,right_joint_2,right_joint_3,right_joint_4,right_joint_5,right_joint_6,right_joint_7,-90.71489612277199,-72.25105482662197,81.16284685701274,-87.63433850646517,-33.56621135278374,8.581630290611947,-9.995324527012386,,
1780128052,64406751,right_base_cmd,right_joint_1,right_joint_2,right_joint_3,right_joint_4,right_joint_5,right_joint_6,right_joint_7,-90.73234625211975,-72.21223067035523,80.78535090949933,-88.01687173456766,-30.237429800874907,7.8989300206533315,-9.801823287692017,,
1780128052,74491429,right_base_cmd,right_joint_1,right_joint_2,right_joint_3,right_joint_4,right_joint_5,right_joint_6,right_joint_7,-90.72693368816309,-72.17558531199462,80.44855856522301,-88.39730595133155,-27.104646759866966,7.296269828027739,-9.552866973719247,,
1780128052,84779025,right_base_cmd,right_joint_1,right_joint_2,right_joint_3,right_joint_4,right_joint_5,right_joint_6,right_joint_7,-90.72207950752264,-72.13884387929313,80.06651891466598,-88.82419834267519,-24.03772678618691,6.817177073488786,-9.325335000330327,,
1780128052,94615611,right_base_cmd,right_joint_1,right_joint_2,right_joint_3,right_joint_4,right_joint_5,right_joint_6,right_joint_7,-90.71337709002356,-72.10558068195054,79.69669716424906,-89.24876485551012,-20.998127188449928,6.377744552475129,-9.097323769769119,,
1780128052,104274344,right_base_cmd,right_joint_1,right_joint_2,right_joint_3,right_joint_4,right_joint_5,right_joint_6,right_joint_7,-90.71017685640967,-72.07652688823624,79.32471824758753,-89.75532996406402,-17.93785040259405,6.053678058062538,-8.846965260243522,,
1780128052,114379937,right_base_cmd,right_joint_1,right_joint_2,right_joint_3,right_joint_4,right_joint_5,right_joint_6,right_joint_7,-90.6824720225056,-71.97947122434347,78.45919816122662,-90.86045624559064,-13.853544536010133,6.215572988695222,-8.767729708778134,,
1780128052,124584720,right_base_cmd,right_joint_1,right_joint_2,right_joint_3,right_joint_4,right_joint_5,right_joint_6,right_joint_7,-90.70312301023526,-71.95038044267046,78.25892439481825,-91.45742530372094,-10.002228667207987,5.749479394599923,-8.236425941372957,,
1780128052,134703608,right_base_cmd,right_joint_1,right_joint_2,right_joint_3,right_joint_4,right_joint_5,right_joint_6,right_joint_7,-90.71161712586374,-71.93197552561169,78.07351855774348,-92.04561489991035,-6.378634965482547,5.377243430230585,-7.705371120192709,,
1780128052,144526645,right_base_cmd,right_joint_1,right_joint_2,right_joint_3,right_joint_4,right_joint_5,right_joint_6,right_joint_7,-90.70847316446506,-71.91992829935903,77.89994579955979,-92.67585326903544,-2.8962847616671183,5.135517787405213,-7.192566419405992,,
1780128052,155068777,right_base_cmd,right_joint_1,right_joint_2,right_joint_3,right_joint_4,right_joint_5,right_joint_6,right_joint_7,-90.76197087129046,-71.89302517002825,77.73641133393832,-93.29382031688057,0.49357325349598113,4.882117460861203,-6.739363945418816,,
1780128052,164560496,right_base_cmd,right_joint_1,right_joint_2,right_joint_3,right_joint_4,right_joint_5,right_joint_6,right_joint_7,-90.60185283468999,-71.8812834089194,77.32299759644414,-94.54614778713416,4.53607955814698,5.342089011456274,-6.50359418563194,,
1780128052,174468396,right_base_cmd,right_joint_1,right_joint_2,right_joint_3,right_joint_4,right_joint_5,right_joint_6,right_joint_7,-90.53763506605125,-71.92314320739406,77.38175599166019,-95.03279867573089,8.510357263964579,5.00088589785566,-5.8551650722834125,,
1780128052,185062771,right_base_cmd,right_joint_1,right_joint_2,right_joint_3,right_joint_4,right_joint_5,right_joint_6,right_joint_7,-90.42482430845311,-71.95922047490207,77.37992358636907,-95.49766333804736,12.252564527024447,4.728204194684174,-5.359080570135589,,
1780128052,194487068,right_base_cmd,right_joint_1,right_joint_2,right_joint_3,right_joint_4,right_joint_5,right_joint_6,right_joint_7,-90.38408474246407,-71.9958516580477,77.38558529380177,-95.97083359210053,15.713499615663352,4.445438429730025,-4.933621580159027,,
1780128052,204311149,right_base_cmd,right_joint_1,right_joint_2,right_joint_3,right_joint_4,right_joint_5,right_joint_6,right_joint_7,-90.12549015569496,-72.0821152572234,77.34528977930452,-96.95369876074103,19.723927088051823,4.707592920029079,-4.698622367431497,,
1780128052,214886268,right_base_cmd,right_joint_1,right_joint_2,right_joint_3,right_joint_4,right_joint_5,right_joint_6,right_joint_7,-90.08546335896804,-72.20480920312777,77.53790777138042,-97.37485598620368,23.5639196821827,4.372290472722064,-4.109722602942568,,
1780128052,224423884,right_base_cmd,right_joint_1,right_joint_2,right_joint_3,right_joint_4,right_joint_5,right_joint_6,right_joint_7,-90.02666567554886,-72.26283138176821,77.6793059813946,-97.65998098481545,26.867128948711695,4.078426633423824,-3.6195801919344746,,
1780128052,234478962,right_base_cmd,right_joint_1,right_joint_2,right_joint_3,right_joint_4,right_joint_5,right_joint_6,right_joint_7,-90.01046456704486,-72.31901771279918,77.8368618778238,-98.07150937576775,29.892786016778643,3.959369422881032,-3.1910825974548658,,
1780128052,244650313,right_base_cmd,right_joint_1,right_joint_2,right_joint_3,right_joint_4,right_joint_5,right_joint_6,right_joint_7,-89.95858074400516,-72.34864321963808,77.96746185542528,-98.42627881947011,32.694607600063364,3.8836782305417685,-2.8096581711186133,,
1780128052,254466446,right_base_cmd,right_joint_1,right_joint_2,right_joint_3,right_joint_4,right_joint_5,right_joint_6,right_joint_7,-89.92580494396785,-72.36237551434586,78.1234597997848,-98.82957613390785,35.393799066083545,3.8945342507203193,-2.4416569478496086,,
1780128052,264473208,right_base_cmd,right_joint_1,right_joint_2,right_joint_3,right_joint_4,right_joint_5,right_joint_6,right_joint_7,-89.8683864232465,-72.38582482489785,78.45724337904525,-99.80717170001482,38.845880319730156,4.43892010060592,-2.0947627652207785,,
1780128052,274898958,right_base_cmd,right_joint_1,right_joint_2,right_joint_3,right_joint_4,right_joint_5,right_joint_6,right_joint_7,-89.9094368324032,-72.4345596972055,78.75460561932229,-100.18435626328188,41.85096170758595,4.493622686780164,-1.4504586927991028,,
1780128052,285531562,right_base_cmd,right_joint_1,right_joint_2,right_joint_3,right_joint_4,right_joint_5,right_joint_6,right_joint_7,-89.92516556445528,-72.49073374579145,79.03133926965674,-100.54179139383565,44.57968273614682,4.615462428616304,-0.8589488211415102,,
1780128052,295046832,right_base_cmd,right_joint_1,right_joint_2,right_joint_3,right_joint_4,right_joint_5,right_joint_6,right_joint_7,-89.93344196213147,-72.5555444898887,79.33571127515611,-100.88892363634291,47.155542256159094,4.807762699142877,-0.28788025427361674,,
1780128052,304706969,right_base_cmd,right_joint_1,right_joint_2,right_joint_3,right_joint_4,right_joint_5,right_joint_6,right_joint_7,-89.92520609178698,-72.6312307984929,79.63659242223727,-101.19481185848703,49.599228015195536,4.986974237735076,0.24983505650742188,,
1780128052,314840384,right_base_cmd,right_joint_1,right_joint_2,right_joint_3,right_joint_4,right_joint_5,right_joint_6,right_joint_7,-89.85916991372974,-72.78065267238647,80.22902309359401,-101.95964762542157,52.84081668583002,5.654738370496723,0.6929210412621813,,
1780128052,324812825,right_base_cmd,right_joint_1,right_joint_2,right_joint_3,right_joint_4,right_joint_5,right_joint_6,right_joint_7,-89.8082631274992,-72.8748076736634,80.57938578479158,-102.18599134696287,55.77996897946832,5.829490345482277,1.2900502888009413,,
1780128052,334600891,right_base_cmd,right_joint_1,right_joint_2,right_joint_3,right_joint_4,right_joint_5,right_joint_6,right_joint_7,-89.70920546569968,-72.96890307828478,80.91459535812052,-102.3846431837007,58.52851896235177,6.055921807960154,1.7675572346012558,,
1780128052,344533288,right_base_cmd,right_joint_1,right_joint_2,right_joint_3,right_joint_4,right_joint_5,right_joint_6,right_joint_7,-89.6275579882043,-73.05546960990002,81.2383155851139,-102.59315546490235,61.15775292321257,6.287605814201477,2.1615624606080104,,
1780128052,354600024,right_base_cmd,right_joint_1,right_joint_2,right_joint_3,right_joint_4,right_joint_5,right_joint_6,right_joint_7,-89.49739815408847,-73.16553290520734,81.63580836471195,-102.77404432027528,63.75970022963696,6.599551739716794,2.5124420030558525,,
1780128052,364549606,right_base_cmd,right_joint_1,right_joint_2,right_joint_3,right_joint_4,right_joint_5,right_joint_6,right_joint_7,-89.28079397934718,-73.30135762573094,82.16718948666508,-103.1396018684044,66.94964779819355,7.073374544985548,2.6687215334701335,,
1780128052,374479690,right_base_cmd,right_joint_1,right_joint_2,right_joint_3,right_joint_4,right_joint_5,right_joint_6,right_joint_7,-89.18497049443144,-73.36534692268584,82.43743185372736,-103.1629991137548,69.63521739366519,7.116752381382248,3.018372703013469,,
1780128052,384606873,right_base_cmd,right_joint_1,right_joint_2,right_joint_3,right_joint_4,right_joint_5,right_joint_6,right_joint_7,-89.0816023560877,-73.39914186443094,82.55942085115831,-103.14224040372854,71.86945664224828,7.044341762541656,3.245473105333346,,
1780128052,394550937,right_base_cmd,right_joint_1,right_joint_2,right_joint_3,right_joint_4,right_joint_5,right_joint_6,right_joint_7,-88.97601062435396,-73.46243827002844,82.72780833847824,-103.13193627746433,73.74322435150503,7.0659628990741865,3.4012221118149313,,
1780128052,407193048,right_base_cmd,right_joint_1,right_joint_2,right_joint_3,right_joint_4,right_joint_5,right_joint_6,right_joint_7,-88.8033004843567,-73.52151920878079,82.8750081978055,-103.13196892832782,75.49251068850282,7.115869393341605,3.395755336874558,,
1780128052,414648318,right_base_cmd,right_joint_1,right_joint_2,right_joint_3,right_joint_4,right_joint_5,right_joint_6,right_joint_7,-88.80644792750437,-73.59635092892144,82.86195817983398,-103.06312420984621,76.57005400450265,6.976190455788533,3.509806878789263,,
1780128052,424781986,right_base_cmd,right_joint_1,right_joint_2,right_joint_3,right_joint_4,right_joint_5,right_joint_6,right_joint_7,-88.8262325572338,-73.61742772285596,82.78677123813284,-102.99804991079704,77.20705198303443,6.814871589382626,3.593727893432785,,
1780128052,434663166,right_base_cmd,right_joint_1,right_joint_2,right_joint_3,right_joint_4,right_joint_5,right_joint_6,right_joint_7,-88.84534752328264,-73.63891549901855,82.72983077382261,-102.98813254463609,77.52041573508836,6.731703434935703,3.626383050381989,,
1780128052,445402548,right_base_cmd,right_joint_1,right_joint_2,right_joint_3,right_joint_4,right_joint_5,right_joint_6,right_joint_7,-88.92507514288738,-73.64011726027378,82.61060455687922,-102.9373056285266,77.44878826845104,6.605350654606816,3.7319611396751355,,
1780128052,454329276,right_base_cmd,right_joint_1,right_joint_2,right_joint_3,right_joint_4,right_joint_5,right_joint_6,right_joint_7,-88.95321115096206,-73.65856456230695,82.5719393340568,-102.93116982796518,77.23995524475566,6.620156666926569,3.758675133997187,,
1780128052,465197309,right_base_cmd,right_joint_1,right_joint_2,right_joint_3,right_joint_4,right_joint_5,right_joint_6,right_joint_7,-89.14042788777377,-73.62782166969596,82.33256091724118,-102.87023975529338,76.5144104415512,6.467123439992697,3.904629893017429,,
1780128052,474505021,right_base_cmd,right_joint_1,right_joint_2,right_joint_3,right_joint_4,right_joint_5,right_joint_6,right_joint_7,-89.20320162824274,-73.60694230604254,82.27654689742937,-102.87365325466091,75.87633234101276,6.556218511557638,3.8870707550482138,,
1780128052,484449418,right_base_cmd,right_joint_1,right_joint_2,right_joint_3,right_joint_4,right_joint_5,right_joint_6,right_joint_7,-89.24455621967039,-73.5845576452469,82.20449854605832,-102.84822998085885,75.2308103138999,6.637968564238015,3.836722962538815,,
1780128052,494376002,right_base_cmd,right_joint_1,right_joint_2,right_joint_3,right_joint_4,right_joint_5,right_joint_6,right_joint_7,-89.27008083511257,-73.5576669523797,82.14548231263709,-102.83440615031869,74.60478669802706,6.732555632003944,3.748092408370198,,
1780128052,504241323,right_base_cmd,right_joint_1,right_joint_2,right_joint_3,right_joint_4,right_joint_5,right_joint_6,right_joint_7,-89.28046985139528,-73.48076315876672,81.95191453038737,-102.68471370257971,73.77476200059056,6.650790041669104,3.6396005366984667,,
1780128052,514379537,right_base_cmd,right_joint_1,right_joint_2,right_joint_3,right_joint_4,right_joint_5,right_joint_6,right_joint_7,-89.26478873293146,-73.34448001894448,81.7679657026467,-102.64203929848209,73.07764360237763,6.563431473883959,3.4102349906670355,,
1780128052,524888445,right_base_cmd,right_joint_1,right_joint_2,right_joint_3,right_joint_4,right_joint_5,right_joint_6,right_joint_7,-89.26054142742211,-73.27466481830261,81.62745173164487,-102.58397192489134,72.33589917275742,6.490256771217396,3.211655067931801,,
1780128052,534931653,right_base_cmd,right_joint_1,right_joint_2,right_joint_3,right_joint_4,right_joint_5,right_joint_6,right_joint_7,-89.29166262936528,-73.20658742988196,81.47131065114306,-102.5200188137867,71.53052676652385,6.373854800552529,3.0348017927892528,,
1780128052,544671925,right_base_cmd,right_joint_1,right_joint_2,right_joint_3,right_joint_4,right_joint_5,right_joint_6,right_joint_7,-89.2995969534687,-73.14472141973307,81.31887028697602,-102.44873444417489,70.70726070991537,6.258501920397244,2.8470660053172736,,
1780128052,555770348,right_base_cmd,right_joint_1,right_joint_2,right_joint_3,right_joint_4,right_joint_5,right_joint_6,right_joint_7,-89.28419851428626,-73.08141265541487,81.15673908210093,-102.33604048628446,69.83279673640521,6.135042322974989,2.6584323124037468,,
1780128052,567329319,right_base_cmd,right_joint_1,right_joint_2,right_joint_3,right_joint_4,right_joint_5,right_joint_6,right_joint_7,-89.35656171505903,-72.89978433319995,80.70788553171545,-101.9995169294731,68.34643677975674,5.611357782142711,2.538194527137975,,
1780128052,575048331,right_base_cmd,right_joint_1,right_joint_2,right_joint_3,right_joint_4,right_joint_5,right_joint_6,right_joint_7,-89.41218503950282,-72.74448006839249,80.39246961668644,-101.84759190637358,66.77042867506094,5.29695516148724,2.2704501021935783,,
1780128052,586635205,right_base_cmd,right_joint_1,right_joint_2,right_joint_3,right_joint_4,right_joint_5,right_joint_6,right_joint_7,-89.47774525796754,-72.6404595180875,80.168701531111,-101.73565474692693,65.20557924889494,5.093985326886191,2.020740482733615,,
1780128052,594533600,right_base_cmd,right_joint_1,right_joint_2,right_joint_3,right_joint_4,right_joint_5,right_joint_6,right_joint_7,-89.50200505631418,-72.54171370986025,79.95126809822071,-101.53794284087168,63.510349871718574,4.914769597336381,1.8086339333147947,,
1780128052,604422133,right_base_cmd,right_joint_1,right_joint_2,right_joint_3,right_joint_4,right_joint_5,right_joint_6,right_joint_7,-89.68809012005195,-72.35395772312172,79.48299563911004,-101.0702014670414,61.05717470092793,4.339589754006177,1.7071366683286868,,
1780128052,614524788,right_base_cmd,right_joint_1,right_joint_2,right_joint_3,right_joint_4,right_joint_5,right_joint_6,right_joint_7,-89.78044210346573,-72.2654037344076,79.27562274929849,-100.87007684748194,58.68068414312063,4.212760959310863,1.4164128521681931,,
1780128052,624756928,right_base_cmd,right_joint_1,right_joint_2,right_joint_3,right_joint_4,right_joint_5,right_joint_6,right_joint_7,-89.90218162305555,-72.19361802744676,79.08144238692623,-100.63865290039048,56.29461059874751,4.0807648009855555,1.161268331118194,,
1780128052,634563040,right_base_cmd,right_joint_1,right_joint_2,right_joint_3,right_joint_4,right_joint_5,right_joint_6,right_joint_7,-90.03218552196935,-72.11680036402545,78.8753672836244,-100.38854956783213,53.921128225380244,3.932977523402151,0.8967593024344609,,
1780128052,644464839,right_base_cmd,right_joint_1,right_joint_2,right_joint_3,right_joint_4,right_joint_5,right_joint_6,right_joint_7,-90.15331976298066,-72.0507666833545,78.72213673270986,-100.15058154537083,51.57235750467328,3.8523528399408136,0.6299189513036225,,
1780128052,654631538,right_base_cmd,right_joint_1,right_joint_2,right_joint_3,right_joint_4,right_joint_5,right_joint_6,right_joint_7,-90.27562407375225,-71.97930495140271,78.55961461136874,-99.89264537503477,49.20789141682184,3.7580843534181056,0.35353733008075494,,
1780128052,664389247,right_base_cmd,right_joint_1,right_joint_2,right_joint_3,right_joint_4,right_joint_5,right_joint_6,right_joint_7,-90.51005112208722,-71.82869933813312,78.30415938000831,-99.12350441762409,45.90704526085119,3.2705673815996263,0.20877742753036443,,
1780128052,674598953,right_base_cmd,right_joint_1,right_joint_2,right_joint_3,right_joint_4,right_joint_5,right_joint_6,right_joint_7,-90.62478052900119,-71.7473839660196,78.18340802159153,-98.84614879538402,42.87123576876638,3.301536965925443,-0.26482271515222067,,
1780128052,684668971,right_base_cmd,right_joint_1,right_joint_2,right_joint_3,right_joint_4,right_joint_5,right_joint_6,right_joint_7,-90.69497756099051,-71.67090585575262,78.0618604783289,-98.61738018909251,40.16798781267556,3.3675089439075307,-0.7556693575659921,,
1780128052,694674589,right_base_cmd,right_joint_1,right_joint_2,right_joint_3,right_joint_4,right_joint_5,right_joint_6,right_joint_7,-90.79335684542397,-71.55868862321644,77.91344619931479,-98.33047426811557,37.597822007919376,3.34053637035624,-1.2203908657716198,,
1780128052,704317957,right_base_cmd,right_joint_1,right_joint_2,right_joint_3,right_joint_4,right_joint_5,right_joint_6,right_joint_7,-90.9251588697206,-71.4415090927695,77.86245382809543,-97.49031459969036,34.21433622892613,2.9972501900675823,-1.4825759087565444,,
1780128052,714427020,right_base_cmd,right_joint_1,right_joint_2,right_joint_3,right_joint_4,right_joint_5,right_joint_6,right_joint_7,-91.01447731343566,-71.36749060122851,77.75827326065016,-97.20655601897506,31.163819812464396,3.0836680046015275,-2.0590033100217653,,
1780128052,724661930,right_base_cmd,right_joint_1,right_joint_2,right_joint_3,right_joint_4,right_joint_5,right_joint_6,right_joint_7,-91.0953774108207,-71.33481276497311,77.74286231392969,-96.90799751728083,28.347069115063107,3.1899311900320484,-2.486808910335313,,
1780128052,734442490,right_base_cmd,right_joint_1,right_joint_2,right_joint_3,right_joint_4,right_joint_5,right_joint_6,right_joint_7,-91.18428530338522,-71.32810039096661,77.77190055813722,-96.59999836672542,25.65974989493691,3.2871062355038205,-2.8299850861785245,,
1780128052,744597377,right_base_cmd,right_joint_1,right_joint_2,right_joint_3,right_joint_4,right_joint_5,right_joint_6,right_joint_7,-91.26436877886252,-71.31743203442723,77.80399523203252,-96.32910702300252,23.177354009623286,3.383376409095213,-3.109680596322974,,
1780128052,756512842,right_base_cmd,right_joint_1,right_joint_2,right_joint_3,right_joint_4,right_joint_5,right_joint_6,right_joint_7,-91.34607923646448,-71.28527875538329,77.81542841039854,-96.02888593979618,20.810695518893624,3.420331878864893,-3.3770474376397175,,
1780128052,765424441,right_base_cmd,right_joint_1,right_joint_2,right_joint_3,right_joint_4,right_joint_5,right_joint_6,right_joint_7,-91.51025590491972,-71.22193386225173,78.01931164078493,-95.4209934576776,17.877833598236123,3.288920515210414,-3.4527628182694485,,
1780128052,774802635,right_base_cmd,right_joint_1,right_joint_2,right_joint_3,right_joint_4,right_joint_5,right_joint_6,right_joint_7,-91.57007787935609,-71.1525748899726,77.98447910875333,-95.2032200632806,15.362320263678896,3.505779250151484,-3.84247648969405,,
1780128052,784954367,right_base_cmd,right_joint_1,right_joint_2,right_joint_3,right_joint_4,right_joint_5,right_joint_6,right_joint_7,-91.62144498610613,-71.08205343860546,77.9948012550814,-95.019056061028,13.172143467810088,3.7400695177763694,-4.1393020987863025,,
1780128052,794787607,right_base_cmd,right_joint_1,right_joint_2,right_joint_3,right_joint_4,right_joint_5,right_joint_6,right_joint_7,-91.68142253585964,-71.01009356224354,77.99513715630499,-94.81114834573869,11.153226800018501,3.9183000503438237,-4.412900776784753,,
1780128052,804227874,right_base_cmd,right_joint_1,right_joint_2,right_joint_3,right_joint_4,right_joint_5,right_joint_6,right_joint_7,-91.71927326124333,-70.94902193671642,78.16732448668611,-94.36562023672373,8.806533291481287,3.9941942395648837,-4.544806162224475,,
1780128052,814875916,right_base_cmd,right_joint_1,right_joint_2,right_joint_3,right_joint_4,right_joint_5,right_joint_6,right_joint_7,-91.74162555862236,-70.93779647999283,78.21615157975882,-94.18796460124555,6.754697986226404,4.254009546516052,-4.783118985417801,,
1780128052,824572974,right_base_cmd,right_joint_1,right_joint_2,right_joint_3,right_joint_4,right_joint_5,right_joint_6,right_joint_7,-91.76646623501264,-70.95290252635785,78.31026516558924,-93.98655411448415,4.884837094252305,4.437852244466406,-4.933445776838099,,
1780128052,834623720,right_base_cmd,right_joint_1,right_joint_2,right_joint_3,right_joint_4,right_joint_5,right_joint_6,right_joint_7,-91.75943859577885,-70.97779936676461,78.41571985723468,-93.76682853579997,3.1198466419226634,4.605780632463855,-5.044161194913116,,
1780128052,844626555,right_base_cmd,right_joint_1,right_joint_2,right_joint_3,right_joint_4,right_joint_5,right_joint_6,right_joint_7,-91.77606498494626,-71.00372182297106,78.50806519182228,-93.59899696946549,1.5451528358654514,4.75287120771231,-5.147685443252513,,
1780128052,854845726,right_base_cmd,right_joint_1,right_joint_2,right_joint_3,right_joint_4,right_joint_5,right_joint_6,right_joint_7,-91.78275039571744,-71.01992778428713,78.62518622114536,-93.39289959082596,0.03140759639410362,4.870636719799286,-5.223340490768933,,
1780128052,864376339,right_base_cmd,right_joint_1,right_joint_2,right_joint_3,right_joint_4,right_joint_5,right_joint_6,right_joint_7,-91.81073864438551,-71.03894347809434,78.9297046541391,-92.9482453216287,-1.9227152422943163,4.823431440515499,-5.214268517917517,,
1780128052,874425300,right_base_cmd,right_joint_1,right_joint_2,right_joint_3,right_joint_4,right_joint_5,right_joint_6,right_joint_7,-91.78103067498964,-71.04224353904694,79.0038282326615,-92.69040391265652,-3.677418283780355,4.971787211392673,-5.429014791339071,,
1780128052,885013017,right_base_cmd,right_joint_1,right_joint_2,right_joint_3,right_joint_4,right_joint_5,right_joint_6,right_joint_7,-91.757185058972,-71.06118188148186,79.14122733105123,-92.41853094976467,-5.376159363336342,5.074362749042514,-5.603689084915018,,
1780128052,894740435,right_base_cmd,right_joint_1,right_joint_2,right_joint_3,right_joint_4,right_joint_5,right_joint_6,right_joint_7,-91.71572009480766,-71.09149059418128,79.29671308580149,-92.12336396991351,-7.06844921860818,5.1668337266849065,-5.774218157181011,,
1780128052,904537447,right_base_cmd,right_joint_1,right_joint_2,right_joint_3,right_joint_4,right_joint_5,right_joint_6,right_joint_7,-91.6326640646657,-71.12397648665457,79.74630516025056,-91.46218920155651,-9.4217512207465,4.941845541782932,-5.790391263748873,,
1780128052,914686858,right_base_cmd,right_joint_1,right_joint_2,right_joint_3,right_joint_4,right_joint_5,right_joint_6,right_joint_7,-91.60336054312026,-71.10558065279396,79.92253528691592,-91.10648113925323,-11.620460528577723,4.941033936363006,-6.018792933324804,,
1780128052,924704366,right_base_cmd,right_joint_1,right_joint_2,right_joint_3,right_joint_4,right_joint_5,right_joint_6,right_joint_7,-91.56604682919212,-71.09025624218783,80.15391337750324,-90.75145308661719,-13.789263887447873,4.898309210777491,-6.14386280503949,,
1780128052,935100008,right_base_cmd,right_joint_1,right_joint_2,right_joint_3,right_joint_4,right_joint_5,right_joint_6,right_joint_7,-91.52714143064927,-71.09521842531275,80.40375955226679,-90.45671318001838,-15.893318984965106,4.8794997478287385,-6.176219385862012,,
1780128052,944913776,right_base_cmd,right_joint_1,right_joint_2,right_joint_3,right_joint_4,right_joint_5,right_joint_6,right_joint_7,-91.50358398519299,-71.10318001651633,80.71440069751347,-90.1416404047393,-18.015531856791995,4.786245867396083,-6.136222926334156,,
1780128052,954588057,right_base_cmd,right_joint_1,right_joint_2,right_joint_3,right_joint_4,right_joint_5,right_joint_6,right_joint_7,-91.49589941943887,-71.21956362079023,81.65861545645802,-89.58157087417239,-21.180331945043406,4.341058972101514,-5.590376690160852,,
1780128052,964366622,right_base_cmd,right_joint_1,right_joint_2,right_joint_3,right_joint_4,right_joint_5,right_joint_6,right_joint_7,-91.48432218233441,-71.25667363319191,82.09250164690329,-89.3009640097858,-24.02776286181478,4.261239962645455,-5.422253886530214,,
1780128052,974632710,right_base_cmd,right_joint_1,right_joint_2,right_joint_3,right_joint_4,right_joint_5,right_joint_6,right_joint_7,-91.46714896678563,-71.30749510934926,82.55788831005637,-89.03000787267298,-26.767161518364162,4.1598953477960166,-5.211164198360578,,
1780128052,985187404,right_base_cmd,right_joint_1,right_joint_2,right_joint_3,right_joint_4,right_joint_5,right_joint_6,right_joint_7,-91.46167345944176,-71.35442042067668,83.08107832884079,-88.78107779232404,-29.493073059063818,4.028099426603951,-4.944064840665092,,
1780128052,994644412,right_base_cmd,right_joint_1,right_joint_2,right_joint_3,right_joint_4,right_joint_5,right_joint_6,right_joint_7,-91.3996812321499,-71.40728351406518,83.59334763271792,-88.52890782183512,-32.19736339938913,3.9127589664107703,-4.668280957706102,,
1780128053,4830639,right_base_cmd,right_joint_1,right_joint_2,right_joint_3,right_joint_4,right_joint_5,right_joint_6,right_joint_7,-91.2840511273678,-71.60505000895695,84.87777651811146,-88.0438294576348,-36.162582030100396,3.322474856125446,-3.9381685178457957,,
1780128053,14458832,right_base_cmd,right_joint_1,right_joint_2,right_joint_3,right_joint_4,right_joint_5,right_joint_6,right_joint_7,-91.17643646094999,-71.73664118330466,85.54671119263762,-87.76831614076515,-39.80070647640116,3.155073991978732,-3.684464128384562,,
1780128053,24434276,right_base_cmd,right_joint_1,right_joint_2,right_joint_3,right_joint_4,right_joint_5,right_joint_6,right_joint_7,-91.04242642407942,-71.89229366912384,86.25911826507766,-87.49345180076979,-43.35780974113868,2.919548449076963,-3.4410462767232985,,
1780128053,34544889,right_base_cmd,right_joint_1,right_joint_2,right_joint_3,right_joint_4,right_joint_5,right_joint_6,right_joint_7,-90.89784710965418,-72.02093612912684,86.9148821534474,-87.24678665617155,-46.81362233172638,2.6998637700587054,-3.2616329649741402,,
1780128053,45227766,right_base_cmd,right_joint_1,right_joint_2,right_joint_3,right_joint_4,right_joint_5,right_joint_6,right_joint_7,-90.68295440653932,-72.20685863215046,87.7106650025078,-86.95393008619978,-50.41883480701864,2.3409906943192667,-3.054676983629818,,
1780128053,54409114,right_base_cmd,right_joint_1,right_joint_2,right_joint_3,right_joint_4,right_joint_5,right_joint_6,right_joint_7,-90.22594551354692,-72.52400317700007,89.41897479571654,-86.5844695218512,-55.009573350286416,1.3312760318362464,-2.3324408798444125,,
1780128053,64655319,right_base_cmd,right_joint_1,right_joint_2,right_joint_3,right_joint_4,right_joint_5,right_joint_6,right_joint_7,-89.94243173169016,-72.7918394054645,90.34482871669181,-86.40784406534785,-59.49292918339961,0.933692042008154,-2.214886499501361,,
1780128053,74723174,right_base_cmd,right_joint_1,right_joint_2,right_joint_3,right_joint_4,right_joint_5,right_joint_6,right_joint_7,-89.70079449076437,-72.97877068786194,91.21498266083378,-86.34352567761864,-63.893739326869934,0.6111295251443565,-2.1224001631125162,,
1780128053,84940092,right_base_cmd,right_joint_1,right_joint_2,right_joint_3,right_joint_4,right_joint_5,right_joint_6,right_joint_7,-89.4413076994463,-73.13340930037971,92.05727233898685,-86.35902115666387,-68.26366626968371,0.3337468199230855,-1.9945652021057327,,
1780128053,94863237,right_base_cmd,right_joint_1,right_joint_2,right_joint_3,right_joint_4,right_joint_5,right_joint_6,right_joint_7,-89.25532349112555,-73.25070508184662,92.78470869923828,-86.50650489541523,-72.58733454300642,0.18335968129492386,-1.8777542513871168,,
1780128053,104371338,right_base_cmd,right_joint_1,right_joint_2,right_joint_3,right_joint_4,right_joint_5,right_joint_6,right_joint_7,-89.0027352178893,-73.35802813263622,93.56676811835538,-86.72713548051912,-76.91149303266758,-0.02963033532341086,-1.6144812345810493,,
1780128053,114592307,right_base_cmd,right_joint_1,right_joint_2,right_joint_3,right_joint_4,right_joint_5,right_joint_6,right_joint_7,-88.66293062713945,-73.50649768078917,94.68925150911221,-87.34509385176115,-81.30480815427052,-0.5919509885217096,-0.7980279806916002,,
1780128053,124447377,right_base_cmd,right_joint_1,right_joint_2,right_joint_3,right_joint_4,right_joint_5,right_joint_6,right_joint_7,-88.50641640264175,-73.56012026249847,95.05967843223434,-87.61035521162707,-85.55807638697456,-0.5524470125098375,-0.6366101630484451,,
1780128053,134431586,right_base_cmd,right_joint_1,right_joint_2,right_joint_3,right_joint_4,right_joint_5,right_joint_6,right_joint_7,-88.43890416140343,-73.60216689944725,95.30551743344515,-87.964434684592,-89.79160434387524,-0.42626621289200983,-0.43946891257799336,,
1780128053,145359545,right_base_cmd,right_joint_1,right_joint_2,right_joint_3,right_joint_4,right_joint_5,right_joint_6,right_joint_7,-88.38608468580853,-73.65775910298613,95.47930636681227,-88.18579924212527,-94.0452002254973,-0.32434293867924424,-0.28194409659063524,,
1780128053,154768818,right_base_cmd,right_joint_1,right_joint_2,right_joint_3,right_joint_4,right_joint_5,right_joint_6,right_joint_7,-88.45838950476414,-73.77819721059991,95.71016083153538,-88.7626537361033,-98.05618310127772,-0.41913592268098654,0.39090011718995754,,
1780128053,164323179,right_base_cmd,right_joint_1,right_joint_2,right_joint_3,right_joint_4,right_joint_5,right_joint_6,right_joint_7,-88.54133646053052,-73.83900287215717,95.76606130093913,-89.0222664304991,-100.89707346230102,-0.443727480007162,0.8600303229894593,,
1780128053,174424962,right_base_cmd,right_joint_1,right_joint_2,right_joint_3,right_joint_4,right_joint_5,right_joint_6,right_joint_7,-88.7430985600059,-73.88142086286315,95.61874194221716,-89.29230325617108,-102.7594142880393,-0.3095024263109778,1.3474783788720828,,
1780128053,184519262,right_base_cmd,right_joint_1,right_joint_2,right_joint_3,right_joint_4,right_joint_5,right_joint_6,right_joint_7,-88.87889055166565,-73.9508838489485,95.54945118470081,-89.42977331872801,-103.89374246084651,-0.33728833756321563,1.7803412189309569,,
1780128053,195283924,right_base_cmd,right_joint_1,right_joint_2,right_joint_3,right_joint_4,right_joint_5,right_joint_6,right_joint_7,-89.01855753395623,-74.01893649870284,95.4307510698205,-89.57977078125175,-104.56376311638553,-0.3772007395552279,2.2106668877022884,,
1780128053,204795461,right_base_cmd,right_joint_1,right_joint_2,right_joint_3,right_joint_4,right_joint_5,right_joint_6,right_joint_7,-89.0942758787871,-74.08902095165378,95.35925809256256,-89.60821503056611,-104.82037862019513,-0.4842535349007946,2.501190487009225,,
1780128053,214468072,right_base_cmd,right_joint_1,right_joint_2,right_joint_3,right_joint_4,right_joint_5,right_joint_6,right_joint_7,-89.21711258401453,-74.23521859812514,95.16484221860938,-89.54174322010728,-104.7361701882412,-0.5598382742963892,2.702586935334452,,
1780128053,224674654,right_base_cmd,right_joint_1,right_joint_2,right_joint_3,right_joint_4,right_joint_5,right_joint_6,right_joint_7,-89.26229484264533,-74.29218336809414,95.12539550099214,-89.56309649663298,-104.4944279404732,-0.8301733903161264,2.975839662028747,,
1780128053,234837202,right_base_cmd,right_joint_1,right_joint_2,right_joint_3,right_joint_4,right_joint_5,right_joint_6,right_joint_7,-89.37365918576151,-74.33394735924863,95.06557959286053,-89.61525390580108,-104.27829812392218,-1.0286819861025762,3.236563774163912,,
1780128053,244531142,right_base_cmd,right_joint_1,right_joint_2,right_joint_3,right_joint_4,right_joint_5,right_joint_6,right_joint_7,-89.40971377034381,-74.31518670120415,95.06579006640251,-89.73635934966059,-104.15298005045918,-1.3034853877747352,3.618840589817566,,
1780128053,254441802,right_base_cmd,right_joint_1,right_joint_2,right_joint_3,right_joint_4,right_joint_5,right_joint_6,right_joint_7,-89.53215535393096,-74.30539179116842,95.0708128789611,-89.9134355060764,-104.2218368999504,-1.5654056496290352,4.067623989508874,,
1780128053,264835906,right_base_cmd,right_joint_1,right_joint_2,right_joint_3,right_joint_4,right_joint_5,right_joint_6,right_joint_7,-89.55255343866642,-74.24504144961794,95.08530413467557,-90.07205132773704,-104.34570010038038,-1.816095104720084,4.534516087366214,,
1780128053,274526753,right_base_cmd,right_joint_1,right_joint_2,right_joint_3,right_joint_4,right_joint_5,right_joint_6,right_joint_7,-89.64455291045405,-74.26342962468125,95.12434380800832,-90.16473041140928,-104.49038371911035,-1.9692925532293017,4.8001922775039105,,
1780128053,284428457,right_base_cmd,right_joint_1,right_joint_2,right_joint_3,right_joint_4,right_joint_5,right_joint_6,right_joint_7,-89.67173459960915,-74.30361605957405,95.19257483777326,-90.25705248402882,-104.64969468522037,-2.136283462003398,5.070063793016274,,
1780128053,294858322,right_base_cmd,right_joint_1,right_joint_2,right_joint_3,right_joint_4,right_joint_5,right_joint_6,right_joint_7,-89.71696568409155,-74.37393848959807,95.26473720894265,-90.26921323516616,-104.77075038082455,-2.2480136485036653,5.203906142350647,,
1780128053,304337959,right_base_cmd,right_joint_1,right_joint_2,right_joint_3,right_joint_4,right_joint_5,right_joint_6,right_joint_7,-89.82396046014392,-74.436236713989,95.29261809790998,-90.2699539828205,-104.6861625600992,-2.2291242100963515,5.251788653677792,,
1780128053,314437740,right_base_cmd,right_joint_1,right_joint_2,right_joint_3,right_joint_4,right_joint_5,right_joint_6,right_joint_7,-89.86988632910086,-74.45115697719844,95.25709202133575,-90.23893908838393,-104.4148220842693,-2.1479560455917337,5.278720614463779,,
1780128053,324365898,right_base_cmd,right_joint_1,right_joint_2,right_joint_3,right_joint_4,right_joint_5,right_joint_6,right_joint_7,-89.90346281026044,-74.42081898270966,95.16688726332879,-90.1514326725352,-103.95548239823387,-1.998023575625318,5.224831857141666,,
1780128053,334559095,right_base_cmd,right_joint_1,right_joint_2,right_joint_3,right_joint_4,right_joint_5,right_joint_6,right_joint_7,-89.97502284899556,-74.38878849012373,95.04530864141881,-90.04794508574624,-103.3607913962257,-1.7958378110268356,5.101039115049829,,
1780128053,344586381,right_base_cmd,right_joint_1,right_joint_2,right_joint_3,right_joint_4,right_joint_5,right_joint_6,right_joint_7,-90.02175486501906,-74.33592856851097,94.86989497328463,-89.87998460354807,-102.52050681052805,-1.5499457383618207,4.914077109744753,,
1780128053,354459021,right_base_cmd,right_joint_1,right_joint_2,right_joint_3,right_joint_4,right_joint_5,right_joint_6,right_joint_7,-90.08559703256455,-74.30526232934916,94.72887106338933,-89.74395241532166,-101.6159708452522,-1.3488338879022805,4.73022868881138,,
1780128053,365057319,right_base_cmd,right_joint_1,right_joint_2,right_joint_3,right_joint_4,right_joint_5,right_joint_6,right_joint_7,-90.23290674998916,-74.18618352187111,94.25305871591414,-89.39536191035207,-99.83373500733393,-0.7861243601502039,4.322506379622311,,
1780128053,374572448,right_base_cmd,right_joint_1,right_joint_2,right_joint_3,right_joint_4,right_joint_5,right_joint_6,right_joint_7,-90.40689012919168,-74.14552603486227,93.99559744946541,-89.26525825691512,-98.06654309965478,-0.4832514582970404,4.0842803340323,,
1780128053,384576237,right_base_cmd,right_joint_1,right_joint_2,right_joint_3,right_joint_4,right_joint_5,right_joint_6,right_joint_7,-90.53608901015073,-74.0973788250222,93.73851420128196,-89.13988454904025,-96.2401767294599,-0.21670022935960986,3.902150627744149,,
1780128053,394734770,right_base_cmd,right_joint_1,right_joint_2,right_joint_3,right_joint_4,right_joint_5,right_joint_6,right_joint_7,-90.73184192112441,-74.03800633545832,93.44998802526956,-89.05942228419055,-94.36614600952771,0.0971002038787745,3.707107040336254,,
1780128053,404199591,right_base_cmd,right_joint_1,right_joint_2,right_joint_3,right_joint_4,right_joint_5,right_joint_6,right_joint_7,-90.9626774744797,-73.89882066535706,92.79361156540497,-88.82495240352826,-91.6211994151771,0.7545594505251714,3.307484186152166,,
1780128053,414601985,right_base_cmd,right_joint_1,right_joint_2,right_joint_3,right_joint_4,right_joint_5,right_joint_6,right_joint_7,-91.03549106773497,-73.83118920430498,92.46731257226563,-88.69501974791696,-89.15222613411464,1.0071467896910988,3.0675882986886194,,
1780128053,424829070,right_base_cmd,right_joint_1,right_joint_2,right_joint_3,right_joint_4,right_joint_5,right_joint_6,right_joint_7,-91.10158193236302,-73.75830076005629,92.10900742424505,-88.55923824962242,-86.8020682540851,1.2757767089773964,2.7639558342926165,,
1780128053,435965646,right_base_cmd,right_joint_1,right_joint_2,right_joint_3,right_joint_4,right_joint_5,right_joint_6,right_joint_7,-91.14272433882465,-73.71143126014574,91.79405333733561,-88.4036442868884,-84.55484894970027,1.4794013605659373,2.404734376453959,,
1780128053,444529828,right_base_cmd,right_joint_1,right_joint_2,right_joint_3,right_joint_4,right_joint_5,right_joint_6,right_joint_7,-91.17316770920203,-73.68245348906534,91.45852289822935,-88.25838560640695,-82.40714874972872,1.6873629398705319,2.0136482563552676,,
1780128053,455195083,right_base_cmd,right_joint_1,right_joint_2,right_joint_3,right_joint_4,right_joint_5,right_joint_6,right_joint_7,-91.2026732536585,-73.66673584467834,91.17560130853067,-88.12067972943903,-80.31471804314026,1.834353403123096,1.6187438602808442,,
1780128053,464601316,right_base_cmd,right_joint_1,right_joint_2,right_joint_3,right_joint_4,right_joint_5,right_joint_6,right_joint_7,-91.26833374940722,-73.59496046376172,90.44168651721893,-87.9452063428296,-77.52596993820072,2.3626380696531513,0.957671945884428,,
1780128053,474326562,right_base_cmd,right_joint_1,right_joint_2,right_joint_3,right_joint_4,right_joint_5,right_joint_6,right_joint_7,-91.26844404765197,-73.55464609640048,90.11970655061847,-87.82049328347354,-75.00155674237561,2.476475254451607,0.4949994242876272,,
1780128053,485180009,right_base_cmd,right_joint_1,right_joint_2,right_joint_3,right_joint_4,right_joint_5,right_joint_6,right_joint_7,-91.26992220119402,-73.49852850138258,89.79955337193442,-87.72872046098259,-72.78308433548335,2.587013134824481,0.07250583796233911,,
1780128053,494586557,right_base_cmd,right_joint_1,right_joint_2,right_joint_3,right_joint_4,right_joint_5,right_joint_6,right_joint_7,-91.24186024598961,-73.45334020915637,89.46669441953341,-87.61201383441188,-70.6402587164842,2.680001631153921,-0.368651147427002,,
1780128053,504596942,right_base_cmd,right_joint_1,right_joint_2,right_joint_3,right_joint_4,right_joint_5,right_joint_6,right_joint_7,-91.22538357995424,-73.40764692950656,89.11928528810435,-87.51551730372155,-68.63962967719931,2.7811616147282123,-0.8243251710805026,,
1780128053,514371012,right_base_cmd,right_joint_1,right_joint_2,right_joint_3,right_joint_4,right_joint_5,right_joint_6,right_joint_7,-91.15324894214567,-73.3101976551189,88.38288088244573,-87.353578233926,-66.00793566342065,3.1266748265326854,-1.5830979517370594,,
1780128053,525035530,right_base_cmd,right_joint_1,right_joint_2,right_joint_3,right_joint_4,right_joint_5,right_joint_6,right_joint_7,-91.09154161779995,-73.25575450984458,87.98238298552954,-87.22001248227834,-63.68853644301032,3.161816555719845,-2.2011051267527506,,
1780128053,534593175,right_base_cmd,right_joint_1,right_joint_2,right_joint_3,right_joint_4,right_joint_5,right_joint_6,right_joint_7,-91.00460498645586,-73.21930441931148,87.70087417352042,-87.08573721678518,-61.655561317369575,3.0967981740732924,-2.704896806567504,,
1780128053,544767001,right_base_cmd,right_joint_1,right_joint_2,right_joint_3,right_joint_4,right_joint_5,right_joint_6,right_joint_7,-90.95544253473255,-73.17117704591796,87.33590176182841,-86.99474363845992,-59.73323910874274,3.1141090649626406,-3.225686833140017,,
1780128053,554324629,right_base_cmd,right_joint_1,right_joint_2,right_joint_3,right_joint_4,right_joint_5,right_joint_6,right_joint_7,-90.91769364514462,-73.13714797705155,87.04538096994091,-86.94022783598918,-57.948291530405754,3.084129992809558,-3.658537224183661,,
1780128053,564371757,right_base_cmd,right_joint_1,right_joint_2,right_joint_3,right_joint_4,right_joint_5,right_joint_6,right_joint_7,-90.8526924193691,-73.06884876450796,86.3463655090354,-86.90158543667089,-55.58569899498468,3.312450002910005,-4.313484636545141,,
1780128053,574498772,right_base_cmd,right_joint_1,right_joint_2,right_joint_3,right_joint_4,right_joint_5,right_joint_6,right_joint_7,-90.79762963863803,-73.04661353917915,86.01510290129406,-86.86239576085019,-53.492541705774954,3.234854381518524,-4.750355388358017,,
1780128053,584450710,right_base_cmd,right_joint_1,right_joint_2,right_joint_3,right_joint_4,right_joint_5,right_joint_6,right_joint_7,-90.74804748691079,-73.02240933115458,85.6659887752331,-86.8218734797439,-51.54636742183442,3.174215867507833,-5.179163446189207,,
1780128053,594509086,right_base_cmd,right_joint_1,right_joint_2,right_joint_3,right_joint_4,right_joint_5,right_joint_6,right_joint_7,-90.66746843189654,-73.0006774921924,85.3573647775942,-86.78466100459987,-49.68581427241389,3.0936058363273062,-5.5411868272903035,,
1780128053,605496306,right_base_cmd,right_joint_1,right_joint_2,right_joint_3,right_joint_4,right_joint_5,right_joint_6,right_joint_7,-90.61600565182394,-72.96242086905143,84.9856938690721,-86.76817492277543,-47.85674827004283,3.0629565889670474,-5.946696597630833,,
1780128053,614477594,right_base_cmd,right_joint_1,right_joint_2,right_joint_3,right_joint_4,right_joint_5,right_joint_6,right_joint_7,-90.54420652698676,-72.92980676197057,84.63765068889947,-86.76634235709976,-46.04244485403717,3.021926053194825,-6.291253530921111,,
1780128053,624389919,right_base_cmd,right_joint_1,right_joint_2,right_joint_3,right_joint_4,right_joint_5,right_joint_6,right_joint_7,-90.49200348543573,-72.84566177407073,83.93644060240408,-86.88649485579823,-43.61466631916289,3.22945244690181,-6.811221057645483,,
1780128053,634956644,right_base_cmd,right_joint_1,right_joint_2,right_joint_3,right_joint_4,right_joint_5,right_joint_6,right_joint_7,-90.48637151224219,-72.80637012006083,83.61778768195873,-86.98488625317107,-41.48160603256139,3.160377368186694,-7.0765321962284276,,
1780128053,644715036,right_base_cmd,right_joint_1,right_joint_2,right_joint_3,right_joint_4,right_joint_5,right_joint_6,right_joint_7,-90.49771143658663,-72.76905485590704,83.27054872675379,-87.11166389058634,-39.4578281649151,3.14855971661229,-7.332580496184974,,
1780128053,654389156,right_base_cmd,right_joint_1,right_joint_2,right_joint_3,right_joint_4,right_joint_5,right_joint_6,right_joint_7,-90.46270889794923,-72.74468121813136,82.95506041058471,-87.21949389015539,-37.504451466274986,3.129300791285182,-7.533580144835426,,
1780128053,664385261,right_base_cmd,right_joint_1,right_joint_2,right_joint_3,right_joint_4,right_joint_5,right_joint_6,right_joint_7,-90.43504864969972,-72.66493896972027,82.2160773437511,-87.49733292501277,-34.84686951344622,3.3899518785428953,-8.006077588423196,,
1780128053,674354097,right_base_cmd,right_joint_1,right_joint_2,right_joint_3,right_joint_4,right_joint_5,right_joint_6,right_joint_7,-90.40246384909497,-72.63962035701157,81.90372785351568,-87.65410183319547,-32.516931013277485,3.331045593478116,-8.201264671255117,,
1780128053,685235315,right_base_cmd,right_joint_1,right_joint_2,right_joint_3,right_joint_4,right_joint_5,right_joint_6,right_joint_7,-90.39305255214671,-72.62339661207928,81.56014491006525,-87.83590016527508,-30.3203057688047,3.307908527045079,-8.415419192959078,,
1780128053,694506695,right_base_cmd,right_joint_1,right_joint_2,right_joint_3,right_joint_4,right_joint_5,right_joint_6,right_joint_7,-90.35404672262396,-72.625462733149,81.29060343488962,-88.02520759637953,-28.22215284783232,3.2773548264555146,-8.531423299035524,,
1780128053,704392150,right_base_cmd,right_joint_1,right_joint_2,right_joint_3,right_joint_4,right_joint_5,right_joint_6,right_joint_7,-90.35752470946173,-72.6239257209992,80.94213367016332,-88.27566474300137,-26.1023690389776,3.2992062720829907,-8.698144698639695,,
1780128053,714371525,right_base_cmd,right_joint_1,right_joint_2,right_joint_3,right_joint_4,right_joint_5,right_joint_6,right_joint_7,-90.3629373946616,-72.60345032825627,80.28983200763409,-88.80092438565681,-23.22533301082666,3.563205365457641,-8.98517752302071,,
1780128053,724665726,right_base_cmd,right_joint_1,right_joint_2,right_joint_3,right_joint_4,right_joint_5,right_joint_6,right_joint_7,-90.3879953878367,-72.58286094571055,79.9635388118759,-89.14948778699774,-20.568342154280003,3.5356793970237916,-9.049844123231438,,
1780128053,734552630,right_base_cmd,right_joint_1,right_joint_2,right_joint_3,right_joint_4,right_joint_5,right_joint_6,right_joint_7,-90.3856458186589,-72.55396012741927,79.68303420437749,-89.46808399763422,-18.07287071783162,3.4968515984347235,-9.061593018181796,,
1780128053,744743375,right_base_cmd,right_joint_1,right_joint_2,right_joint_3,right_joint_4,right_joint_5,right_joint_6,right_joint_7,-90.43243301486362,-72.51727862979932,79.37047349883792,-89.88988225856276,-15.611420907231832,3.536487241997982,-9.06493868899976,,
1780128053,754300772,right_base_cmd,right_joint_1,right_joint_2,right_joint_3,right_joint_4,right_joint_5,right_joint_6,right_joint_7,-90.51877684286049,-72.42604577898875,78.72149069431757,-90.74485812715206,-12.303367549290101,3.906238000817673,-9.194759179221776,,
1780128053,764531502,right_base_cmd,right_joint_1,right_joint_2,right_joint_3,right_joint_4,right_joint_5,right_joint_6,right_joint_7,-90.56306456129849,-72.3850072546165,78.50246939375634,-91.22989416979182,-9.346676242685476,3.9055077015801842,-9.009321580565839,,
1780128053,774504784,right_base_cmd,right_joint_1,right_joint_2,right_joint_3,right_joint_4,right_joint_5,right_joint_6,right_joint_7,-90.5570621915621,-72.38294118629706,78.35178072561254,-91.68888132808969,-6.586827270313961,3.94206175945812,-8.761280573180002,,
1780128053,784621302,right_base_cmd,right_joint_1,right_joint_2,right_joint_3,right_joint_4,right_joint_5,right_joint_6,right_joint_7,-90.57679671167861,-72.35230760701718,78.14166235837612,-92.18416364252381,-3.8870034948523653,4.027362458665955,-8.622034038612142,,
1780128053,795062940,right_base_cmd,right_joint_1,right_joint_2,right_joint_3,right_joint_4,right_joint_5,right_joint_6,right_joint_7,-90.59777977947923,-72.3239034282608,77.98578212124474,-92.66997505605418,-1.2605087296098532,4.117891824641738,-8.4751655345856,,
1780128053,804897424,right_base_cmd,right_joint_1,right_joint_2,right_joint_3,right_joint_4,right_joint_5,right_joint_6,right_joint_7,-90.54513619154179,-72.26527047428091,77.54949756886381,-93.6408392572015,2.315584096693158,4.577368549274134,-8.524587707645438,,
1780128053,815599537,right_base_cmd,right_joint_1,right_joint_2,right_joint_3,right_joint_4,right_joint_5,right_joint_6,right_joint_7,-90.50595810895342,-72.2659599238627,77.45395988933271,-94.13025989426855,5.524626456057206,4.576017290482191,-8.311529609111759,,
1780128053,824826534,right_base_cmd,right_joint_1,right_joint_2,right_joint_3,right_joint_4,right_joint_5,right_joint_6,right_joint_7,-90.43968452082945,-72.26996217631718,77.36025331569155,-94.5786946071844,8.524115741354649,4.565896147953147,-8.151095976814034,,
1780128053,834840532,right_base_cmd,right_joint_1,right_joint_2,right_joint_3,right_joint_4,right_joint_5,right_joint_6,right_joint_7,-90.3727803878401,-72.28445219524629,77.2940488942098,-94.99400866097086,11.380229880029162,4.534802053283222,-8.01534858748387,,
1780128053,844653854,right_base_cmd,right_joint_1,right_joint_2,right_joint_3,right_joint_4,right_joint_5,right_joint_6,right_joint_7,-90.26258989424346,-72.30592434920227,77.21443192405101,-95.40283873440048,14.166767988064976,4.5182504406719275,-7.942671870963821,,
1780128053,854506184,right_base_cmd,right_joint_1,right_joint_2,right_joint_3,right_joint_4,right_joint_5,right_joint_6,right_joint_7,-90.15897774594887,-72.33350461462386,77.20943792673873,-95.7781885022418,16.86203957043807,4.486245279427187,-7.821228151443577,,
1780128053,864458617,right_base_cmd,right_joint_1,right_joint_2,right_joint_3,right_joint_4,right_joint_5,right_joint_6,right_joint_7,-90.02718918928312,-72.34922906066477,77.15432722540586,-96.15958836583583,19.543007864860726,4.4464364439168165,-7.784742358705856,,
1780128053,874390709,right_base_cmd,right_joint_1,right_joint_2,right_joint_3,right_joint_4,right_joint_5,right_joint_6,right_joint_7,-89.82022132320006,-72.37060223228646,77.06215080983552,-96.92040966930087,23.03712061837342,4.644630263688107,-7.905637640532362,,
1780128053,884699919,right_base_cmd,right_joint_1,right_joint_2,right_joint_3,right_joint_4,right_joint_5,right_joint_6,right_joint_7,-89.72549584896242,-72.40157374155406,77.11381727414928,-97.25197526494152,26.100778091052973,4.467556520805893,-7.7722621719658065,,
1780128053,894484697,right_base_cmd,right_joint_1,right_joint_2,right_joint_3,right_joint_4,right_joint_5,right_joint_6,right_joint_7,-89.68454625322434,-72.43560387420327,77.21235349967995,-97.60222184400654,28.88547708925728,4.342025637753586,-7.613963336851057,,
1780128053,904261958,right_base_cmd,right_joint_1,right_joint_2,right_joint_3,right_joint_4,right_joint_5,right_joint_6,right_joint_7,-89.54281586237741,-72.54321319725103,77.42826712509716,-98.33438430121528,32.2522631531362,4.618440326170919,-7.490730211614348,,
1780128053,914430284,right_base_cmd,right_joint_1,right_joint_2,right_joint_3,right_joint_4,right_joint_5,right_joint_6,right_joint_7,-89.48618939204536,-72.62157786193923,77.6158097887417,-98.64030614599183,35.19578143281677,4.525664769307532,-7.190972276706887,,
1780128053,924442872,right_base_cmd,right_joint_1,right_joint_2,right_joint_3,right_joint_4,right_joint_5,right_joint_6,right_joint_7,-89.44559836332243,-72.68053785092293,77.81941268668308,-98.99861723127084,37.94939882788577,4.534634878788786,-6.910692838141429,,
1780128053,934427940,right_base_cmd,right_joint_1,right_joint_2,right_joint_3,right_joint_4,right_joint_5,right_joint_6,right_joint_7,-89.41252336877844,-72.72963781131394,78.00317247828511,-99.24041515403736,40.3544566543917,4.506198816183037,-6.619966732710068,,
1780128053,944528964,right_base_cmd,right_joint_1,right_joint_2,right_joint_3,right_joint_4,right_joint_5,right_joint_6,right_joint_7,-89.36043715150495,-72.79304537846606,78.22852688166503,-99.58192870074642,42.74153335816101,4.616538572636962,-6.380043826301076,,
1780128053,954329896,right_base_cmd,right_joint_1,right_joint_2,right_joint_3,right_joint_4,right_joint_5,right_joint_6,right_joint_7,-89.28879657926657,-72.8614814841941,78.53366037461049,-100.06032972118841,45.4604815265389,4.846830091698173,-6.158340666506675,,
1780128053,964411140,right_base_cmd,right_joint_1,right_joint_2,right_joint_3,right_joint_4,right_joint_5,right_joint_6,right_joint_7,-89.24349736452544,-72.88813212497566,78.73622845222727,-100.2638846122904,47.869547432313595,4.833323980469977,-5.860947036501287,,
1780128053,974698472,right_base_cmd,right_joint_1,right_joint_2,right_joint_3,right_joint_4,right_joint_5,right_joint_6,right_joint_7,-89.17551579544809,-72.92395077813394,78.94638391038822,-100.41147594788761,50.02554797248075,4.845277950972225,-5.580123052491231,,
1780128053,985323914,right_base_cmd,right_joint_1,right_joint_2,right_joint_3,right_joint_4,right_joint_5,right_joint_6,right_joint_7,-89.10823506281778,-72.95293968825509,79.12344555689648,-100.56606697109886,52.00662333565964,4.862490969111782,-5.383252980783212,,
1780128053,994806396,right_base_cmd,right_joint_1,right_joint_2,right_joint_3,right_joint_4,right_joint_5,right_joint_6,right_joint_7,-89.06494259095993,-72.97958238684244,79.30385332996232,-100.73622863128078,53.86658898456545,4.882353889879489,-5.229405089494449,,
1780128054,6643584,right_base_cmd,right_joint_1,right_joint_2,right_joint_3,right_joint_4,right_joint_5,right_joint_6,right_joint_7,-88.98365332737617,-73.02594282028674,79.45532494988188,-100.82966713474424,55.54714735579665,4.885691855099033,-5.124837280034811,,
1780128054,14664264,right_base_cmd,right_joint_1,right_joint_2,right_joint_3,right_joint_4,right_joint_5,right_joint_6,right_joint_7,-88.838617172872,-73.08646655143828,79.71808285390833,-101.06227406010761,57.539567720257025,5.061291511263626,-5.135361829619811,,
1780128054,24851020,right_base_cmd,right_joint_1,right_joint_2,right_joint_3,right_joint_4,right_joint_5,right_joint_6,right_joint_7,-88.78366946396775,-73.10811703054783,79.82335711449869,-101.10598032713223,59.16521926847554,4.977149509698513,-5.051810719166056,,
1780128054,34616472,right_base_cmd,right_joint_1,right_joint_2,right_joint_3,right_joint_4,right_joint_5,right_joint_6,right_joint_7,-88.73155302571834,-73.11974998938037,79.9343020231349,-101.15036426218178,60.55301125166369,4.943526492179849,-4.97023349051814,,
1780128054,44795581,right_base_cmd,right_joint_1,right_joint_2,right_joint_3,right_joint_4,right_joint_5,right_joint_6,right_joint_7,-88.72604968151657,-73.12758981655146,80.00191240501923,-101.17924387348235,61.648710637256784,4.884640210426376,-4.87438880583592,,
1780128054,54320230,right_base_cmd,right_joint_1,right_joint_2,right_joint_3,right_joint_4,right_joint_5,right_joint_6,right_joint_7,-88.7422417446497,-73.15514535133663,80.16242135781877,-101.29914224268892,62.70413673124665,4.973671227421455,-4.767709632511256,,
1780128054,64357987,right_base_cmd,right_joint_1,right_joint_2,right_joint_3,right_joint_4,right_joint_5,right_joint_6,right_joint_7,-88.75723181434748,-73.16657847227442,80.23160425601921,-101.32775444395533,63.497612785421836,4.977529724653728,-4.641857743115864,,
1780128054,74388567,right_base_cmd,right_joint_1,right_joint_2,right_joint_3,right_joint_4,right_joint_5,right_joint_6,right_joint_7,-88.79783991626388,-73.14129473524135,80.23737141512683,-101.34333848638211,64.05798129602175,4.939703860097559,-4.537085473015125,,
1780128054,84452156,right_base_cmd,right_joint_1,right_joint_2,right_joint_3,right_joint_4,right_joint_5,right_joint_6,right_joint_7,-88.82981347818506,-73.13525595572686,80.23928777244268,-101.33091460795107,64.39222954664768,4.934209345352038,-4.452272042273719,,
1780128054,94452238,right_base_cmd,right_joint_1,right_joint_2,right_joint_3,right_joint_4,right_joint_5,right_joint_6,right_joint_7,-88.84940789055324,-73.12957868373589,80.23920910507681,-101.2988693562478,64.57227000834473,4.956028866151094,-4.39730413582744,,
1780128054,104376610,right_base_cmd,right_joint_1,right_joint_2,right_joint_3,right_joint_4,right_joint_5,right_joint_6,right_joint_7,-88.87407899776488,-73.11477264960588,80.19759236405437,-101.25951023565268,64.58562365952287,4.957963881142412,-4.394136970744697,,
1780128054,114431932,right_base_cmd,right_joint_1,right_joint_2,right_joint_3,right_joint_4,right_joint_5,right_joint_6,right_joint_7,-88.93801747937883,-73.087423621437,80.08490945640952,-101.18114669474495,64.30148682103498,4.914655268778013,-4.434002431286913,,
1780128054,124483857,right_base_cmd,right_joint_1,right_joint_2,right_joint_3,right_joint_4,right_joint_5,right_joint_6,right_joint_7,-88.98314911747516,-73.07459675973793,80.01905363942413,-101.13700128922927,63.909644320112704,4.934818612941406,-4.510416238149915,,
1780128054,135008043,right_base_cmd,right_joint_1,right_joint_2,right_joint_3,right_joint_4,right_joint_5,right_joint_6,right_joint_7,-89.04591982614349,-73.05992359100988,79.94691188984152,-101.10612598515452,63.4352792981457,4.926291913741814,-4.5677496381895395,,
1780128054,145682396,right_base_cmd,right_joint_1,right_joint_2,right_joint_3,right_joint_4,right_joint_5,right_joint_6,right_joint_7,-89.09716760194155,-73.04277548274031,79.8647748672702,-101.04750598345261,62.874386061409325,4.898713185733477,-4.600514302256968,,
1780128054,154288624,right_base_cmd,right_joint_1,right_joint_2,right_joint_3,right_joint_4,right_joint_5,right_joint_6,right_joint_7,-89.1842867920353,-73.0179931463663,79.74858801582204,-100.92000270544499,62.02556124093752,4.808918070931277,-4.551535924805151,,
1780128054,166013230,right_base_cmd,right_joint_1,right_joint_2,right_joint_3,right_joint_4,right_joint_5,right_joint_6,right_joint_7,-89.22180272328936,-73.02111146829743,79.71357154858865,-100.88415737550606,61.22823468132509,4.864357765175505,-4.569829534311069,,
1780128054,174444783,right_base_cmd,right_joint_1,right_joint_2,right_joint_3,right_joint_4,right_joint_5,right_joint_6,right_joint_7,-89.2874017749995,-72.98961131200481,79.62937073883663,-100.84354333734406,60.45893579078273,4.827959064078023,-4.582588053959924,,
1780128054,184804994,right_base_cmd,right_joint_1,right_joint_2,right_joint_3,right_joint_4,right_joint_5,right_joint_6,right_joint_7,-89.32455584830657,-72.96239257332338,79.54493233732629,-100.76548183888583,59.67989139757606,4.784549029126772,-4.5880657146403365,,
1780128054,194814788,right_base_cmd,right_joint_1,right_joint_2,right_joint_3,right_joint_4,right_joint_5,right_joint_6,right_joint_7,-89.35206980284491,-72.92605295545066,79.4378129687951,-100.67970178113093,58.889496742484766,4.72123807780202,-4.618389367584896,,
1780128054,204432076,right_base_cmd,right_joint_1,right_joint_2,right_joint_3,right_joint_4,right_joint_5,right_joint_6,right_joint_7,-89.46994477557584,-72.8530851080052,79.20805126654616,-100.46766420567214,57.68380109162189,4.432683284096363,-4.579571852945506,,
1780128054,214512870,right_base_cmd,right_joint_1,right_joint_2,right_joint_3,right_joint_4,right_joint_5,right_joint_6,right_joint_7,-89.50086273721573,-72.77787861844833,79.06445901627384,-100.34986881341662,56.56521318775543,4.3105859933178365,-4.6315765172133325,,
1780128054,224517775,right_base_cmd,right_joint_1,right_joint_2,right_joint_3,right_joint_4,right_joint_5,right_joint_6,right_joint_7,-89.5391037079963,-72.7255860277768,78.9405249312027,-100.21693731233735,55.42512136853168,4.19019325033873,-4.649770289254789,,
1780128054,234515537,right_base_cmd,right_joint_1,right_joint_2,right_joint_3,right_joint_4,right_joint_5,right_joint_6,right_joint_7,-89.52876328088544,-72.69004167323381,78.81299871355449,-100.01207515204398,54.208388053930605,4.071633679489601,-4.645902960118988,,
1780128054,244515255,right_base_cmd,right_joint_1,right_joint_2,right_joint_3,right_joint_4,right_joint_5,right_joint_6,right_joint_7,-89.58147867274434,-72.65285835820664,78.71681311322615,-99.87120043939639,52.988173324561956,3.968364406241683,-4.633170579723824,,
1780128054,254667047,right_base_cmd,right_joint_1,right_joint_2,right_joint_3,right_joint_4,right_joint_5,right_joint_6,right_joint_7,-89.64428772459004,-72.61576526241386,78.61707425117064,-99.71844260422507,51.732784530289166,3.8473377278330716,-4.6111817508981545,,
1780128054,264766874,right_base_cmd,right_joint_1,right_joint_2,right_joint_3,right_joint_4,right_joint_5,right_joint_6,right_joint_7,-89.77512388122275,-72.55034499395886,78.47886722867955,-99.33798159655034,49.91479041098012,3.5389901292992434,-4.424096147507001,,
1780128054,274492527,right_base_cmd,right_joint_1,right_joint_2,right_joint_3,right_joint_4,right_joint_5,right_joint_6,right_joint_7,-89.83302674383768,-72.49692179605923,78.366655376316,-99.18271910245353,48.266404267061944,3.434686828009326,-4.438791066670049,,
1780128054,284652290,right_base_cmd,right_joint_1,right_joint_2,right_joint_3,right_joint_4,right_joint_5,right_joint_6,right_joint_7,-89.8819303883981,-72.4275321228504,78.26584433882616,-98.9945486457221,46.71182699414743,3.3193078075950737,-4.435457305743299,,
1780128054,295239619,right_base_cmd,right_joint_1,right_joint_2,right_joint_3,right_joint_4,right_joint_5,right_joint_6,right_joint_7,-89.91938166120221,-72.36883461153049,78.18171590820398,-98.82348636557505,45.2109026628342,3.237910706367593,-4.4469816185975475,,
1780128054,304346317,right_base_cmd,right_joint_1,right_joint_2,right_joint_3,right_joint_4,right_joint_5,right_joint_6,right_joint_7,-90.01220388749121,-72.25107166814838,78.01562724864303,-98.40849085179504,43.281713952352334,2.9155235627290566,-4.387755369170478,,
1780128054,314587365,right_base_cmd,right_joint_1,right_joint_2,right_joint_3,right_joint_4,right_joint_5,right_joint_6,right_joint_7,-90.04400514325297,-72.20216188353108,77.9403255819997,-98.21734565834869,41.52574844694868,2.863017739392383,-4.456972926217773,,
1780128054,324679565,right_base_cmd,right_joint_1,right_joint_2,right_joint_3,right_joint_4,right_joint_5,right_joint_6,right_joint_7,-90.06953230911168,-72.16203630724972,77.87565549163557,-98.00934504134194,39.890863643994805,2.796004750104153,-4.514000980138931,,
1780128054,334330600,right_base_cmd,right_joint_1,right_joint_2,right_joint_3,right_joint_4,right_joint_5,right_joint_6,right_joint_7,-90.13031397827487,-72.11686853732239,77.78747891339387,-97.82595706040634,38.34070659297771,2.6762889944397514,-4.590481829191631,,
1780128054,344357566,right_base_cmd,right_joint_1,right_joint_2,right_joint_3,right_joint_4,right_joint_5,right_joint_6,right_joint_7,-90.1488156946726,-72.08569914274939,77.74018080520293,-97.62059136162726,36.873360796749466,2.5813115749752527,-4.634167274324412,,
1780128054,354336385,right_base_cmd,right_joint_1,right_joint_2,right_joint_3,right_joint_4,right_joint_5,right_joint_6,right_joint_7,-90.18580578386272,-72.03695767566866,77.67577303380048,-97.19293929763849,35.042462304397645,2.2788837017163317,-4.576914532548884,,
1780128054,364649471,right_base_cmd,right_joint_1,right_joint_2,right_joint_3,right_joint_4,right_joint_5,right_joint_6,right_joint_7,-90.20684129680197,-72.0176073717861,77.63039153816973,-97.0255540485273,33.4352737667661,2.203485631035228,-4.650583110825053,,
1780128054,376843305,right_base_cmd,right_joint_1,right_joint_2,right_joint_3,right_joint_4,right_joint_5,right_joint_6,right_joint_7,-90.23965760254922,-71.99361417147658,77.60318786009091,-96.88665896614755,32.03158994567781,2.136893515586287,-4.70721258057479,,
1780128054,384510527,right_base_cmd,right_joint_1,right_joint_2,right_joint_3,right_joint_4,right_joint_5,right_joint_6,right_joint_7,-90.25824811730556,-71.97222520313717,77.58426003906928,-96.74925762580291,30.7864656171609,2.087149861442761,-4.749673437032996,,
1780128054,394691335,right_base_cmd,right_joint_1,right_joint_2,right_joint_3,right_joint_4,right_joint_5,right_joint_6,right_joint_7,-90.26363152930284,-71.96205940242994,77.58786661113894,-96.62528268286373,29.63964431616472,2.086199396433024,-4.781107719455704,,
1780128054,405316632,right_base_cmd,right_joint_1,right_joint_2,right_joint_3,right_joint_4,right_joint_5,right_joint_6,right_joint_7,-90.3238043917249,-71.84498991093268,77.51181802554143,-96.48245994099388,28.46289724672056,2.0112482949507537,-4.849223862541422,,
1780128054,416156141,right_base_cmd,right_joint_1,right_joint_2,right_joint_3,right_joint_4,right_joint_5,right_joint_6,right_joint_7,-90.34879162152893,-71.78231095407024,77.46671224725063,-96.45061788952758,27.477241040066417,2.0743001236629723,-4.911276364860342,,
1780128054,424830553,right_base_cmd,right_joint_1,right_joint_2,right_joint_3,right_joint_4,right_joint_5,right_joint_6,right_joint_7,-90.37282783002641,-71.71881960722801,77.42544088693987,-96.4384919663802,26.679741750589187,2.1308262113794356,-4.932891494633068,,
1780128054,434748532,right_base_cmd,right_joint_1,right_joint_2,right_joint_3,right_joint_4,right_joint_5,right_joint_6,right_joint_7,-90.40786314961898,-71.67495736716133,77.37527926733404,-96.45186959387634,26.019929015807747,2.1542723623221107,-4.919667289575401,,
1780128054,445245564,right_base_cmd,right_joint_1,right_joint_2,right_joint_3,right_joint_4,right_joint_5,right_joint_6,right_joint_7,-90.42817992144413,-71.65755673807293,77.37275144547144,-96.45904049144316,25.487486756819123,2.182539088005292,-4.831889218819882,,
1780128054,454825152,right_base_cmd,right_joint_1,right_joint_2,right_joint_3,right_joint_4,right_joint_5,right_joint_6,right_joint_7,-90.42034168844245,-71.65757703464523,77.36977591132953,-96.44707929818601,25.05387281934952,2.1861238972975414,-4.723805225598838,,
1780128054,464435325,right_base_cmd,right_joint_1,right_joint_2,right_joint_3,right_joint_4,right_joint_5,right_joint_6,right_joint_7,-90.3813546805014,-71.72604236133851,77.39864901703461,-96.41484372914034,24.61590054804344,2.1631603280041602,-4.580841728222097,,
1780128054,474464852,right_base_cmd,right_joint_1,right_joint_2,right_joint_3,right_joint_4,right_joint_5,right_joint_6,right_joint_7,-90.33709266018755,-71.76406218747219,77.3931713104889,-96.32327434003425,24.263390131381925,2.0666151450910277,-4.498160299187603,,
1780128054,484986198,right_base_cmd,right_joint_1,right_joint_2,right_joint_3,right_joint_4,right_joint_5,right_joint_6,right_joint_7,-90.28928411987957,-71.76492414598358,77.34074210196022,-96.25325750276649,23.999310414388162,1.9610479470879412,-4.511845885646451,,
1780128054,494625939,right_base_cmd,right_joint_1,right_joint_2,right_joint_3,right_joint_4,right_joint_5,right_joint_6,right_joint_7,-90.26104926612837,-71.74163323714448,77.24396081599102,-96.17857693669806,23.7861034150755,1.8219215184037765,-4.568714700134834,,
1780128054,504256463,right_base_cmd,right_joint_1,right_joint_2,right_joint_3,right_joint_4,right_joint_5,right_joint_6,right_joint_7,-90.22635909148974,-71.73670055790497,77.1518422680023,-96.057712205913,23.47924204639935,1.653318827289361,-4.623774246880217,,
1780128054,515706174,right_base_cmd,right_joint_1,right_joint_2,right_joint_3,right_joint_4,right_joint_5,right_joint_6,right_joint_7,-90.22710125668564,-71.75345520429745,77.12718683094303,-95.98711332220553,23.14915007175233,1.554473718913023,-4.642223083538809,,
1780128054,524482170,right_base_cmd,right_joint_1,right_joint_2,right_joint_3,right_joint_4,right_joint_5,right_joint_6,right_joint_7,-90.23066752999748,-71.774943843732,77.11202930536089,-95.91002428241059,22.801317290331212,1.4711320333303277,-4.658825415242362,,
1780128054,534422722,right_base_cmd,right_joint_1,right_joint_2,right_joint_3,right_joint_4,right_joint_5,right_joint_6,right_joint_7,-90.22574762293388,-71.82175148338537,77.10834281405036,-95.80028815420799,22.395028390721052,1.3942440610449651,-4.662542599458348,,
1780128054,544540411,right_base_cmd,right_joint_1,right_joint_2,right_joint_3,right_joint_4,right_joint_5,right_joint_6,right_joint_7,-90.24436283928881,-71.85083801880263,77.11060686431998,-95.70436808492578,21.95926160252128,1.3340169343477513,-4.677540397649821,,
1780128054,554347454,right_base_cmd,right_joint_1,right_joint_2,right_joint_3,right_joint_4,right_joint_5,right_joint_6,right_joint_7,-90.33234883004158,-71.83417847377264,77.08643223990097,-95.52179551377118,21.265738270523116,1.1729194674639487,-4.70354964618987,,
1780128054,564496878,right_base_cmd,right_joint_1,right_joint_2,right_joint_3,right_joint_4,right_joint_5,right_joint_6,right_joint_7,-90.37789477045439,-71.8197258908453,77.08050146093498,-95.42730943660804,20.580424419145686,1.1583573668495504,-4.740272013877032,,
1780128054,574386175,right_base_cmd,right_joint_1,right_joint_2,right_joint_3,right_joint_4,right_joint_5,right_joint_6,right_joint_7,-90.45240885305438,-71.78769208174829,77.0567666777221,-95.34121876226597,19.882147523108188,1.1320545357766107,-4.778781501040456,,
1780128054,584936781,right_base_cmd,right_joint_1,right_joint_2,right_joint_3,right_joint_4,right_joint_5,right_joint_6,right_joint_7,-90.5242240756966,-71.7718259268503,77.0833243396531,-95.25930795352049,19.156147733124953,1.1474113409750046,-4.753756100940123,,
1780128054,594769005,right_base_cmd,right_joint_1,right_joint_2,right_joint_3,right_joint_4,right_joint_5,right_joint_6,right_joint_7,-90.59442856449076,-71.75457149011284,77.10370217850115,-95.18249350859294,18.41364357694073,1.177716705981716,-4.727227771252572,,
1780128054,604397662,right_base_cmd,right_joint_1,right_joint_2,right_joint_3,right_joint_4,right_joint_5,right_joint_6,right_joint_7,-90.74866164034464,-71.7466512341643,77.21260695925,-95.00499790194188,17.351034720240477,1.1459488887927094,-4.566031437187931,,
1780128054,614780071,right_base_cmd,right_joint_1,right_joint_2,right_joint_3,right_joint_4,right_joint_5,right_joint_6,right_joint_7,-90.81589314289752,-71.74914953843007,77.29960276255142,-94.92898594911948,16.38154755779624,1.2696682661626895,-4.436817540201744,,
1780128054,624768948,right_base_cmd,right_joint_1,right_joint_2,right_joint_3,right_joint_4,right_joint_5,right_joint_6,right_joint_7,-90.90217095898143,-71.73246144068254,77.37445913076246,-94.86532048236485,15.468596400242461,1.3602293240506995,-4.305813812760519,,
1780128054,634416952,right_base_cmd,right_joint_1,right_joint_2,right_joint_3,right_joint_4,right_joint_5,right_joint_6,right_joint_7,-90.96214770025259,-71.70514366049578,77.42103347678935,-94.81575146229126,14.648113218007381,1.4463835845146562,-4.2004365247840525,,
1780128054,644892401,right_base_cmd,right_joint_1,right_joint_2,right_joint_3,right_joint_4,right_joint_5,right_joint_6,right_joint_7,-91.00967226668254,-71.67868017878938,77.47109890249189,-94.74082616195592,13.878642189396999,1.4915569513581275,-4.084509949513929,,
1780128054,654531141,right_base_cmd,right_joint_1,right_joint_2,right_joint_3,right_joint_4,right_joint_5,right_joint_6,right_joint_7,-91.01268117794157,-71.65382941818918,77.55986308870231,-94.50255825690239,12.92611812888606,1.4500915363241305,-3.90269322138478,,
1780128054,664406174,right_base_cmd,right_joint_1,right_joint_2,right_joint_3,right_joint_4,right_joint_5,right_joint_6,right_joint_7,-91.02670143216878,-71.63872000926905,77.60160683417618,-94.40575949043615,12.084649009796067,1.4948261285294464,-3.8239550947465233,,
1780128054,674607531,right_base_cmd,right_joint_1,right_joint_2,right_joint_3,right_joint_4,right_joint_5,right_joint_6,right_joint_7,-91.02388087181029,-71.63659589683853,77.65020499592421,-94.32180359845809,11.337120586110188,1.5553947113049915,-3.7757029149966144,,
1780128054,684696513,right_base_cmd,right_joint_1,right_joint_2,right_joint_3,right_joint_4,right_joint_5,right_joint_6,right_joint_7,-91.02784457639441,-71.65565378216407,77.70406625583038,-94.22792891987514,10.650681220374167,1.589952270760996,-3.743708595495562,,
1780128054,694603652,right_base_cmd,right_joint_1,right_joint_2,right_joint_3,right_joint_4,right_joint_5,right_joint_6,right_joint_7,-91.01623383745655,-71.69384415813927,77.73476982366478,-94.0979667032969,10.000968135310643,1.600351775907832,-3.7402985384179175,,
1780128054,704377539,right_base_cmd,right_joint_1,right_joint_2,right_joint_3,right_joint_4,right_joint_5,right_joint_6,right_joint_7,-91.01257011314468,-71.72314723118309,77.78238540178003,-94.02047719424401,9.436770903744844,1.6477984821519343,-3.747522825584227,,
1780128054,714727989,right_base_cmd,right_joint_1,right_joint_2,right_joint_3,right_joint_4,right_joint_5,right_joint_6,right_joint_7,-91.01132030648094,-71.74858330287545,77.88422306483332,-93.89550528292496,8.8064104927916,1.6842310721855895,-3.7175894859822876,,
1780128054,724542271,right_base_cmd,right_joint_1,right_joint_2,right_joint_3,right_joint_4,right_joint_5,right_joint_6,right_joint_7,-91.00917554119471,-71.74310958097426,77.89234389946617,-93.85935405926166,8.319802470282298,1.7738591854912968,-3.777760429735295,,
1780128054,734735672,right_base_cmd,right_joint_1,right_joint_2,right_joint_3,right_joint_4,right_joint_5,right_joint_6,right_joint_7,-90.96729476965893,-71.74591605871747,77.91089912515386,-93.8160377461664,7.9263654369444225,1.891898100747433,-3.803956381666765,,
1780128054,745083331,right_base_cmd,right_joint_1,right_joint_2,right_joint_3,right_joint_4,right_joint_5,right_joint_6,right_joint_7,-90.95324102515454,-71.72443612765791,77.89791289190808,-93.80274555149573,7.644920934003721,1.9847245672909324,-3.8553239714037915,,
1780128054,755483089,right_base_cmd,right_joint_1,right_joint_2,right_joint_3,right_joint_4,right_joint_5,right_joint_6,right_joint_7,-90.95619938052224,-71.7004911396693,77.88893966760898,-93.79315989009946,7.412332124156364,2.0590477924308246,-3.902265633503035,,
1780128054,764723168,right_base_cmd,right_joint_1,right_joint_2,right_joint_3,right_joint_4,right_joint_5,right_joint_6,right_joint_7,-90.91132244025542,-71.67700335857423,77.86425457250809,-93.7655802136518,7.281488212884938,2.1491001652224853,-3.9514847220228404,,
1780128054,775385924,right_base_cmd,right_joint_1,right_joint_2,right_joint_3,right_joint_4,right_joint_5,right_joint_6,right_joint_7,-90.89416196890139,-71.66323018017268,77.83656027273898,-93.78154584595042,7.214547355129525,2.2320728329377246,-4.003651233005783,,
1780128054,784676067,right_base_cmd,right_joint_1,right_joint_2,right_joint_3,right_joint_4,right_joint_5,right_joint_6,right_joint_7,-90.85362064246905,-71.67382705381188,77.82250045312921,-93.77102425775566,7.1996518049121505,2.2996236644803574,-4.027249016909835,,
1780128054,795031254,right_base_cmd,right_joint_1,right_joint_2,right_joint_3,right_joint_4,right_joint_5,right_joint_6,right_joint_7,-90.8116251808178,-71.68022853710097,77.79465968863505,-93.73962627905094,7.224278383220508,2.3384099756665435,-4.065546917031398,,
1780128054,804350599,right_base_cmd,right_joint_1,right_joint_2,right_joint_3,right_joint_4,right_joint_5,right_joint_6,right_joint_7,-90.7014426996453,-71.70187759036487,77.7654039235446,-93.68276486919594,7.342458947591581,2.408776480276977,-4.120243811703418,,
1780128054,815125982,right_base_cmd,right_joint_1,right_joint_2,right_joint_3,right_joint_4,right_joint_5,right_joint_6,right_joint_7,-90.64891570705245,-71.71064012850731,77.73508782743582,-93.6391956237983,7.475558666230313,2.427572700629021,-4.191958051033694,,
1780128054,824663678,right_base_cmd,right_joint_1,right_joint_2,right_joint_3,right_joint_4,right_joint_5,right_joint_6,right_joint_7,-90.59464903336058,-71.70516685101428,77.71007660359831,-93.61427010706366,7.628187959039963,2.4626256630459196,-4.2644921539278045,,
1780128054,834668365,right_base_cmd,right_joint_1,right_joint_2,right_joint_3,right_joint_4,right_joint_5,right_joint_6,right_joint_7,-90.55775131864746,-71.69015661078198,77.69226858877423,-93.60479313099007,7.785260704227653,2.4980774102912235,-4.342195320154602,,
1780128054,845124666,right_base_cmd,right_joint_1,right_joint_2,right_joint_3,right_joint_4,right_joint_5,right_joint_6,right_joint_7,-90.51343273816687,-71.69013609619027,77.67895395800278,-93.58811756156253,7.935299085835197,2.5400577311934356,-4.415405310277222,,
1780128054,854351793,right_base_cmd,right_joint_1,right_joint_2,right_joint_3,right_joint_4,right_joint_5,right_joint_6,right_joint_7,-90.42233014186999,-71.71042902431692,77.657113890538,-93.5304516462299,8.1248868470027,2.5865228131184566,-4.508519967144721,,
1780128054,864341652,right_base_cmd,right_joint_1,right_joint_2,right_joint_3,right_joint_4,right_joint_5,right_joint_6,right_joint_7,-90.38817477541127,-71.71232180325337,77.62063359919406,-93.5059143737674,8.304831664707478,2.597830741176729,-4.627156437470504,,
1780128054,874351817,right_base_cmd,right_joint_1,right_joint_2,right_joint_3,right_joint_4,right_joint_5,right_joint_6,right_joint_7,-90.32236732629846,-71.72717299263054,77.60183267002392,-93.46048491970647,8.466018200480562,2.6186276572367504,-4.714582784550046,,
1780128054,884523644,right_base_cmd,right_joint_1,right_joint_2,right_joint_3,right_joint_4,right_joint_5,right_joint_6,right_joint_7,-90.26102814375972,-71.74845925230512,77.59285129536946,-93.41679602465628,8.608403157762268,2.6310436946022904,-4.798510105734763,,
1780128054,894791935,right_base_cmd,right_joint_1,right_joint_2,right_joint_3,right_joint_4,right_joint_5,right_joint_6,right_joint_7,-90.1910892798762,-71.77955978588217,77.6049043680317,-93.35064011407395,8.731973863524445,2.630085747320898,-4.855849612928878,,
1780128054,904370602,right_base_cmd,right_joint_1,right_joint_2,right_joint_3,right_joint_4,right_joint_5,right_joint_6,right_joint_7,-90.09345699608909,-71.82642055426693,77.60649805053706,-93.22313920856489,8.840502067649368,2.603140574559127,-4.961258354978739,,
1780128054,915156266,right_base_cmd,right_joint_1,right_joint_2,right_joint_3,right_joint_4,right_joint_5,right_joint_6,right_joint_7,-90.05815351224598,-71.8651545783866,77.61466695826667,-93.16976300897484,8.901575478654195,2.59963670528942,-5.077858327913546,,
1780128054,925978631,right_base_cmd,right_joint_1,right_joint_2,right_joint_3,right_joint_4,right_joint_5,right_joint_6,right_joint_7,-90.01075396575024,-71.88877416940223,77.61465888510529,-93.10791714202072,8.944388804465234,2.6038247104327255,-5.197768084491443,,
1780128054,934895258,right_base_cmd,right_joint_1,right_joint_2,right_joint_3,right_joint_4,right_joint_5,right_joint_6,right_joint_7,-89.96576839287607,-71.90354098866534,77.60564096359835,-93.05134947739403,8.974426162690179,2.6135385047152866,-5.325890692286023,,
1780128054,944792238,right_base_cmd,right_joint_1,right_joint_2,right_joint_3,right_joint_4,right_joint_5,right_joint_6,right_joint_7,-89.93454213998965,-71.91797590929833,77.60631539251628,-92.99707684253964,8.969091894491783,2.6358327794443497,-5.446621026815208,,
1780128054,955256293,right_base_cmd,right_joint_1,right_joint_2,right_joint_3,right_joint_4,right_joint_5,right_joint_6,right_joint_7,-89.90478500593187,-71.93422477689803,77.60503120632038,-92.95300715499918,8.947923370329988,2.675621194632363,-5.571296744554175,,
1780128054,964611646,right_base_cmd,right_joint_1,right_joint_2,right_joint_3,right_joint_4,right_joint_5,right_joint_6,right_joint_7,-89.87255557361485,-71.95913904808494,77.61348949826086,-92.85931264927474,8.889455166270977,2.7017933610006892,-5.708117726630476,,
1780128054,974384994,right_base_cmd,right_joint_1,right_joint_2,right_joint_3,right_joint_4,right_joint_5,right_joint_6,right_joint_7,-89.85387258069673,-71.96228225835945,77.6006631784708,-92.82969503762861,8.84111440297363,2.7639965017718353,-5.843151556087562,,
1780128054,984674358,right_base_cmd,right_joint_1,right_joint_2,right_joint_3,right_joint_4,right_joint_5,right_joint_6,right_joint_7,-89.84167084701645,-71.96998933876559,77.59444604698197,-92.80253363139691,8.783188019485237,2.819375941171309,-5.942266774790667,,
1780128054,994978475,right_base_cmd,right_joint_1,right_joint_2,right_joint_3,right_joint_4,right_joint_5,right_joint_6,right_joint_7,-89.84885504692548,-71.98100953536068,77.5882975454995,-92.77513019538357,8.716123233336248,2.853547430199633,-6.026688739842328,,
1780128055,4447652,right_base_cmd,right_joint_1,right_joint_2,right_joint_3,right_joint_4,right_joint_5,right_joint_6,right_joint_7,-89.86200869119088,-71.98765483218314,77.59398387033971,-92.76813670205321,8.650812837790056,2.9021602972116582,-6.064574513397886,,
1780128055,15073652,right_base_cmd,right_joint_1,right_joint_2,right_joint_3,right_joint_4,right_joint_5,right_joint_6,right_joint_7,-89.88359566875457,-72.01339933829713,77.64083536179126,-92.73062608719893,8.54951774997295,2.9637815500233344,-6.026145850009996,,
1780128055,24651434,right_base_cmd,right_joint_1,right_joint_2,right_joint_3,right_joint_4,right_joint_5,right_joint_6,right_joint_7,-89.91117824662021,-72.0135905668878,77.65605274315348,-92.73792407004477,8.478936249474884,3.0552179439699856,-6.016358820723681,,
1780128055,34740035,right_base_cmd,right_joint_1,right_joint_2,right_joint_3,right_joint_4,right_joint_5,right_joint_6,right_joint_7,-89.90430289672943,-72.02864805949947,77.68547646713708,-92.72737065506438,8.404491671739777,3.1656869756197423,-5.977202739602333,,
1780128055,44700726,right_base_cmd,right_joint_1,right_joint_2,right_joint_3,right_joint_4,right_joint_5,right_joint_6,right_joint_7,-89.94519795710355,-72.0331843976423,77.70933551159308,-92.74038913781318,8.331062648257046,3.2705571777148705,-5.949731674834098,,
1780128055,54359479,right_base_cmd,right_joint_1,right_joint_2,right_joint_3,right_joint_4,right_joint_5,right_joint_6,right_joint_7,-90.01051251421703,-72.03768298264204,77.75776212137961,-92.73675428154361,8.225183519274196,3.3950746557504843,-5.884922934469003,,
1780128055,64626159,right_base_cmd,right_joint_1,right_joint_2,right_joint_3,right_joint_4,right_joint_5,right_joint_6,right_joint_7,-90.03777251517747,-72.04055752641865,77.77879105571,-92.7422869104645,8.134539436092382,3.54840828393953,-5.857879970999889,,
1780128055,74482779,right_base_cmd,right_joint_1,right_joint_2,right_joint_3,right_joint_4,right_joint_5,right_joint_6,right_joint_7,-90.06788493761414,-72.01980306229014,77.73839678573668,-92.75311200293721,8.074501006093726,3.6628940837598023,-5.911055742982242,,
1780128055,84422554,right_base_cmd,right_joint_1,right_joint_2,right_joint_3,right_joint_4,right_joint_5,right_joint_6,right_joint_7,-90.06128633538307,-72.01189485448897,77.72485129547638,-92.72348845368897,8.013827965639507,3.757705586245784,-5.942565944926301,,
1780128055,94622160,right_base_cmd,right_joint_1,right_joint_2,right_joint_3,right_joint_4,right_joint_5,right_joint_6,right_joint_7,-90.04448865323636,-72.00828611593944,77.70385668652497,-92.68194758646128,7.957104198120987,3.8393366227970844,-5.973043965604646,,
1780128055,104280362,right_base_cmd,right_joint_1,right_joint_2,right_joint_3,right_joint_4,right_joint_5,right_joint_6,right_joint_7,-90.07546820163472,-71.97678198342426,77.64533231992706,-92.62558573878256,7.891191631258835,3.8792924819960675,-6.058595700677827,,
1780128055,114685245,right_base_cmd,right_joint_1,right_joint_2,right_joint_3,right_joint_4,right_joint_5,right_joint_6,right_joint_7,-90.08000932161033,-71.98533360787833,77.64672563298328,-92.59808433793377,7.79129718844905,3.9794302846594363,-6.081908736868414,,
1780128055,124739988,right_base_cmd,right_joint_1,right_joint_2,right_joint_3,right_joint_4,right_joint_5,right_joint_6,right_joint_7,-90.1012974603494,-72.00483257195823,77.67223441561563,-92.57851680013768,7.660321843402187,4.085430357411163,-6.082137572261914,,
1780128055,134682620,right_base_cmd,right_joint_1,right_joint_2,right_joint_3,right_joint_4,right_joint_5,right_joint_6,right_joint_7,-90.12952367116216,-71.99054057988123,77.63964673679831,-92.55538895702183,7.552523734773445,4.169723322904595,-6.1452957246429065,,
1780128055,144468365,right_base_cmd,right_joint_1,right_joint_2,right_joint_3,right_joint_4,right_joint_5,right_joint_6,right_joint_7,-90.13993400598125,-71.98022352762008,77.64064205120692,-92.52582208834282,7.416672296466061,4.275451770183345,-6.166059613285952,,
1780128055,154323021,right_base_cmd,right_joint_1,right_joint_2,right_joint_3,right_joint_4,right_joint_5,right_joint_6,right_joint_7,-90.13584645462132,-71.92831665432546,77.58621181357566,-92.43830691621191,7.250120880729924,4.349875155796845,-6.2310348383131355,,
1780128055,164663316,right_base_cmd,right_joint_1,right_joint_2,right_joint_3,right_joint_4,right_joint_5,right_joint_6,right_joint_7,-90.12947202694076,-71.9073583750447,77.56666186235091,-92.40655355899618,7.066942654454181,4.4722242167423545,-6.269218899731882,,
1780128055,174487612,right_base_cmd,right_joint_1,right_joint_2,right_joint_3,right_joint_4,right_joint_5,right_joint_6,right_joint_7,-90.11297471279212,-71.894155535351,77.5359719052872,-92.35383112499126,6.883544941963464,4.559730140495624,-6.326353202136389,,
1780128055,184625346,right_base_cmd,right_joint_1,right_joint_2,right_joint_3,right_joint_4,right_joint_5,right_joint_6,right_joint_7,-90.0799739848193,-71.89403201794467,77.52699184346025,-92.28159372248679,6.67142036291591,4.63626347557841,-6.374666299380024,,
1780128055,194610073,right_base_cmd,right_joint_1,right_joint_2,right_joint_3,right_joint_4,right_joint_5,right_joint_6,right_joint_7,-90.07743508625853,-71.87077012229709,77.49592075560341,-92.22447110197562,6.454729568946561,4.699684635755041,-6.461217772500348,,
1780128055,204305377,right_base_cmd,right_joint_1,right_joint_2,right_joint_3,right_joint_4,right_joint_5,right_joint_6,right_joint_7,-90.03231415429937,-71.7845350767375,77.43967754273288,-92.0623602663289,6.1318165440059715,4.729749029087209,-6.5784391295462825,,
1780128055,214649213,right_base_cmd,right_joint_1,right_joint_2,right_joint_3,right_joint_4,right_joint_5,right_joint_6,right_joint_7,-90.00714855715424,-71.70008234329647,77.38231670407518,-92.00756921270813,5.79194486245899,4.841134845489087,-6.697015255033207,,
1780128055,225022449,right_base_cmd,right_joint_1,right_joint_2,right_joint_3,right_joint_4,right_joint_5,right_joint_6,right_joint_7,-89.994971689918,-71.5971054764732,77.33508306321337,-91.96379749738027,5.43763797597353,4.951352228606659,-6.788584499301024,,
1780128055,234491927,right_base_cmd,right_joint_1,right_joint_2,right_joint_3,right_joint_4,right_joint_5,right_joint_6,right_joint_7,-89.9842419449474,-71.50059166482306,77.27392720167362,-91.93733293441177,5.079409588516626,5.071280101426801,-6.8806367599475635,,
1780128055,244647924,right_base_cmd,right_joint_1,right_joint_2,right_joint_3,right_joint_4,right_joint_5,right_joint_6,right_joint_7,-89.98353170657506,-71.35378600948395,77.21375954000834,-91.91167154255307,4.7039140509093045,5.1779774140008,-6.93585062442709,,
1780128055,255057539,right_base_cmd,right_joint_1,right_joint_2,right_joint_3,right_joint_4,right_joint_5,right_joint_6,right_joint_7,-89.98689291370223,-71.22761344904286,77.15901358779215,-91.89430964112547,4.279180288960617,5.2871436112791415,-6.966122123372102,,
1780128055,264584668,right_base_cmd,right_joint_1,right_joint_2,right_joint_3,right_joint_4,right_joint_5,right_joint_6,right_joint_7,-89.98590666602146,-70.90519756947693,77.05275154230824,-91.79721685763765,3.725573980735078,5.333228379521707,-6.982319460444231,,
1780128055,274579175,right_base_cmd,right_joint_1,right_joint_2,right_joint_3,right_joint_4,right_joint_5,right_joint_6,right_joint_7,-89.97810117531341,-70.7375128365476,77.02417171903099,-91.76311557521338,3.0320240945340515,5.471831902435618,-6.90774130604639,,
1780128055,284439066,right_base_cmd,right_joint_1,right_joint_2,right_joint_3,right_joint_4,right_joint_5,right_joint_6,right_joint_7,-89.98282335813619,-70.5256467392734,76.96488922585579,-91.72952352880499,2.378777624863858,5.57981357332995,-6.856786999252407,,
1780128055,294788821,right_base_cmd,right_joint_1,right_joint_2,right_joint_3,right_joint_4,right_joint_5,right_joint_6,right_joint_7,-89.9677964922382,-70.34164648776995,76.93932225313276,-91.68277706247746,1.694510602664991,5.709665114176239,-6.757791158841783,,
1780128055,304186655,right_base_cmd,right_joint_1,right_joint_2,right_joint_3,right_joint_4,right_joint_5,right_joint_6,right_joint_7,-89.97577679111797,-69.83217096722377,76.80408282664317,-91.57423134239936,0.9202939621134192,5.793870303379386,-6.728053853103589,,
1780128055,314399507,right_base_cmd,right_joint_1,right_joint_2,right_joint_3,right_joint_4,right_joint_5,right_joint_6,right_joint_7,-89.97588617474648,-69.56004493120908,76.7508831966675,-91.53018247830069,-0.021444137507899086,6.000859403907391,-6.628935086069831,,
1780128055,325018246,right_base_cmd,right_joint_1,right_joint_2,right_joint_3,right_joint_4,right_joint_5,right_joint_6,right_joint_7,-89.97097776658032,-69.24572575899192,76.65901446400247,-91.48120490446128,-0.8945863942139454,6.203915067506848,-6.583460925137572,,
1780128055,334642718,right_base_cmd,right_joint_1,right_joint_2,right_joint_3,right_joint_4,right_joint_5,right_joint_6,right_joint_7,-89.92555861148568,-68.96018041785074,76.58319005296428,-91.415756761597,-1.7727819365755977,6.437568380005537,-6.516001715765029,,
1780128055,344400669,right_base_cmd,right_joint_1,right_joint_2,right_joint_3,right_joint_4,right_joint_5,right_joint_6,right_joint_7,-89.86461736641715,-68.57528359104931,76.45160084096673,-91.316098640629,-2.5946601688049213,6.642024911704887,-6.502222472941767,,
1780128055,354462927,right_base_cmd,right_joint_1,right_joint_2,right_joint_3,right_joint_4,right_joint_5,right_joint_6,right_joint_7,-89.74914743814801,-67.80483101531736,76.15048415081,-91.11729847194478,-3.4842716541155596,6.8168692288809964,-6.601252122963572,,
1780128055,364446950,right_base_cmd,right_joint_1,right_joint_2,right_joint_3,right_joint_4,right_joint_5,right_joint_6,right_joint_7,-89.66684724019987,-67.35805872350882,75.97116660274494,-91.03752974038095,-4.600384649283569,7.110391531218006,-6.590523756931205,,
1780128055,374571454,right_base_cmd,right_joint_1,right_joint_2,right_joint_3,right_joint_4,right_joint_5,right_joint_6,right_joint_7,-89.58134114505671,-66.94009051493789,75.799262671928,-90.94939085701942,-5.6871680562770734,7.373543007083761,-6.5851218205511515,,
1780128055,385861752,right_base_cmd,right_joint_1,right_joint_2,right_joint_3,right_joint_4,right_joint_5,right_joint_6,right_joint_7,-89.50222846704864,-66.49837739591852,75.62876117409687,-90.84715213634617,-6.723427587038486,7.601902404834057,-6.582791830347176,,
1780128055,394644481,right_base_cmd,right_joint_1,right_joint_2,right_joint_3,right_joint_4,right_joint_5,right_joint_6,right_joint_7,-89.41503248222111,-66.04588293412549,75.4481279073677,-90.74967976860911,-7.75001246447539,7.840084004482328,-6.562195677680805,,
1780128055,404235695,right_base_cmd,right_joint_1,right_joint_2,right_joint_3,right_joint_4,right_joint_5,right_joint_6,right_joint_7,-89.25549062091935,-65.14275039385446,75.12252578589133,-90.54335019329996,-8.84176888999906,8.069926064629904,-6.548502374380135,,
1780128055,414583147,right_base_cmd,right_joint_1,right_joint_2,right_joint_3,right_joint_4,right_joint_5,right_joint_6,right_joint_7,-89.19618401484334,-64.67185163329493,74.96996568927963,-90.49138202699847,-10.238248129748797,8.4187660613672,-6.359759731854993,,
1780128055,424641377,right_base_cmd,right_joint_1,right_joint_2,right_joint_3,right_joint_4,right_joint_5,right_joint_6,right_joint_7,-89.15096153150566,-64.17879636344107,74.82732990774477,-90.45417477296265,-11.53606429471273,8.746314502015032,-6.147482346422933,,
1780128055,434787858,right_base_cmd,right_joint_1,right_joint_2,right_joint_3,right_joint_4,right_joint_5,right_joint_6,right_joint_7,-89.08978949431273,-63.68478552184935,74.66654454980139,-90.42985523060169,-12.7695571791553,9.090416294720917,-5.920965356652758,,
1780128055,445129113,right_base_cmd,right_joint_1,right_joint_2,right_joint_3,right_joint_4,right_joint_5,right_joint_6,right_joint_7,-89.04372037880412,-63.16964728425479,74.5200010143831,-90.41752748279312,-13.964720043572129,9.419229215361845,-5.660529996982021,,
1780128055,454886902,right_base_cmd,right_joint_1,right_joint_2,right_joint_3,right_joint_4,right_joint_5,right_joint_6,right_joint_7,-88.95914916160697,-62.642004973430986,74.33403913697012,-90.38661324952274,-15.127156896687495,9.755187558704058,-5.393802675472401,,
1780128055,464465360,right_base_cmd,right_joint_1,right_joint_2,right_joint_3,right_joint_4,right_joint_5,right_joint_6,right_joint_7,-88.79482156281077,-61.51389774902812,73.87836969237273,-90.29136278665011,-16.220039286799818,10.08304175270144,-5.211108729617948,,
1780128055,474337619,right_base_cmd,right_joint_1,right_joint_2,right_joint_3,right_joint_4,right_joint_5,right_joint_6,right_joint_7,-88.65036598776166,-60.959894555763256,73.61807055117671,-90.26371214172651,-17.66266660088621,10.461206543364604,-4.830854310487737,,
1780128055,484718742,right_base_cmd,right_joint_1,right_joint_2,right_joint_3,right_joint_4,right_joint_5,right_joint_6,right_joint_7,-88.51881790080304,-60.37973036788249,73.36305035049517,-90.23427885023439,-18.936747036920906,10.760220507234301,-4.477137604640589,,
1780128055,496343382,right_base_cmd,right_joint_1,right_joint_2,right_joint_3,right_joint_4,right_joint_5,right_joint_6,right_joint_7,-88.37064590168345,-59.84921100922607,73.12108132449859,-90.21410501171398,-20.140074041675007,11.04622880009186,-4.0989583491261925,,
1780128055,505080700,right_base_cmd,right_joint_1,right_joint_2,right_joint_3,right_joint_4,right_joint_5,right_joint_6,right_joint_7,-88.25126075030548,-59.33832475045496,72.91908660949665,-90.19108870800058,-21.294159856122405,11.271327986082674,-3.7076043204860554,,
1780128055,514558716,right_base_cmd,right_joint_1,right_joint_2,right_joint_3,right_joint_4,right_joint_5,right_joint_6,right_joint_7,-88.02000367724426,-58.34241715733175,72.47337108099666,-90.12856155028773,-22.388059594993365,11.531379615468616,-3.3112689314388177,,
1780128055,524554693,right_base_cmd,right_joint_1,right_joint_2,right_joint_3,right_joint_4,right_joint_5,right_joint_6,right_joint_7,-87.93105180856443,-57.83857514589262,72.26977244553913,-90.17222943221755,-23.79992156638008,11.812911077019471,-2.754735960401277,,
1780128055,534668177,right_base_cmd,right_joint_1,right_joint_2,right_joint_3,right_joint_4,right_joint_5,right_joint_6,right_joint_7,-87.79119735860425,-57.25621549645554,72.01272434484056,-90.18945463380761,-25.016159711660066,12.06747390335358,-2.234134925469462,,
1780128055,544701870,right_base_cmd,right_joint_1,right_joint_2,right_joint_3,right_joint_4,right_joint_5,right_joint_6,right_joint_7,-87.66846066671272,-56.78668226496144,71.7957046482745,-90.21724394608209,-26.15993877590296,12.295118557222459,-1.7122452608157488,,
1780128055,556865145,right_base_cmd,right_joint_1,right_joint_2,right_joint_3,right_joint_4,right_joint_5,right_joint_6,right_joint_7,-87.51154029000278,-56.29957724757641,71.61560718120765,-90.24536374246567,-27.222594054955948,12.486589703613397,-1.1160301547904652,,
1780128055,564339494,right_base_cmd,right_joint_1,right_joint_2,right_joint_3,right_joint_4,right_joint_5,right_joint_6,right_joint_7,-87.286232351736,-55.323383092493216,71.1947529703198,-90.3107068157387,-28.20999863250279,12.748122463679074,-0.49061673119327054,,
1780128055,574877226,right_base_cmd,right_joint_1,right_joint_2,right_joint_3,right_joint_4,right_joint_5,right_joint_6,right_joint_7,-87.20986126735633,-54.936842208930344,71.13413998518254,-90.37750382724631,-29.633871512352357,12.915623932694707,0.3274793048762348,,
1780128055,584699926,right_base_cmd,right_joint_1,right_joint_2,right_joint_3,right_joint_4,right_joint_5,right_joint_6,right_joint_7,-87.09921848517811,-54.51486706010549,71.02946789650562,-90.42535550427029,-30.87569875152184,13.068164510180459,1.0637753071001015,,
1780128055,594738630,right_base_cmd,right_joint_1,right_joint_2,right_joint_3,right_joint_4,right_joint_5,right_joint_6,right_joint_7,-86.95414747612759,-54.095174616407306,70.87643817400763,-90.4552097571267,-32.01278048542622,13.213026328093243,1.7240746687418067,,
1780128055,604308558,right_base_cmd,right_joint_1,right_joint_2,right_joint_3,right_joint_4,right_joint_5,right_joint_6,right_joint_7,-86.8411542888642,-53.7174258093777,70.98528422383842,-90.39641963569893,-33.64315880596405,13.111586632195277,2.6944074273095993,,
1780128055,614634367,right_base_cmd,right_joint_1,right_joint_2,right_joint_3,right_joint_4,right_joint_5,right_joint_6,right_joint_7,-86.42989639520201,-52.84101688598567,70.20124048874666,-90.36346874661406,-34.38447428730433,13.42660853792541,2.9843155083774917,,
1780128055,624902034,right_base_cmd,right_joint_1,right_joint_2,right_joint_3,right_joint_4,right_joint_5,right_joint_6,right_joint_7,-86.24426394511713,-52.43500678281568,69.92931166389039,-90.32966638885524,-35.54933373102108,13.476528806740141,3.520194881895165,,
1780128055,634953271,right_base_cmd,right_joint_1,right_joint_2,right_joint_3,right_joint_4,right_joint_5,right_joint_6,right_joint_7,-86.01183888722508,-52.066534368348144,69.70879193373864,-90.24589749225596,-36.651757930351266,13.429169096815151,4.06060878618068,,
1780128055,644542861,right_base_cmd,right_joint_1,right_joint_2,right_joint_3,right_joint_4,right_joint_5,right_joint_6,right_joint_7,-85.75283145454185,-51.699175095877834,69.49933710026673,-90.135622593478,-37.69844618432893,13.319965575797092,4.584176433274465,,
1780128055,654601959,right_base_cmd,right_joint_1,right_joint_2,right_joint_3,right_joint_4,right_joint_5,right_joint_6,right_joint_7,-85.56511147965321,-51.279074142269295,69.16953501973731,-90.09944220172396,-38.68321283539251,13.309865947406259,4.971230538319659,,
1780128055,664400710,right_base_cmd,right_joint_1,right_joint_2,right_joint_3,right_joint_4,right_joint_5,right_joint_6,right_joint_7,-85.11073390553454,-50.558845063241975,68.66665447196331,-89.8903870364128,-39.83392078961981,13.193461943571897,5.442913199142694,,
1780128055,674401843,right_base_cmd,right_joint_1,right_joint_2,right_joint_3,right_joint_4,right_joint_5,right_joint_6,right_joint_7,-84.84803700562358,-50.26420400204883,68.5326939079417,-89.75657133976814,-41.36824549471709,12.977992078358348,6.080261377218662,,
1780128055,684638515,right_base_cmd,right_joint_1,right_joint_2,right_joint_3,right_joint_4,right_joint_5,right_joint_6,right_joint_7,-84.57197645989217,-49.93935886279634,68.34075348625353,-89.62949847236963,-42.77237629261094,12.783716924212747,6.622865287300144,,
1780128055,695776416,right_base_cmd,right_joint_1,right_joint_2,right_joint_3,right_joint_4,right_joint_5,right_joint_6,right_joint_7,-84.29640039512,-49.58070961304692,68.07623085774694,-89.51126580168018,-44.089755233915014,12.60410676095939,7.088889814043611,,
1780128055,704314426,right_base_cmd,right_joint_1,right_joint_2,right_joint_3,right_joint_4,right_joint_5,right_joint_6,right_joint_7,-83.93776059659282,-49.32459041263196,68.17783571624213,-89.23425929212262,-46.119951844997615,11.968258361425008,7.972680814393513,,
1780128055,714652328,right_base_cmd,right_joint_1,right_joint_2,right_joint_3,right_joint_4,right_joint_5,right_joint_6,right_joint_7,-83.42519095037213,-48.647131420787005,67.49520915504249,-89.08788810769859,-47.40792859257101,11.865725846712174,8.34195565334862,,
1780128055,724413369,right_base_cmd,right_joint_1,right_joint_2,right_joint_3,right_joint_4,right_joint_5,right_joint_6,right_joint_7,-83.14228010155583,-48.37691627286178,67.334483185668,-88.96373923443515,-49.062368156514935,11.508029209459444,8.91857042162944,,
1780128055,734794098,right_base_cmd,right_joint_1,right_joint_2,right_joint_3,right_joint_4,right_joint_5,right_joint_6,right_joint_7,-82.85053095332799,-48.158653147067824,67.2382238029472,-88.81002639403142,-50.680762181147486,11.083831953903037,9.483193588186609,,
1780128055,744611455,right_base_cmd,right_joint_1,right_joint_2,right_joint_3,right_joint_4,right_joint_5,right_joint_6,right_joint_7,-82.54667790018945,-47.96007349129566,67.14560519466929,-88.6297756195744,-52.27310882900446,10.63097401267931,9.98877319624863,,
1780128055,754290436,right_base_cmd,right_joint_1,right_joint_2,right_joint_3,right_joint_4,right_joint_5,right_joint_6,right_joint_7,-81.9118536620866,-47.53258197450107,66.8768351977719,-88.28696453735076,-54.16156135629768,9.985327723489611,10.630798165072108,,
1780128055,764639657,right_base_cmd,right_joint_1,right_joint_2,right_joint_3,right_joint_4,right_joint_5,right_joint_6,right_joint_7,-81.62738872360379,-47.315680479557685,66.71167926846735,-88.2065096924975,-56.10989827895969,9.529819496973012,11.205302585072204,,
1780128055,774971620,right_base_cmd,right_joint_1,right_joint_2,right_joint_3,right_joint_4,right_joint_5,right_joint_6,right_joint_7,-81.35779909981707,-47.15000309097276,66.6605368351928,-88.09260755248722,-57.94455655256138,8.993449520189536,11.776177912142359,,
1780128055,784779160,right_base_cmd,right_joint_1,right_joint_2,right_joint_3,right_joint_4,right_joint_5,right_joint_6,right_joint_7,-81.11291701231076,-47.032363125441535,66.67064860765069,-87.98799754565108,-59.72187588776592,8.430657423544979,12.349671637864319,,
1780128055,796917284,right_base_cmd,right_joint_1,right_joint_2,right_joint_3,right_joint_4,right_joint_5,right_joint_6,right_joint_7,-80.8863865701675,-46.869355369367796,66.5419224265265,-87.91121509868846,-61.34133655783654,8.005228410117475,12.810184205652646,,
1780128055,804497470,right_base_cmd,right_joint_1,right_joint_2,right_joint_3,right_joint_4,right_joint_5,right_joint_6,right_joint_7,-80.48626138046771,-46.87179863672266,66.62893585052652,-87.6395304311932,-63.483496684616,7.146868968183021,13.442738369015885,,
1780128055,814543092,right_base_cmd,right_joint_1,right_joint_2,right_joint_3,right_joint_4,right_joint_5,right_joint_6,right_joint_7,-80.10882670161587,-46.59545172294982,66.25386279923603,-87.5113994559987,-65.02369152595395,6.746491431593775,13.775373115997851,,
1780128055,824538428,right_base_cmd,right_joint_1,right_joint_2,right_joint_3,right_joint_4,right_joint_5,right_joint_6,right_joint_7,-79.87613360958667,-46.4811352099169,66.12883120219837,-87.44401062249098,-66.56613639919226,6.252643467061155,14.13848145859707,,
1780128055,834446852,right_base_cmd,right_joint_1,right_joint_2,right_joint_3,right_joint_4,right_joint_5,right_joint_6,right_joint_7,-79.61996885526057,-46.370595473856,65.97610155951085,-87.33271788648626,-67.91442023640093,5.76621109814932,14.43015336537961,,
1780128055,844621743,right_base_cmd,right_joint_1,right_joint_2,right_joint_3,right_joint_4,right_joint_5,right_joint_6,right_joint_7,-79.42222265392596,-46.28527756674511,65.8706808888198,-87.25610233795216,-69.1543249666363,5.290646892176888,14.70035626679497,,
1780128055,854312668,right_base_cmd,right_joint_1,right_joint_2,right_joint_3,right_joint_4,right_joint_5,right_joint_6,right_joint_7,-79.18693532831091,-46.206679590391346,65.73061317389588,-87.17159468369165,-70.31118643127905,4.842500413605087,14.962071664660684,,
1780128055,864466147,right_base_cmd,right_joint_1,right_joint_2,right_joint_3,right_joint_4,right_joint_5,right_joint_6,right_joint_7,-78.75851869725162,-46.11062929608143,65.53337569089129,-86.96999637418465,-71.72545218613226,4.1744551527880915,15.286396741470739,,
1780128055,874658603,right_base_cmd,right_joint_1,right_joint_2,right_joint_3,right_joint_4,right_joint_5,right_joint_6,right_joint_7,-78.75795715584704,-46.119749703416474,65.5721621641122,-86.9793541806285,-72.78670253257104,3.762252562006104,15.46363399341179,,
1780128055,885325854,right_base_cmd,right_joint_1,right_joint_2,right_joint_3,right_joint_4,right_joint_5,right_joint_6,right_joint_7,-78.34274102374101,-46.04981830564522,65.41349815547895,-86.77869039982166,-74.02413334752401,3.0899610274523823,15.759972282006274,,
1780128055,896087863,right_base_cmd,right_joint_1,right_joint_2,right_joint_3,right_joint_4,right_joint_5,right_joint_6,right_joint_7,-78.16421317526621,-46.012452901482916,65.35758067556574,-86.72341955011446,-75.20286678025076,2.5110606308861136,16.017859411051106,,
1780128055,905978488,right_base_cmd,right_joint_1,right_joint_2,right_joint_3,right_joint_4,right_joint_5,right_joint_6,right_joint_7,-77.9989026365914,-45.99167984374681,65.32379431002786,-86.66535279176448,-76.28546550675964,1.9480588787612376,16.246904727000853,,
1780128055,914885491,right_base_cmd,right_joint_1,right_joint_2,right_joint_3,right_joint_4,right_joint_5,right_joint_6,right_joint_7,-77.64532542290098,-45.965296905517064,65.197467373553,-86.51440141081868,-77.5682460944762,1.2290453034651776,16.479003998521918,,
1780128055,924492241,right_base_cmd,right_joint_1,right_joint_2,right_joint_3,right_joint_4,right_joint_5,right_joint_6,right_joint_7,-77.45011982906689,-45.985404809145635,65.17629838268275,-86.40582956504672,-78.7720732713949,0.5695683845236843,16.612476701445686,,
1780128055,934644205,right_base_cmd,right_joint_1,right_joint_2,right_joint_3,right_joint_4,right_joint_5,right_joint_6,right_joint_7,-77.28541040077485,-45.976386043394385,65.13073692961964,-86.32208073557565,-79.81862788391908,-0.0008389096321295142,16.691102094224547,,
1780128055,944744455,right_base_cmd,right_joint_1,right_joint_2,right_joint_3,right_joint_4,right_joint_5,right_joint_6,right_joint_7,-77.13615330546739,-45.97831543653554,65.10157638182855,-86.24037052782661,-80.78174469388438,-0.5515110747443757,16.745767222539982,,
1780128055,955016823,right_base_cmd,right_joint_1,right_joint_2,right_joint_3,right_joint_4,right_joint_5,right_joint_6,right_joint_7,-76.92055790821152,-46.014761671766465,65.12682910493473,-86.1344558301329,-81.89964900695014,-1.303575261678354,16.86510214751182,,
1780128055,964719633,right_base_cmd,right_joint_1,right_joint_2,right_joint_3,right_joint_4,right_joint_5,right_joint_6,right_joint_7,-76.78001922755303,-45.96589131543563,65.04789854797659,-86.08237916419314,-82.77265562201336,-1.8336351317175215,16.921403868821287,,
1780128055,974574540,right_base_cmd,right_joint_1,right_joint_2,right_joint_3,right_joint_4,right_joint_5,right_joint_6,right_joint_7,-76.74744826162376,-45.98773948466642,65.11294679642722,-86.07061825271343,-83.58675731129404,-2.360645907268456,16.988955078113904,,
1780128055,984772334,right_base_cmd,right_joint_1,right_joint_2,right_joint_3,right_joint_4,right_joint_5,right_joint_6,right_joint_7,-76.7106970605814,-45.99622763144397,65.15482450031246,-86.06230982832763,-84.27516344453755,-2.826328436397482,17.05748279675855,,
1780128055,996595820,right_base_cmd,right_joint_1,right_joint_2,right_joint_3,right_joint_4,right_joint_5,right_joint_6,right_joint_7,-76.70720822130599,-46.028812720593706,65.22460223976626,-86.06063622800976,-84.89401412232627,-3.256851550695039,17.123734577927323,,
1780128056,4687620,right_base_cmd,right_joint_1,right_joint_2,right_joint_3,right_joint_4,right_joint_5,right_joint_6,right_joint_7,-76.74513387104108,-46.05642842465245,65.31828210768967,-86.08341717193248,-85.38689743608637,-3.616466149255409,17.186279030786224,,
1780128056,15184702,right_base_cmd,right_joint_1,right_joint_2,right_joint_3,right_joint_4,right_joint_5,right_joint_6,right_joint_7,-76.86684085127834,-46.088439095740185,65.47732988590391,-86.16928011470925,-85.87163431694734,-3.993495544867521,17.290027521270346,,
1780128056,24747313,right_base_cmd,right_joint_1,right_joint_2,right_joint_3,right_joint_4,right_joint_5,right_joint_6,right_joint_7,-76.94632190079173,-46.1200136463885,65.60105451572949,-86.2265474497108,-86.2258744779852,-4.298119833296589,17.38864902510265,,
1780128056,34476812,right_base_cmd,right_joint_1,right_joint_2,right_joint_3,right_joint_4,right_joint_5,right_joint_6,right_joint_7,-77.08090093875936,-46.170394893130336,65.76839266850655,-86.29788821063217,-86.48342969484833,-4.530452398180948,17.473213581604725,,
1780128056,44740000,right_base_cmd,right_joint_1,right_joint_2,right_joint_3,right_joint_4,right_joint_5,right_joint_6,right_joint_7,-77.21728767933635,-46.223235011550244,65.938736918415,-86.36366348684585,-86.65237926856832,-4.708534755684234,17.55149118515304,,
1780128056,54460030,right_base_cmd,right_joint_1,right_joint_2,right_joint_3,right_joint_4,right_joint_5,right_joint_6,right_joint_7,-77.358798664364,-46.28256755133823,66.09958656366817,-86.4285174747965,-86.7345250811079,-4.812658027814045,17.61281289195425,,
1780128056,64745859,right_base_cmd,right_joint_1,right_joint_2,right_joint_3,right_joint_4,right_joint_5,right_joint_6,right_joint_7,-77.69678222610705,-46.33297842004261,66.35394472690334,-86.58241216575631,-86.65444061828629,-4.7592967148712475,17.635728097527007,,
1780128056,74793631,right_base_cmd,right_joint_1,right_joint_2,right_joint_3,right_joint_4,right_joint_5,right_joint_6,right_joint_7,-78.02386400534115,-46.62819948276616,66.86015014219143,-86.65524222656855,-86.72762275067493,-4.88517553803819,17.668002929979068,,
1780128056,84942263,right_base_cmd,right_joint_1,right_joint_2,right_joint_3,right_joint_4,right_joint_5,right_joint_6,right_joint_7,-78.28708060292237,-46.78962836527758,67.17182657327143,-86.73397572392584,-86.58820723827125,-4.823383406949112,17.671652479470637,,
1780128056,95123554,right_base_cmd,right_joint_1,right_joint_2,right_joint_3,right_joint_4,right_joint_5,right_joint_6,right_joint_7,-78.56078908217674,-46.953244725325774,67.45823147454851,-86.81601949504166,-86.3927313415935,-4.679784679428103,17.650778390638763,,
1780128056,104559787,right_base_cmd,right_joint_1,right_joint_2,right_joint_3,right_joint_4,right_joint_5,right_joint_6,right_joint_7,-78.83734961471342,-47.136510860272,67.78025658118875,-86.89205106868452,-86.1524955346793,-4.517161988402215,17.615372538568053,,
1780128056,114847806,right_base_cmd,right_joint_1,right_joint_2,right_joint_3,right_joint_4,right_joint_5,right_joint_6,right_joint_7,-79.3433457424484,-47.489922514605226,68.35824301311854,-87.0331256413432,-85.87278241346024,-4.261857565940254,17.519474564656647,,
1780128056,124680339,right_base_cmd,right_joint_1,right_joint_2,right_joint_3,right_joint_4,right_joint_5,right_joint_6,right_joint_7,-79.68248147692631,-47.64894275231178,68.58240412941771,-87.17292290983279,-85.36631986713354,-3.773673726243139,17.42260062349122,,
1780128056,134622331,right_base_cmd,right_joint_1,right_joint_2,right_joint_3,right_joint_4,right_joint_5,right_joint_6,right_joint_7,-79.92706147235921,-47.88212460542117,68.87672828263206,-87.20187894547935,-84.90486319760737,-3.412562874011421,17.28038051326,,
1780128056,144509403,right_base_cmd,right_joint_1,right_joint_2,right_joint_3,right_joint_4,right_joint_5,right_joint_6,right_joint_7,-80.19912793514496,-48.16115659353274,69.2007495631373,-87.21603803748663,-84.43454525741595,-3.0254844361883144,17.07570750323309,,
1780128056,154317615,right_base_cmd,right_joint_1,right_joint_2,right_joint_3,right_joint_4,right_joint_5,right_joint_6,right_joint_7,-80.66558178324343,-48.74226403101507,69.87190601548221,-87.21274928739417,-83.95316168298382,-2.6388780626950776,16.71618846661424,,
1780128056,164603644,right_base_cmd,right_joint_1,right_joint_2,right_joint_3,right_joint_4,right_joint_5,right_joint_6,right_joint_7,-80.9297352693603,-49.05828724890371,70.17408321386111,-87.18847444727443,-83.22218957613705,-2.091452449576586,16.354956077601216,,
1780128056,174701921,right_base_cmd,right_joint_1,right_joint_2,right_joint_3,right_joint_4,right_joint_5,right_joint_6,right_joint_7,-81.15769829318069,-49.37334902459641,70.45543180063609,-87.15151912698595,-82.4909102625976,-1.5758110336599813,15.992004552696173,,
1780128056,184718106,right_base_cmd,right_joint_1,right_joint_2,right_joint_3,right_joint_4,right_joint_5,right_joint_6,right_joint_7,-81.38659313935315,-49.71109239302622,70.75516357025887,-87.11474451976166,-81.78132594156409,-1.0939956414255718,15.630126652968599,,
1780128056,194623003,right_base_cmd,right_joint_1,right_joint_2,right_joint_3,right_joint_4,right_joint_5,right_joint_6,right_joint_7,-81.64369519529882,-50.07057333783219,71.10170494438805,-87.09217308383576,-81.0910514490829,-0.6406007145330861,15.271155537192485,,
1780128056,204891250,right_base_cmd,right_joint_1,right_joint_2,right_joint_3,right_joint_4,right_joint_5,right_joint_6,right_joint_7,-81.97752246991055,-50.447579589759485,71.50146581309124,-87.12603023526385,-80.37406385722221,-0.15761361540676688,14.920311868040628,,
1780128056,214363635,right_base_cmd,right_joint_1,right_joint_2,right_joint_3,right_joint_4,right_joint_5,right_joint_6,right_joint_7,-82.55666311344683,-50.67141073585857,71.72968340191355,-87.33296553634194,-78.95586718796028,0.9768978736137868,14.327333303282373,,
1780128056,224689212,right_base_cmd,right_joint_1,right_joint_2,right_joint_3,right_joint_4,right_joint_5,right_joint_6,right_joint_7,-83.0327363375898,-51.41735189294242,72.4914809344128,-87.35215749399562,-78.26126446407153,1.3865378172922718,13.920397517639444,,
1780128056,235677684,right_base_cmd,right_joint_1,right_joint_2,right_joint_3,right_joint_4,right_joint_5,right_joint_6,right_joint_7,-83.2871293981809,-51.72310195250408,72.66368528292,-87.36318793803464,-77.07737219718177,2.1525465452587653,13.429567213720745,,
1780128056,244849775,right_base_cmd,right_joint_1,right_joint_2,right_joint_3,right_joint_4,right_joint_5,right_joint_6,right_joint_7,-83.48386251253052,-52.048351676959285,72.81145894005013,-87.33873982983296,-75.90831323915995,2.8438119394964545,12.932944572559208,,
1780128056,254341108,right_base_cmd,right_joint_1,right_joint_2,right_joint_3,right_joint_4,right_joint_5,right_joint_6,right_joint_7,-83.64915117747594,-52.324060300292345,72.57478562708198,-87.29047774083928,-74.04594217962375,4.017113807415349,12.135395621496727,,
1780128056,264512819,right_base_cmd,right_joint_1,right_joint_2,right_joint_3,right_joint_4,right_joint_5,right_joint_6,right_joint_7,-84.09329185291583,-53.224041463796496,73.36713569845884,-87.28664670630975,-73.0350875440829,4.290390502562623,11.603654622448389,,
1780128056,274439425,right_base_cmd,right_joint_1,right_joint_2,right_joint_3,right_joint_4,right_joint_5,right_joint_6,right_joint_7,-84.33425797606887,-53.68454523351092,73.57763059207471,-87.2783155659625,-71.57232476156224,4.9114160966286775,10.985230179370305,,
1780128056,284415218,right_base_cmd,right_joint_1,right_joint_2,right_joint_3,right_joint_4,right_joint_5,right_joint_6,right_joint_7,-84.6296991826433,-54.15137930112469,73.8573440918037,-87.33686531814904,-70.14132901167778,5.47887884328771,10.406609719412344,,
1780128056,294541564,right_base_cmd,right_joint_1,right_joint_2,right_joint_3,right_joint_4,right_joint_5,right_joint_6,right_joint_7,-84.98474973249031,-54.62213289035351,74.09936883275006,-87.45047978949783,-68.64343322412458,6.110334728734024,9.788977864750152,,
1780128056,304344316,right_base_cmd,right_joint_1,right_joint_2,right_joint_3,right_joint_4,right_joint_5,right_joint_6,right_joint_7,-85.28695162986284,-55.072249646252274,74.26951653259906,-87.55333515817257,-67.04305933590769,6.755258818319199,9.14614235913318,,
1780128056,314946476,right_base_cmd,right_joint_1,right_joint_2,right_joint_3,right_joint_4,right_joint_5,right_joint_6,right_joint_7,-85.70416178302318,-55.94642539138739,74.41172666650519,-87.70451530117977,-64.95126551348841,7.628362808255481,8.211579112932938,,
1780128056,324591981,right_base_cmd,right_joint_1,right_joint_2,right_joint_3,right_joint_4,right_joint_5,right_joint_6,right_joint_7,-85.87293513941361,-56.356307466205536,74.38868375824703,-87.72724244871638,-62.58059767996946,8.329774752171268,7.267624137446134,,
1780128056,335078603,right_base_cmd,right_joint_1,right_joint_2,right_joint_3,right_joint_4,right_joint_5,right_joint_6,right_joint_7,-85.97876815242469,-56.72493082069333,74.26123691088381,-87.75867823282256,-60.27951836168239,8.969487356390523,6.352161945370469,,
1780128056,346006779,right_base_cmd,right_joint_1,right_joint_2,right_joint_3,right_joint_4,right_joint_5,right_joint_6,right_joint_7,-86.0632367888301,-57.10083530159723,74.15613370237227,-87.79299606548877,-58.0959627716112,9.485758295548358,5.491385009045459,,
1780128056,354928378,right_base_cmd,right_joint_1,right_joint_2,right_joint_3,right_joint_4,right_joint_5,right_joint_6,right_joint_7,-86.28930375894234,-58.08869966818499,74.40919280236855,-87.97037069999404,-55.96565207863085,9.873694187427539,4.776806285323559,,
1780128056,364524334,right_base_cmd,right_joint_1,right_joint_2,right_joint_3,right_joint_4,right_joint_5,right_joint_6,right_joint_7,-86.40671608277395,-58.7315275586716,74.68067668126687,-87.9973629039451,-53.835076250660734,10.017058269033278,4.101392386359791,,
1780128056,374948658,right_base_cmd,right_joint_1,right_joint_2,right_joint_3,right_joint_4,right_joint_5,right_joint_6,right_joint_7,-86.49781070190883,-59.370158053288165,74.90860005811268,-88.02750293837495,-51.9808414512857,10.131455799771864,3.5256116086786022,,
1780128056,384435373,right_base_cmd,right_joint_1,right_joint_2,right_joint_3,right_joint_4,right_joint_5,right_joint_6,right_joint_7,-86.56998580038172,-60.01297349771046,75.14670534706468,-88.04986164408872,-50.332064599709554,10.189310705016005,3.0267710214981065,,
1780128056,394473578,right_base_cmd,right_joint_1,right_joint_2,right_joint_3,right_joint_4,right_joint_5,right_joint_6,right_joint_7,-86.59670419358261,-60.69169045350186,75.43728672453213,-88.02897499193269,-48.82567089156345,10.151863324199503,2.6021967783889153,,
1780128056,404551519,right_base_cmd,right_joint_1,right_joint_2,right_joint_3,right_joint_4,right_joint_5,right_joint_6,right_joint_7,-86.61488004483502,-61.300717392774814,75.62965205616891,-88.02274588003435,-47.360337018182406,10.154776615505632,2.1527142195943014,,
1780128056,414410066,right_base_cmd,right_joint_1,right_joint_2,right_joint_3,right_joint_4,right_joint_5,right_joint_6,right_joint_7,-86.57493329085608,-62.61466865666297,76.16203514349965,-87.94931892233161,-46.05210386187679,9.976265537982847,1.8168087646892417,,
1780128056,424440055,right_base_cmd,right_joint_1,right_joint_2,right_joint_3,right_joint_4,right_joint_5,right_joint_6,right_joint_7,-86.50572839660774,-63.22740463231692,76.39999962909147,-87.85569682204392,-44.30437823914366,9.856953211881724,1.2531859839029806,,
1780128056,435165827,right_base_cmd,right_joint_1,right_joint_2,right_joint_3,right_joint_4,right_joint_5,right_joint_6,right_joint_7,-86.4395791453068,-63.92088084681991,76.62819715492108,-87.7198255014152,-42.81386103719581,9.70401529076208,0.675225559230725,,
1780128056,444535860,right_base_cmd,right_joint_1,right_joint_2,right_joint_3,right_joint_4,right_joint_5,right_joint_6,right_joint_7,-86.30701870105472,-64.68363471339065,76.8523516416254,-87.51460532514837,-41.431207964187365,9.510615655741681,0.08630675562089607,,
1780128056,454472124,right_base_cmd,right_joint_1,right_joint_2,right_joint_3,right_joint_4,right_joint_5,right_joint_6,right_joint_7,-85.8469215536854,-65.32028126247754,76.55584017441342,-87.15409591910027,-39.319139100126904,9.565309826688186,-0.974947962305933,,
1780128056,464344610,right_base_cmd,right_joint_1,right_joint_2,right_joint_3,right_joint_4,right_joint_5,right_joint_6,right_joint_7,-85.87876261571219,-66.76605498335051,77.59375351746868,-86.91572925215549,-38.564083321900284,8.822893525326613,-1.1448641301332287,,
1780128056,475271616,right_base_cmd,right_joint_1,right_joint_2,right_joint_3,right_joint_4,right_joint_5,right_joint_6,right_joint_7,-85.743175005952,-67.54536606133986,77.86141302932091,-86.68746766725555,-37.160751424699754,8.50222914763959,-1.7341365895997711,,
1780128056,484365030,right_base_cmd,right_joint_1,right_joint_2,right_joint_3,right_joint_4,right_joint_5,right_joint_6,right_joint_7,-85.61676339060361,-68.28321362482968,78.20289887632723,-86.49624674716132,-35.91399853006442,8.160254644463585,-2.1384753229534255,,
1780128056,494619752,right_base_cmd,right_joint_1,right_joint_2,right_joint_3,right_joint_4,right_joint_5,right_joint_6,right_joint_7,-85.51290155588177,-69.0930260889893,78.56626270071988,-86.34140230654141,-34.792949043487056,7.834770354208736,-2.4441267889416878,,
1780128056,504384905,right_base_cmd,right_joint_1,right_joint_2,right_joint_3,right_joint_4,right_joint_5,right_joint_6,right_joint_7,-85.44498512935823,-69.98639997811974,79.0152187201148,-86.210751196284,-33.779468696004756,7.478411540596888,-2.6314478782994257,,
1780128056,515031598,right_base_cmd,right_joint_1,right_joint_2,right_joint_3,right_joint_4,right_joint_5,right_joint_6,right_joint_7,-85.29730125248514,-71.80191487418564,79.97489577645237,-86.05074133338827,-32.92485425386349,6.937797413398535,-2.4632680149795334,,
1780128056,525720356,right_base_cmd,right_joint_1,right_joint_2,right_joint_3,right_joint_4,right_joint_5,right_joint_6,right_joint_7,-85.16737723683477,-72.63995137467636,80.30892229425294,-85.90807843513058,-31.157355909206956,6.5552623501624865,-2.796924110396688,,
1780128056,535801135,right_base_cmd,right_joint_1,right_joint_2,right_joint_3,right_joint_4,right_joint_5,right_joint_6,right_joint_7,-85.03087084131172,-73.44925048912593,80.59158468279347,-85.77119169449175,-29.432002836052334,6.191401048059568,-3.106781126647846,,
1780128056,545957022,right_base_cmd,right_joint_1,right_joint_2,right_joint_3,right_joint_4,right_joint_5,right_joint_6,right_joint_7,-84.846317833896,-74.16687937970342,80.73515483110518,-85.64697030010815,-27.550154883387904,5.8931418519229695,-3.467501473522546,,
1780128056,554637405,right_base_cmd,right_joint_1,right_joint_2,right_joint_3,right_joint_4,right_joint_5,right_joint_6,right_joint_7,-84.68306919951132,-74.82416792692545,80.82439873485984,-85.56460863868342,-25.577143103635876,5.613081743366713,-3.8185535444012686,,
1780128056,565240234,right_base_cmd,right_joint_1,right_joint_2,right_joint_3,right_joint_4,right_joint_5,right_joint_6,right_joint_7,-84.49159371490774,-75.54613173785636,80.95229313401242,-85.52426449143208,-23.539406533545957,5.343331504894941,-4.062190707107348,,
1780128056,574445144,right_base_cmd,right_joint_1,right_joint_2,right_joint_3,right_joint_4,right_joint_5,right_joint_6,right_joint_7,-84.17054849379898,-76.96589644922308,81.37116015526342,-85.61607414231288,-21.201397114478254,5.117736692097715,-3.9595289181503546,,
1780128056,584559295,right_base_cmd,right_joint_1,right_joint_2,right_joint_3,right_joint_4,right_joint_5,right_joint_6,right_joint_7,-84.02080343456899,-77.70836712251499,81.61807237281144,-85.70334192511787,-18.403558577782746,4.747537810783065,-3.9926479042948273,,
1780128056,594958675,right_base_cmd,right_joint_1,right_joint_2,right_joint_3,right_joint_4,right_joint_5,right_joint_6,right_joint_7,-83.86607990058602,-78.47261536434253,81.88309674017896,-85.84731879635684,-15.717835434746007,4.449265531812678,-3.9031234004123263,,
1780128056,604966926,right_base_cmd,right_joint_1,right_joint_2,right_joint_3,right_joint_4,right_joint_5,right_joint_6,right_joint_7,-83.70710938711213,-79.17154122510529,82.09897650137825,-86.00873341894432,-13.023601725942115,4.190091094108432,-3.788303669863481,,
1780128056,614367956,right_base_cmd,right_joint_1,right_joint_2,right_joint_3,right_joint_4,right_joint_5,right_joint_6,right_joint_7,-83.31080417100154,-80.4403026136737,82.45346499868285,-86.44795342578358,-10.149666746953244,4.360583310258285,-3.4211716659812765,,
1780128056,624940672,right_base_cmd,right_joint_1,right_joint_2,right_joint_3,right_joint_4,right_joint_5,right_joint_6,right_joint_7,-83.08793953547317,-81.02433335399577,82.67289970527102,-86.60759195988625,-6.587021770965578,4.06793604914305,-3.30490454256865,,
1780128056,634907014,right_base_cmd,right_joint_1,right_joint_2,right_joint_3,right_joint_4,right_joint_5,right_joint_6,right_joint_7,-82.8565894392494,-81.45398017973856,82.7080131926526,-86.80908957595462,-2.8431899954908317,3.851844229145179,-3.3768622193113202,,
1780128056,644656843,right_base_cmd,right_joint_1,right_joint_2,right_joint_3,right_joint_4,right_joint_5,right_joint_6,right_joint_7,-82.54557288827024,-81.97588788594432,82.82159187432066,-87.0360333248242,0.8132414777480221,3.7694851206630418,-3.403274873430192,,
1780128056,654428401,right_base_cmd,right_joint_1,right_joint_2,right_joint_3,right_joint_4,right_joint_5,right_joint_6,right_joint_7,-82.33349372245013,-82.38076591238907,82.94893736298829,-87.20820711518753,4.333871150800121,3.573758543236927,-3.45655847434098,,
1780128056,664530640,right_base_cmd,right_joint_1,right_joint_2,right_joint_3,right_joint_4,right_joint_5,right_joint_6,right_joint_7,-81.80159766822388,-83.18505626910083,83.23404728771433,-87.7773663457905,7.727582962493841,4.129152751422858,-3.4643152987612353,,
1780128056,674388725,right_base_cmd,right_joint_1,right_joint_2,right_joint_3,right_joint_4,right_joint_5,right_joint_6,right_joint_7,-81.57325462698353,-83.56536203030909,83.41920741418025,-88.05538692218802,11.519372098946064,4.048530110589645,-3.5502506673877434,,
1780128056,684666161,right_base_cmd,right_joint_1,right_joint_2,right_joint_3,right_joint_4,right_joint_5,right_joint_6,right_joint_7,-81.37122074559497,-83.87165759727147,83.58935616309427,-88.34283559108702,15.384739544993522,3.949685994540012,-3.6291581987562296,,
1780128056,694436963,right_base_cmd,right_joint_1,right_joint_2,right_joint_3,right_joint_4,right_joint_5,right_joint_6,right_joint_7,-81.2452584581608,-84.19752098240907,83.89837428361434,-88.67522577857268,19.210484695703542,3.8868899129652803,-3.5021590508943774,,
1780128056,704503556,right_base_cmd,right_joint_1,right_joint_2,right_joint_3,right_joint_4,right_joint_5,right_joint_6,right_joint_7,-81.0420244509543,-84.7667259747367,84.45915808345856,-89.45347259411035,22.79522905256846,4.476897420511428,-3.248133096511836,,
1780128056,714337696,right_base_cmd,right_joint_1,right_joint_2,right_joint_3,right_joint_4,right_joint_5,right_joint_6,right_joint_7,-80.97085740367581,-85.0555549296654,84.84508116877183,-89.82086273210855,26.64980444290842,4.515148362714747,-2.9449270438853574,,
1780128056,724675203,right_base_cmd,right_joint_1,right_joint_2,right_joint_3,right_joint_4,right_joint_5,right_joint_6,right_joint_7,-80.90845609632046,-85.32195966030083,85.25954729219663,-90.10710118302087,30.521005496966097,4.516259614848543,-2.5542181365605217,,
1780128056,734564779,right_base_cmd,right_joint_1,right_joint_2,right_joint_3,right_joint_4,right_joint_5,right_joint_6,right_joint_7,-80.8497347607798,-85.57001953714526,85.66662051349837,-90.42061435229614,34.03241225315304,4.62518312120563,-2.1821845946074205,,
1780128056,744724061,right_base_cmd,right_joint_1,right_joint_2,right_joint_3,right_joint_4,right_joint_5,right_joint_6,right_joint_7,-80.78137685095035,-85.78038893712348,86.05629574812073,-90.71736349360056,37.28475917146841,4.783401096202859,-1.8446542383645834,,
1780128056,754563409,right_base_cmd,right_joint_1,right_joint_2,right_joint_3,right_joint_4,right_joint_5,right_joint_6,right_joint_7,-80.69943296372557,-85.97216591001332,86.46938789168203,-91.00347444430925,40.41115101344599,4.988434972872376,-1.5286325588826486,,
1780128056,764605210,right_base_cmd,right_joint_1,right_joint_2,right_joint_3,right_joint_4,right_joint_5,right_joint_6,right_joint_7,-80.41813900866933,-86.2973446340227,87.22910091007881,-91.54183895996353,44.261960946029376,5.637037385720198,-1.2913465683001988,,
1780128056,774632511,right_base_cmd,right_joint_1,right_joint_2,right_joint_3,right_joint_4,right_joint_5,right_joint_6,right_joint_7,-80.23261996885557,-86.44934845511354,87.61720176606477,-91.66058161226904,47.96031882193114,5.623912192948815,-1.0988441009798322,,
1780128056,785238929,right_base_cmd,right_joint_1,right_joint_2,right_joint_3,right_joint_4,right_joint_5,right_joint_6,right_joint_7,-80.15075220777422,-86.59765211419212,88.01718779705803,-91.86129174061553,51.35081790324358,5.636348786967524,-0.9304864716364847,,
1780128056,794682902,right_base_cmd,right_joint_1,right_joint_2,right_joint_3,right_joint_4,right_joint_5,right_joint_6,right_joint_7,-80.01948318561276,-86.75025858515859,88.40487519915192,-91.99420889028421,54.4969631841189,5.661587669582509,-0.8089630677819315,,
1780128056,804368485,right_base_cmd,right_joint_1,right_joint_2,right_joint_3,right_joint_4,right_joint_5,right_joint_6,right_joint_7,-79.92043978599449,-86.86931277363983,88.77889184277709,-92.16067845646616,57.521169432217846,5.705207614831927,-0.7184297852060837,,
1780128056,814554288,right_base_cmd,right_joint_1,right_joint_2,right_joint_3,right_joint_4,right_joint_5,right_joint_6,right_joint_7,-79.78483444799068,-87.02811194525164,89.254904014424,-92.27841401682623,60.30050865441342,5.88790133316116,-0.5698242554405653,,
1780128056,824467717,right_base_cmd,right_joint_1,right_joint_2,right_joint_3,right_joint_4,right_joint_5,right_joint_6,right_joint_7,-79.67258298960584,-87.31615734158778,90.10126124527423,-92.62515803912989,63.58657784873924,6.456729530805212,-0.3877067780393446,,
1780128056,835033197,right_base_cmd,right_joint_1,right_joint_2,right_joint_3,right_joint_4,right_joint_5,right_joint_6,right_joint_7,-79.6886566609717,-87.43621532288172,90.43836763081023,-92.70915729136085,66.45189324700056,6.460229525090888,-0.12043516671134569,,
1780128056,844712533,right_base_cmd,right_joint_1,right_joint_2,right_joint_3,right_joint_4,right_joint_5,right_joint_6,right_joint_7,-79.71256897795243,-87.53487307426771,90.72701256639252,-92.76541748471313,68.89037996937105,6.455244622636265,0.1515583813473853,,
1780128056,854395337,right_base_cmd,right_joint_1,right_joint_2,right_joint_3,right_joint_4,right_joint_5,right_joint_6,right_joint_7,-79.77575612540713,-87.70628406180892,91.14984631126467,-92.82309197356075,71.16617295552078,6.536886760164528,0.475220717792169,,
1780128056,864383734,right_base_cmd,right_joint_1,right_joint_2,right_joint_3,right_joint_4,right_joint_5,right_joint_6,right_joint_7,-79.74375315727545,-87.80223954456382,91.34046320852482,-92.73381929536039,72.94470078215488,6.473082740180935,0.6833689755589347,,
1780128056,874572600,right_base_cmd,right_joint_1,right_joint_2,right_joint_3,right_joint_4,right_joint_5,right_joint_6,right_joint_7,-79.8005211094302,-87.88573630891285,91.42707610050863,-92.6764345009346,74.2479867751698,6.355381660296082,0.8541957712770198,,
1780128056,884682234,right_base_cmd,right_joint_1,right_joint_2,right_joint_3,right_joint_4,right_joint_5,right_joint_6,right_joint_7,-79.80277820190642,-87.98960432624337,91.50711776103432,-92.58013895933568,75.11965969165658,6.301337900875929,0.9149122858402023,,
1780128056,894928110,right_base_cmd,right_joint_1,right_joint_2,right_joint_3,right_joint_4,right_joint_5,right_joint_6,right_joint_7,-79.85124656402101,-88.08245685145887,91.5228860955547,-92.49760042768266,75.68298524018928,6.214125260558781,0.9111490259979718,,
1780128056,904296738,right_base_cmd,right_joint_1,right_joint_2,right_joint_3,right_joint_4,right_joint_5,right_joint_6,right_joint_7,-79.86707909954984,-88.16367413101678,91.5300884589598,-92.39643105708053,76.02203927906868,6.150900300466226,0.8231638936105554,,
1780128056,914683320,right_base_cmd,right_joint_1,right_joint_2,right_joint_3,right_joint_4,right_joint_5,right_joint_6,right_joint_7,-79.84843258631574,-88.36656193158667,91.59154269586432,-92.18243068266328,76.08292691231128,6.127488740805354,0.6719108408241112,,
1780128056,924708165,right_base_cmd,right_joint_1,right_joint_2,right_joint_3,right_joint_4,right_joint_5,right_joint_6,right_joint_7,-79.80555811465572,-88.46808379745649,91.6447017237135,-92.1345659454645,76.16437575253366,6.138231349807604,0.36180035206352557,,
1780128056,934908051,right_base_cmd,right_joint_1,right_joint_2,right_joint_3,right_joint_4,right_joint_5,right_joint_6,right_joint_7,-79.79534672542198,-88.55862805803027,91.65633649884299,-92.07226156931326,76.17737794513766,6.095031546012258,0.1259054851490049,,
1780128056,944491523,right_base_cmd,right_joint_1,right_joint_2,right_joint_3,right_joint_4,right_joint_5,right_joint_6,right_joint_7,-79.77782332309656,-88.6418344835189,91.66724688196584,-92.00078242595619,76.15311554018547,6.041400310699778,-0.0791549110205807,,
1780128056,955014435,right_base_cmd,right_joint_1,right_joint_2,right_joint_3,right_joint_4,right_joint_5,right_joint_6,right_joint_7,-79.77002407780705,-88.72378279887268,91.73125919542056,-92.01055979768849,76.13246170112694,6.059025181384023,-0.2694877532139941,,
1780128056,964482568,right_base_cmd,right_joint_1,right_joint_2,right_joint_3,right_joint_4,right_joint_5,right_joint_6,right_joint_7,-79.81066336276908,-88.8624469299781,91.86598654589434,-92.05502463297218,76.14986754342448,6.113310502552459,-0.312435635587363,,
1780128056,974666947,right_base_cmd,right_joint_1,right_joint_2,right_joint_3,right_joint_4,right_joint_5,right_joint_6,right_joint_7,-79.81029058696018,-88.9484511428986,91.98512949359107,-92.12384272620245,76.31655614643171,6.167621033075882,-0.328957220350631,,
1780128056,986302149,right_base_cmd,right_joint_1,right_joint_2,right_joint_3,right_joint_4,right_joint_5,right_joint_6,right_joint_7,-79.80296956398152,-89.04802479325419,92.11085506934805,-92.15670993836842,76.50887136653279,6.22388231656624,-0.26586373318032486,,
1780128056,994365262,right_base_cmd,right_joint_1,right_joint_2,right_joint_3,right_joint_4,right_joint_5,right_joint_6,right_joint_7,-79.85935210647634,-89.12070038106584,92.21994411892715,-92.24647938149344,76.73735792067288,6.276536058844961,-0.18860004073867742,,
1780128057,5318365,right_base_cmd,right_joint_1,right_joint_2,right_joint_3,right_joint_4,right_joint_5,right_joint_6,right_joint_7,-79.82992237395504,-89.17545863019832,92.30474573046072,-92.25465283198794,76.96287447029368,6.310643875586386,-0.12351956719540169,,
1780128057,15772000,right_base_cmd,right_joint_1,right_joint_2,right_joint_3,right_joint_4,right_joint_5,right_joint_6,right_joint_7,-79.78361007173478,-89.18586236499205,92.35576606736689,-92.23350329160554,77.17387401863397,6.313236449047004,-0.08628474890487325,,
1780128057,24596451,right_base_cmd,right_joint_1,right_joint_2,right_joint_3,right_joint_4,right_joint_5,right_joint_6,right_joint_7,-79.72975138112227,-89.12588671100833,92.31243570504316,-92.24437015663518,77.35438444102738,6.241360975903213,-0.11980107431578801,,
1780128057,35106866,right_base_cmd,right_joint_1,right_joint_2,right_joint_3,right_joint_4,right_joint_5,right_joint_6,right_joint_7,-79.72146128479531,-89.09056652890088,92.24663411127969,-92.23478366947957,77.37209586203028,6.16160918726559,-0.1125934955719714,,
1780128057,44845329,right_base_cmd,right_joint_1,right_joint_2,right_joint_3,right_joint_4,right_joint_5,right_joint_6,right_joint_7,-79.75449863215286,-89.04911984529583,92.1329300219601,-92.23952609805521,77.25448173247827,6.057137832787994,-0.1118322491921191,,
1780128057,54208534,right_base_cmd,right_joint_1,right_joint_2,right_joint_3,right_joint_4,right_joint_5,right_joint_6,right_joint_7,-79.76201533965369,-88.94140479909619,91.89676422351116,-92.2347889192538,76.88643575594972,5.836612928080974,-0.13308997593192373,,
1780128057,64524672,right_base_cmd,right_joint_1,right_joint_2,right_joint_3,right_joint_4,right_joint_5,right_joint_6,right_joint_7,-79.761750319007,-88.87370603826993,91.76849870819743,-92.23396708082068,76.48844742341106,5.710724089006199,-0.12614772666525198,,
1780128057,74909277,right_base_cmd,right_joint_1,right_joint_2,right_joint_3,right_joint_4,right_joint_5,right_joint_6,right_joint_7,-79.76682397556729,-88.80545756422408,91.67654733929422,-92.27855397664935,76.11022147481657,5.59518088419987,-0.10473206723112582,,
1780128057,84580044,right_base_cmd,right_joint_1,right_joint_2,right_joint_3,right_joint_4,right_joint_5,right_joint_6,right_joint_7,-79.7939201903994,-88.73659435245902,91.57694739423087,-92.33265210117402,75.77437205214841,5.455743617083108,-0.04903384338014405,,
1780128057,94699228,right_base_cmd,right_joint_1,right_joint_2,right_joint_3,right_joint_4,right_joint_5,right_joint_6,right_joint_7,-79.80880991637073,-88.63101424721482,91.47975346855864,-92.4042633046745,75.51162430789606,5.301193323959417,0.02354523519976226,,
1780128057,104272193,right_base_cmd,right_joint_1,right_joint_2,right_joint_3,right_joint_4,right_joint_5,right_joint_6,right_joint_7,-79.92729925152267,-88.52658231610873,91.36546716263192,-92.65499440934072,75.1721496701391,5.115980257488168,0.17236923880726351,,
1780128057,114326032,right_base_cmd,right_joint_1,right_joint_2,right_joint_3,right_joint_4,right_joint_5,right_joint_6,right_joint_7,-79.96563492730596,-88.26764800726427,91.12841135515382,-92.71564300402714,74.9927098531623,4.800063980779164,0.38364625269331043,,
1780128057,124318655,right_base_cmd,right_joint_1,right_joint_2,right_joint_3,right_joint_4,right_joint_5,right_joint_6,right_joint_7,-80.02605250403738,-88.12180130160472,90.94818176220602,-92.76571013618793,74.65357526078861,4.560046522692865,0.6095235239789503,,
1780128057,134529886,right_base_cmd,right_joint_1,right_joint_2,right_joint_3,right_joint_4,right_joint_5,right_joint_6,right_joint_7,-80.06084253750598,-87.93329204971697,90.7269748143107,-92.79135101569342,74.27536877027848,4.328913810988759,0.7850759049638185,,
1780128057,144533139,right_base_cmd,right_joint_1,right_joint_2,right_joint_3,right_joint_4,right_joint_5,right_joint_6,right_joint_7,-80.10987710014425,-87.67636194809542,90.41126572982628,-92.81040107327995,73.79028452382107,4.066380395701408,0.9093102002798759,,
1780128057,154345274,right_base_cmd,right_joint_1,right_joint_2,right_joint_3,right_joint_4,right_joint_5,right_joint_6,right_joint_7,-80.27763504153287,-87.1209321956252,89.6546231068181,-92.829664837046,72.98930989120242,3.5492545101500994,0.9561846706817363,,
1780128057,164862148,right_base_cmd,right_joint_1,right_joint_2,right_joint_3,right_joint_4,right_joint_5,right_joint_6,right_joint_7,-80.39719192956792,-86.80064223129985,89.26497662052597,-92.8885815652334,71.92318313081387,3.469830595320566,0.9911276508421878,,
1780128057,174668625,right_base_cmd,right_joint_1,right_joint_2,right_joint_3,right_joint_4,right_joint_5,right_joint_6,right_joint_7,-80.54888703527055,-86.35770476041627,88.7555623135714,-92.94788188482467,70.82857696534961,3.3424904932578627,0.9890105013699184,,
1780128057,185382556,right_base_cmd,right_joint_1,right_joint_2,right_joint_3,right_joint_4,right_joint_5,right_joint_6,right_joint_7,-80.70253405368632,-85.9403432113203,88.29820179144062,-93.01694099846704,69.63278413717097,3.3208688586544284,0.9736141560513687,,
1780128057,194752119,right_base_cmd,right_joint_1,right_joint_2,right_joint_3,right_joint_4,right_joint_5,right_joint_6,right_joint_7,-80.93142642391112,-85.43106158988816,87.70872635076884,-93.11992419287357,68.40081513525183,3.2039703674986484,0.9308904456744216,,
1780128057,204636950,right_base_cmd,right_joint_1,right_joint_2,right_joint_3,right_joint_4,right_joint_5,right_joint_6,right_joint_7,-81.34789356122675,-84.86778555069851,86.93170893841543,-93.25221818337162,66.37769034370575,3.1161739243794457,0.9647701266707571,,
1780128057,214324517,right_base_cmd,right_joint_1,right_joint_2,right_joint_3,right_joint_4,right_joint_5,right_joint_6,right_joint_7,-81.53164079601615,-83.66958693606803,85.8456791363952,-93.38309619115758,65.10145891093845,2.788615783641667,0.6787290966588415,,
1780128057,224674096,right_base_cmd,right_joint_1,right_joint_2,right_joint_3,right_joint_4,right_joint_5,right_joint_6,right_joint_7,-81.75727669151908,-83.0189668901008,85.2534418359389,-93.55393498693157,63.50292413559896,2.892455351832787,0.5832909513032263,,
1780128057,234704247,right_base_cmd,right_joint_1,right_joint_2,right_joint_3,right_joint_4,right_joint_5,right_joint_6,right_joint_7,-81.97248051129921,-82.2778793033611,84.60192181268044,-93.72958623221548,62.06521155148465,2.965546963053278,0.4622654612064565,,
1780128057,244564573,right_base_cmd,right_joint_1,right_joint_2,right_joint_3,right_joint_4,right_joint_5,right_joint_6,right_joint_7,-82.19803894685194,-81.49676713277172,83.943885571513,-93.93812882684632,60.729027069490144,3.0873731826923247,0.3211291300139436,,
1780128057,254367066,right_base_cmd,right_joint_1,right_joint_2,right_joint_3,right_joint_4,right_joint_5,right_joint_6,right_joint_7,-82.72282650369087,-79.90133370260033,82.5732186506668,-94.41646841147896,59.533738578917735,2.930324121220231,-0.08386163716620842,,
1780128057,265036931,right_base_cmd,right_joint_1,right_joint_2,right_joint_3,right_joint_4,right_joint_5,right_joint_6,right_joint_7,-82.7184788277024,-79.94064163038452,82.81711695394122,-94.53450806037547,57.7987087693885,4.062307920634801,0.06764362029262827,,
1780128057,275096593,right_base_cmd,right_joint_1,right_joint_2,right_joint_3,right_joint_4,right_joint_5,right_joint_6,right_joint_7,-83.39488820368834,-78.27272303608392,81.45260573144472,-95.15360989546726,56.85103575813565,3.9501119925374795,-0.3222373176134994,,
1780128057,284554896,right_base_cmd,right_joint_1,right_joint_2,right_joint_3,right_joint_4,right_joint_5,right_joint_6,right_joint_7,-83.73584718660189,-77.41316801168615,80.8739721984227,-95.52434702477298,55.39259291426902,4.596407230797588,-0.3751807599210366,,
1780128057,294629699,right_base_cmd,right_joint_1,right_joint_2,right_joint_3,right_joint_4,right_joint_5,right_joint_6,right_joint_7,-84.01294625783729,-76.57084272963642,80.37599855901507,-95.87887379596675,54.0796591423009,5.275769790095019,-0.3864689226825391,,
1780128057,304363957,right_base_cmd,right_joint_1,right_joint_2,right_joint_3,right_joint_4,right_joint_5,right_joint_6,right_joint_7,-84.66692946361857,-75.51760242645163,79.69648971137329,-96.42395530374411,52.40944509513861,5.8721623377365475,-0.27194788906025735,,
1780128057,314493463,right_base_cmd,right_joint_1,right_joint_2,right_joint_3,right_joint_4,right_joint_5,right_joint_6,right_joint_7,-84.69576338846579,-73.61868150808199,78.33750854731821,-96.74901193228153,51.8973214258545,5.93899623237963,-0.770782601103079,,
1780128057,324470693,right_base_cmd,right_joint_1,right_joint_2,right_joint_3,right_joint_4,right_joint_5,right_joint_6,right_joint_7,-84.87405455968698,-72.81614596761791,77.85032795280873,-97.01801930413889,50.58093258320736,6.601390322160974,-0.765624511002116,,
1780128057,335333462,right_base_cmd,right_joint_1,right_joint_2,right_joint_3,right_joint_4,right_joint_5,right_joint_6,right_joint_7,-85.03253279162524,-71.93832290116582,77.32584582725693,-97.26676290235709,49.45529631278066,7.142660819442376,-0.8210765552296522,,
1780128057,344526027,right_base_cmd,right_joint_1,right_joint_2,right_joint_3,right_joint_4,right_joint_5,right_joint_6,right_joint_7,-85.19491011931362,-71.02923606745874,76.77828880897945,-97.52593075636442,48.423312315640544,7.621928587544524,-0.9185932397175662,,
1780128057,354360302,right_base_cmd,right_joint_1,right_joint_2,right_joint_3,right_joint_4,right_joint_5,right_joint_6,right_joint_7,-85.5746568952218,-69.23915844453622,75.56266983976613,-97.94855740350819,47.586589068338014,7.673452845644711,-1.321147707994058,,
1780128057,365651234,right_base_cmd,right_joint_1,right_joint_2,right_joint_3,right_joint_4,right_joint_5,right_joint_6,right_joint_7,-85.79290914452443,-68.37640345178706,75.06626804800666,-98.28637978414135,46.18481302663929,8.44680561128201,-1.371009078589978,,
1780128057,374580092,right_base_cmd,right_joint_1,right_joint_2,right_joint_3,right_joint_4,right_joint_5,right_joint_6,right_joint_7,-85.97124446557032,-67.57275877092839,74.67981073095021,-98.57839897620632,44.908141664588356,9.229634481493413,-1.351494057531525,,
1780128057,384529542,right_base_cmd,right_joint_1,right_joint_2,right_joint_3,right_joint_4,right_joint_5,right_joint_6,right_joint_7,-86.1205867583113,-66.72156750051359,74.23835963624393,-98.84926227686118,43.79727635948939,9.902325146654285,-1.3771541485039194,,
1780128057,394843842,right_base_cmd,right_joint_1,right_joint_2,right_joint_3,right_joint_4,right_joint_5,right_joint_6,right_joint_7,-86.21678851040738,-65.93677948801407,73.77691805764121,-99.0611564366542,42.750133029732865,10.485890231059564,-1.4232390026607646,,
1780128057,404271569,right_base_cmd,right_joint_1,right_joint_2,right_joint_3,right_joint_4,right_joint_5,right_joint_6,right_joint_7,-86.56294151185014,-64.9991287246793,73.31916422864296,-99.29457672333673,41.2943749923856,11.012542900790898,-1.2980673821890178,,
1780128057,414939202,right_base_cmd,right_joint_1,right_joint_2,right_joint_3,right_joint_4,right_joint_5,right_joint_6,right_joint_7,-86.25861417373997,-63.338058593893166,72.0227253605178,-99.45575516879832,40.97170844476028,11.11045155117393,-1.9464756882769194,,
1780128057,424491621,right_base_cmd,right_joint_1,right_joint_2,right_joint_3,right_joint_4,right_joint_5,right_joint_6,right_joint_7,-86.25887551896099,-62.52186864177959,71.4759923572635,-99.60185043127935,39.88310270687481,11.580374345190656,-2.034765501180644,,
1780128057,434809844,right_base_cmd,right_joint_1,right_joint_2,right_joint_3,right_joint_4,right_joint_5,right_joint_6,right_joint_7,-86.23207249488141,-61.70202871775787,70.94377253285032,-99.69489374229177,38.852601544862125,11.981047594729382,-2.112898833597697,,
1780128057,444572270,right_base_cmd,right_joint_1,right_joint_2,right_joint_3,right_joint_4,right_joint_5,right_joint_6,right_joint_7,-86.2427751540429,-60.94600914493931,70.48254053515663,-99.77663528932875,37.755174800022246,12.377466695155313,-2.141874781914183,,
1780128057,455354608,right_base_cmd,right_joint_1,right_joint_2,right_joint_3,right_joint_4,right_joint_5,right_joint_6,right_joint_7,-86.25071793937204,-60.18054314027309,70.02595440355176,-99.86878434125875,36.65207506294928,12.781967353441253,-2.1722138877368167,,
1780128057,464497257,right_base_cmd,right_joint_1,right_joint_2,right_joint_3,right_joint_4,right_joint_5,right_joint_6,right_joint_7,-86.29760950534657,-58.59689412243485,68.99338723175711,-99.90441058594304,35.56905540873305,12.803873908598696,-2.4594167739069377,,
1780128057,474529554,right_base_cmd,right_joint_1,right_joint_2,right_joint_3,right_joint_4,right_joint_5,right_joint_6,right_joint_7,-86.28760725792185,-57.80318779926024,68.54619940678609,-100.03512886519532,34.02139641659727,13.504387110932448,-2.4244488684890513,,
1780128057,484731976,right_base_cmd,right_joint_1,right_joint_2,right_joint_3,right_joint_4,right_joint_5,right_joint_6,right_joint_7,-86.2618123267151,-56.9923461201259,68.07194147951148,-100.13576729541946,32.6214354234948,14.12320301459085,-2.404149327120038,,
1780128057,495009450,right_base_cmd,right_joint_1,right_joint_2,right_joint_3,right_joint_4,right_joint_5,right_joint_6,right_joint_7,-86.19483690158481,-56.19047378201897,67.5631424594034,-100.23789903517213,31.33352189307442,14.711965746061601,-2.415866861159728,,
1780128057,504214117,right_base_cmd,right_joint_1,right_joint_2,right_joint_3,right_joint_4,right_joint_5,right_joint_6,right_joint_7,-86.16061981604835,-55.39976361407055,67.1033963411675,-100.31213678754013,30.046101806492402,15.249637177517407,-2.36217931696946,,
1780128057,514418772,right_base_cmd,right_joint_1,right_joint_2,right_joint_3,right_joint_4,right_joint_5,right_joint_6,right_joint_7,-86.13656829383243,-53.98886547385628,66.29513452637732,-100.2901658037867,28.665044844413842,15.528323841705976,-2.3837313813891825,,
1780128057,524729146,right_base_cmd,right_joint_1,right_joint_2,right_joint_3,right_joint_4,right_joint_5,right_joint_6,right_joint_7,-86.09270182056278,-53.35360965793434,65.95239368012543,-100.36022089564791,26.867065040965315,16.29870627261915,-2.1236731758775846,,
1780128057,535259124,right_base_cmd,right_joint_1,right_joint_2,right_joint_3,right_joint_4,right_joint_5,right_joint_6,right_joint_7,-86.03537295274757,-52.723761351986994,65.60165348657685,-100.39114705088674,25.233884366260156,16.927783037546313,-1.8686433674803453,,
1780128057,544718232,right_base_cmd,right_joint_1,right_joint_2,right_joint_3,right_joint_4,right_joint_5,right_joint_6,right_joint_7,-85.946972651398,-52.06227344931388,65.19923001603465,-100.40145508774408,23.75222156443948,17.446918481875578,-1.6639126942353215,,
1780128057,554530418,right_base_cmd,right_joint_1,right_joint_2,right_joint_3,right_joint_4,right_joint_5,right_joint_6,right_joint_7,-85.80836161496856,-51.27100123640754,64.7012424503151,-100.36608738550741,22.33091910635153,17.881719745423773,-1.4907833755633106,,
1780128057,564608064,right_base_cmd,right_joint_1,right_joint_2,right_joint_3,right_joint_4,right_joint_5,right_joint_6,right_joint_7,-85.66743918038279,-50.1358347670742,63.97965203442388,-100.31583451372929,20.846474716863213,18.1831381459673,-1.3796144979830416,,
1780128057,575179324,right_base_cmd,right_joint_1,right_joint_2,right_joint_3,right_joint_4,right_joint_5,right_joint_6,right_joint_7,-85.58379425096396,-49.582057847735214,63.66767120523494,-100.31112168908403,19.005776536992926,18.763663733439678,-0.9636855202634393,,
1780128057,584485953,right_base_cmd,right_joint_1,right_joint_2,right_joint_3,right_joint_4,right_joint_5,right_joint_6,right_joint_7,-85.51303278477369,-49.02990531881973,63.348644109890955,-100.29818567850675,17.296401416684205,19.235186567077285,-0.5911558887387542,,
1780128057,594957698,right_base_cmd,right_joint_1,right_joint_2,right_joint_3,right_joint_4,right_joint_5,right_joint_6,right_joint_7,-85.46989222189129,-48.578542536703154,63.14515605963547,-100.19641334096896,15.439853505932206,19.610447318685495,-0.0808553173043407,,
1780128057,604437751,right_base_cmd,right_joint_1,right_joint_2,right_joint_3,right_joint_4,right_joint_5,right_joint_6,right_joint_7,-85.71743166027849,-48.16140902731253,63.42622904365234,-99.8417561137373,12.555137586418823,19.71972625245531,1.104782526624703,,
1780128057,614751831,right_base_cmd,right_joint_1,right_joint_2,right_joint_3,right_joint_4,right_joint_5,right_joint_6,right_joint_7,-85.35803064957892,-47.3534244221441,62.73927089962146,-99.66329484737481,10.59530305437903,19.918524091668367,1.4432829475802436,,
1780128057,624620497,right_base_cmd,right_joint_1,right_joint_2,right_joint_3,right_joint_4,right_joint_5,right_joint_6,right_joint_7,-85.22540896287856,-46.92407309720814,62.52044716495058,-99.48972804743251,8.341974090903193,20.10432543049877,2.132848083244639,,
1780128057,634761807,right_base_cmd,right_joint_1,right_joint_2,right_joint_3,right_joint_4,right_joint_5,right_joint_6,right_joint_7,-85.09772976456728,-46.47585019763001,62.31993759108528,-99.23931754877164,6.100810029015577,20.110451103046962,2.8527923765565646,,
1780128057,644760098,right_base_cmd,right_joint_1,right_joint_2,right_joint_3,right_joint_4,right_joint_5,right_joint_6,right_joint_7,-84.97652852887418,-46.104536061692116,62.16159814659963,-99.02030423421287,3.9254565695251813,20.10039240456883,3.5652884758213617,,
1780128057,654633015,right_base_cmd,right_joint_1,right_joint_2,right_joint_3,right_joint_4,right_joint_5,right_joint_6,right_joint_7,-84.86481114986205,-45.782009654850086,62.083175712917495,-98.76491733948468,1.7116309541102055,20.018461608574633,4.345909372011121,,
1780128057,664365668,right_base_cmd,right_joint_1,right_joint_2,right_joint_3,right_joint_4,right_joint_5,right_joint_6,right_joint_7,-84.70971818224442,-45.27468087444062,62.163680697953595,-98.09968851779725,-1.3033626531803861,19.469971159805375,5.526474228685558,,
1780128057,674670763,right_base_cmd,right_joint_1,right_joint_2,right_joint_3,right_joint_4,right_joint_5,right_joint_6,right_joint_7,-84.67587024201586,-45.18541048610173,62.35155408256108,-97.76904068824116,-4.463000322663959,19.27664600072945,6.630634616523238,,
1780128057,685160861,right_base_cmd,right_joint_1,right_joint_2,right_joint_3,right_joint_4,right_joint_5,right_joint_6,right_joint_7,-84.60101671912199,-45.08503408333077,62.51867366762619,-97.40303675938368,-7.443351138121443,18.992516127526763,7.628894577996036,,
1780128057,694832666,right_base_cmd,right_joint_1,right_joint_2,right_joint_3,right_joint_4,right_joint_5,right_joint_6,right_joint_7,-84.5023668274861,-45.01100781833186,62.67071730730319,-97.01024345345742,-10.381625686539337,18.649660361816707,8.545994230714356,,
1780128057,704348792,right_base_cmd,right_joint_1,right_joint_2,right_joint_3,right_joint_4,right_joint_5,right_joint_6,right_joint_7,-84.36137892974185,-45.1753604767318,63.45630166876779,-96.0475397687493,-14.627818263103052,17.610116397832094,10.155574467004826,,
1780128057,714438176,right_base_cmd,right_joint_1,right_joint_2,right_joint_3,right_joint_4,right_joint_5,right_joint_6,right_joint_7,-83.89595963501634,-44.860170552458115,63.14116859796789,-95.52918427749348,-17.83859348884357,17.103370166031887,10.716961659506737,,
1780128057,724582479,right_base_cmd,right_joint_1,right_joint_2,right_joint_3,right_joint_4,right_joint_5,right_joint_6,right_joint_7,-83.58551184313833,-44.86752670472141,63.27839933652368,-94.96282134231258,-21.288364934137405,16.40636196468615,11.51824518502751,,
1780128057,735253583,right_base_cmd,right_joint_1,right_joint_2,right_joint_3,right_joint_4,right_joint_5,right_joint_6,right_joint_7,-83.30177671768516,-44.90714600627798,63.34427367957582,-94.45976135910855,-24.429766753165495,15.729790619424769,12.076937882443232,,
1780128057,744604276,right_base_cmd,right_joint_1,right_joint_2,right_joint_3,right_joint_4,right_joint_5,right_joint_6,right_joint_7,-82.92037185112773,-45.039183940708725,63.54178422754663,-93.72599377061961,-27.75585157413525,14.746438004434829,12.629171548623773,,
1780128057,754423692,right_base_cmd,right_joint_1,right_joint_2,right_joint_3,right_joint_4,right_joint_5,right_joint_6,right_joint_7,-82.67182455511673,-45.16277389111731,63.67023151729896,-93.27002184692033,-30.740762217471115,13.994340036691831,12.991702013058713,,
1780128057,764434467,right_base_cmd,right_joint_1,right_joint_2,right_joint_3,right_joint_4,right_joint_5,right_joint_6,right_joint_7,-81.9272222235168,-45.67531517385409,64.26664425528705,-91.9087233484391,-35.13428790901111,12.160794199460561,13.645357490658384,,
1780128057,774640827,right_base_cmd,right_joint_1,right_joint_2,right_joint_3,right_joint_4,right_joint_5,right_joint_6,right_joint_7,-81.50703345969427,-45.96232236098707,64.50610827971528,-91.16309222839972,-39.05756216278667,10.883915675833983,13.756033801014254,,
1780128057,784847033,right_base_cmd,right_joint_1,right_joint_2,right_joint_3,right_joint_4,right_joint_5,right_joint_6,right_joint_7,-81.01193883202663,-46.27387963606198,64.76607878518249,-90.36916625365753,-42.87922474103209,9.547473878080332,13.772651476466976,,
1780128057,794400515,right_base_cmd,right_joint_1,right_joint_2,right_joint_3,right_joint_4,right_joint_5,right_joint_6,right_joint_7,-80.58273143777828,-46.52462027171306,64.97863606654809,-89.71774724882529,-46.53013335550156,8.331657249043651,13.674350604698859,,
1780128057,804447390,right_base_cmd,right_joint_1,right_joint_2,right_joint_3,right_joint_4,right_joint_5,right_joint_6,right_joint_7,-79.5419535276553,-47.253605747807185,65.77310891910551,-88.42569507847766,-51.046907639357244,6.206769464028703,14.022749454240497,,
1780128057,814435348,right_base_cmd,right_joint_1,right_joint_2,right_joint_3,right_joint_4,right_joint_5,right_joint_6,right_joint_7,-78.92810285471515,-47.66028566307217,66.14311215446978,-87.68570013886865,-55.325917909021655,4.6681685129874,13.821657797962402,,
1780128057,824650791,right_base_cmd,right_joint_1,right_joint_2,right_joint_3,right_joint_4,right_joint_5,right_joint_6,right_joint_7,-78.30353395566303,-48.079220109173676,66.487775828877,-86.98754467722439,-59.60732689381274,3.154206458125323,13.504680988811216,,
1780128057,835845846,right_base_cmd,right_joint_1,right_joint_2,right_joint_3,right_joint_4,right_joint_5,right_joint_6,right_joint_7,-77.72213507608168,-48.485542443002046,66.8098884511572,-86.36959188595752,-63.88590371121444,1.7059592652314066,13.049147799290367,,
1780128057,845106213,right_base_cmd,right_joint_1,right_joint_2,right_joint_3,right_joint_4,right_joint_5,right_joint_6,right_joint_7,-77.05304352221364,-48.949801978898805,67.16886860118561,-85.70294740352894,-68.20081324745354,0.1851680866613563,12.509935591096323,,
1780128057,854574147,right_base_cmd,right_joint_1,right_joint_2,right_joint_3,right_joint_4,right_joint_5,right_joint_6,right_joint_7,-76.42199129914374,-49.40382369970929,67.51252802333491,-85.11438305114406,-72.51972231272043,-1.2631235563351808,11.826238000211092,,
1780128057,864663506,right_base_cmd,right_joint_1,right_joint_2,right_joint_3,right_joint_4,right_joint_5,right_joint_6,right_joint_7,-75.12335297707725,-50.25659036631113,68.05856235362634,-84.30482408472734,-77.05008949287259,-3.1754324280044486,11.45450278538486,,
1780128057,874562676,right_base_cmd,right_joint_1,right_joint_2,right_joint_3,right_joint_4,right_joint_5,right_joint_6,right_joint_7,-74.5442229448399,-50.63579923513301,68.25906496075825,-83.8317437634678,-81.30694867477354,-4.372873120358172,10.347850304827531,,
1780128057,884427693,right_base_cmd,right_joint_1,right_joint_2,right_joint_3,right_joint_4,right_joint_5,right_joint_6,right_joint_7,-74.01432733880588,-50.98598196192718,68.45919192359068,-83.4304681090169,-85.56107785381806,-5.450634614033099,9.106505205654443,,
1780128057,895629095,right_base_cmd,right_joint_1,right_joint_2,right_joint_3,right_joint_4,right_joint_5,right_joint_6,right_joint_7,-73.58976253171389,-51.288212992152935,68.58270049573119,-83.11708906097,-89.79690243909658,-6.296185691791429,7.703405664111116,,
1780128057,904282911,right_base_cmd,right_joint_1,right_joint_2,right_joint_3,right_joint_4,right_joint_5,right_joint_6,right_joint_7,-72.88062801521758,-51.82814289737469,68.84266901355349,-82.82297059424788,-94.17879058882295,-7.373128306620167,6.458368784277738,,
1780128057,914508217,right_base_cmd,right_joint_1,right_joint_2,right_joint_3,right_joint_4,right_joint_5,right_joint_6,right_joint_7,-72.65304645236617,-52.02605511469564,68.95120838741249,-82.50731993935115,-98.26134303598565,-7.911373044137115,4.695559775574722,,
1780128057,924466000,right_base_cmd,right_joint_1,right_joint_2,right_joint_3,right_joint_4,right_joint_5,right_joint_6,right_joint_7,-72.53359594907974,-52.153141763003944,68.99750691600448,-82.38328371839596,-101.39960067517029,-8.251279717279253,3.3840213139357473,,
1780128057,934590592,right_base_cmd,right_joint_1,right_joint_2,right_joint_3,right_joint_4,right_joint_5,right_joint_6,right_joint_7,-72.44005071523222,-52.22770762510875,69.02359647399592,-82.22316515985058,-103.71828371229549,-8.506602054972795,2.345323238611101,,
1780128057,944636697,right_base_cmd,right_joint_1,right_joint_2,right_joint_3,right_joint_4,right_joint_5,right_joint_6,right_joint_7,-72.42242079014031,-52.28222885007433,69.05831884162976,-82.11016641137822,-105.37254381940124,-8.724758443069327,1.6023760620872025,,
1780128057,954214316,right_base_cmd,right_joint_1,right_joint_2,right_joint_3,right_joint_4,right_joint_5,right_joint_6,right_joint_7,-72.68688440603373,-52.278170626655836,69.06292013008905,-82.14995350231585,-106.30552254300352,-8.861587937181177,1.2123455745572613,,
1780128057,964576088,right_base_cmd,right_joint_1,right_joint_2,right_joint_3,right_joint_4,right_joint_5,right_joint_6,right_joint_7,-72.84139539988226,-52.27160684236868,69.12167517585354,-82.20117058125557,-106.81242612926593,-9.121148726333779,1.047222131971452,,
1780128057,974905831,right_base_cmd,right_joint_1,right_joint_2,right_joint_3,right_joint_4,right_joint_5,right_joint_6,right_joint_7,-73.1104689972938,-52.26646438501491,69.226283874144,-82.25402332567695,-106.84697861976451,-9.33566596011456,1.0462733629976668,,
1780128057,984462088,right_base_cmd,right_joint_1,right_joint_2,right_joint_3,right_joint_4,right_joint_5,right_joint_6,right_joint_7,-73.38675114317087,-52.2495737101914,69.26928045345605,-82.37061874639416,-106.63609059538328,-9.50871824696673,1.2282759490838515,,
1780128057,994804539,right_base_cmd,right_joint_1,right_joint_2,right_joint_3,right_joint_4,right_joint_5,right_joint_6,right_joint_7,-73.70619967001645,-52.27851158409216,69.46387789467767,-82.49760834636676,-106.23609241427295,-9.754380303505279,1.5024204963867618,,
1780128058,4867101,right_base_cmd,right_joint_1,right_joint_2,right_joint_3,right_joint_4,right_joint_5,right_joint_6,right_joint_7,-74.04804652241776,-52.30324671535767,69.67765191999453,-82.66408558743406,-105.65759346468042,-9.959510388414849,1.8928952126127427,,
1780128058,16846051,right_base_cmd,right_joint_1,right_joint_2,right_joint_3,right_joint_4,right_joint_5,right_joint_6,right_joint_7,-74.73700310906784,-52.3510362718567,70.06132561371945,-82.96934294548625,-104.77186338853102,-10.045490354824885,2.4762826777166396,,
1780128058,24420216,right_base_cmd,right_joint_1,right_joint_2,right_joint_3,right_joint_4,right_joint_5,right_joint_6,right_joint_7,-74.99117814602093,-52.40792546798873,70.26736718771119,-83.12578585527974,-103.86002616250408,-10.180489199783942,3.138020062826101,,
1780128058,34564229,right_base_cmd,right_joint_1,right_joint_2,right_joint_3,right_joint_4,right_joint_5,right_joint_6,right_joint_7,-75.30769393677289,-52.466954580323105,70.52091765941938,-83.33568095784427,-103.01531529039562,-10.22847927684358,3.7613981054404206,,
1780128058,44516771,right_base_cmd,right_joint_1,right_joint_2,right_joint_3,right_joint_4,right_joint_5,right_joint_6,right_joint_7,-75.6704311848782,-52.55086696399884,70.81528564167334,-83.55259933183699,-102.20672690435333,-10.185772935568018,4.339282441392172,,
1780128058,54282013,right_base_cmd,right_joint_1,right_joint_2,right_joint_3,right_joint_4,right_joint_5,right_joint_6,right_joint_7,-76.17676024217101,-52.7276347346549,71.24331141626809,-83.73763373771494,-101.3476879450746,-9.98283298955294,4.816974780232542,,
1780128058,64352808,right_base_cmd,right_joint_1,right_joint_2,right_joint_3,right_joint_4,right_joint_5,right_joint_6,right_joint_7,-76.4502564949237,-52.819312740245564,71.4448355561677,-83.86684283948757,-100.43724137979194,-9.692427680263954,5.28844359707135,,
1780128058,74825850,right_base_cmd,right_joint_1,right_joint_2,right_joint_3,right_joint_4,right_joint_5,right_joint_6,right_joint_7,-76.69084474583886,-52.958895044598776,71.68235167647217,-83.96285008302995,-99.65149922460961,-9.425191434509365,5.657855033822429,,
1780128058,84636610,right_base_cmd,right_joint_1,right_joint_2,right_joint_3,right_joint_4,right_joint_5,right_joint_6,right_joint_7,-76.89423494073694,-53.09638728852913,71.86928262473018,-84.01628297862807,-98.91654067508989,-9.109628628040575,5.909496213191559,,
1780128058,94713269,right_base_cmd,right_joint_1,right_joint_2,right_joint_3,right_joint_4,right_joint_5,right_joint_6,right_joint_7,-77.06734832499635,-53.25440430130608,72.02108326939796,-83.99746461482756,-98.21503247797091,-8.762680002348638,6.0312774782834,,
1780128058,104627115,right_base_cmd,right_joint_1,right_joint_2,right_joint_3,right_joint_4,right_joint_5,right_joint_6,right_joint_7,-77.23375171850276,-53.44921410643941,72.23759204388406,-83.97068879533931,-97.56141378521022,-8.465372949508598,6.081068120218887,,
1780128058,114597670,right_base_cmd,right_joint_1,right_joint_2,right_joint_3,right_joint_4,right_joint_5,right_joint_6,right_joint_7,-77.5461840829872,-53.89080863401303,72.70754504713344,-83.86540957991373,-96.8713357259636,-8.113471863426518,5.935013888139551,,
1780128058,124494162,right_base_cmd,right_joint_1,right_joint_2,right_joint_3,right_joint_4,right_joint_5,right_joint_6,right_joint_7,-77.72137088386259,-54.07860805897322,72.8516304022651,-83.81315395491437,-95.96238300408936,-7.591513686102466,5.845064582401946,,
1780128058,135029664,right_base_cmd,right_joint_1,right_joint_2,right_joint_3,right_joint_4,right_joint_5,right_joint_6,right_joint_7,-77.85093495857186,-54.2801105588169,72.99975647282909,-83.73522910106807,-95.1058971513113,-7.126930025887866,5.719735874048112,,
1780128058,144748730,right_base_cmd,right_joint_1,right_joint_2,right_joint_3,right_joint_4,right_joint_5,right_joint_6,right_joint_7,-77.99960908041677,-54.4615056564988,73.13475046444628,-83.683412320107,-94.24656271940825,-6.65858555183609,5.578455371415927,,
1780128058,154956812,right_base_cmd,right_joint_1,right_joint_2,right_joint_3,right_joint_4,right_joint_5,right_joint_6,right_joint_7,-78.31294798935002,-54.85434388670156,73.50858541325871,-83.63034926998081,-93.1602055250084,-6.1758153568757095,5.3755447395086975,,
1780128058,164544384,right_base_cmd,right_joint_1,right_joint_2,right_joint_3,right_joint_4,right_joint_5,right_joint_6,right_joint_7,-78.54363343468694,-55.06927567118585,73.68660020038558,-83.60474008238704,-91.9012759778272,-5.633333492750687,5.2351069145213245,,
1780128058,174447379,right_base_cmd,right_joint_1,right_joint_2,right_joint_3,right_joint_4,right_joint_5,right_joint_6,right_joint_7,-78.80911895725134,-55.365201890578035,73.93475754673389,-83.61423967644528,-90.71689828166336,-5.192855844186049,5.137282670379406,,
1780128058,184543306,right_base_cmd,right_joint_1,right_joint_2,right_joint_3,right_joint_4,right_joint_5,right_joint_6,right_joint_7,-79.10011089553834,-55.669505037541754,74.19362469945193,-83.6493169156878,-89.49154251254527,-4.778886864422297,5.053542236600421,,
1780128058,194535055,right_base_cmd,right_joint_1,right_joint_2,right_joint_3,right_joint_4,right_joint_5,right_joint_6,right_joint_7,-79.48247040483167,-56.08956109891882,74.5512823074396,-83.69761481423474,-88.26373892661684,-4.407582850085525,4.919143005047701,,
1780128058,204318513,right_base_cmd,right_joint_1,right_joint_2,right_joint_3,right_joint_4,right_joint_5,right_joint_6,right_joint_7,-79.83794191574142,-56.50364389829828,74.86387953651948,-83.74061140369555,-86.87524669787183,-4.02782925479044,4.7786157649767205,,
1780128058,214275399,right_base_cmd,right_joint_1,right_joint_2,right_joint_3,right_joint_4,right_joint_5,right_joint_6,right_joint_7,-80.48165148421506,-57.162485258663494,75.22040978231897,-83.85153310090142,-84.84322473755827,-3.383094000971589,4.456346423499653,,
1780128058,224653625,right_base_cmd,right_joint_1,right_joint_2,right_joint_3,right_joint_4,right_joint_5,right_joint_6,right_joint_7,-80.73157366484017,-57.37106388931194,75.16946018302113,-83.87714838095498,-82.43423879042666,-2.696038130521508,4.191083728226644,,
1780128058,234569202,right_base_cmd,right_joint_1,right_joint_2,right_joint_3,right_joint_4,right_joint_5,right_joint_6,right_joint_7,-80.96947842495067,-57.49668625654131,74.94170825935899,-83.90539407562069,-79.93406657452897,-1.9412136621048646,3.8428407882494042,,
1780128058,244570210,right_base_cmd,right_joint_1,right_joint_2,right_joint_3,right_joint_4,right_joint_5,right_joint_6,right_joint_7,-81.18607581575415,-57.62453394246957,74.74229662799476,-83.94740877503456,-77.5118709505715,-1.2956873734427674,3.495240563370359,,
1780128058,254406191,right_base_cmd,right_joint_1,right_joint_2,right_joint_3,right_joint_4,right_joint_5,right_joint_6,right_joint_7,-81.69249581085975,-57.99760523646695,74.50375863331507,-84.1403553795699,-74.53403424251741,-0.45889435348794194,3.0343915321429193,,
1780128058,264580231,right_base_cmd,right_joint_1,right_joint_2,right_joint_3,right_joint_4,right_joint_5,right_joint_6,right_joint_7,-81.97952140444269,-58.28215767796168,74.4625855898465,-84.24093767967783,-71.76883583559794,-0.009731039919294915,2.725625128521287,,
1780128058,274514994,right_base_cmd,right_joint_1,right_joint_2,right_joint_3,right_joint_4,right_joint_5,right_joint_6,right_joint_7,-82.29348254996776,-58.68873360382203,74.5973125055477,-84.37456402182887,-69.38415584637158,0.232707882058385,2.545825705125978,,
1780128058,284625642,right_base_cmd,right_joint_1,right_joint_2,right_joint_3,right_joint_4,right_joint_5,right_joint_6,right_joint_7,-82.68334838248299,-59.16137276902846,74.75627863516448,-84.57490698496345,-67.09300639086467,0.46156317702605776,2.4006334108520804,,
1780128058,294765336,right_base_cmd,right_joint_1,right_joint_2,right_joint_3,right_joint_4,right_joint_5,right_joint_6,right_joint_7,-82.89553673276296,-59.56943195182579,75.03311534832372,-84.69328076731507,-65.06998602778356,0.4613286686271252,2.417895905099712,,
1780128058,304327542,right_base_cmd,right_joint_1,right_joint_2,right_joint_3,right_joint_4,right_joint_5,right_joint_6,right_joint_7,-83.34907687417999,-60.38104495569907,75.29538277559678,-84.98168318392256,-62.74573901881524,0.6312234439140028,2.373428017945386,,
1780128058,314379572,right_base_cmd,right_joint_1,right_joint_2,right_joint_3,right_joint_4,right_joint_5,right_joint_6,right_joint_7,-83.46908611882944,-60.7268368298207,75.36597981105788,-85.04297112524559,-60.27489577833677,0.7364577470889415,2.234003482779812,,
1780128058,325049736,right_base_cmd,right_joint_1,right_joint_2,right_joint_3,right_joint_4,right_joint_5,right_joint_6,right_joint_7,-83.64882092264426,-61.018258854177375,75.37646919886984,-85.15619741978743,-57.973897885862755,0.9038413245780887,2.0158401949695275,,
1780128058,335723573,right_base_cmd,right_joint_1,right_joint_2,right_joint_3,right_joint_4,right_joint_5,right_joint_6,right_joint_7,-83.76365177037664,-61.27404887817899,75.2770402429206,-85.23301278792873,-55.802305012407714,1.1106338199470045,1.7254694241184865,,
1780128058,344837140,right_base_cmd,right_joint_1,right_joint_2,right_joint_3,right_joint_4,right_joint_5,right_joint_6,right_joint_7,-83.88380280010219,-61.5970012802925,75.21083363624624,-85.29907723984356,-53.74245400816585,1.2762785399041334,1.4246505411131665,,
1780128058,354637066,right_base_cmd,right_joint_1,right_joint_2,right_joint_3,right_joint_4,right_joint_5,right_joint_6,right_joint_7,-84.00885936362161,-61.9739580486292,75.27043140747767,-85.3472160498634,-51.93447925214588,1.3203850458820128,1.1698886163911624,,
1780128058,364577501,right_base_cmd,right_joint_1,right_joint_2,right_joint_3,right_joint_4,right_joint_5,right_joint_6,right_joint_7,-84.3463324580346,-62.879923805220486,75.57855929435547,-85.59107500575404,-50.006967737755645,1.36929138979486,1.0364351224742308,,
1780128058,374653961,right_base_cmd,right_joint_1,right_joint_2,right_joint_3,right_joint_4,right_joint_5,right_joint_6,right_joint_7,-84.59287609113383,-63.37807782197298,75.74785841375339,-85.78241994653605,-47.87817025224956,1.3820700019134122,0.8949874318582687,,
1780128058,384633241,right_base_cmd,right_joint_1,right_joint_2,right_joint_3,right_joint_4,right_joint_5,right_joint_6,right_joint_7,-84.80898589222053,-63.863496101924184,75.92925833763385,-85.98640460482427,-45.848392890536786,1.376413465331673,0.8429595579077471,,
1780128058,394676999,right_base_cmd,right_joint_1,right_joint_2,right_joint_3,right_joint_4,right_joint_5,right_joint_6,right_joint_7,-85.0079927275901,-64.26394011031779,75.96264161482245,-86.2195155024677,-43.77032431280651,1.4644081624964613,0.737480849487028,,
1780128058,404554018,right_base_cmd,right_joint_1,right_joint_2,right_joint_3,right_joint_4,right_joint_5,right_joint_6,right_joint_7,-85.18279511170235,-64.64272403339886,75.91159267129123,-86.45545073690523,-41.64127703073211,1.5885652154726202,0.5819521808560211,,
1780128058,414299652,right_base_cmd,right_joint_1,right_joint_2,right_joint_3,right_joint_4,right_joint_5,right_joint_6,right_joint_7,-85.36976117195181,-65.13460554004531,75.53953748057276,-86.93434045206926,-38.684663666557185,2.0538092984346648,0.23955157473425004,,
1780128058,424792230,right_base_cmd,right_joint_1,right_joint_2,right_joint_3,right_joint_4,right_joint_5,right_joint_6,right_joint_7,-85.41333185509941,-65.40922381707743,75.44616146881654,-87.14047034168381,-35.82633243903689,2.132762110672907,0.05145937624631358,,
1780128058,437013634,right_base_cmd,right_joint_1,right_joint_2,right_joint_3,right_joint_4,right_joint_5,right_joint_6,right_joint_7,-85.49812533314199,-65.62267844226882,75.21154010639387,-87.39132405014648,-33.098488971454685,2.287055375735811,-0.2564458288429847,,
1780128058,444554933,right_base_cmd,right_joint_1,right_joint_2,right_joint_3,right_joint_4,right_joint_5,right_joint_6,right_joint_7,-85.60997725479311,-65.87158785812206,75.03250155896845,-87.68116929987754,-30.532904093479942,2.4195586154558058,-0.492444622644328,,
1780128058,454303868,right_base_cmd,right_joint_1,right_joint_2,right_joint_3,right_joint_4,right_joint_5,right_joint_6,right_joint_7,-85.73805027385865,-66.25308172328478,75.09875872764357,-87.99398311863924,-28.204833876555426,2.45569620231516,-0.44523874168795885,,
1780128058,464311265,right_base_cmd,right_joint_1,right_joint_2,right_joint_3,right_joint_4,right_joint_5,right_joint_6,right_joint_7,-85.99570182519821,-66.99609950564941,75.1402670042012,-88.72449088155942,-25.34069148178503,2.7791908423012686,-0.25924873231254253,,
1780128058,474553851,right_base_cmd,right_joint_1,right_joint_2,right_joint_3,right_joint_4,right_joint_5,right_joint_6,right_joint_7,-86.13179462012553,-67.33609572810708,75.15140313836449,-89.07884701000661,-22.436506226239885,2.769339512494021,-0.18257594632127905,,
1780128058,484997007,right_base_cmd,right_joint_1,right_joint_2,right_joint_3,right_joint_4,right_joint_5,right_joint_6,right_joint_7,-86.25775312168454,-67.65326578481621,75.13654950267144,-89.47404134116239,-19.710718460894157,2.8135615893077173,-0.09699821832016653,,
1780128058,494918511,right_base_cmd,right_joint_1,right_joint_2,right_joint_3,right_joint_4,right_joint_5,right_joint_6,right_joint_7,-86.32993879800924,-67.93897096819127,75.09893247263633,-89.88833909242625,-16.997623102985358,2.8860512224473567,0.018512946870643532,,
1780128058,504741395,right_base_cmd,right_joint_1,right_joint_2,right_joint_3,right_joint_4,right_joint_5,right_joint_6,right_joint_7,-86.3985157767066,-68.1250207515052,74.93151883676651,-90.33563580839599,-14.203909160495755,3.0015451766725008,0.01527788767741356,,
1780128058,514864517,right_base_cmd,right_joint_1,right_joint_2,right_joint_3,right_joint_4,right_joint_5,right_joint_6,right_joint_7,-86.47877860752058,-68.51949511164129,74.6387898387105,-91.25911754673173,-10.6004140412266,3.551944705298986,-0.003672042449252899,,
1780128058,524456748,right_base_cmd,right_joint_1,right_joint_2,right_joint_3,right_joint_4,right_joint_5,right_joint_6,right_joint_7,-86.53749760329035,-68.78798557509431,74.62989344655293,-91.63997864687816,-7.265583126812203,3.548738052692052,0.10311530306238126,,
1780128058,534580621,right_base_cmd,right_joint_1,right_joint_2,right_joint_3,right_joint_4,right_joint_5,right_joint_6,right_joint_7,-86.56689645545535,-69.02640133308314,74.5814677277854,-92.06353675464682,-4.124882655941519,3.6385191030973445,0.16000429360700252,,
1780128058,544654813,right_base_cmd,right_joint_1,right_joint_2,right_joint_3,right_joint_4,right_joint_5,right_joint_6,right_joint_7,-86.58691799525147,-69.31716536230302,74.58950648378934,-92.47288437947147,-1.1815103931544968,3.7509740292223412,0.24737437846629007,,
1780128058,554661385,right_base_cmd,right_joint_1,right_joint_2,right_joint_3,right_joint_4,right_joint_5,right_joint_6,right_joint_7,-86.58988520304828,-69.64375143254621,74.67442643121947,-92.8146361873017,1.58093862700116,3.8222451178536474,0.386753358350731,,
1780128058,565274960,right_base_cmd,right_joint_1,right_joint_2,right_joint_3,right_joint_4,right_joint_5,right_joint_6,right_joint_7,-86.55777999721496,-70.26795675383012,74.75052438445496,-93.5936412041395,5.008920349997936,4.337740213718753,0.4358144821522245,,
1780128058,574808509,right_base_cmd,right_joint_1,right_joint_2,right_joint_3,right_joint_4,right_joint_5,right_joint_6,right_joint_7,-86.5102083469861,-70.53632860769552,74.80388414791136,-93.85747720660886,8.28093265588609,4.324715770588007,0.4088885030920295,,
1780128058,584796390,right_base_cmd,right_joint_1,right_joint_2,right_joint_3,right_joint_4,right_joint_5,right_joint_6,right_joint_7,-86.44281237345288,-70.79398553089426,74.8080273619274,-94.16033950176644,11.396463552131763,4.367798824304209,0.2679865032600759,,
1780128058,596030753,right_base_cmd,right_joint_1,right_joint_2,right_joint_3,right_joint_4,right_joint_5,right_joint_6,right_joint_7,-86.3713124515618,-70.94802737173002,74.78976459513646,-94.37425040449905,14.202736050704743,4.336999071791304,0.0975490933787313,,
1780128058,604267638,right_base_cmd,right_joint_1,right_joint_2,right_joint_3,right_joint_4,right_joint_5,right_joint_6,right_joint_7,-86.23718497681014,-71.28507719389872,74.80348071077711,-95.00948351396137,17.581536773922778,4.748788294365404,-0.21530928156586526,,
1780128058,614815652,right_base_cmd,right_joint_1,right_joint_2,right_joint_3,right_joint_4,right_joint_5,right_joint_6,right_joint_7,-86.17892732207272,-71.43150726400798,74.82171350978862,-95.26759249890155,20.647977130354548,4.737057165954361,-0.4216742073541724,,
1780128058,624677608,right_base_cmd,right_joint_1,right_joint_2,right_joint_3,right_joint_4,right_joint_5,right_joint_6,right_joint_7,-86.16407468713058,-71.63749338954825,74.94960074415403,-95.52254007207854,23.32128684727195,4.7756543405781215,-0.4954180226791465,,
1780128058,635985877,right_base_cmd,right_joint_1,right_joint_2,right_joint_3,right_joint_4,right_joint_5,right_joint_6,right_joint_7,-86.1511532882287,-71.80237149770876,75.04798534202868,-95.79830483938248,25.773910767011103,4.860245573345658,-0.5817555287279248,,
1780128058,645515940,right_base_cmd,right_joint_1,right_joint_2,right_joint_3,right_joint_4,right_joint_5,right_joint_6,right_joint_7,-86.1415369677338,-71.96745771174291,75.17892625058195,-96.07153077194864,28.028784272274777,4.990311423399028,-0.6229233642038281,,
1780128058,654870077,right_base_cmd,right_joint_1,right_joint_2,right_joint_3,right_joint_4,right_joint_5,right_joint_6,right_joint_7,-86.17420162899052,-72.11507448321443,75.31337072576261,-96.35850293815521,30.125586594182153,5.1189792271992545,-0.6463778378243461,,
1780128058,664801662,right_base_cmd,right_joint_1,right_joint_2,right_joint_3,right_joint_4,right_joint_5,right_joint_6,right_joint_7,-86.18615015193419,-72.37573794581256,75.59669442554272,-96.88952477162987,32.55732501883665,5.5742448445982475,-0.6632946018004446,,
1780128058,675224382,right_base_cmd,right_joint_1,right_joint_2,right_joint_3,right_joint_4,right_joint_5,right_joint_6,right_joint_7,-86.19135663844466,-72.50170850269372,75.7363591168486,-97.06378725450294,34.69464929152866,5.643838030102934,-0.6278912047423688,,
1780128058,686717669,right_base_cmd,right_joint_1,right_joint_2,right_joint_3,right_joint_4,right_joint_5,right_joint_6,right_joint_7,-86.1923706826764,-72.63159021514225,75.87719187549092,-97.24064196003714,36.579871143563764,5.734885362067594,-0.6047690395398746,,
1780128058,694779171,right_base_cmd,right_joint_1,right_joint_2,right_joint_3,right_joint_4,right_joint_5,right_joint_6,right_joint_7,-86.17191623282278,-72.74824433005945,75.98579631525413,-97.32939321971419,38.21116520914285,5.753089402507733,-0.586709194004996,,
1780128058,704467198,right_base_cmd,right_joint_1,right_joint_2,right_joint_3,right_joint_4,right_joint_5,right_joint_6,right_joint_7,-86.17196098572632,-72.86079389291065,76.09126146505227,-97.45843824452608,39.67462603709777,5.789711390329337,-0.5967465995887125,,
1780128058,715304688,right_base_cmd,right_joint_1,right_joint_2,right_joint_3,right_joint_4,right_joint_5,right_joint_6,right_joint_7,-86.25906099640909,-73.02844907960026,76.27759957490909,-97.70784431256978,41.16802743335643,5.900484240710973,-0.5553728981187334,,
1780128058,728120924,right_base_cmd,right_joint_1,right_joint_2,right_joint_3,right_joint_4,right_joint_5,right_joint_6,right_joint_7,-86.32384607357025,-73.11395713233186,76.40512089406533,-97.80020123593091,42.44429119234752,5.893855667698126,-0.4379634257631011,,
1780128058,734703598,right_base_cmd,right_joint_1,right_joint_2,right_joint_3,right_joint_4,right_joint_5,right_joint_6,right_joint_7,-86.40354310495783,-73.2101066210861,76.52620469109135,-97.90708769999641,43.4857589626622,5.923953035905022,-0.3110377351744802,,
1780128058,744539348,right_base_cmd,right_joint_1,right_joint_2,right_joint_3,right_joint_4,right_joint_5,right_joint_6,right_joint_7,-86.4649706243168,-73.32660870856144,76.66760303164611,-98.00038383084355,44.365684227583415,6.004264013516554,-0.18302306452149253,,
1780128058,754601310,right_base_cmd,right_joint_1,right_joint_2,right_joint_3,right_joint_4,right_joint_5,right_joint_6,right_joint_7,-86.52224293682886,-73.42192586941049,76.76692058843983,-98.08008332374762,45.131299767413,6.057623071475469,-0.08882999638440481,,
1780128058,764552277,right_base_cmd,right_joint_1,right_joint_2,right_joint_3,right_joint_4,right_joint_5,right_joint_6,right_joint_7,-86.59225568001264,-73.58449916129355,76.8916892718527,-98.20325917995952,45.88086156918746,6.1270524946592175,-0.063593330238362,,
1780128058,776795263,right_base_cmd,right_joint_1,right_joint_2,right_joint_3,right_joint_4,right_joint_5,right_joint_6,right_joint_7,-86.6000854651264,-73.62258965274295,76.85982749298753,-98.14164746309008,46.44898726826585,5.98435984080124,-0.10703656233501135,,
1780128058,784679314,right_base_cmd,right_joint_1,right_joint_2,right_joint_3,right_joint_4,right_joint_5,right_joint_6,right_joint_7,-86.65136365735688,-73.66638663751691,76.81026856511247,-98.1125783112977,46.80047667885083,5.832713432668079,-0.2019000709569383,,
1780128058,794752716,right_base_cmd,right_joint_1,right_joint_2,right_joint_3,right_joint_4,right_joint_5,right_joint_6,right_joint_7,-86.70039873264116,-73.68036796237409,76.75493462725993,-98.02230214471867,46.875764678405574,5.673721444825112,-0.27510796944780225,,
1780128058,804985872,right_base_cmd,right_joint_1,right_joint_2,right_joint_3,right_joint_4,right_joint_5,right_joint_6,right_joint_7,-86.78547515583958,-73.67862204774441,76.66244466402432,-97.92972455883417,46.68637995740397,5.50627789519411,-0.35756312608425844,,
1780128058,814388684,right_base_cmd,right_joint_1,right_joint_2,right_joint_3,right_joint_4,right_joint_5,right_joint_6,right_joint_7,-87.05405168170896,-73.74737814932355,76.61540307367702,-97.70495840426044,45.74624348479057,5.248592408945122,-0.20146768583920505,,
1780128058,824536426,right_base_cmd,right_joint_1,right_joint_2,right_joint_3,right_joint_4,right_joint_5,right_joint_6,right_joint_7,-87.19665408646918,-73.79642004835581,76.63517249877813,-97.65065221503836,44.83095502369713,5.234972456301826,-0.13395849768916435,,
1780128058,834672329,right_base_cmd,right_joint_1,right_joint_2,right_joint_3,right_joint_4,right_joint_5,right_joint_6,right_joint_7,-87.36780357381483,-73.83857608499785,76.63648988743998,-97.56756522013707,43.83240511733953,5.15098988075227,0.0022262963785095735,,
1780128058,844880977,right_base_cmd,right_joint_1,right_joint_2,right_joint_3,right_joint_4,right_joint_5,right_joint_6,right_joint_7,-87.53061488760713,-73.88030437013875,76.62113631944621,-97.47443248720306,42.815795086179776,5.0351859570576,0.14902163573297855,,
1780128058,854538467,right_base_cmd,right_joint_1,right_joint_2,right_joint_3,right_joint_4,right_joint_5,right_joint_6,right_joint_7,-87.71984670886431,-73.90095251239389,76.56202948144099,-97.30929009000569,41.63210829356859,4.782046485154076,0.3276158098391164,,
1780128058,865039701,right_base_cmd,right_joint_1,right_joint_2,right_joint_3,right_joint_4,right_joint_5,right_joint_6,right_joint_7,-87.88597865361825,-74.03601737582603,76.63549176907796,-97.29529730131505,40.56004655320584,4.745230448028856,0.47591337631403974,,
1780128058,874509235,right_base_cmd,right_joint_1,right_joint_2,right_joint_3,right_joint_4,right_joint_5,right_joint_6,right_joint_7,-87.95688443019125,-74.09755138731994,76.64812727672077,-97.2840378583344,39.831533344059494,4.7127205461077395,0.5339290022273389,,
1780128058,884457537,right_base_cmd,right_joint_1,right_joint_2,right_joint_3,right_joint_4,right_joint_5,right_joint_6,right_joint_7,-88.05416912935883,-74.13731315745697,76.61841414656934,-97.27100218250037,39.2684302884565,4.612449475169008,0.5672054449326964,,
1780128058,894632094,right_base_cmd,right_joint_1,right_joint_2,right_joint_3,right_joint_4,right_joint_5,right_joint_6,right_joint_7,-88.08348224358079,-74.20330421049893,76.65971471827166,-97.30374032411193,38.928925785450474,4.645967233756615,0.6125044995385309,,
1780128058,904584880,right_base_cmd,right_joint_1,right_joint_2,right_joint_3,right_joint_4,right_joint_5,right_joint_6,right_joint_7,-88.12714826557337,-74.28436929731664,76.7271426660844,-97.39045299904593,38.801169809126236,4.716584196501863,0.686193623803419,,
1780128058,914572610,right_base_cmd,right_joint_1,right_joint_2,right_joint_3,right_joint_4,right_joint_5,right_joint_6,right_joint_7,-88.1887923086135,-74.39769412008236,76.80798471044986,-97.60278619117311,39.03503131583102,4.864166762808573,0.7407880421953763,,
1780128058,924611289,right_base_cmd,right_joint_1,right_joint_2,right_joint_3,right_joint_4,right_joint_5,right_joint_6,right_joint_7,-88.21086397536303,-74.47262250881109,76.89473364537221,-97.74609849373043,39.45364869013622,4.990786816244231,0.8352479435623508,,
1780128058,934589870,right_base_cmd,right_joint_1,right_joint_2,right_joint_3,right_joint_4,right_joint_5,right_joint_6,right_joint_7,-88.22942027466192,-74.54112447230263,76.97241988683729,-97.94109210377918,40.106118227378545,5.159437951272999,0.8813436665956118,,
1780128058,945140072,right_base_cmd,right_joint_1,right_joint_2,right_joint_3,right_joint_4,right_joint_5,right_joint_6,right_joint_7,-88.23327206980682,-74.61656702303891,77.05772915466812,-98.1203456537395,40.9024031449743,5.340924461968889,0.9249789821679286,,
1780128058,954761093,right_base_cmd,right_joint_1,right_joint_2,right_joint_3,right_joint_4,right_joint_5,right_joint_6,right_joint_7,-88.19281951764387,-74.69642177740242,77.14587289695314,-98.27110551157331,41.815917352884696,5.552066326252152,0.9301962850691865,,
1780128058,964577564,right_base_cmd,right_joint_1,right_joint_2,right_joint_3,right_joint_4,right_joint_5,right_joint_6,right_joint_7,-88.1204016609141,-74.8260795772713,77.2995157096079,-98.59448562421495,43.192148596265895,5.974036128707276,0.8397746984836516,,
1780128058,974619058,right_base_cmd,right_joint_1,right_joint_2,right_joint_3,right_joint_4,right_joint_5,right_joint_6,right_joint_7,-88.09996622343962,-74.88068752609497,77.37979250031222,-98.72645683718163,44.48504478258718,6.140234212412402,0.8384282775500509,,
1780128058,984647401,right_base_cmd,right_joint_1,right_joint_2,right_joint_3,right_joint_4,right_joint_5,right_joint_6,right_joint_7,-88.0641258070817,-74.956817294891,77.49003940840797,-98.84447091008788,45.69112058016782,6.333785041564234,0.8598055967818112,,
1780128058,994535079,right_base_cmd,right_joint_1,right_joint_2,right_joint_3,right_joint_4,right_joint_5,right_joint_6,right_joint_7,-88.00259257642554,-75.02198509459818,77.60197818032734,-98.92654562016766,46.85053853965303,6.491168684331292,0.9045295947846483,,
1780128059,4322901,right_base_cmd,right_joint_1,right_joint_2,right_joint_3,right_joint_4,right_joint_5,right_joint_6,right_joint_7,-87.86947200307836,-75.16816816354749,77.7947627357627,-99.08839283650555,48.25403111861175,6.771683940471753,0.8942230603963566,,
1780128059,15134988,right_base_cmd,right_joint_1,right_joint_2,right_joint_3,right_joint_4,right_joint_5,right_joint_6,right_joint_7,-87.81568255369646,-75.24695659811813,77.89348248900805,-99.14872445900399,49.53890314440298,6.828407539866767,0.9073735815933759,,
1780128059,25240853,right_base_cmd,right_joint_1,right_joint_2,right_joint_3,right_joint_4,right_joint_5,right_joint_6,right_joint_7,-87.74168366382295,-75.35571748015805,78.04924169452099,-99.1664452945047,50.64355931059663,6.942328709284887,0.9422016108048723,,
1780128059,35508236,right_base_cmd,right_joint_1,right_joint_2,right_joint_3,right_joint_4,right_joint_5,right_joint_6,right_joint_7,-87.69985373491878,-75.45673546245833,78.14371066652265,-99.1918543017883,51.60651427136111,6.978147337690423,0.930140927979707,,
1780128059,45137456,right_base_cmd,right_joint_1,right_joint_2,right_joint_3,right_joint_4,right_joint_5,right_joint_6,right_joint_7,-87.65088857569921,-75.55811322823389,78.2432400699445,-99.23315193594568,52.49348712765516,7.021675404366597,0.9030180014179763,,
1780128059,54403331,right_base_cmd,right_joint_1,right_joint_2,right_joint_3,right_joint_4,right_joint_5,right_joint_6,right_joint_7,-87.56881724390647,-75.68046962929431,78.39665502019645,-99.26764190746822,53.33220291449345,7.117153141155605,0.8903539397937124,,
1780128059,64610586,right_base_cmd,right_joint_1,right_joint_2,right_joint_3,right_joint_4,right_joint_5,right_joint_6,right_joint_7,-87.4601432663089,-75.91146510316152,78.66279193629336,-99.31978470820174,54.27330718055617,7.28120051036786,0.910098414784315,,
1780128059,74471735,right_base_cmd,right_joint_1,right_joint_2,right_joint_3,right_joint_4,right_joint_5,right_joint_6,right_joint_7,-87.43465757232698,-76.00348518403815,78.75095080411629,-99.33966938544349,55.14845217876808,7.219755762093548,0.9177122765594135,,
1780128059,84838989,right_base_cmd,right_joint_1,right_joint_2,right_joint_3,right_joint_4,right_joint_5,right_joint_6,right_joint_7,-87.40984111986424,-76.10556936264051,78.86850627496884,-99.37419369651992,55.92518539350891,7.21439505125722,0.9415817499228609,,
1780128059,94633221,right_base_cmd,right_joint_1,right_joint_2,right_joint_3,right_joint_4,right_joint_5,right_joint_6,right_joint_7,-87.39783950551745,-76.2006833419663,78.97273652647263,-99.41921457662967,56.64164437317163,7.201286530692649,0.9839673480573055,,
1780128059,104499470,right_base_cmd,right_joint_1,right_joint_2,right_joint_3,right_joint_4,right_joint_5,right_joint_6,right_joint_7,-87.37675879242713,-76.2979388436594,79.08290511012487,-99.46162987457508,57.33336369079802,7.1952985719453935,1.045773821482257,,
1780128059,114634700,right_base_cmd,right_joint_1,right_joint_2,right_joint_3,right_joint_4,right_joint_5,right_joint_6,right_joint_7,-87.23342211235902,-76.54549469660164,79.45386399150149,-99.66181550966418,58.440275152301524,7.491243577747305,1.0796731001044435,,
1780128059,126066548,right_base_cmd,right_joint_1,right_joint_2,right_joint_3,right_joint_4,right_joint_5,right_joint_6,right_joint_7,-87.14525918861582,-76.6718934011371,79.67014276936456,-99.72293564111688,59.60534087351016,7.537661426076291,1.17931346362694,,
1780128059,135484532,right_base_cmd,right_joint_1,right_joint_2,right_joint_3,right_joint_4,right_joint_5,right_joint_6,right_joint_7,-87.07359512593743,-76.79883794315187,79.87007881660853,-99.81040657342392,60.80177721551428,7.598150472054847,1.2373407389637094,,
1780128059,145059352,right_base_cmd,right_joint_1,right_joint_2,right_joint_3,right_joint_4,right_joint_5,right_joint_6,right_joint_7,-87.01593992512781,-76.91335537658723,80.06472090552958,-99.88102647252096,61.98283007522633,7.670017191775635,1.2968476947864218,,
1780128059,154272441,right_base_cmd,right_joint_1,right_joint_2,right_joint_3,right_joint_4,right_joint_5,right_joint_6,right_joint_7,-86.892139968637,-77.08952834895457,80.4203900687667,-100.10682637530739,63.544578200107196,8.021727641311209,1.2194453182230376,,
1780128059,164567735,right_base_cmd,right_joint_1,right_joint_2,right_joint_3,right_joint_4,right_joint_5,right_joint_6,right_joint_7,-86.81319341287238,-77.14386753484202,80.54092091287342,-100.11960300196161,64.87503014195323,8.027561345393629,1.235064853861374,,
1780128059,174400350,right_base_cmd,right_joint_1,right_joint_2,right_joint_3,right_joint_4,right_joint_5,right_joint_6,right_joint_7,-86.73740909409835,-77.09312883082102,80.52944787915973,-100.10774284919354,66.01626786216883,7.907187071197264,1.195083360894202,,
1780128059,184664901,right_base_cmd,right_joint_1,right_joint_2,right_joint_3,right_joint_4,right_joint_5,right_joint_6,right_joint_7,-86.63986935155575,-77.0402185758502,80.5243425657375,-100.07418226840123,66.96279001236456,7.814190065187013,1.1297415221068121,,
1780128059,194648953,right_base_cmd,right_joint_1,right_joint_2,right_joint_3,right_joint_4,right_joint_5,right_joint_6,right_joint_7,-86.63528002651967,-76.94977715047402,80.36376365209529,-99.98166530809307,67.41847315176909,7.5667269280318195,1.0854124734805026,,
1780128059,204335007,right_base_cmd,right_joint_1,right_joint_2,right_joint_3,right_joint_4,right_joint_5,right_joint_6,right_joint_7,-86.76589776292317,-76.81690456163626,80.07239442242062,-99.83467984827031,67.07014737448759,7.261945053084055,1.1020420144543976,,
1780128059,214546974,right_base_cmd,right_joint_1,right_joint_2,right_joint_3,right_joint_4,right_joint_5,right_joint_6,right_joint_7,-86.93206440980052,-76.74256074716654,79.87330642475817,-99.75094648480787,66.22254966378813,7.131694079329527,1.1357620107724387,,
1780128059,224517227,right_base_cmd,right_joint_1,right_joint_2,right_joint_3,right_joint_4,right_joint_5,right_joint_6,right_joint_7,-87.08574676061593,-76.68652360295813,79.68023013583078,-99.67079760136882,65.06602602373681,7.059847274219642,1.1807123759067935,,
1780128059,234909421,right_base_cmd,right_joint_1,right_joint_2,right_joint_3,right_joint_4,right_joint_5,right_joint_6,right_joint_7,-87.34809315926347,-76.63040730049615,79.49494266865779,-99.53856083387599,63.42122744708678,6.956978380003314,1.4002394383226573,,
1780128059,244555339,right_base_cmd,right_joint_1,right_joint_2,right_joint_3,right_joint_4,right_joint_5,right_joint_6,right_joint_7,-87.5493235253708,-76.53328243208621,79.34377533443737,-99.37812286416887,61.52669782026521,6.910576131674539,1.6198090279289517,,
1780128059,254648595,right_base_cmd,right_joint_1,right_joint_2,right_joint_3,right_joint_4,right_joint_5,right_joint_6,right_joint_7,-87.92421373232574,-76.37969030505788,79.05133141341852,-98.9977169975265,58.77202442768987,6.567547274352428,2.0735900990244858,,
1780128059,264480161,right_base_cmd,right_joint_1,right_joint_2,right_joint_3,right_joint_4,right_joint_5,right_joint_6,right_joint_7,-88.14149229150851,-76.1832071442624,78.79954842992171,-98.83346161831521,56.20218485349676,6.427416058648596,2.1832936364605615,,
1780128059,274945182,right_base_cmd,right_joint_1,right_joint_2,right_joint_3,right_joint_4,right_joint_5,right_joint_6,right_joint_7,-88.34681030304691,-76.01964292554932,78.6100592306232,-98.58595228020654,53.52262211921601,6.296292372256296,2.327736341400154,,
1780128059,284854139,right_base_cmd,right_joint_1,right_joint_2,right_joint_3,right_joint_4,right_joint_5,right_joint_6,right_joint_7,-88.6077643532158,-75.85174623273151,78.44066204930883,-98.36026663570716,50.801632511879234,6.135730131916212,2.4546361469056563,,
1780128059,295218395,right_base_cmd,right_joint_1,right_joint_2,right_joint_3,right_joint_4,right_joint_5,right_joint_6,right_joint_7,-88.83014719737653,-75.72204430413281,78.3397323035039,-98.08334866797556,47.96598371610753,6.024806546408463,2.5792023937689095,,
1780128059,305724841,right_base_cmd,right_joint_1,right_joint_2,right_joint_3,right_joint_4,right_joint_5,right_joint_6,right_joint_7,-89.08606509221184,-75.58459966362285,78.23676844530317,-97.7979215158697,45.067317275695984,5.865046789170158,2.6851960868531677,,
1780128059,314839150,right_base_cmd,right_joint_1,right_joint_2,right_joint_3,right_joint_4,right_joint_5,right_joint_6,right_joint_7,-89.51224825256404,-75.33773609068307,78.1980254921186,-96.97724022998064,40.99435600437147,5.259088177101837,3.1377739837479197,,
1780128059,325342474,right_base_cmd,right_joint_1,right_joint_2,right_joint_3,right_joint_4,right_joint_5,right_joint_6,right_joint_7,-89.68805781276362,-75.20499940842036,78.13324081941002,-96.70565509325816,37.335644701238095,5.168630332287599,3.0321190184390474,,
1780128059,335091189,right_base_cmd,right_joint_1,right_joint_2,right_joint_3,right_joint_4,right_joint_5,right_joint_6,right_joint_7,-89.81555097484735,-75.03387066051398,78.09778817128225,-96.36017422070144,33.97800962047506,5.011162537894172,2.9378864796993156,,
1780128059,345424532,right_base_cmd,right_joint_1,right_joint_2,right_joint_3,right_joint_4,right_joint_5,right_joint_6,right_joint_7,-89.99152755702485,-74.85405028259426,78.03803130587423,-96.00349007352743,30.73940201931856,4.749960703790414,2.7948987409518935,,
1780128059,354376986,right_base_cmd,right_joint_1,right_joint_2,right_joint_3,right_joint_4,right_joint_5,right_joint_6,right_joint_7,-90.1759046060192,-74.73396083844166,78.27144566198555,-95.10677486536049,26.669058200066445,4.171195899118125,2.9521252803769897,,
1780128059,364355474,right_base_cmd,right_joint_1,right_joint_2,right_joint_3,right_joint_4,right_joint_5,right_joint_6,right_joint_7,-90.2063235308809,-74.4379319966837,78.09296831725996,-94.78071405794039,23.33711615937824,3.9798845286391114,2.431053474215318,,
1780128059,374568062,right_base_cmd,right_joint_1,right_joint_2,right_joint_3,right_joint_4,right_joint_5,right_joint_6,right_joint_7,-90.25381068802298,-74.30441135224176,78.09990704904178,-94.48177033246067,20.281746692574075,3.9285679885746347,2.046789033003492,,
1780128059,385155721,right_base_cmd,right_joint_1,right_joint_2,right_joint_3,right_joint_4,right_joint_5,right_joint_6,right_joint_7,-90.33487282987662,-74.1611943271558,78.09710568784433,-94.2199778386795,17.496697462924374,3.9062359596475247,1.6331898777690839,,
1780128059,394833639,right_base_cmd,right_joint_1,right_joint_2,right_joint_3,right_joint_4,right_joint_5,right_joint_6,right_joint_7,-90.39194344304255,-74.05606871120808,78.17135198257554,-93.93073069045194,14.893415987880644,3.942743096718523,1.2861742426099312,,
1780128059,405170249,right_base_cmd,right_joint_1,right_joint_2,right_joint_3,right_joint_4,right_joint_5,right_joint_6,right_joint_7,-90.56954885100524,-73.94657240895533,78.46781811320207,-93.38527981061067,11.763550917695738,3.8090776566248294,1.09182334379652,,
1780128059,414538272,right_base_cmd,right_joint_1,right_joint_2,right_joint_3,right_joint_4,right_joint_5,right_joint_6,right_joint_7,-90.6086986541479,-73.73823779070638,78.43673777328459,-93.20782213570551,9.201065215741266,4.042347825135614,0.5739740971880423,,
1780128059,424600746,right_base_cmd,right_joint_1,right_joint_2,right_joint_3,right_joint_4,right_joint_5,right_joint_6,right_joint_7,-90.65855458508835,-73.62579270275036,78.49322498239147,-93.02657254174677,6.822539132585973,4.268208617800219,0.20543675779934745,,
1780128059,434760588,right_base_cmd,right_joint_1,right_joint_2,right_joint_3,right_joint_4,right_joint_5,right_joint_6,right_joint_7,-90.6983744777609,-73.49517749199221,78.56016154556326,-92.82770231410798,4.6901007798800265,4.446130811193207,-0.0902720442592937,,
1780128059,445496836,right_base_cmd,right_joint_1,right_joint_2,right_joint_3,right_joint_4,right_joint_5,right_joint_6,right_joint_7,-90.72601126144096,-73.31802814329457,78.58644703150802,-92.65456766156508,2.7749801788791046,4.617491763565916,-0.3830475559015696,,
1780128059,454279964,right_base_cmd,right_joint_1,right_joint_2,right_joint_3,right_joint_4,right_joint_5,right_joint_6,right_joint_7,-90.76822761814529,-72.9406496911704,78.70555118642781,-92.19990289649935,0.6072561825057505,4.557605988453368,-0.6269214276541248,,
1780128059,464424994,right_base_cmd,right_joint_1,right_joint_2,right_joint_3,right_joint_4,right_joint_5,right_joint_6,right_joint_7,-90.7832504105908,-72.76192170666879,78.70785313361287,-92.06107849046658,-1.379513129253553,4.820404276853715,-0.9081790372637926,,
1780128059,474420386,right_base_cmd,right_joint_1,right_joint_2,right_joint_3,right_joint_4,right_joint_5,right_joint_6,right_joint_7,-90.81441251206164,-72.61304399045225,78.75720644438596,-91.93560378161398,-3.1448015155455096,5.045653468611825,-1.0866297091349821,,
1780128059,484480360,right_base_cmd,right_joint_1,right_joint_2,right_joint_3,right_joint_4,right_joint_5,right_joint_6,right_joint_7,-90.81959684383608,-72.52612602458983,78.89589650021813,-91.75446703944398,-4.845609703130322,5.223840405886627,-1.1463154686426407,,
1780128059,494602937,right_base_cmd,right_joint_1,right_joint_2,right_joint_3,right_joint_4,right_joint_5,right_joint_6,right_joint_7,-90.87857354894098,-72.49973186948382,79.10788014486016,-91.60776403509603,-6.5292659846563765,5.3842180082945745,-1.129534272436743,,
1780128059,504475802,right_base_cmd,right_joint_1,right_joint_2,right_joint_3,right_joint_4,right_joint_5,right_joint_6,right_joint_7,-90.98038598784368,-72.4943006895332,79.67486689853209,-91.20764699875834,-8.791052316351909,5.33536968853128,-0.846735552821329,,
1780128059,514837778,right_base_cmd,right_joint_1,right_joint_2,right_joint_3,right_joint_4,right_joint_5,right_joint_6,right_joint_7,-91.02211775821237,-72.48252837459377,79.91815968393499,-91.04965426462344,-10.830702567521996,5.562415710609862,-0.8135469191040698,,
1780128059,525384308,right_base_cmd,right_joint_1,right_joint_2,right_joint_3,right_joint_4,right_joint_5,right_joint_6,right_joint_7,-91.01854962193542,-72.46980124749764,80.17890028270003,-90.84987003873358,-12.751740783015975,5.7368067925460835,-0.7387500455667606,,
1780128059,535136654,right_base_cmd,right_joint_1,right_joint_2,right_joint_3,right_joint_4,right_joint_5,right_joint_6,right_joint_7,-91.02124646816665,-72.35631983545848,80.36277625850377,-90.64414862468301,-14.526385130622373,5.867748832473474,-0.7501313964490492,,
1780128059,545012702,right_base_cmd,right_joint_1,right_joint_2,right_joint_3,right_joint_4,right_joint_5,right_joint_6,right_joint_7,-90.99366516341391,-72.24989787109742,80.56703657151681,-90.41812280603291,-16.29309779436221,5.95949437769503,-0.7301764284764687,,
1780128059,554404944,right_base_cmd,right_joint_1,right_joint_2,right_joint_3,right_joint_4,right_joint_5,right_joint_6,right_joint_7,-90.9701844301562,-72.11960406122951,81.09738314633452,-89.93822693283234,-18.628493064384656,5.749285285442291,-0.5263077462457346,,
1780128059,564410400,right_base_cmd,right_joint_1,right_joint_2,right_joint_3,right_joint_4,right_joint_5,right_joint_6,right_joint_7,-90.95112476712373,-72.10745677140694,81.32356911596295,-89.7072451382294,-20.811230679236303,5.81511570488329,-0.5383649940773836,,
1780128059,574611022,right_base_cmd,right_joint_1,right_joint_2,right_joint_3,right_joint_4,right_joint_5,right_joint_6,right_joint_7,-90.91062134406187,-72.09559022171358,81.5824109159503,-89.45853031805053,-22.84493124821239,5.8211025583581275,-0.5280773729533195,,
1780128059,584467036,right_base_cmd,right_joint_1,right_joint_2,right_joint_3,right_joint_4,right_joint_5,right_joint_6,right_joint_7,-90.88390996995818,-72.1312561190609,81.86818118988865,-89.23110123720672,-24.809243726253612,5.803541821241431,-0.4974589829465259,,
1780128059,595248817,right_base_cmd,right_joint_1,right_joint_2,right_joint_3,right_joint_4,right_joint_5,right_joint_6,right_joint_7,-90.8304516165093,-72.16606093611598,82.26257460989015,-88.92158738514054,-26.850511899296976,5.679172955702263,-0.4289721272534308,,
1780128059,609019981,right_base_cmd,right_joint_1,right_joint_2,right_joint_3,right_joint_4,right_joint_5,right_joint_6,right_joint_7,-90.72689381222526,-72.27484739483414,82.93079702483075,-88.45684591675679,-29.400901732848467,5.361647492406526,-0.24284027003422182,,
1780128059,615370376,right_base_cmd,right_joint_1,right_joint_2,right_joint_3,right_joint_4,right_joint_5,right_joint_6,right_joint_7,-90.63970157157567,-72.11760717896478,83.0344550523142,-88.20542945621578,-31.40375976952737,5.417204046907791,-0.4749707198433981,,
1780128059,624476172,right_base_cmd,right_joint_1,right_joint_2,right_joint_3,right_joint_4,right_joint_5,right_joint_6,right_joint_7,-90.54716189715785,-72.05747883194654,83.22413516869292,-87.96565584769986,-33.34627938536187,5.428213382506904,-0.6065300698391667,,
1780128059,634473682,right_base_cmd,right_joint_1,right_joint_2,right_joint_3,right_joint_4,right_joint_5,right_joint_6,right_joint_7,-90.46453984906717,-72.02924108106846,83.4284855096598,-87.72316689317394,-35.17087711629466,5.3923841822858165,-0.7274702979825776,,
1780128059,645203362,right_base_cmd,right_joint_1,right_joint_2,right_joint_3,right_joint_4,right_joint_5,right_joint_6,right_joint_7,-90.37515897266874,-72.00867904680491,83.64802265417816,-87.4892203662683,-36.9187561374369,5.333011813663525,-0.8172684345365866,,
1780128059,654297918,right_base_cmd,right_joint_1,right_joint_2,right_joint_3,right_joint_4,right_joint_5,right_joint_6,right_joint_7,-90.25777711164099,-72.03584574519552,83.91418305506514,-87.20176420901943,-38.6561047278546,5.17788616031374,-0.89347726273202,,
1780128059,664530040,right_base_cmd,right_joint_1,right_joint_2,right_joint_3,right_joint_4,right_joint_5,right_joint_6,right_joint_7,-90.07071667377195,-72.06590834536208,84.39516761491896,-86.7765774013189,-40.72832499107761,4.803950579808152,-0.8978857430359,,
1780128059,676649291,right_base_cmd,right_joint_1,right_joint_2,right_joint_3,right_joint_4,right_joint_5,right_joint_6,right_joint_7,-89.98646239398775,-72.0672520175985,84.55314744937479,-86.55178669385243,-42.445247422931345,4.69641283034418,-1.08974994181348,,
1780128059,684694449,right_base_cmd,right_joint_1,right_joint_2,right_joint_3,right_joint_4,right_joint_5,right_joint_6,right_joint_7,-89.91033211316469,-72.08433166910113,84.73458824189791,-86.35240345057731,-43.98300748364528,4.576362867407745,-1.2293768753691126,,
1780128059,694714817,right_base_cmd,right_joint_1,right_joint_2,right_joint_3,right_joint_4,right_joint_5,right_joint_6,right_joint_7,-89.85104221988965,-72.10200066921648,84.88936855575102,-86.17100524896331,-45.325844500612504,4.462111910074164,-1.3593320628577459,,
1780128059,704498492,right_base_cmd,right_joint_1,right_joint_2,right_joint_3,right_joint_4,right_joint_5,right_joint_6,right_joint_7,-89.78975930810387,-72.12264445336355,85.0649114421781,-85.9953678989606,-46.55559808602453,4.327716005830844,-1.4527597390241596,,
1780128059,714751156,right_base_cmd,right_joint_1,right_joint_2,right_joint_3,right_joint_4,right_joint_5,right_joint_6,right_joint_7,-89.71102323641432,-72.14599455338039,85.33543044758656,-85.7520983509403,-47.92062581474596,4.092157785753734,-1.5210076474321141,,
1780128059,724629722,right_base_cmd,right_joint_1,right_joint_2,right_joint_3,right_joint_4,right_joint_5,right_joint_6,right_joint_7,-89.68621986157999,-72.1525687137218,85.39499933640164,-85.62098427609,-49.02183645135659,4.0386275121803195,-1.6901248588340678,,
1780128059,735105587,right_base_cmd,right_joint_1,right_joint_2,right_joint_3,right_joint_4,right_joint_5,right_joint_6,right_joint_7,-89.62497241295219,-72.15406034088262,85.45455173809844,-85.48546578586276,-49.9179945396134,3.96818507472927,-1.8193500551554536,,
1780128059,744393004,right_base_cmd,right_joint_1,right_joint_2,right_joint_3,right_joint_4,right_joint_5,right_joint_6,right_joint_7,-89.59667792853017,-72.15682842870139,85.48715185483391,-85.36400979892768,-50.67530306494217,3.8934382266763876,-1.973604862805601,,
1780128059,754485186,right_base_cmd,right_joint_1,right_joint_2,right_joint_3,right_joint_4,right_joint_5,right_joint_6,right_joint_7,-89.54131595548344,-72.1441452410652,85.55304010175351,-85.22769101107822,-51.37494464103196,3.765251970091704,-2.103066048661063,,
1780128059,764528826,right_base_cmd,right_joint_1,right_joint_2,right_joint_3,right_joint_4,right_joint_5,right_joint_6,right_joint_7,-89.56713384309975,-72.11470352984254,85.51542902368809,-85.1719044722799,-51.89158073344919,3.7396286440657107,-2.274770682918259,,
1780128059,774547161,right_base_cmd,right_joint_1,right_joint_2,right_joint_3,right_joint_4,right_joint_5,right_joint_6,right_joint_7,-89.57168429308783,-72.13112261352684,85.53775980470508,-85.13546324914496,-52.301683771752835,3.696506254099127,-2.3374238262263844,,
1780128059,784627129,right_base_cmd,right_joint_1,right_joint_2,right_joint_3,right_joint_4,right_joint_5,right_joint_6,right_joint_7,-89.61747348628748,-72.14184032766265,85.53686483386028,-85.1010970096428,-52.62475035605496,3.6625578314667067,-2.4338133380122855,,
1780128059,794654502,right_base_cmd,right_joint_1,right_joint_2,right_joint_3,right_joint_4,right_joint_5,right_joint_6,right_joint_7,-89.63670046219974,-72.13520986911301,85.52354305380081,-85.10041505935494,-52.8184864394575,3.6740059752659207,-2.463461269810594,,
1780128059,804546208,right_base_cmd,right_joint_1,right_joint_2,right_joint_3,right_joint_4,right_joint_5,right_joint_6,right_joint_7,-89.70279285328658,-72.10349021417063,85.45461917029863,-85.11420168915011,-52.921776250731,3.7227415490818956,-2.5511957121692745,,
1780128059,814531437,right_base_cmd,right_joint_1,right_joint_2,right_joint_3,right_joint_4,right_joint_5,right_joint_6,right_joint_7,-89.7285182506574,-72.04588303956469,85.3408730506774,-85.13857614376117,-52.88924855695723,3.8220328701118618,-2.593735215022619,,
1780128059,824502080,right_base_cmd,right_joint_1,right_joint_2,right_joint_3,right_joint_4,right_joint_5,right_joint_6,right_joint_7,-89.79621019844129,-72.00449149767947,85.23022793872772,-85.15384232295987,-52.833864995962415,3.9005854720746314,-2.6820504459898444,,
1780128059,834692382,right_base_cmd,right_joint_1,right_joint_2,right_joint_3,right_joint_4,right_joint_5,right_joint_6,right_joint_7,-89.79968700966234,-71.99388907806362,85.18248192879028,-85.16126920886758,-52.78048733783584,3.944248652238066,-2.6882711493698395,,
1780128059,844543904,right_base_cmd,right_joint_1,right_joint_2,right_joint_3,right_joint_4,right_joint_5,right_joint_6,right_joint_7,-89.8187464098007,-72.0053620522067,85.16030430675792,-85.14614314635357,-52.750628425064974,3.9500960164653023,-2.7347301892661022,,
1780128059,854351226,right_base_cmd,right_joint_1,right_joint_2,right_joint_3,right_joint_4,right_joint_5,right_joint_6,right_joint_7,-89.80397400453424,-72.05606535023243,85.1791388710574,-85.11304327917175,-52.775710483175374,3.931925965380863,-2.7760193063361527,,
1780128059,864584374,right_base_cmd,right_joint_1,right_joint_2,right_joint_3,right_joint_4,right_joint_5,right_joint_6,right_joint_7,-89.80168304193595,-72.08435205120885,85.21026880123614,-85.07649810730227,-52.83446969760786,3.896020715887637,-2.8315148904185463,,
1780128059,874410771,right_base_cmd,right_joint_1,right_joint_2,right_joint_3,right_joint_4,right_joint_5,right_joint_6,right_joint_7,-89.78773637596001,-72.05806936689557,85.20454935425394,-85.05231298658045,-52.88681737626018,3.8979279282787687,-2.8892889435004605,,
1780128059,884361216,right_base_cmd,right_joint_1,right_joint_2,right_joint_3,right_joint_4,right_joint_5,right_joint_6,right_joint_7,-89.7949017868485,-72.04789073512491,85.23330538086995,-85.03803421374069,-53.010503780877684,3.8706540614931626,-2.9286908060795582,,
1780128059,895768989,right_base_cmd,right_joint_1,right_joint_2,right_joint_3,right_joint_4,right_joint_5,right_joint_6,right_joint_7,-89.78044438598997,-72.04036407947366,85.27091166813702,-85.01727673098658,-53.18866937703831,3.8363021372075607,-2.9400259104229036,,
1780128059,904373195,right_base_cmd,right_joint_1,right_joint_2,right_joint_3,right_joint_4,right_joint_5,right_joint_6,right_joint_7,-89.76538395352358,-72.03857747050485,85.36207941083475,-84.98522771566827,-53.50775833628438,3.740026402955557,-2.9384520215851495,,
1780128059,914657815,right_base_cmd,right_joint_1,right_joint_2,right_joint_3,right_joint_4,right_joint_5,right_joint_6,right_joint_7,-89.72101720617499,-72.03761800885759,85.39251147883883,-84.94383400272558,-53.80544548510892,3.6793410125359927,-2.9577885672860162,,
1780128059,924626495,right_base_cmd,right_joint_1,right_joint_2,right_joint_3,right_joint_4,right_joint_5,right_joint_6,right_joint_7,-89.63287402689954,-72.04629807423119,85.41343743090303,-84.86750378361235,-54.090118586791846,3.5963737100640927,-2.9782701010039574,,
1780128059,934553527,right_base_cmd,right_joint_1,right_joint_2,right_joint_3,right_joint_4,right_joint_5,right_joint_6,right_joint_7,-89.53681606214204,-72.05184919763435,85.4151031119271,-84.77858372111946,-54.35319479103339,3.5005840514923605,-3.035498256826955,,
1780128059,944564614,right_base_cmd,right_joint_1,right_joint_2,right_joint_3,right_joint_4,right_joint_5,right_joint_6,right_joint_7,-89.41187984273998,-72.06996217234833,85.40991691433467,-84.63521134656413,-54.607959060880546,3.365337259158828,-3.133444899582585,,
1780128059,954407940,right_base_cmd,right_joint_1,right_joint_2,right_joint_3,right_joint_4,right_joint_5,right_joint_6,right_joint_7,-89.1871419057351,-72.03702423488927,85.3397637970302,-84.4423289876977,-54.853990158404656,3.223475466928626,-3.302576712777025,,
1780128059,965806519,right_base_cmd,right_joint_1,right_joint_2,right_joint_3,right_joint_4,right_joint_5,right_joint_6,right_joint_7,-89.14455401836133,-72.01486201414941,85.28466569511343,-84.34880093239964,-55.08616073436468,3.0910068727620867,-3.5364877540208823,,
1780128059,974601851,right_base_cmd,right_joint_1,right_joint_2,right_joint_3,right_joint_4,right_joint_5,right_joint_6,right_joint_7,-89.04959589175795,-71.99831644805609,85.25233309148987,-84.23964233716664,-55.299658775238925,2.952805610643118,-3.706318092022073,,
1780128059,984979866,right_base_cmd,right_joint_1,right_joint_2,right_joint_3,right_joint_4,right_joint_5,right_joint_6,right_joint_7,-88.98681472858655,-71.96651934084441,85.19648770438116,-84.16720928907644,-55.486157725078726,2.849293864186116,-3.8796271175451835,,
1780128059,995128184,right_base_cmd,right_joint_1,right_joint_2,right_joint_3,right_joint_4,right_joint_5,right_joint_6,right_joint_7,-88.89575523703607,-71.95105353130369,85.1666639756289,-84.07481709657323,-55.68629101132683,2.717868037139745,-4.00454651970206,,
1780128060,4843334,right_base_cmd,right_joint_1,right_joint_2,right_joint_3,right_joint_4,right_joint_5,right_joint_6,right_joint_7,-88.7806884997556,-71.95075746289417,85.13536327531162,-83.95762559092329,-55.90856397248672,2.566867034199852,-4.132261011087294,,
1780128060,14530430,right_base_cmd,right_joint_1,right_joint_2,right_joint_3,right_joint_4,right_joint_5,right_joint_6,right_joint_7,-88.50435946829086,-71.99197644184433,85.12813737456608,-83.7358867222837,-56.27017002118214,2.3097994226914196,-4.260293852252474,,
1780128060,26015891,right_base_cmd,right_joint_1,right_joint_2,right_joint_3,right_joint_4,right_joint_5,right_joint_6,right_joint_7,-88.3810785368498,-71.99827652387576,85.12678183865907,-83.58892492068448,-56.59159085976586,2.067849953174978,-4.482681920757514,,
1780128060,35186697,right_base_cmd,right_joint_1,right_joint_2,right_joint_3,right_joint_4,right_joint_5,right_joint_6,right_joint_7,-88.2119952009306,-72.00386123238032,85.12930259234261,-83.41336244926437,-56.91999979537417,1.8296052225629822,-4.708425493017629,,
1780128060,44425298,right_base_cmd,right_joint_1,right_joint_2,right_joint_3,right_joint_4,right_joint_5,right_joint_6,right_joint_7,-88.08533319806318,-71.99689044111445,85.10176652613418,-83.25292384363424,-57.22790258141191,1.626378705444047,-4.978320318835998,,
1780128060,54546519,right_base_cmd,right_joint_1,right_joint_2,right_joint_3,right_joint_4,right_joint_5,right_joint_6,right_joint_7,-87.91935626455776,-71.98713982217164,85.08319260301406,-83.07814180185984,-57.538701750209896,1.4243963071054466,-5.233638068979374,,
1780128060,64390028,right_base_cmd,right_joint_1,right_joint_2,right_joint_3,right_joint_4,right_joint_5,right_joint_6,right_joint_7,-87.59199962439035,-71.98617209991052,85.07120179745303,-82.80868758003875,-57.98471944503342,1.1637720429992058,-5.513357205696153,,
1780128060,75364216,right_base_cmd,right_joint_1,right_joint_2,right_joint_3,right_joint_4,right_joint_5,right_joint_6,right_joint_7,-87.4299314763849,-71.98998765327339,85.06401813523476,-82.62059088912237,-58.395261252721696,0.9274610379875483,-5.844627659551421,,
1780128060,85321970,right_base_cmd,right_joint_1,right_joint_2,right_joint_3,right_joint_4,right_joint_5,right_joint_6,right_joint_7,-87.2841992246172,-71.9737448385538,85.03100478648233,-82.4568931779511,-58.75530014577765,0.7364188013158426,-6.164209048418698,,
1780128060,94615759,right_base_cmd,right_joint_1,right_joint_2,right_joint_3,right_joint_4,right_joint_5,right_joint_6,right_joint_7,-87.1324300821552,-71.9625638195496,85.01072366002953,-82.30182123656182,-59.09549661197815,0.5516416456942537,-6.439182861050554,,
1780128060,104757755,right_base_cmd,right_joint_1,right_joint_2,right_joint_3,right_joint_4,right_joint_5,right_joint_6,right_joint_7,-86.99020096795667,-71.93702776625823,84.94965830530398,-82.15626995853815,-59.39644823580494,0.40116464182035116,-6.728263279690751,,
1780128060,114551697,right_base_cmd,right_joint_1,right_joint_2,right_joint_3,right_joint_4,right_joint_5,right_joint_6,right_joint_7,-86.67621539544726,-71.89405263587192,84.84064973247578,-81.93925390876679,-59.70852094495609,0.23085451986799654,-7.011870347922368,,
1780128060,124529965,right_base_cmd,right_joint_1,right_joint_2,right_joint_3,right_joint_4,right_joint_5,right_joint_6,right_joint_7,-86.55471673611171,-71.85772700427573,84.7453141622124,-81.80124659993648,-59.967090178763385,0.07603717541548605,-7.368245593561781,,
1780128060,134660420,right_base_cmd,right_joint_1,right_joint_2,right_joint_3,right_joint_4,right_joint_5,right_joint_6,right_joint_7,-86.39797243360417,-71.83145880082436,84.66915019147953,-81.65959769726113,-60.17219051646845,-0.07875737471038491,-7.6589965502157185,,
1780128060,144807409,right_base_cmd,right_joint_1,right_joint_2,right_joint_3,right_joint_4,right_joint_5,right_joint_6,right_joint_7,-86.29511789020765,-71.78017137948821,84.55730409689906,-81.56916074698172,-60.307306947474274,-0.1794598460115182,-7.960824439592173,,
1780128060,154384902,right_base_cmd,right_joint_1,right_joint_2,right_joint_3,right_joint_4,right_joint_5,right_joint_6,right_joint_7,-86.08190224924729,-71.72214233025666,84.39933755706122,-81.47082793785479,-60.35668884464593,-0.24952687444470456,-8.204071576388472,,
1780128060,164409370,right_base_cmd,right_joint_1,right_joint_2,right_joint_3,right_joint_4,right_joint_5,right_joint_6,right_joint_7,-85.99777887087524,-71.68446630863072,84.29869199580682,-81.39148427945618,-60.389637519154405,-0.35662983030220374,-8.46604663633822,,
1780128060,174657103,right_base_cmd,right_joint_1,right_joint_2,right_joint_3,right_joint_4,right_joint_5,right_joint_6,right_joint_7,-85.92939545394754,-71.65070573197336,84.19881270515768,-81.34125056495681,-60.367978796791874,-0.43882434953649607,-8.654010692162743,,
1780128060,184481188,right_base_cmd,right_joint_1,right_joint_2,right_joint_3,right_joint_4,right_joint_5,right_joint_6,right_joint_7,-85.86838788741412,-71.61995616240786,84.11735543321137,-81.31103804918577,-60.316510199546485,-0.517839378395017,-8.777659859235442,,
1780128060,194841604,right_base_cmd,right_joint_1,right_joint_2,right_joint_3,right_joint_4,right_joint_5,right_joint_6,right_joint_7,-85.84023974958174,-71.59928253180847,84.03691300689925,-81.3218764930614,-60.234247925571196,-0.5782479202692272,-8.836990601140329,,
1780128060,204400639,right_base_cmd,right_joint_1,right_joint_2,right_joint_3,right_joint_4,right_joint_5,right_joint_6,right_joint_7,-85.80222713691771,-71.57390513370969,83.96856598221487,-81.33065207966503,-60.131774763539454,-0.6389447936172061,-8.865068990134674,,
1780128060,214433634,right_base_cmd,right_joint_1,right_joint_2,right_joint_3,right_joint_4,right_joint_5,right_joint_6,right_joint_7,-85.76816250745023,-71.60619322381099,83.88428735169114,-81.40864858433623,-60.002070335643396,-0.6768286667074719,-8.827390818723828,,
1780128060,224535483,right_base_cmd,right_joint_1,right_joint_2,right_joint_3,right_joint_4,right_joint_5,right_joint_6,right_joint_7,-85.72669036383698,-71.63781006928242,83.86066001339944,-81.40024531007482,-59.8830565378741,-0.7975572725455251,-8.828611826340946,,
1780128060,234568564,right_base_cmd,right_joint_1,right_joint_2,right_joint_3,right_joint_4,right_joint_5,right_joint_6,right_joint_7,-85.67538977390174,-71.68434346457941,83.83746682907415,-81.38928833676728,-59.78066610734976,-0.9032497252805953,-8.851840190786291,,
1780128060,244921596,right_base_cmd,right_joint_1,right_joint_2,right_joint_3,right_joint_4,right_joint_5,right_joint_6,right_joint_7,-85.60905846458488,-71.72310485614709,83.82919510386583,-81.35980186164251,-59.68421161440398,-1.0232128045417355,-8.884370794100121,,
1780128060,254334969,right_base_cmd,right_joint_1,right_joint_2,right_joint_3,right_joint_4,right_joint_5,right_joint_6,right_joint_7,-85.52628242655922,-71.78077184673795,83.80063782980616,-81.30181518146391,-59.62241537222934,-1.135084104992238,-8.96307265882065,,
1780128060,264508822,right_base_cmd,right_joint_1,right_joint_2,right_joint_3,right_joint_4,right_joint_5,right_joint_6,right_joint_7,-85.37156248190357,-71.86591278220313,83.72717913701567,-81.22063741839573,-59.575744360722524,-1.2487119343070319,-9.07442682400604,,
1780128060,274806943,right_base_cmd,right_joint_1,right_joint_2,right_joint_3,right_joint_4,right_joint_5,right_joint_6,right_joint_7,-85.30506247633267,-71.92906455472264,83.72458838745237,-81.14569989850925,-59.57129808021796,-1.4208378527442775,-9.221435087992418,,
1780128060,286455099,right_base_cmd,right_joint_1,right_joint_2,right_joint_3,right_joint_4,right_joint_5,right_joint_6,right_joint_7,-85.24345460292838,-71.99691062357546,83.74061281340332,-81.0731474607871,-59.593449357584234,-1.5958478600148212,-9.335892631861455,,
1780128060,294609057,right_base_cmd,right_joint_1,right_joint_2,right_joint_3,right_joint_4,right_joint_5,right_joint_6,right_joint_7,-85.20413662589854,-72.11269023201068,83.78237982707921,-81.01391349998063,-59.68742563939281,-1.7806102951777731,-9.421411469365026,,
1780128060,305152903,right_base_cmd,right_joint_1,right_joint_2,right_joint_3,right_joint_4,right_joint_5,right_joint_6,right_joint_7,-85.15502742954513,-72.20219510190948,83.79867312698767,-80.95559549941261,-59.76269205299633,-1.9442979010032602,-9.493479336545036,,
1780128060,314289937,right_base_cmd,right_joint_1,right_joint_2,right_joint_3,right_joint_4,right_joint_5,right_joint_6,right_joint_7,-85.01357843459047,-72.44379841800556,83.85582628536653,-80.82248660509852,-59.990945630306726,-2.215617323447354,-9.495151551620907,,
1780128060,324430246,right_base_cmd,right_joint_1,right_joint_2,right_joint_3,right_joint_4,right_joint_5,right_joint_6,right_joint_7,-84.9474322582258,-72.48467539438464,83.82259460021052,-80.754325509531,-60.03665403745424,-2.414700151207505,-9.544073168884452,,
1780128060,334699288,right_base_cmd,right_joint_1,right_joint_2,right_joint_3,right_joint_4,right_joint_5,right_joint_6,right_joint_7,-84.88045381695028,-72.56472525412609,83.81655305783383,-80.67047263917574,-60.14039271374941,-2.631876740745774,-9.57070606342593,,
1780128060,345135625,right_base_cmd,right_joint_1,right_joint_2,right_joint_3,right_joint_4,right_joint_5,right_joint_6,right_joint_7,-84.81006167166251,-72.64321157987924,83.85202042391612,-80.60169932792122,-60.26003293774181,-2.8678953841913923,-9.54873123882767,,
1780128060,354476563,right_base_cmd,right_joint_1,right_joint_2,right_joint_3,right_joint_4,right_joint_5,right_joint_6,right_joint_7,-84.72144176386641,-72.7816162657693,83.84672757949002,-80.51451540186936,-60.50062329384264,-3.1057159371092027,-9.509880640481654,,
1780128060,364466405,right_base_cmd,right_joint_1,right_joint_2,right_joint_3,right_joint_4,right_joint_5,right_joint_6,right_joint_7,-84.67307650491992,-72.86423547622117,83.92158599756445,-80.47460944579719,-60.71270665743867,-3.3737745506642156,-9.417021471378703,,
1780128060,374468778,right_base_cmd,right_joint_1,right_joint_2,right_joint_3,right_joint_4,right_joint_5,right_joint_6,right_joint_7,-84.61398487108156,-72.86278762663603,83.84480379999727,-80.42871506552446,-60.84848668250936,-3.533250666810652,-9.370163358238031,,
1780128060,384392861,right_base_cmd,right_joint_1,right_joint_2,right_joint_3,right_joint_4,right_joint_5,right_joint_6,right_joint_7,-84.57213924646928,-73.00565232085678,84.02015824004727,-80.40466108494418,-61.13723443153168,-3.838271763840389,-9.207852556977585,,
1780128060,395053043,right_base_cmd,right_joint_1,right_joint_2,right_joint_3,right_joint_4,right_joint_5,right_joint_6,right_joint_7,-84.54848576792503,-73.0739514878771,84.05069574481294,-80.37890820113667,-61.333011547655474,-4.033479229274455,-9.118924655006097,,
1780128060,404545127,right_base_cmd,right_joint_1,right_joint_2,right_joint_3,right_joint_4,right_joint_5,right_joint_6,right_joint_7,-84.4839356137542,-73.16162427610705,84.02515817888204,-80.33664971553345,-61.573197917682705,-4.230829693543392,-8.99153437669004,,
1780128060,414453082,right_base_cmd,right_joint_1,right_joint_2,right_joint_3,right_joint_4,right_joint_5,right_joint_6,right_joint_7,-84.47286940926884,-73.1946665060055,84.04177171137147,-80.32765461472651,-61.74822373298497,-4.441255196336833,-8.875044539438719,,
1780128060,424379751,right_base_cmd,right_joint_1,right_joint_2,right_joint_3,right_joint_4,right_joint_5,right_joint_6,right_joint_7,-84.44908300521755,-73.20576248333346,84.04787145695806,-80.32475693323518,-61.890706131238005,-4.617744915646192,-8.74347544635664,,
1780128060,434519493,right_base_cmd,right_joint_1,right_joint_2,right_joint_3,right_joint_4,right_joint_5,right_joint_6,right_joint_7,-84.44570436832024,-73.21645184692223,84.04299062818686,-80.33105373651576,-62.02311440284916,-4.765653973039029,-8.633830440448563,,
1780128060,444458649,right_base_cmd,right_joint_1,right_joint_2,right_joint_3,right_joint_4,right_joint_5,right_joint_6,right_joint_7,-84.42188275152469,-73.21782516224296,84.03699260523726,-80.34201138069297,-62.15116833199659,-4.8958196722128875,-8.502911825898892,,
1780128060,454521696,right_base_cmd,right_joint_1,right_joint_2,right_joint_3,right_joint_4,right_joint_5,right_joint_6,right_joint_7,-84.43099048832394,-73.21317430001626,84.04044668843878,-80.36947232413776,-62.27618840985883,-5.011374396277283,-8.384928547838527,,
1780128060,466043411,right_base_cmd,right_joint_1,right_joint_2,right_joint_3,right_joint_4,right_joint_5,right_joint_6,right_joint_7,-84.4407026173798,-73.18487449375478,84.01649214802589,-80.43103413554066,-62.41868603734321,-5.0986842332237,-8.206940209345376,,
1780128060,474934125,right_base_cmd,right_joint_1,right_joint_2,right_joint_3,right_joint_4,right_joint_5,right_joint_6,right_joint_7,-84.4620685470799,-73.15675333568926,84.01518921769,-80.4803578367961,-62.54844527579388,-5.190967598639354,-8.053917628683578,,
1780128060,484531864,right_base_cmd,right_joint_1,right_joint_2,right_joint_3,right_joint_4,right_joint_5,right_joint_6,right_joint_7,-84.44646897445264,-73.12609675645002,84.0139891153569,-80.50984833545722,-62.658885344816724,-5.279065023627531,-7.894145941221225,,
1780128060,495946222,right_base_cmd,right_joint_1,right_joint_2,right_joint_3,right_joint_4,right_joint_5,right_joint_6,right_joint_7,-84.45445817599628,-73.09504909769323,83.9980522230845,-80.54406943947755,-62.75820959444968,-5.352276064884272,-7.769007002046763,,
1780128060,504918147,right_base_cmd,right_joint_1,right_joint_2,right_joint_3,right_joint_4,right_joint_5,right_joint_6,right_joint_7,-84.43573704236431,-73.05953646349856,83.97168737042844,-80.55657801447838,-62.848366582991844,-5.428035633826589,-7.648632686454349,,
1780128060,514547156,right_base_cmd,right_joint_1,right_joint_2,right_joint_3,right_joint_4,right_joint_5,right_joint_6,right_joint_7,-84.41004121828459,-73.02582686469101,83.93495248288437,-80.57255977391993,-62.9729388091846,-5.515863570725223,-7.540304658887933,,
1780128060,524768567,right_base_cmd,right_joint_1,right_joint_2,right_joint_3,right_joint_4,right_joint_5,right_joint_6,right_joint_7,-84.37493404032088,-73.0023612659838,83.94185519055546,-80.56156165282268,-63.1031506517636,-5.629927746629953,-7.454844488762561,,
1780128060,535381730,right_base_cmd,right_joint_1,right_joint_2,right_joint_3,right_joint_4,right_joint_5,right_joint_6,right_joint_7,-84.36002770557585,-72.99790506528173,83.95838717678217,-80.56300464238758,-63.24582661108093,-5.727831292372279,-7.397955919644815,,
1780128060,546731724,right_base_cmd,right_joint_1,right_joint_2,right_joint_3,right_joint_4,right_joint_5,right_joint_6,right_joint_7,-84.33750102818036,-72.98850103347947,83.9655130656607,-80.55159271196602,-63.37428204852546,-5.808465014126732,-7.356838170772292,,
1780128060,554325297,right_base_cmd,right_joint_1,right_joint_2,right_joint_3,right_joint_4,right_joint_5,right_joint_6,right_joint_7,-84.32540538261011,-72.97290728932622,83.97000883035682,-80.55549826216055,-63.49811876363157,-5.865967799596881,-7.325916465787955,,
1780128060,564593358,right_base_cmd,right_joint_1,right_joint_2,right_joint_3,right_joint_4,right_joint_5,right_joint_6,right_joint_7,-84.29816701142457,-72.9309541241612,83.93167440648196,-80.5545155674471,-63.626264230543484,-5.889977770280886,-7.3079697523696865,,
1780128060,574540370,right_base_cmd,right_joint_1,right_joint_2,right_joint_3,right_joint_4,right_joint_5,right_joint_6,right_joint_7,-84.29269634532605,-72.91491184913623,83.92994470335461,-80.56471557866247,-63.75350706356153,-5.926901102418348,-7.290234565758638,,
1780128060,584668903,right_base_cmd,right_joint_1,right_joint_2,right_joint_3,right_joint_4,right_joint_5,right_joint_6,right_joint_7,-84.26962626350658,-72.91221228782821,83.93830674813452,-80.56867837742085,-63.860823827477475,-5.969709716232607,-7.256964862123951,,
1780128060,594758812,right_base_cmd,right_joint_1,right_joint_2,right_joint_3,right_joint_4,right_joint_5,right_joint_6,right_joint_7,-84.2854647080317,-72.89804903809677,83.92973227862163,-80.59289521732786,-63.91092694288636,-5.983386784740269,-7.2539388876729305,,
1780128060,604386122,right_base_cmd,right_joint_1,right_joint_2,right_joint_3,right_joint_4,right_joint_5,right_joint_6,right_joint_7,-84.31441870824133,-72.88299115729576,83.92627867347389,-80.61855752412357,-63.929397279242096,-5.993060117184534,-7.258019759052857,,
1780128060,614534144,right_base_cmd,right_joint_1,right_joint_2,right_joint_3,right_joint_4,right_joint_5,right_joint_6,right_joint_7,-84.36991036153924,-72.85362451296244,83.89329441009986,-80.67220589565865,-63.85669298786138,-5.95714544269844,-7.258022792228374,,
1780128060,624516237,right_base_cmd,right_joint_1,right_joint_2,right_joint_3,right_joint_4,right_joint_5,right_joint_6,right_joint_7,-84.40161134170418,-72.81771640506192,83.85236437974888,-80.70593243310675,-63.761403116649376,-5.9130121013974914,-7.256131807134878,,
1780128060,635053005,right_base_cmd,right_joint_1,right_joint_2,right_joint_3,right_joint_4,right_joint_5,right_joint_6,right_joint_7,-84.44676327913905,-72.80702236694567,83.84087640539357,-80.74697197883184,-63.66524205047779,-5.877062625160413,-7.250083632379827,,
1780128060,644398594,right_base_cmd,right_joint_1,right_joint_2,right_joint_3,right_joint_4,right_joint_5,right_joint_6,right_joint_7,-84.48520466664982,-72.79439404324712,83.83689911486167,-80.78992312842787,-63.559512137799004,-5.835045415167421,-7.244036306733804,,
1780128060,654685742,right_base_cmd,right_joint_1,right_joint_2,right_joint_3,right_joint_4,right_joint_5,right_joint_6,right_joint_7,-84.52108862506768,-72.79080557983242,83.83087145667852,-80.81852975388252,-63.450419356257385,-5.785773938055222,-7.258337321064644,,
1780128060,664799041,right_base_cmd,right_joint_1,right_joint_2,right_joint_3,right_joint_4,right_joint_5,right_joint_6,right_joint_7,-84.5835433925524,-72.74612353535043,83.79579446111435,-80.8684589736505,-63.25689205881963,-5.688603738767135,-7.3034983861778215,,
1780128060,674525956,right_base_cmd,right_joint_1,right_joint_2,right_joint_3,right_joint_4,right_joint_5,right_joint_6,right_joint_7,-84.60414695484488,-72.71139683458883,83.76310499589536,-80.88967437896112,-63.10784438487269,-5.6063515486374556,-7.321911024499187,,
1780128060,684609235,right_base_cmd,right_joint_1,right_joint_2,right_joint_3,right_joint_4,right_joint_5,right_joint_6,right_joint_7,-84.61349334225119,-72.68227452274341,83.76200975224148,-80.90341612887956,-62.98670543716008,-5.549839411826035,-7.317857633059717,,
1780128060,695208995,right_base_cmd,right_joint_1,right_joint_2,right_joint_3,right_joint_4,right_joint_5,right_joint_6,right_joint_7,-84.63244824528849,-72.65101750065664,83.7548283793196,-80.92905571437508,-62.90247978093544,-5.489666229874722,-7.3094014335981825,,
1780128060,704704855,right_base_cmd,right_joint_1,right_joint_2,right_joint_3,right_joint_4,right_joint_5,right_joint_6,right_joint_7,-84.6699733182925,-72.65597341207366,83.84938188912557,-80.97620863008594,-62.88151277458451,-5.49194177781947,-7.245812469612773,,
1780128060,714743860,right_base_cmd,right_joint_1,right_joint_2,right_joint_3,right_joint_4,right_joint_5,right_joint_6,right_joint_7,-84.68825260293434,-72.68060201548174,83.9054378341223,-80.99890640686046,-62.90158763913246,-5.471686013464414,-7.2044541893756815,,
1780128060,725869759,right_base_cmd,right_joint_1,right_joint_2,right_joint_3,right_joint_4,right_joint_5,right_joint_6,right_joint_7,-84.71900273449913,-72.68609695712946,83.93282666718338,-81.01845547262225,-62.90637102281795,-5.441156892193526,-7.195146029815888,,
1780128060,735273027,right_base_cmd,right_joint_1,right_joint_2,right_joint_3,right_joint_4,right_joint_5,right_joint_6,right_joint_7,-84.72441345016941,-72.70441168536662,83.96377454684873,-81.02078226838786,-62.92669702060459,-5.424650145539026,-7.178581467938855,,
1780128060,745177807,right_base_cmd,right_joint_1,right_joint_2,right_joint_3,right_joint_4,right_joint_5,right_joint_6,right_joint_7,-84.6868962516597,-72.71506692887142,83.98838794610234,-80.99591547323423,-62.93122515295727,-5.422201408686298,-7.1597683288770355,,
1780128060,754487918,right_base_cmd,right_joint_1,right_joint_2,right_joint_3,right_joint_4,right_joint_5,right_joint_6,right_joint_7,-84.67116693878947,-72.6908645205137,83.95881565719358,-80.97318379115764,-62.873799345720045,-5.380448643447487,-7.220335822117832,,
1780128060,764553306,right_base_cmd,right_joint_1,right_joint_2,right_joint_3,right_joint_4,right_joint_5,right_joint_6,right_joint_7,-84.67007787243753,-72.68967384245043,83.9478269667616,-80.96720235011482,-62.852231450740874,-5.355288976007834,-7.256855323577454,,
1780128060,774653750,right_base_cmd,right_joint_1,right_joint_2,right_joint_3,right_joint_4,right_joint_5,right_joint_6,right_joint_7,-84.68713983301748,-72.65178716466023,83.94427746648293,-80.98173649149767,-62.77129919180908,-5.301235370225122,-7.303580095785563,,
1780128060,784619130,right_base_cmd,right_joint_1,right_joint_2,right_joint_3,right_joint_4,right_joint_5,right_joint_6,right_joint_7,-84.73357295931842,-72.62244151091382,83.90504034317584,-80.99661541454567,-62.70780081746102,-5.219748288699229,-7.372469194375427,,
1780128060,794835540,right_base_cmd,right_joint_1,right_joint_2,right_joint_3,right_joint_4,right_joint_5,right_joint_6,right_joint_7,-84.7643337250444,-72.62049723927005,83.90769937021363,-81.01808581639223,-62.67227523402636,-5.167571213202045,-7.382741742481997,,
1780128060,804671507,right_base_cmd,right_joint_1,right_joint_2,right_joint_3,right_joint_4,right_joint_5,right_joint_6,right_joint_7,-84.79153089139228,-72.61453521909966,83.90636470785077,-81.04023698820875,-62.633833799445256,-5.1164785433137965,-7.375268227138477,,
1780128060,814542414,right_base_cmd,right_joint_1,right_joint_2,right_joint_3,right_joint_4,right_joint_5,right_joint_6,right_joint_7,-84.8504715215328,-72.5540239742431,83.87627778737104,-81.09662556136591,-62.55397336890542,-5.031817304654105,-7.3509490552558105,,
1780128060,824731882,right_base_cmd,right_joint_1,right_joint_2,right_joint_3,right_joint_4,right_joint_5,right_joint_6,right_joint_7,-84.87746619344281,-72.51066152096111,83.83371482028261,-81.13537265760574,-62.49456809309288,-4.948301105469106,-7.330371991886651,,
1780128060,834791646,right_base_cmd,right_joint_1,right_joint_2,right_joint_3,right_joint_4,right_joint_5,right_joint_6,right_joint_7,-84.89173515117577,-72.48559052503289,83.81368397540413,-81.16532715120736,-62.46139674879623,-4.892805828482487,-7.298808133312278,,
1780128060,844677664,right_base_cmd,right_joint_1,right_joint_2,right_joint_3,right_joint_4,right_joint_5,right_joint_6,right_joint_7,-84.8998148969657,-72.46767004468263,83.80574464441824,-81.18790360651435,-62.44990884529267,-4.860916438112092,-7.272636890070274,,
1780128060,854412074,right_base_cmd,right_joint_1,right_joint_2,right_joint_3,right_joint_4,right_joint_5,right_joint_6,right_joint_7,-84.90753215840496,-72.46036777649904,83.80932736107215,-81.2090257977667,-62.46064604559689,-4.841442770526207,-7.247979494025074,,
1780128060,864501514,right_base_cmd,right_joint_1,right_joint_2,right_joint_3,right_joint_4,right_joint_5,right_joint_6,right_joint_7,-84.88199019180954,-72.49059031783698,83.83797552183674,-81.19505348409565,-62.5291325981384,-4.858504735247315,-7.216321140229539,,
1780128060,874582884,right_base_cmd,right_joint_1,right_joint_2,right_joint_3,right_joint_4,right_joint_5,right_joint_6,right_joint_7,-84.86794473536347,-72.50403220507265,83.8465851870802,-81.1872977095663,-62.58476887899542,-4.8675141359236065,-7.207858881492044,,
1780128060,884589469,right_base_cmd,right_joint_1,right_joint_2,right_joint_3,right_joint_4,right_joint_5,right_joint_6,right_joint_7,-84.93304019661511,-72.47724970582364,83.76899857872499,-81.2085466090506,-62.60189854452915,-4.8058713064665355,-7.302991107169603,,
1780128060,894473837,right_base_cmd,right_joint_1,right_joint_2,right_joint_3,right_joint_4,right_joint_5,right_joint_6,right_joint_7,-84.90935119199489,-72.50278725187691,83.77339616881986,-81.18468746735557,-62.67130095413023,-4.827442163871403,-7.31528172903667,,
1780128060,904640502,right_base_cmd,right_joint_1,right_joint_2,right_joint_3,right_joint_4,right_joint_5,right_joint_6,right_joint_7,-84.87584367519278,-72.52077814442141,83.7372673405765,-81.13439274480199,-62.73774760968314,-4.847953966983816,-7.35670120600129,,
1780128060,914496124,right_base_cmd,right_joint_1,right_joint_2,right_joint_3,right_joint_4,right_joint_5,right_joint_6,right_joint_7,-84.86711907220976,-72.58489511668303,83.78650338852717,-81.11658462627425,-62.846458908550744,-4.924331038649079,-7.347934590393507,,
1780128060,925019263,right_base_cmd,right_joint_1,right_joint_2,right_joint_3,right_joint_4,right_joint_5,right_joint_6,right_joint_7,-84.83373965797128,-72.62236860457746,83.82806557756939,-81.0901317488834,-62.9140679178866,-4.993101670582284,-7.319530973565648,,
1780128060,934844177,right_base_cmd,right_joint_1,right_joint_2,right_joint_3,right_joint_4,right_joint_5,right_joint_6,right_joint_7,-84.83372930586896,-72.6519150850324,83.84102556931285,-81.08706138772136,-62.96026685404928,-5.032437862018348,-7.30885803136205,,
1780128060,944472568,right_base_cmd,right_joint_1,right_joint_2,right_joint_3,right_joint_4,right_joint_5,right_joint_6,right_joint_7,-84.802935675751,-72.68811858662134,83.87984041411514,-81.07689343254567,-63.00161739988488,-5.089906634566596,-7.261132427986141,,
1780128060,954332315,right_base_cmd,right_joint_1,right_joint_2,right_joint_3,right_joint_4,right_joint_5,right_joint_6,right_joint_7,-84.81083020544875,-72.70955392762296,83.84844626469223,-81.08240427527865,-62.990154150919125,-5.099635595751003,-7.257204379246744,,
1780128060,964572408,right_base_cmd,right_joint_1,right_joint_2,right_joint_3,right_joint_4,right_joint_5,right_joint_6,right_joint_7,-84.79207866557775,-72.78572290617088,83.92501737736976,-81.07769915143821,-63.0371297736653,-5.195846348335628,-7.185558702855829,,
1780128060,974740452,right_base_cmd,right_joint_1,right_joint_2,right_joint_3,right_joint_4,right_joint_5,right_joint_6,right_joint_7,-84.79510250273424,-72.8209638416085,83.93884202986541,-81.07525686323017,-63.034602004973465,-5.243352590488648,-7.163497954542677,,
1780128060,984804654,right_base_cmd,right_joint_1,right_joint_2,right_joint_3,right_joint_4,right_joint_5,right_joint_6,right_joint_7,-84.79608432382153,-72.8723446160155,83.96030741861645,-81.05988110537585,-63.04453146843446,-5.302956268579798,-7.147606800522183,,
1780128060,994426186,right_base_cmd,right_joint_1,right_joint_2,right_joint_3,right_joint_4,right_joint_5,right_joint_6,right_joint_7,-84.78312657463036,-72.91266846206197,83.97217943759486,-81.04017281668446,-63.04342753123342,-5.357772236674457,-7.137107285998255,,
1780128061,5432644,right_base_cmd,right_joint_1,right_joint_2,right_joint_3,right_joint_4,right_joint_5,right_joint_6,right_joint_7,-84.73377919021127,-72.93001051651653,83.96002838375912,-81.00361006665197,-63.023905300338356,-5.410836141185477,-7.12598971832422,,
1780128061,14952200,right_base_cmd,right_joint_1,right_joint_2,right_joint_3,right_joint_4,right_joint_5,right_joint_6,right_joint_7,-84.72332468179204,-72.93006091209402,83.95462723896352,-80.9899880672864,-63.009018395365956,-5.459561754606334,-7.131129596891313,,
1780128061,25120083,right_base_cmd,right_joint_1,right_joint_2,right_joint_3,right_joint_4,right_joint_5,right_joint_6,right_joint_7,-84.70310211379294,-72.92850967623129,83.97659919208135,-80.98611901183212,-63.010206927416164,-5.513730932466835,-7.105880139412889,,
1780128061,35990492,right_base_cmd,right_joint_1,right_joint_2,right_joint_3,right_joint_4,right_joint_5,right_joint_6,right_joint_7,-84.70119477667274,-72.9153459891668,83.97638436940392,-80.98464354763912,-63.01765357978388,-5.542581209180973,-7.106752500581607,,
1780128061,44954715,right_base_cmd,right_joint_1,right_joint_2,right_joint_3,right_joint_4,right_joint_5,right_joint_6,right_joint_7,-84.71479450987883,-72.89985392764352,83.98412245302521,-80.994957310398,-63.03363011463409,-5.563162127282503,-7.11355511687249,,
1780128061,54531472,right_base_cmd,right_joint_1,right_joint_2,right_joint_3,right_joint_4,right_joint_5,right_joint_6,right_joint_7,-84.73831474401229,-72.89220954436685,84.03140787128146,-81.01278256636097,-63.09074378185176,-5.595034745379898,-7.110944207863966,,
1780128061,65113168,right_base_cmd,right_joint_1,right_joint_2,right_joint_3,right_joint_4,right_joint_5,right_joint_6,right_joint_7,-84.73779228036298,-72.85027463107174,84.01145143753425,-81.0226611056719,-63.0941503045762,-5.568779778031903,-7.130600613178515,,
1780128061,77409012,right_base_cmd,right_joint_1,right_joint_2,right_joint_3,right_joint_4,right_joint_5,right_joint_6,right_joint_7,-84.75433441688673,-72.8257003580796,84.00943582431879,-81.03380967256523,-63.10801843542305,-5.54799233722337,-7.158553467958157,,
1780128061,85226191,right_base_cmd,right_joint_1,right_joint_2,right_joint_3,right_joint_4,right_joint_5,right_joint_6,right_joint_7,-84.77155979648077,-72.79648567209018,84.00466770142734,-81.04917521937809,-63.110071323087936,-5.517483617909413,-7.185063394239606,,
1780128061,95144257,right_base_cmd,right_joint_1,right_joint_2,right_joint_3,right_joint_4,right_joint_5,right_joint_6,right_joint_7,-84.79340296342289,-72.77099343020906,83.98925377354263,-81.0640891997456,-63.09446582557922,-5.473314364988589,-7.213696954203229,,
1780128061,104871068,right_base_cmd,right_joint_1,right_joint_2,right_joint_3,right_joint_4,right_joint_5,right_joint_6,right_joint_7,-84.81924802504241,-72.75198393996193,83.97187297429721,-81.08132276022799,-63.07538906509825,-5.429984120395424,-7.238743735498147,,
1780128061,114479370,right_base_cmd,right_joint_1,right_joint_2,right_joint_3,right_joint_4,right_joint_5,right_joint_6,right_joint_7,-84.85888707855352,-72.74391053974456,83.98029398853097,-81.1163349040802,-63.03851914397194,-5.386880144493539,-7.239108579730853,,
1780128061,125275893,right_base_cmd,right_joint_1,right_joint_2,right_joint_3,right_joint_4,right_joint_5,right_joint_6,right_joint_7,-84.87548068064521,-72.73818853462156,83.96636153281506,-81.1344159334608,-62.998857912050596,-5.333667584053323,-7.2362077199961305,,
1780128061,134563205,right_base_cmd,right_joint_1,right_joint_2,right_joint_3,right_joint_4,right_joint_5,right_joint_6,right_joint_7,-84.8935474838415,-72.75456358976881,83.97354481895948,-81.15044827747444,-62.97296049039272,-5.297516891911464,-7.224452449452954,,
1780128061,144548519,right_base_cmd,right_joint_1,right_joint_2,right_joint_3,right_joint_4,right_joint_5,right_joint_6,right_joint_7,-84.891800601129,-72.76889492265123,83.99034867685728,-81.15120938460463,-62.9378870286622,-5.269940605878496,-7.203490350307121,,
1780128061,154220258,right_base_cmd,right_joint_1,right_joint_2,right_joint_3,right_joint_4,right_joint_5,right_joint_6,right_joint_7,-84.9095788499371,-72.7862553833897,83.96363410626546,-81.15538812802039,-62.87273476116178,-5.212806358792754,-7.20372552655347,,
1780128061,164811463,right_base_cmd,right_joint_1,right_joint_2,right_joint_3,right_joint_4,right_joint_5,right_joint_6,right_joint_7,-84.91642302172076,-72.81169311137485,83.97128475543175,-81.17161533163711,-62.8239174547553,-5.187864912159618,-7.160531560869302,,
1780128061,174555731,right_base_cmd,right_joint_1,right_joint_2,right_joint_3,right_joint_4,right_joint_5,right_joint_6,right_joint_7,-84.93032766666826,-72.84240941281537,83.98469544504363,-81.19262107426233,-62.79225455002745,-5.172645825571799,-7.116148835190089,,
1780128061,184521405,right_base_cmd,right_joint_1,right_joint_2,right_joint_3,right_joint_4,right_joint_5,right_joint_6,right_joint_7,-84.9353306189075,-72.84087327678556,83.97199474967576,-81.19902463976531,-62.7289603494288,-5.144371113016909,-7.083643226490565,,
1780128061,194514590,right_base_cmd,right_joint_1,right_joint_2,right_joint_3,right_joint_4,right_joint_5,right_joint_6,right_joint_7,-84.94732227548795,-72.85586761246431,83.97144586467695,-81.22327320668207,-62.69552751674678,-5.12330555260052,-7.039864194441705,,
1780128061,204346671,right_base_cmd,right_joint_1,right_joint_2,right_joint_3,right_joint_4,right_joint_5,right_joint_6,right_joint_7,-84.95024462883597,-72.87085701680941,83.98291770159622,-81.23136649471259,-62.66808142961929,-5.118476350233088,-7.002815881969141,,
1780128061,215845689,right_base_cmd,right_joint_1,right_joint_2,right_joint_3,right_joint_4,right_joint_5,right_joint_6,right_joint_7,-84.9630951568665,-72.88784558886154,83.96813970505238,-81.25718560962669,-62.64123278916492,-5.098811578395491,-6.98260945629751,,
1780128061,224420249,right_base_cmd,right_joint_1,right_joint_2,right_joint_3,right_joint_4,right_joint_5,right_joint_6,right_joint_7,-84.93758127810773,-72.89600591418936,83.98224353677963,-81.24543205907595,-62.61494810086538,-5.119187640633804,-6.956868270768112,,
1780128061,234560805,right_base_cmd,right_joint_1,right_joint_2,right_joint_3,right_joint_4,right_joint_5,right_joint_6,right_joint_7,-84.93659564902558,-72.9009536203392,83.97560520779334,-81.24672375697561,-62.59724495563222,-5.124290574059437,-6.967023766401283,,
1780128061,244536339,right_base_cmd,right_joint_1,right_joint_2,right_joint_3,right_joint_4,right_joint_5,right_joint_6,right_joint_7,-84.91675637354595,-72.9132350881929,83.98989482221882,-81.231603957639,-62.5906015365195,-5.1515049747507575,-6.971196006562437,,
1780128061,254355766,right_base_cmd,right_joint_1,right_joint_2,right_joint_3,right_joint_4,right_joint_5,right_joint_6,right_joint_7,-84.92479219798398,-72.93373571079213,84.00130757928267,-81.22964572236499,-62.61981944862674,-5.1765854285631505,-7.006672435626868,,
1780128061,264460669,right_base_cmd,right_joint_1,right_joint_2,right_joint_3,right_joint_4,right_joint_5,right_joint_6,right_joint_7,-84.91471919225992,-72.95376847235282,84.04055372075217,-81.23115361141915,-62.658533637676044,-5.219390931855621,-6.992664335978546,,
1780128061,276280263,right_base_cmd,right_joint_1,right_joint_2,right_joint_3,right_joint_4,right_joint_5,right_joint_6,right_joint_7,-84.92295949251562,-72.96544666763488,84.06374116305093,-81.2372627596633,-62.69983586888634,-5.244933400943005,-6.994388436773775,,
1780128061,284587963,right_base_cmd,right_joint_1,right_joint_2,right_joint_3,right_joint_4,right_joint_5,right_joint_6,right_joint_7,-84.91559039753852,-72.99780787267618,84.11294079675062,-81.2380202054497,-62.768571109019035,-5.288305363565932,-6.967232148246197,,
1780128061,294852208,right_base_cmd,right_joint_1,right_joint_2,right_joint_3,right_joint_4,right_joint_5,right_joint_6,right_joint_7,-84.92877176887046,-73.00154533443306,84.13063675103373,-81.2518901692837,-62.807233488164115,-5.303438537455854,-6.955487171964549,,
1780128061,304436985,right_base_cmd,right_joint_1,right_joint_2,right_joint_3,right_joint_4,right_joint_5,right_joint_6,right_joint_7,-84.93166326103201,-73.00748218625434,84.16317011167027,-81.26523126278211,-62.845692247086276,-5.325224679368084,-6.921076072719259,,
1780128061,314711935,right_base_cmd,right_joint_1,right_joint_2,right_joint_3,right_joint_4,right_joint_5,right_joint_6,right_joint_7,-84.96265017969907,-72.98446317103601,84.14886400704805,-81.29509606637505,-62.83185017632991,-5.305928369927919,-6.912344700357224,,
1780128061,324340348,right_base_cmd,right_joint_1,right_joint_2,right_joint_3,right_joint_4,right_joint_5,right_joint_6,right_joint_7,-84.96917070643676,-72.97914242075383,84.15438304907687,-81.2987822088834,-62.824249317635235,-5.30866403068574,-6.898666291824966,,
1780128061,335382700,right_base_cmd,right_joint_1,right_joint_2,right_joint_3,right_joint_4,right_joint_5,right_joint_6,right_joint_7,-84.98759594845845,-72.9698579653844,84.14633747494182,-81.31581732017783,-62.79774026613376,-5.294096674054678,-6.889918324533269,,
1780128061,344704444,right_base_cmd,right_joint_1,right_joint_2,right_joint_3,right_joint_4,right_joint_5,right_joint_6,right_joint_7,-84.99240223197327,-72.97879366075354,84.1560807748335,-81.32107570952287,-62.78584033572844,-5.300850711508694,-6.872803770067279,,
1780128061,354400572,right_base_cmd,right_joint_1,right_joint_2,right_joint_3,right_joint_4,right_joint_5,right_joint_6,right_joint_7,-85.00377334242299,-72.96421979140531,84.13673563128557,-81.33399053229239,-62.74062833645951,-5.281442845007227,-6.8669403384839285,,
1780128061,364454570,right_base_cmd,right_joint_1,right_joint_2,right_joint_3,right_joint_4,right_joint_5,right_joint_6,right_joint_7,-85.02332236173962,-72.95709114332705,84.1251004348679,-81.34853677945917,-62.7008845099229,-5.265996938963319,-6.856028311314688,,
1780128061,374693005,right_base_cmd,right_joint_1,right_joint_2,right_joint_3,right_joint_4,right_joint_5,right_joint_6,right_joint_7,-85.03845821969051,-72.95260679192928,84.12750818847618,-81.37095247760841,-62.674171325684085,-5.253259788113375,-6.826933499677423,,
1780128061,384462295,right_base_cmd,right_joint_1,right_joint_2,right_joint_3,right_joint_4,right_joint_5,right_joint_6,right_joint_7,-85.03129801173694,-72.96131968416553,84.15017858938492,-81.37820308456936,-62.66461271875062,-5.258219707456924,-6.779229260946366,,
1780128061,394670603,right_base_cmd,right_joint_1,right_joint_2,right_joint_3,right_joint_4,right_joint_5,right_joint_6,right_joint_7,-85.04402435655933,-72.96025601813979,84.15586159237412,-81.39666201984052,-62.65184783662909,-5.244622717588975,-6.749784244341313,,
1780128061,405890497,right_base_cmd,right_joint_1,right_joint_2,right_joint_3,right_joint_4,right_joint_5,right_joint_6,right_joint_7,-85.05936350588567,-72.96138629316131,84.16306779905486,-81.4161860016783,-62.645132270483316,-5.228650604015279,-6.718652738996653,,
1780128061,414423611,right_base_cmd,right_joint_1,right_joint_2,right_joint_3,right_joint_4,right_joint_5,right_joint_6,right_joint_7,-85.05073923597072,-72.9503665768399,84.14303483285497,-81.40993409896147,-62.61601090555632,-5.198644710075136,-6.701263242648523,,
1780128061,425305177,right_base_cmd,right_joint_1,right_joint_2,right_joint_3,right_joint_4,right_joint_5,right_joint_6,right_joint_7,-85.03448427046251,-72.95243216293257,84.13672132388447,-81.39937650859311,-62.59965660921614,-5.193402692890338,-6.676447286564226,,
1780128061,434697881,right_base_cmd,right_joint_1,right_joint_2,right_joint_3,right_joint_4,right_joint_5,right_joint_6,right_joint_7,-85.02214512980149,-72.94943798390518,84.12067858409958,-81.39476159633712,-62.57942486844934,-5.1862043179096915,-6.662453271273662,,
1780128061,445047040,right_base_cmd,right_joint_1,right_joint_2,right_joint_3,right_joint_4,right_joint_5,right_joint_6,right_joint_7,-84.99189580373857,-72.93501783433307,84.10748683962888,-81.38355577050551,-62.552135151959476,-5.185778784547772,-6.640471808096791,,
1780128061,454411337,right_base_cmd,right_joint_1,right_joint_2,right_joint_3,right_joint_4,right_joint_5,right_joint_6,right_joint_7,-84.97362339199688,-72.93671866800351,84.10437099207584,-81.37778249287852,-62.551456843012716,-5.197107880807714,-6.63100964006874,,
1780128061,464924004,right_base_cmd,right_joint_1,right_joint_2,right_joint_3,right_joint_4,right_joint_5,right_joint_6,right_joint_7,-84.95897969300503,-72.94221984731321,84.11920761362731,-81.37515327248953,-62.563677369201514,-5.2238230097767016,-6.60917206594327,,
1780128061,474666846,right_base_cmd,right_joint_1,right_joint_2,right_joint_3,right_joint_4,right_joint_5,right_joint_6,right_joint_7,-84.9587995733111,-72.9392969945459,84.12332796851891,-81.37938586814495,-62.571617055419665,-5.23645212545744,-6.598695135065171,,
1780128061,484551857,right_base_cmd,right_joint_1,right_joint_2,right_joint_3,right_joint_4,right_joint_5,right_joint_6,right_joint_7,-84.94397136427384,-72.95099936085332,84.14992620895922,-81.37351043697937,-62.5887275025521,-5.267254109231651,-6.571296839118887,,
1780128061,494554504,right_base_cmd,right_joint_1,right_joint_2,right_joint_3,right_joint_4,right_joint_5,right_joint_6,right_joint_7,-84.9397371803972,-72.9452676645388,84.1472982101802,-81.37606794386416,-62.58772564788427,-5.271010001765767,-6.5658255592664005,,
1780128061,504354221,right_base_cmd,right_joint_1,right_joint_2,right_joint_3,right_joint_4,right_joint_5,right_joint_6,right_joint_7,-84.92420944178238,-72.90976749930384,84.12140012067923,-81.375208943813,-62.55388526319439,-5.252798770500128,-6.5812932413117124,,
1780128061,514488529,right_base_cmd,right_joint_1,right_joint_2,right_joint_3,right_joint_4,right_joint_5,right_joint_6,right_joint_7,-84.91894164164378,-72.89454065844309,84.10365935897894,-81.37462229130769,-62.53947014445026,-5.237704131437731,-6.605033577568193,,
1780128061,524503093,right_base_cmd,right_joint_1,right_joint_2,right_joint_3,right_joint_4,right_joint_5,right_joint_6,right_joint_7,-84.91330849733075,-72.89172278700364,84.101663433185,-81.37240367055854,-62.53726037597323,-5.239099254793352,-6.621303431612958,,
1780128061,534523667,right_base_cmd,right_joint_1,right_joint_2,right_joint_3,right_joint_4,right_joint_5,right_joint_6,right_joint_7,-84.91053196512544,-72.88055417460335,84.09280293965995,-81.37428263473164,-62.52841174565498,-5.229618752927017,-6.640220526475289,,
1780128061,545634521,right_base_cmd,right_joint_1,right_joint_2,right_joint_3,right_joint_4,right_joint_5,right_joint_6,right_joint_7,-84.89967772867303,-72.88151808243329,84.10833157886546,-81.37145258686913,-62.53388574704718,-5.2367462418828765,-6.644747862640898,,
1780128061,554359759,right_base_cmd,right_joint_1,right_joint_2,right_joint_3,right_joint_4,right_joint_5,right_joint_6,right_joint_7,-84.90254369689936,-72.89589981570215,84.13980495372519,-81.3816404602065,-62.565801074863884,-5.248439628231942,-6.635005344622485,,
1780128061,564432348,right_base_cmd,right_joint_1,right_joint_2,right_joint_3,right_joint_4,right_joint_5,right_joint_6,right_joint_7,-84.90505450611786,-72.9207855459406,84.17216887377973,-81.38953630989785,-62.60282229869438,-5.267554756152201,-6.621700250182428,,
1780128061,574738295,right_base_cmd,right_joint_1,right_joint_2,right_joint_3,right_joint_4,right_joint_5,right_joint_6,right_joint_7,-84.90508035799022,-72.92229513209647,84.17822299839216,-81.39474005409154,-62.60880712354685,-5.266611297446495,-6.621434023754901,,
1780128061,584618208,right_base_cmd,right_joint_1,right_joint_2,right_joint_3,right_joint_4,right_joint_5,right_joint_6,right_joint_7,-84.89875684095537,-72.92091780361842,84.18278363588635,-81.3932173702275,-62.605597307999176,-5.265242177961618,-6.6245073709533955,,
1780128061,594617184,right_base_cmd,right_joint_1,right_joint_2,right_joint_3,right_joint_4,right_joint_5,right_joint_6,right_joint_7,-84.89338497414664,-72.91164179223212,84.1696441309218,-81.39189076276183,-62.585510585470786,-5.250890155730296,-6.639453249646252,,
1780128061,604527069,right_base_cmd,right_joint_1,right_joint_2,right_joint_3,right_joint_4,right_joint_5,right_joint_6,right_joint_7,-84.88910700293675,-72.90831142938113,84.16418219676305,-81.39045609287116,-62.56791576132849,-5.24174563261186,-6.654066894572807,,
1780128061,614295817,right_base_cmd,right_joint_1,right_joint_2,right_joint_3,right_joint_4,right_joint_5,right_joint_6,right_joint_7,-84.8768054842233,-72.88385588129144,84.14318410966595,-81.38587415810953,-62.52201951142666,-5.215050779020423,-6.676729155534602,,
1780128061,624772697,right_base_cmd,right_joint_1,right_joint_2,right_joint_3,right_joint_4,right_joint_5,right_joint_6,right_joint_7,-84.8788164973478,-72.87745874356825,84.13434717565852,-81.37586473311866,-62.502601422146654,-5.199603771408981,-6.7099388181429305,,
1780128061,634742192,right_base_cmd,right_joint_1,right_joint_2,right_joint_3,right_joint_4,right_joint_5,right_joint_6,right_joint_7,-84.87006940448711,-72.87680742331601,84.12954432833166,-81.36830095651267,-62.49191419172945,-5.185397078283636,-6.72573932557107,,
1780128061,645073676,right_base_cmd,right_joint_1,right_joint_2,right_joint_3,right_joint_4,right_joint_5,right_joint_6,right_joint_7,-84.85764659335106,-72.8916883051452,84.14803463409086,-81.36480716803449,-62.502977862511216,-5.1937428214106305,-6.722287362167222,,
1780128061,654482535,right_base_cmd,right_joint_1,right_joint_2,right_joint_3,right_joint_4,right_joint_5,right_joint_6,right_joint_7,-84.84971417784581,-72.89416077956646,84.14994898370057,-81.35811987936621,-62.5037062385511,-5.190141279919423,-6.732648140361519,,
1780128061,665949750,right_base_cmd,right_joint_1,right_joint_2,right_joint_3,right_joint_4,right_joint_5,right_joint_6,right_joint_7,-84.82704716669659,-72.89631797156854,84.15434335469698,-81.33641522548045,-62.50552894262307,-5.1882886838587225,-6.746271428012918,,
1780128061,675439007,right_base_cmd,right_joint_1,right_joint_2,right_joint_3,right_joint_4,right_joint_5,right_joint_6,right_joint_7,-84.8154978703466,-72.90694294241156,84.15786437232995,-81.32070100131365,-62.51557071066378,-5.190468698670593,-6.7590455508073575,,
1780128061,686649623,right_base_cmd,right_joint_1,right_joint_2,right_joint_3,right_joint_4,right_joint_5,right_joint_6,right_joint_7,-84.80946767708494,-72.91475534587944,84.16715103360852,-81.31025595558118,-62.52065171016841,-5.194973373421753,-6.768297691887611,,
1780128061,694932884,right_base_cmd,right_joint_1,right_joint_2,right_joint_3,right_joint_4,right_joint_5,right_joint_6,right_joint_7,-84.80737161354622,-72.91926509398554,84.17145343706684,-81.30999135525816,-62.52046582486764,-5.191987480463972,-6.770123961558241,,
1780128061,704515027,right_base_cmd,right_joint_1,right_joint_2,right_joint_3,right_joint_4,right_joint_5,right_joint_6,right_joint_7,-84.79837092646702,-72.91428488393844,84.170281405451,-81.30743980651052,-62.510183022594845,-5.182580732520073,-6.769442703840085,,
1780128061,714577424,right_base_cmd,right_joint_1,right_joint_2,right_joint_3,right_joint_4,right_joint_5,right_joint_6,right_joint_7,-84.79935675926455,-72.90320288747166,84.16114060269709,-81.31473239483229,-62.488851078996106,-5.157345079295617,-6.772497595227449,,
1780128061,724992467,right_base_cmd,right_joint_1,right_joint_2,right_joint_3,right_joint_4,right_joint_5,right_joint_6,right_joint_7,-84.8635968359512,-72.86220850119203,84.0945793389557,-81.35337426367006,-62.43939151079019,-5.074348228639103,-6.840557936802682,,
1780128061,734496388,right_base_cmd,right_joint_1,right_joint_2,right_joint_3,right_joint_4,right_joint_5,right_joint_6,right_joint_7,-84.8626918834731,-72.85568101313505,84.08211351241098,-81.35410029517602,-62.425319727988324,-5.045123634813869,-6.850048165251351,,
1780128061,745337248,right_base_cmd,right_joint_1,right_joint_2,right_joint_3,right_joint_4,right_joint_5,right_joint_6,right_joint_7,-84.88612967842877,-72.8642040694465,84.08284599676895,-81.36287757955678,-62.43286837648583,-5.033374578420414,-6.866316161674163,,
1780128061,756191086,right_base_cmd,right_joint_1,right_joint_2,right_joint_3,right_joint_4,right_joint_5,right_joint_6,right_joint_7,-84.87979827381983,-72.86543049568208,84.10257272337233,-81.35814430271638,-62.43789725441661,-5.040560812047254,-6.858133954478561,,
1780128061,764712682,right_base_cmd,right_joint_1,right_joint_2,right_joint_3,right_joint_4,right_joint_5,right_joint_6,right_joint_7,-84.88064755243025,-72.87166120658954,84.10757908908235,-81.3588362323717,-62.44603984394013,-5.036496859097717,-6.857838246710472,,
1780128061,774863209,right_base_cmd,right_joint_1,right_joint_2,right_joint_3,right_joint_4,right_joint_5,right_joint_6,right_joint_7,-84.88894116589401,-72.86996560426469,84.11077777029621,-81.37227418729857,-62.452677960897745,-5.033172623373382,-6.849215279112926,,
1780128061,784525260,right_base_cmd,right_joint_1,right_joint_2,right_joint_3,right_joint_4,right_joint_5,right_joint_6,right_joint_7,-84.89490761825832,-72.85461803827918,84.10757249305729,-81.3690847604391,-62.444074210100325,-5.036889591164986,-6.859289771525894,,
1780128061,794545633,right_base_cmd,right_joint_1,right_joint_2,right_joint_3,right_joint_4,right_joint_5,right_joint_6,right_joint_7,-84.89627345547186,-72.8474920289254,84.10364786535902,-81.37320747682374,-62.44590309413627,-5.036792029715791,-6.857600615169147,,
1780128061,804341204,right_base_cmd,right_joint_1,right_joint_2,right_joint_3,right_joint_4,right_joint_5,right_joint_6,right_joint_7,-84.89829583910725,-72.86252310058963,84.13305604622568,-81.38007130042787,-62.47389335095875,-5.0634771344831435,-6.836160395211564,,
1780128061,814589559,right_base_cmd,right_joint_1,right_joint_2,right_joint_3,right_joint_4,right_joint_5,right_joint_6,right_joint_7,-84.90724105720804,-72.85392562944124,84.14071159233501,-81.40103589543936,-62.48730856510417,-5.063624319766568,-6.826165512266428,,
1780128061,824868743,right_base_cmd,right_joint_1,right_joint_2,right_joint_3,right_joint_4,right_joint_5,right_joint_6,right_joint_7,-84.91548373811523,-72.84346750536072,84.14255557797523,-81.4055686700432,-62.50484697731571,-5.0632866408997685,-6.84007370880029,,
1780128061,834764942,right_base_cmd,right_joint_1,right_joint_2,right_joint_3,right_joint_4,right_joint_5,right_joint_6,right_joint_7,-84.92263961998239,-72.84100026160372,84.14814135339074,-81.41386654593772,-62.52679585116715,-5.059578335830899,-6.850521339042885,,
1780128061,846020094,right_base_cmd,right_joint_1,right_joint_2,right_joint_3,right_joint_4,right_joint_5,right_joint_6,right_joint_7,-84.92594331437667,-72.83610598714036,84.14710374412456,-81.40987512634241,-62.54464647818111,-5.058252454850496,-6.868932496457958,,
1780128061,854343020,right_base_cmd,right_joint_1,right_joint_2,right_joint_3,right_joint_4,right_joint_5,right_joint_6,right_joint_7,-84.92702045065508,-72.82207736466746,84.1445944018437,-81.41657272989114,-62.55223935898795,-5.049152165763694,-6.8849877425801225,,
1780128061,864716968,right_base_cmd,right_joint_1,right_joint_2,right_joint_3,right_joint_4,right_joint_5,right_joint_6,right_joint_7,-84.925782331497,-72.82568459472641,84.15021645433782,-81.42460598463892,-62.56384896845003,-5.049861797844748,-6.891300359454888,,
1780128061,874455762,right_base_cmd,right_joint_1,right_joint_2,right_joint_3,right_joint_4,right_joint_5,right_joint_6,right_joint_7,-84.930958835361,-72.82510342497729,84.14654231179881,-81.42917253764894,-62.561176574328954,-5.049971931875056,-6.907578939397368,,
1780128061,884852932,right_base_cmd,right_joint_1,right_joint_2,right_joint_3,right_joint_4,right_joint_5,right_joint_6,right_joint_7,-84.91083128008157,-72.85272986111808,84.1749075885642,-81.42002031132223,-62.573014610270945,-5.082825836247018,-6.889680433852462,,
1780128061,894830309,right_base_cmd,right_joint_1,right_joint_2,right_joint_3,right_joint_4,right_joint_5,right_joint_6,right_joint_7,-84.92172684022765,-72.85620073130657,84.17801787123662,-81.43048360693491,-62.55613221837575,-5.089193894855605,-6.893895036859433,,
1780128061,905310521,right_base_cmd,right_joint_1,right_joint_2,right_joint_3,right_joint_4,right_joint_5,right_joint_6,right_joint_7,-84.9676510473681,-72.83941643820948,84.15346613838804,-81.45718603931972,-62.50575168150675,-5.061697462583361,-6.922680080793455,,
1780128061,915852462,right_base_cmd,right_joint_1,right_joint_2,right_joint_3,right_joint_4,right_joint_5,right_joint_6,right_joint_7,-84.9953151547339,-72.83146328941247,84.14882909766462,-81.48827807123946,-62.46550187380302,-5.038964904700087,-6.913492210743769,,
1780128061,924602039,right_base_cmd,right_joint_1,right_joint_2,right_joint_3,right_joint_4,right_joint_5,right_joint_6,right_joint_7,-84.99401470376196,-72.84287658963599,84.17724087408877,-81.51250357374171,-62.44948064256931,-5.040456573538101,-6.859744386092032,,
1780128061,934797384,right_base_cmd,right_joint_1,right_joint_2,right_joint_3,right_joint_4,right_joint_5,right_joint_6,right_joint_7,-85.0228921966403,-72.8374575714845,84.17768344474197,-81.54563113183487,-62.41963963306051,-5.015979198298446,-6.840379734716308,,
1780128061,944963126,right_base_cmd,right_joint_1,right_joint_2,right_joint_3,right_joint_4,right_joint_5,right_joint_6,right_joint_7,-85.03609173623025,-72.84472604854575,84.19103035323403,-81.57507729701844,-62.39871389918943,-5.002231448660432,-6.8061038370424995,,
1780128061,954590366,right_base_cmd,right_joint_1,right_joint_2,right_joint_3,right_joint_4,right_joint_5,right_joint_6,right_joint_7,-85.0668608253998,-72.84824744627879,84.2027427599966,-81.6076207166317,-62.37812503027499,-4.98406985113899,-6.789572929259592,,
1780128061,964710634,right_base_cmd,right_joint_1,right_joint_2,right_joint_3,right_joint_4,right_joint_5,right_joint_6,right_joint_7,-85.13261649043241,-72.87804498945759,84.24849370736578,-81.65775149182987,-62.38184352281178,-4.975261766075896,-6.78707082876123,,
1780128061,975095264,right_base_cmd,right_joint_1,right_joint_2,right_joint_3,right_joint_4,right_joint_5,right_joint_6,right_joint_7,-85.16571732633489,-72.89574823471703,84.27295181821316,-81.69058158410503,-62.37068781184661,-4.95470169869116,-6.78678117612931,,
1780128061,984915670,right_base_cmd,right_joint_1,right_joint_2,right_joint_3,right_joint_4,right_joint_5,right_joint_6,right_joint_7,-85.18216164345395,-72.9050321403479,84.28294651047278,-81.70183893775699,-62.35062967457776,-4.930682801951939,-6.801220553622343,,
1780128061,994916065,right_base_cmd,right_joint_1,right_joint_2,right_joint_3,right_joint_4,right_joint_5,right_joint_6,right_joint_7,-85.21944564527351,-72.93484159267241,84.3216999541493,-81.7356651623693,-62.35407672364346,-4.921533893739188,-6.807270443388646,,
1780128062,5305568,right_base_cmd,right_joint_1,right_joint_2,right_joint_3,right_joint_4,right_joint_5,right_joint_6,right_joint_7,-85.26519829834663,-72.94564726558924,84.34757606885634,-81.76790985053522,-62.34377431537524,-4.900396219547751,-6.8286823706269075,,
1780128062,14645606,right_base_cmd,right_joint_1,right_joint_2,right_joint_3,right_joint_4,right_joint_5,right_joint_6,right_joint_7,-85.36002832463518,-72.9561753401759,84.3929562271862,-81.8629851604335,-62.32529205296527,-4.8610154813290976,-6.829157009321833,,
1780128062,25152367,right_base_cmd,right_joint_1,right_joint_2,right_joint_3,right_joint_4,right_joint_5,right_joint_6,right_joint_7,-85.43415557786435,-72.93592278070004,84.38350488952173,-81.94097353364812,-62.27429146542954,-4.787730074991195,-6.84310626162484,,
1780128062,35665877,right_base_cmd,right_joint_1,right_joint_2,right_joint_3,right_joint_4,right_joint_5,right_joint_6,right_joint_7,-85.47926518798309,-72.9199634866779,84.3759199232833,-81.99062010539059,-62.22487610160965,-4.726360309541057,-6.8480416355032645,,
1780128062,45017123,right_base_cmd,right_joint_1,right_joint_2,right_joint_3,right_joint_4,right_joint_5,right_joint_6,right_joint_7,-85.5350724932234,-72.9020416202488,84.36060009874726,-82.03379413918357,-62.17137825835522,-4.663655490511694,-6.875098965169585,,
1780128062,55507649,right_base_cmd,right_joint_1,right_joint_2,right_joint_3,right_joint_4,right_joint_5,right_joint_6,right_joint_7,-85.57881082648069,-72.90114853808895,84.36595666285072,-82.07737470489384,-62.12957578376785,-4.616320928149143,-6.881207432010299,,
1780128062,64456293,right_base_cmd,right_joint_1,right_joint_2,right_joint_3,right_joint_4,right_joint_5,right_joint_6,right_joint_7,-85.6332491680013,-72.94682626236239,84.44530382031652,-82.13985395001437,-62.11889018586862,-4.610849199507236,-6.857407682714054,,
1780128062,74553854,right_base_cmd,right_joint_1,right_joint_2,right_joint_3,right_joint_4,right_joint_5,right_joint_6,right_joint_7,-85.67187838852297,-72.99893380671416,84.50341154477437,-82.16526002413464,-62.113507525642945,-4.608066677273818,-6.863170355038861,,
1780128062,84473638,right_base_cmd,right_joint_1,right_joint_2,right_joint_3,right_joint_4,right_joint_5,right_joint_6,right_joint_7,-85.70622524114052,-73.03920011334976,84.56045437754389,-82.19905027025631,-62.098312452462665,-4.610416412954969,-6.858286867290545,,
1780128062,94594253,right_base_cmd,right_joint_1,right_joint_2,right_joint_3,right_joint_4,right_joint_5,right_joint_6,right_joint_7,-85.74500735097152,-73.06911749857495,84.60603635079437,-82.22719673974565,-62.08116110400158,-4.60757886969315,-6.8641795653201285,,
1780128062,105992598,right_base_cmd,right_joint_1,right_joint_2,right_joint_3,right_joint_4,right_joint_5,right_joint_6,right_joint_7,-85.81283342054084,-73.10476868752808,84.66521827996652,-82.26488205741283,-62.074577022809194,-4.612610408090738,-6.882936727429652,,
1780128062,114377804,right_base_cmd,right_joint_1,right_joint_2,right_joint_3,right_joint_4,right_joint_5,right_joint_6,right_joint_7,-85.91896494150146,-73.10150838177874,84.7115629971905,-82.34390366608655,-62.01360449288052,-4.569279256834413,-6.9012806352181,,
1780128062,124379976,right_base_cmd,right_joint_1,right_joint_2,right_joint_3,right_joint_4,right_joint_5,right_joint_6,right_joint_7,-85.97755183331262,-73.1030230195225,84.72972112743466,-82.37325594346147,-61.95260480065622,-4.512284960367985,-6.922229023110518,,
1780128062,134826926,right_base_cmd,right_joint_1,right_joint_2,right_joint_3,right_joint_4,right_joint_5,right_joint_6,right_joint_7,-86.01095806547139,-73.11356769141044,84.73843992978627,-82.39878806727076,-61.90432470193838,-4.456548122026099,-6.920953132150274,,
1780128062,144632078,right_base_cmd,right_joint_1,right_joint_2,right_joint_3,right_joint_4,right_joint_5,right_joint_6,right_joint_7,-86.05761441954243,-73.14831555122613,84.76431579394912,-82.42431134671473,-61.88460327410371,-4.428267670986024,-6.917673318174266,,
1780128062,154472519,right_base_cmd,right_joint_1,right_joint_2,right_joint_3,right_joint_4,right_joint_5,right_joint_6,right_joint_7,-86.08434074820238,-73.20117398549111,84.80753690931894,-82.43367920807891,-61.880671913981075,-4.427200579384696,-6.896092129123886,,
1780128062,165248697,right_base_cmd,right_joint_1,right_joint_2,right_joint_3,right_joint_4,right_joint_5,right_joint_6,right_joint_7,-86.08353915526905,-73.30970019168423,84.91145946295902,-82.4049107620988,-61.91599260454689,-4.49171413257789,-6.859790364835831,,
1780128062,174605246,right_base_cmd,right_joint_1,right_joint_2,right_joint_3,right_joint_4,right_joint_5,right_joint_6,right_joint_7,-86.09704400029327,-73.36175406415516,84.95242636306435,-82.401286551443,-61.894672221691735,-4.508061231874187,-6.851792012804438,,
1780128062,184621204,right_base_cmd,right_joint_1,right_joint_2,right_joint_3,right_joint_4,right_joint_5,right_joint_6,right_joint_7,-86.09134771109362,-73.38802617606844,84.97174802127037,-82.38792357688614,-61.8584074617292,-4.5150030161580545,-6.851493452079481,,
1780128062,194733612,right_base_cmd,right_joint_1,right_joint_2,right_joint_3,right_joint_4,right_joint_5,right_joint_6,right_joint_7,-86.09858635158386,-73.40749742481081,84.98792072133315,-82.38282602969839,-61.82915856103489,-4.51704289346133,-6.860274668875448,,
1780128062,204301109,right_base_cmd,right_joint_1,right_joint_2,right_joint_3,right_joint_4,right_joint_5,right_joint_6,right_joint_7,-86.10347253268478,-73.42568636624465,84.99429062502091,-82.35047499204042,-61.78884922963539,-4.522665023396762,-6.8919829303811895,,
1780128062,214545078,right_base_cmd,right_joint_1,right_joint_2,right_joint_3,right_joint_4,right_joint_5,right_joint_6,right_joint_7,-86.1002299962428,-73.50398651729735,85.05677741140917,-82.32999935007958,-61.8232397955457,-4.570446800422353,-6.873679224193566,,
1780128062,224796074,right_base_cmd,right_joint_1,right_joint_2,right_joint_3,right_joint_4,right_joint_5,right_joint_6,right_joint_7,-86.09473577765542,-73.50767774963897,85.05217320833444,-82.32364611389251,-61.79340840766065,-4.571063190197144,-6.87605591518691,,
1780128062,235094938,right_base_cmd,right_joint_1,right_joint_2,right_joint_3,right_joint_4,right_joint_5,right_joint_6,right_joint_7,-86.07248034168677,-73.5080936419625,85.04016089489718,-82.3067199525902,-61.77320829494971,-4.576917360499117,-6.878674705883228,,
1780128062,244875374,right_base_cmd,right_joint_1,right_joint_2,right_joint_3,right_joint_4,right_joint_5,right_joint_6,right_joint_7,-86.05040767056644,-73.51394713479938,85.04349822379797,-82.29340462847689,-61.77042865258983,-4.602946727029796,-6.8736191486696185,,
1780128062,254615083,right_base_cmd,right_joint_1,right_joint_2,right_joint_3,right_joint_4,right_joint_5,right_joint_6,right_joint_7,-86.02558227835775,-73.51096644965487,85.03288944573293,-82.27563443184432,-61.761996333316006,-4.623805456092946,-6.885083135679068,,
1780128062,264749881,right_base_cmd,right_joint_1,right_joint_2,right_joint_3,right_joint_4,right_joint_5,right_joint_6,right_joint_7,-85.98080129636057,-73.49902961239236,85.02224379057688,-82.24798957593954,-61.751637514833305,-4.653696135119326,-6.911524586250678,,
1780128062,274391445,right_base_cmd,right_joint_1,right_joint_2,right_joint_3,right_joint_4,right_joint_5,right_joint_6,right_joint_7,-85.96595541639871,-73.49483636316127,85.01220114526214,-82.22707863946484,-61.75071622537433,-4.682082214132144,-6.960485889573775,,
1780128062,284523557,right_base_cmd,right_joint_1,right_joint_2,right_joint_3,right_joint_4,right_joint_5,right_joint_6,right_joint_7,-85.94672871585519,-73.51710199767713,85.02747568590368,-82.20189079323411,-61.775648444576575,-4.729036172047522,-6.9880324828000795,,
1780128062,294657008,right_base_cmd,right_joint_1,right_joint_2,right_joint_3,right_joint_4,right_joint_5,right_joint_6,right_joint_7,-85.93146528295452,-73.5235538048528,85.02941127006179,-82.17988657643947,-61.779074083816624,-4.763280158438299,-7.0261064538168085,,
1780128062,304394717,right_base_cmd,right_joint_1,right_joint_2,right_joint_3,right_joint_4,right_joint_5,right_joint_6,right_joint_7,-85.88197989077051,-73.55471940024451,85.07362576906209,-82.13432642301042,-61.80393399722681,-4.8356268019811,-7.03302851228365,,
1780128062,314347427,right_base_cmd,right_joint_1,right_joint_2,right_joint_3,right_joint_4,right_joint_5,right_joint_6,right_joint_7,-85.84842004199791,-73.59364427978012,85.09698327576896,-82.08812392812793,-61.82206226038494,-4.8957135158929574,-7.086719877789179,,
1780128062,324690964,right_base_cmd,right_joint_1,right_joint_2,right_joint_3,right_joint_4,right_joint_5,right_joint_6,right_joint_7,-85.80687767563373,-73.62701210779836,85.1240730538955,-82.04421267460727,-61.83715214793784,-4.959225536960098,-7.1266500261476295,,
1780128062,334734608,right_base_cmd,right_joint_1,right_joint_2,right_joint_3,right_joint_4,right_joint_5,right_joint_6,right_joint_7,-85.77960501945276,-73.65596210123239,85.14266003429455,-82.00020140968333,-61.84467443854169,-5.015891644032472,-7.19030176276938,,
1780128062,344477408,right_base_cmd,right_joint_1,right_joint_2,right_joint_3,right_joint_4,right_joint_5,right_joint_6,right_joint_7,-85.76182785683213,-73.67843778398033,85.16276102642465,-81.95915419756763,-61.84685670110633,-5.070569639205921,-7.248585575529219,,
1780128062,354343024,right_base_cmd,right_joint_1,right_joint_2,right_joint_3,right_joint_4,right_joint_5,right_joint_6,right_joint_7,-85.75056644438789,-73.699800364593,85.18555910057623,-81.91714783640283,-61.83168678469269,-5.123117648370332,-7.322487115689356,,
1780128062,364314892,right_base_cmd,right_joint_1,right_joint_2,right_joint_3,right_joint_4,right_joint_5,right_joint_6,right_joint_7,-85.74762745386798,-73.69955711356972,85.18078954568179,-81.90197655722058,-61.80559047571205,-5.137642959020688,-7.373384666524217,,
1780128062,375224564,right_base_cmd,right_joint_1,right_joint_2,right_joint_3,right_joint_4,right_joint_5,right_joint_6,right_joint_7,-85.73794612277865,-73.6650468141794,85.16017863876098,-81.87700598514887,-61.73487544581917,-5.1344762336767005,-7.4349825933699805,,
1780128062,384700022,right_base_cmd,right_joint_1,right_joint_2,right_joint_3,right_joint_4,right_joint_5,right_joint_6,right_joint_7,-85.73526666502764,-73.67654907143562,85.1769932586283,-81.86369207785403,-61.71382847126432,-5.152456767134872,-7.466347717538113,,
1780128062,394621044,right_base_cmd,right_joint_1,right_joint_2,right_joint_3,right_joint_4,right_joint_5,right_joint_6,right_joint_7,-85.7451100541575,-73.66981808673803,85.1760018832334,-81.8519978064166,-61.67103687921974,-5.153454086641538,-7.509360947011558,,
1780128062,404555669,right_base_cmd,right_joint_1,right_joint_2,right_joint_3,right_joint_4,right_joint_5,right_joint_6,right_joint_7,-85.75806438320345,-73.67167053700565,85.19635326316049,-81.84573212194807,-61.64108701569785,-5.1614228244309786,-7.533599296094579,,
1780128062,415276302,right_base_cmd,right_joint_1,right_joint_2,right_joint_3,right_joint_4,right_joint_5,right_joint_6,right_joint_7,-85.81997470480204,-73.67398660108474,85.2406624747218,-81.85934647437456,-61.59536301865296,-5.16272527063483,-7.582713804404889,,
1780128062,424857927,right_base_cmd,right_joint_1,right_joint_2,right_joint_3,right_joint_4,right_joint_5,right_joint_6,right_joint_7,-85.87033533340778,-73.66370274297726,85.27093841396831,-81.88864716736954,-61.53441729230485,-5.136478528270281,-7.614059409296104,,
1780128062,434589292,right_base_cmd,right_joint_1,right_joint_2,right_joint_3,right_joint_4,right_joint_5,right_joint_6,right_joint_7,-85.92687956269381,-73.65982990604785,85.29383038876145,-81.919839595174,-61.47532351620305,-5.090949909257738,-7.651443056436861,,
1780128062,444801323,right_base_cmd,right_joint_1,right_joint_2,right_joint_3,right_joint_4,right_joint_5,right_joint_6,right_joint_7,-85.97687008140011,-73.65029142431031,85.30048694900736,-81.93984055559947,-61.407304093845426,-5.032335437514227,-7.700474820547996,,
1780128062,454528426,right_base_cmd,right_joint_1,right_joint_2,right_joint_3,right_joint_4,right_joint_5,right_joint_6,right_joint_7,-86.03024881384741,-73.65859692939115,85.32711293209971,-81.9686317351915,-61.35902182675278,-4.979243765227515,-7.731404227029046,,
1780128062,464436287,right_base_cmd,right_joint_1,right_joint_2,right_joint_3,right_joint_4,right_joint_5,right_joint_6,right_joint_7,-86.08711294901903,-73.70222937958216,85.39858407188089,-81.99085965663956,-61.34449375940875,-4.957003672261173,-7.7383310143840305,,
1780128062,474677125,right_base_cmd,right_joint_1,right_joint_2,right_joint_3,right_joint_4,right_joint_5,right_joint_6,right_joint_7,-86.11448654540581,-73.7420730654347,85.43892634662191,-82.00541597172788,-61.33455083574131,-4.92022343380318,-7.733429927864748,,
1780128062,484514193,right_base_cmd,right_joint_1,right_joint_2,right_joint_3,right_joint_4,right_joint_5,right_joint_6,right_joint_7,-86.12596990526484,-73.79613107342261,85.50137265174075,-81.99856803013428,-61.350703569843006,-4.917250287191671,-7.720747189482509,,
1780128062,494831540,right_base_cmd,right_joint_1,right_joint_2,right_joint_3,right_joint_4,right_joint_5,right_joint_6,right_joint_7,-86.1495853245332,-73.85935028758372,85.57125670824618,-82.01081864473555,-61.38521912882618,-4.916173452966511,-7.704181482724508,,
1780128062,504847299,right_base_cmd,right_joint_1,right_joint_2,right_joint_3,right_joint_4,right_joint_5,right_joint_6,right_joint_7,-86.16512758491919,-73.93088906492967,85.64840081632784,-82.0108436490117,-61.42174038031595,-4.913156313928532,-7.708199124325702,,
1780128062,514443596,right_base_cmd,right_joint_1,right_joint_2,right_joint_3,right_joint_4,right_joint_5,right_joint_6,right_joint_7,-86.16554218985814,-73.95051894642718,85.64944083368172,-82.00818772213087,-61.40181174345281,-4.864815190893232,-7.737661890377311,,
1780128062,524445654,right_base_cmd,right_joint_1,right_joint_2,right_joint_3,right_joint_4,right_joint_5,right_joint_6,right_joint_7,-86.12581964304493,-73.98107500806232,85.66852515898606,-81.98070950666933,-61.3918854716037,-4.857037634190355,-7.737431658050369,,
1780128062,535162626,right_base_cmd,right_joint_1,right_joint_2,right_joint_3,right_joint_4,right_joint_5,right_joint_6,right_joint_7,-86.10890156882962,-73.9979146308893,85.65627341364282,-81.96470841266093,-61.364333312589,-4.836185896683496,-7.765306352671033,,
1780128062,544894654,right_base_cmd,right_joint_1,right_joint_2,right_joint_3,right_joint_4,right_joint_5,right_joint_6,right_joint_7,-86.09555155848167,-74.03095880459223,85.6774076967732,-81.94515575956281,-61.357285937432835,-4.85322148874382,-7.7832756693000675,,
1780128062,554688583,right_base_cmd,right_joint_1,right_joint_2,right_joint_3,right_joint_4,right_joint_5,right_joint_6,right_joint_7,-86.05928134766785,-74.05496104807095,85.67227459689505,-81.91993636695402,-61.31784368634362,-4.8598875913767685,-7.81347329094514,,
1780128062,564587328,right_base_cmd,right_joint_1,right_joint_2,right_joint_3,right_joint_4,right_joint_5,right_joint_6,right_joint_7,-86.04309497225412,-74.10479228128533,85.71683789091261,-81.89537642717961,-61.32359421478861,-4.910215530761597,-7.840721103870649,,
1780128062,574440383,right_base_cmd,right_joint_1,right_joint_2,right_joint_3,right_joint_4,right_joint_5,right_joint_6,right_joint_7,-86.02708160339657,-74.11012070798786,85.71423102523855,-81.87806316345832,-61.29042308263661,-4.922209218049538,-7.887550906480058,,
1780128062,584470848,right_base_cmd,right_joint_1,right_joint_2,right_joint_3,right_joint_4,right_joint_5,right_joint_6,right_joint_7,-86.02497781872327,-74.09686826266223,85.69853756171878,-81.86427476252994,-61.24868670269598,-4.922265190096759,-7.950954278545922,,
1780128062,595063157,right_base_cmd,right_joint_1,right_joint_2,right_joint_3,right_joint_4,right_joint_5,right_joint_6,right_joint_7,-86.01019758707807,-74.08512850552792,85.68916394755465,-81.84517118526533,-61.221843578651146,-4.921360328007829,-8.00829211355439,,
1780128062,604390592,right_base_cmd,right_joint_1,right_joint_2,right_joint_3,right_joint_4,right_joint_5,right_joint_6,right_joint_7,-85.99411271965553,-74.07737741396598,85.70450939789382,-81.84525956839418,-61.21322311201732,-4.920333633683008,-8.05746357000767,,
1780128062,614615751,right_base_cmd,right_joint_1,right_joint_2,right_joint_3,right_joint_4,right_joint_5,right_joint_6,right_joint_7,-85.98355892739713,-74.04299169607584,85.67257915603867,-81.82790157823702,-61.17971332510831,-4.888245749949071,-8.14260432276184,,
1780128062,626907601,right_base_cmd,right_joint_1,right_joint_2,right_joint_3,right_joint_4,right_joint_5,right_joint_6,right_joint_7,-85.95340200208935,-74.03505510238479,85.67687983091335,-81.8038130021513,-61.17573008735093,-4.882149960216502,-8.186207167320063,,
1780128062,634868162,right_base_cmd,right_joint_1,right_joint_2,right_joint_3,right_joint_4,right_joint_5,right_joint_6,right_joint_7,-85.94649478496169,-74.02818976682114,85.67068594542278,-81.78969553888705,-61.17319552933998,-4.8705779071411754,-8.237988256739541,,
1780128062,645058827,right_base_cmd,right_joint_1,right_joint_2,right_joint_3,right_joint_4,right_joint_5,right_joint_6,right_joint_7,-85.93236100283266,-74.03887029768642,85.70018339220783,-81.78654289945764,-61.18729215315392,-4.886411200447121,-8.251736178167121,,
1780128062,654303938,right_base_cmd,right_joint_1,right_joint_2,right_joint_3,right_joint_4,right_joint_5,right_joint_6,right_joint_7,-85.92962990801126,-74.02179675794078,85.68986940738895,-81.77907456016938,-61.16397565870693,-4.878406920568857,-8.3001905646329,,
1780128062,664515183,right_base_cmd,right_joint_1,right_joint_2,right_joint_3,right_joint_4,right_joint_5,right_joint_6,right_joint_7,-85.92926043706498,-74.01542401007266,85.68137925483344,-81.77072877358093,-61.14636089240253,-4.869895364789947,-8.348216367997296,,
1780128062,674558665,right_base_cmd,right_joint_1,right_joint_2,right_joint_3,right_joint_4,right_joint_5,right_joint_6,right_joint_7,-85.9203158908492,-74.00298968639818,85.66306098642107,-81.75765965536421,-61.11878743162566,-4.858357271906918,-8.392690716333746,,
1780128062,684561708,right_base_cmd,right_joint_1,right_joint_2,right_joint_3,right_joint_4,right_joint_5,right_joint_6,right_joint_7,-85.88493199957972,-73.9824526996053,85.64689232560463,-81.73175009000751,-61.084572314082095,-4.852205857594747,-8.428207242419731,,
1780128062,694757415,right_base_cmd,right_joint_1,right_joint_2,right_joint_3,right_joint_4,right_joint_5,right_joint_6,right_joint_7,-85.87147408596567,-73.9691017484865,85.62840832064208,-81.71756941944689,-61.061242296420005,-4.8450927965030175,-8.472149911329623,,
1780128062,704432679,right_base_cmd,right_joint_1,right_joint_2,right_joint_3,right_joint_4,right_joint_5,right_joint_6,right_joint_7,-85.86109027989804,-73.97295981176838,85.63520716136381,-81.69458298867109,-61.05948672567462,-4.863956851185314,-8.519657838073513,,
1780128062,714793159,right_base_cmd,right_joint_1,right_joint_2,right_joint_3,right_joint_4,right_joint_5,right_joint_6,right_joint_7,-85.84617267504873,-73.97136293548182,85.64814456497666,-81.6827046692169,-61.05746389400389,-4.87886863231045,-8.563160733235932,,
1780128062,724964220,right_base_cmd,right_joint_1,right_joint_2,right_joint_3,right_joint_4,right_joint_5,right_joint_6,right_joint_7,-85.80923816111866,-73.9894251435734,85.67250831164418,-81.65081162680708,-61.07685299992312,-4.904101840854871,-8.588790446018052,,
1780128062,734725118,right_base_cmd,right_joint_1,right_joint_2,right_joint_3,right_joint_4,right_joint_5,right_joint_6,right_joint_7,-85.79684795037335,-73.99563811451095,85.67734710319033,-81.63204002601294,-61.08511705686948,-4.9130100195919155,-8.633572134301701,,
1780128062,745321944,right_base_cmd,right_joint_1,right_joint_2,right_joint_3,right_joint_4,right_joint_5,right_joint_6,right_joint_7,-85.78501634532634,-74.00923010359305,85.68893065548176,-81.61268104265947,-61.09762062739969,-4.929081337906943,-8.676478229154625,,
1780128062,754323915,right_base_cmd,right_joint_1,right_joint_2,right_joint_3,right_joint_4,right_joint_5,right_joint_6,right_joint_7,-85.76288829102131,-74.01569083997846,85.66870544908849,-81.5721748435392,-61.093507290140224,-4.92958051079858,-8.788317309497657,,
1780128062,764643362,right_base_cmd,right_joint_1,right_joint_2,right_joint_3,right_joint_4,right_joint_5,right_joint_6,right_joint_7,-85.71984607842856,-74.03101366967583,85.67481966489814,-81.5226148207969,-61.09795234339748,-4.957943742943364,-8.880127330767905,,
