0,-0.06987754255533218,0.9722372889518738,-0.2233198583126068,0.0,0.0,0.0
0,-0.06959163397550583,0.9722803235054016,-0.22322185337543488,0.0,0.0,0.0
0,-0.06976883858442307,0.9722820520401001,-0.223159059882164,0.0,0.0,0.0
0,-0.06984080374240875,0.9722392559051514,-0.22332294285297394,0.0,0.0,0.0
0,-0.06949572265148163,0.9723034501075745,-0.22315102815628052,0.0,0.0,0.0
0,-0.06943271309137344,0.9723007678985596,-0.2231823354959488,0.0,0.0,0.0
0,-0.06950686126947403,0.9722945094108582,-0.22318635880947113,0.0,0.0,0.0
0,-0.06921795010566711,0.9723101854324341,-0.22320792078971863,0.0,0.0,0.0
0,-0.06915777176618576,0.9723244905471802,-0.22316429018974304,0.0,0.0,0.0
0,-0.06928727775812149,0.9723485708236694,-0.22301919758319855,0.0,0.0,0.0
0,-0.06903528422117233,0.9723970890045166,-0.2228856235742569,0.0,0.0,0.0
0,-0.06886336952447891,0.9724512696266174,-0.2227025181055069,0.0,0.0,0.0
0,-0.06881248950958252,0.9724875092506409,-0.22255992889404297,0.0,0.0,0.0
0,-0.06854705512523651,0.9725598096847534,-0.22232568264007568,0.0,0.0,0.0
0,-0.06827481836080551,0.9726265668869019,-0.22211724519729614,0.0,0.0,0.0
0,-0.0680302307009697,0.9726289510726929,-0.22218205034732819,0.0,0.0,0.0
0,-0.06786465644836426,0.9726752042770386,-0.22203007340431213,0.0,0.0,0.0
0,-0.06769595295190811,0.9726830720901489,-0.22204719483852386,0.0,0.0,0.0
0,-0.06754468381404877,0.9727146625518799,-0.22195470333099365,0.0,0.0,0.0
0,-0.06760948896408081,0.9728421568870544,-0.22137542068958282,0.0,0.0,0.0
0,-0.06762195378541946,0.9728803038597107,-0.22120393812656403,0.0,0.0,0.0
0,-0.06751569360494614,0.9729195833206177,-0.22106368839740753,0.0,0.0,0.0
0,-0.06770119071006775,0.9729357361793518,-0.2209358513355255,0.0,0.0,0.0
0,-0.06758958846330643,0.9729772210121155,-0.22078706324100494,0.0,0.0,0.0
0,-0.06720206886529922,0.9729918241500854,-0.22084122896194458,0.0,0.0,0.0
0,-0.06695406883955002,0.9729992747306824,-0.22088350355625153,0.0,0.0,0.0
0,-0.06671679764986038,0.9730080962181091,-0.22091664373874664,0.0,0.0,0.0
0,-0.06658461689949036,0.9730116128921509,-0.220940962433815,0.0,0.0,0.0
0,-0.06628256291151047,0.9730841517448425,-0.22071217000484467,0.0,0.0,0.0
0,-0.06603167206048965,0.9731481075286865,-0.22050531208515167,0.0,0.0,0.0
0,-0.06603167206048965,0.9731481075286865,-0.22050531208515167,0.0,0.0,0.0
0,-0.06547258794307709,0.9732869267463684,-0.2200588434934616,0.0,0.0,0.0
0,-0.065154068171978,0.9733648896217346,-0.21980848908424377,0.0,0.0,0.0
0,-0.06456230580806732,0.9734548330307007,-0.21958452463150024,0.0,0.0,0.0
0,-0.06381469964981079,0.973654568195343,-0.21891652047634125,0.0,0.0,0.0
0,-0.06369052082300186,0.9737371802330017,-0.21858493983745575,0.0,0.0,0.0
0,-0.06358498334884644,0.9738309979438782,-0.21819740533828735,0.0,0.0,0.0
0,-0.063713438808918,0.9738930463790894,-0.21788285672664642,0.0,0.0,0.0
0,-0.06400459259748459,0.973966121673584,-0.21747058629989624,0.0,0.0,0.0
0,-0.06422186642885208,0.9741739630699158,-0.21647317707538605,0.0,0.0,0.0
0,-0.06422547996044159,0.974412202835083,-0.21539725363254547,0.0,0.0,0.0
0,-0.06399161368608475,0.9747151136398315,-0.2140922099351883,0.0,0.0,0.0
0,-0.06364279240369797,0.9750778079032898,-0.21253910660743713,0.0,0.0,0.0
0,-0.06353979557752609,0.9756453633308411,-0.20994946360588074,0.0,0.0,0.0
0,-0.06358280032873154,0.9758334159851074,-0.2090606838464737,0.0,0.0,0.0
0,-0.06392598897218704,0.9760525822639465,-0.20792993903160095,0.0,0.0,0.0
0,-0.06436208635568619,0.976334273815155,-0.2064676433801651,0.0,0.0,0.0
0,-0.06468631327152252,0.9766351580619812,-0.20493756234645844,0.0,0.0,0.0
0,-0.0653112605214119,0.9769455194473267,-0.20325332880020142,0.0,0.0,0.0
0,-0.06733577698469162,0.9773799777030945,-0.2004852145910263,0.0,0.0,0.0
0,-0.06817255914211273,0.9775190353393555,-0.19952191412448883,0.0,0.0,0.0
0,-0.0687631145119667,0.9776620864868164,-0.19861628115177155,0.0,0.0,0.0
0,-0.06958547979593277,0.9777956604957581,-0.19767029583454132,0.0,0.0,0.0
0,-0.07034357637166977,0.9781409502029419,-0.19568361341953278,0.0,0.0,0.0
0,-0.0702025443315506,0.978415310382843,-0.19435817003250122,0.0,0.0,0.0
0,-0.06969329714775085,0.9787448048591614,-0.1928766816854477,0.0,0.0,0.0
0,-0.06930233538150787,0.9790257215499878,-0.19158779084682465,0.0,0.0,0.0
0,-0.06927865743637085,0.9792313575744629,-0.19054251909255981,0.0,0.0,0.0
0,-0.0689506083726883,0.9795138835906982,-0.18920467793941498,0.0,0.0,0.0
0,-0.0675545260310173,0.9802294969558716,-0.18597444891929626,0.0,0.0,0.0
0,-0.0664345845580101,0.9805866479873657,-0.18448932468891144,0.0,0.0,0.0
0,-0.06512951105833054,0.980953574180603,-0.1829979568719864,0.0,0.0,0.0
0,-0.06375446170568466,0.981311023235321,-0.18156017363071442,0.0,0.0,0.0
0,-0.060484629124403,0.9819581508636475,-0.17916429042816162,0.0,0.0,0.0
0,-0.0585891418159008,0.9822983145713806,-0.17792491614818573,0.0,0.0,0.0
0,-0.056916434317827225,0.9825814366340637,-0.1769016832113266,0.0,0.0,0.0
0,-0.055349983274936676,0.9828449487686157,-0.17593224346637726,0.0,0.0,0.0
0,-0.05428609624505043,0.9830163717269897,-0.17530491948127747,0.0,0.0,0.0
0,-0.052984144538640976,0.9832446575164795,-0.17442066967487335,0.0,0.0,0.0
0,-0.051225773990154266,0.9835519194602966,-0.17320969700813293,0.0,0.0,0.0
0,-0.05017942562699318,0.9836887717247009,-0.17273811995983124,0.0,0.0,0.0
0,-0.049307115375995636,0.9837736487388611,-0.17250554263591766,0.0,0.0,0.0
0,-0.048400308936834335,0.9838481545448303,-0.1723373532295227,0.0,0.0,0.0
0,-0.04688825085759163,0.9839175343513489,-0.17235949635505676,0.0,0.0,0.0
0,-0.04670627415180206,0.9838687181472778,-0.1726871281862259,0.0,0.0,0.0
0,-0.04729708656668663,0.9837964177131653,-0.17293806374073029,0.0,0.0,0.0
0,-0.047792188823223114,0.9837446212768555,-0.1730967015028,0.0,0.0,0.0
0,-0.04904261603951454,0.9835938811302185,-0.17360267043113708,0.0,0.0,0.0
0,-0.04961070790886879,0.9835468530654907,-0.17370784282684326,0.0,0.0,0.0
0,-0.05130442604422569,0.9832783341407776,-0.17473292350769043,0.0,0.0,0.0
0,-0.05214746668934822,0.9830666184425354,-0.17567193508148193,0.0,0.0,0.0
0,-0.05228431150317192,0.9829835295677185,-0.17609575390815735,0.0,0.0,0.0
0,-0.05232841148972511,0.9829004406929016,-0.1765458881855011,0.0,0.0,0.0
0,-0.052284762263298035,0.9828569889068604,-0.17680072784423828,0.0,0.0,0.0
0,-0.05175120383501053,0.9826597571372986,-0.17804935574531555,0.0,0.0,0.0
0,-0.05159435421228409,0.9826049208641052,-0.17839741706848145,0.0,0.0,0.0
0,-0.05155737325549126,0.9825148582458496,-0.17890334129333496,0.0,0.0,0.0
0,-0.05193712189793587,0.9824164509773254,-0.17933331429958344,0.0,0.0,0.0
0,-0.05202279984951019,0.9823469519615173,-0.17968879640102386,0.0,0.0,0.0
0,-0.051669903099536896,0.9822069406509399,-0.18055401742458344,0.0,0.0,0.0
0,-0.0505966953933239,0.9822176694869995,-0.18079951405525208,0.0,0.0,0.0
0,-0.04954194277524948,0.9822148084640503,-0.18110670149326324,0.0,0.0,0.0
0,-0.0486946739256382,0.9822261929512024,-0.18127477169036865,0.0,0.0,0.0
0,-0.048453863710165024,0.9821817874908447,-0.1815796047449112,0.0,0.0,0.0
0,-0.04819970205426216,0.982189416885376,-0.18160611391067505,0.0,0.0,0.0
0,-0.04814743623137474,0.9822404384613037,-0.1813436895608902,0.0,0.0,0.0
0,-0.04799005389213562,0.9823316931724548,-0.18089072406291962,0.0,0.0,0.0
0,-0.0474306121468544,0.9824591875076294,-0.18034477531909943,0.0,0.0,0.0
0,-0.046994537115097046,0.9825737476348877,-0.17983423173427582,0.0,0.0,0.0
0,-0.046360962092876434,0.9827672243118286,-0.17893913388252258,0.0,0.0,0.0
0,-0.04598433896899223,0.9828144907951355,-0.1787767857313156,0.0,0.0,0.0
0,-0.045683685690164566,0.9828851819038391,-0.17846503853797913,0.0,0.0,0.0
0,-0.045400287955999374,0.9829849004745483,-0.1779874563217163,0.0,0.0,0.0
0,-0.04506971687078476,0.9831690788269043,-0.17705149948596954,0.0,0.0,0.0
0,-0.044706493616104126,0.983243465423584,-0.1767304390668869,0.0,0.0,0.0
0,-0.04442616552114487,0.9833376407623291,-0.17627638578414917,0.0,0.0,0.0
0,-0.04409949854016304,0.9834508299827576,-0.17572610080242157,0.0,0.0,0.0
0,-0.04396620765328407,0.9835200309753418,-0.17537182569503784,0.0,0.0,0.0
0,-0.043632473796606064,0.9836452007293701,-0.17475204169750214,0.0,0.0,0.0
0,-0.04315157234668732,0.9838629961013794,-0.1736421138048172,0.0,0.0,0.0
0,-0.04293070733547211,0.9839847683906555,-0.1730056256055832,0.0,0.0,0.0
0,-0.04309921711683273,0.984074056148529,-0.17245490849018097,0.0,0.0,0.0
0,-0.043151143938302994,0.9841514229774475,-0.17200002074241638,0.0,0.0,0.0
0,-0.04322635754942894,0.98421710729599,-0.171604722738266,0.0,0.0,0.0
0,-0.04270811378955841,0.9843936562538147,-0.1707194447517395,0.0,0.0,0.0
0,-0.04246434196829796,0.9844801425933838,-0.1702810674905777,0.0,0.0,0.0
0,-0.042045846581459045,0.9845605492591858,-0.16991975903511047,0.0,0.0,0.0
0,-0.04190743342041969,0.9846235513687134,-0.16958841681480408,0.0,0.0,0.0
0,-0.041417721658945084,0.9847424030303955,-0.16901777684688568,0.0,0.0,0.0
0,-0.04124865680932999,0.9847775101661682,-0.16885434091091156,0.0,0.0,0.0
0,-0.0410558246076107,0.984809935092926,-0.16871212422847748,0.0,0.0,0.0
0,-0.04100043326616287,0.9847924709320068,-0.16882745921611786,0.0,0.0,0.0
0,-0.04103420674800873,0.9847908616065979,-0.16882877051830292,0.0,0.0,0.0
0,-0.04123290628194809,0.9847227334976196,-0.16917745769023895,0.0,0.0,0.0
0,-0.04184383526444435,0.9846335053443909,-0.16954632103443146,0.0,0.0,0.0
0,-0.04208795353770256,0.9845644235610962,-0.16988679766654968,0.0,0.0,0.0
0,-0.04223839193582535,0.9844509959220886,-0.17050544917583466,0.0,0.0,0.0
0,-0.04240965470671654,0.9843050241470337,-0.1713038831949234,0.0,0.0,0.0
0,-0.04336065426468849,0.9839955568313599,-0.17283684015274048,0.0,0.0,0.0
0,-0.04363901913166046,0.9837966561317444,-0.17389574646949768,0.0,0.0,0.0
0,-0.04395753890275955,0.9836088418960571,-0.174875408411026,0.0,0.0,0.0
0,-0.044596944004297256,0.983390212059021,-0.1759398877620697,0.0,0.0,0.0
0,-0.04539185017347336,0.9831681251525879,-0.17697472870349884,0.0,0.0,0.0
0,-0.04720094054937363,0.9826922416687012,-0.1791313737630844,0.0,0.0,0.0
0,-0.048089127987623215,0.982488751411438,-0.18000905215740204,0.0,0.0,0.0
0,-0.04877078905701637,0.9822745323181152,-0.1809919774532318,0.0,0.0,0.0
0,-0.049406010657548904,0.9820415377616882,-0.18208102881908417,0.0,0.0,0.0
0,-0.049966633319854736,0.9818328619003296,-0.1830507218837738,0.0,0.0,0.0
0,-0.05128783360123634,0.9813058972358704,-0.18549485504627228,0.0,0.0,0.0
0,-0.05238722264766693,0.9810067415237427,-0.18676549196243286,0.0,0.0,0.0
0,-0.05361449345946312,0.9807204604148865,-0.18791715800762177,0.0,0.0,0.0
0,-0.055168602615594864,0.9803811311721802,-0.1892334669828415,0.0,0.0,0.0
0,-0.05680922791361809,0.9800364375114441,-0.1905289888381958,0.0,0.0,0.0
0,-0.05875009298324585,0.9795878529548645,-0.19223956763744354,0.0,0.0,0.0
0,-0.06222090125083923,0.9788095951080322,-0.1950906366109848,0.0,0.0,0.0
0,-0.06403779983520508,0.9784254431724548,-0.19642512500286102,0.0,0.0,0.0
0,-0.06565408408641815,0.9780324697494507,-0.1978434920310974,0.0,0.0,0.0
0,-0.06716866046190262,0.97764652967453,-0.19923758506774902,0.0,0.0,0.0
0,-0.06866447627544403,0.9772217869758606,-0.20080524682998657,0.0,0.0,0.0
0,-0.07164803147315979,0.9762846827507019,-0.2042909562587738,0.0,0.0,0.0
0,-0.07333943992853165,0.9758076667785645,-0.20596277713775635,0.0,0.0,0.0
0,-0.07492311298847198,0.9753201007843018,-0.20769505202770233,0.0,0.0,0.0
0,-0.07646794617176056,0.9748238921165466,-0.20945404469966888,0.0,0.0,0.0
0,-0.07792540639638901,0.9743366241455078,-0.2111770510673523,0.0,0.0,0.0
0,-0.08063890039920807,0.9732052087783813,-0.2153347283601761,0.0,0.0,0.0
0,-0.08148203790187836,0.9726788401603699,-0.2173856943845749,0.0,0.0,0.0
0,-0.08246981352567673,0.9721503257751465,-0.21936844289302826,0.0,0.0,0.0
0,-0.08311854302883148,0.971667468547821,-0.22125470638275146,0.0,0.0,0.0
0,-0.0838819295167923,0.9706425070762634,-0.2254260927438736,0.0,0.0,0.0
0,-0.0844903513789177,0.9700735211372375,-0.2276371866464615,0.0,0.0,0.0
0,-0.08518914133310318,0.9694746136665344,-0.22991693019866943,0.0,0.0,0.0
0,-0.08584102988243103,0.9689063429832458,-0.23205982148647308,0.0,0.0,0.0
0,-0.08651267737150192,0.9683336615562439,-0.23419104516506195,0.0,0.0,0.0
0,-0.08818971365690231,0.967022716999054,-0.23893438279628754,0.0,0.0,0.0
0,-0.08869828283786774,0.9663926959037781,-0.24128368496894836,0.0,0.0,0.0
0,-0.08944734185934067,0.9656598567962646,-0.24392664432525635,0.0,0.0,0.0
0,-0.09012683480978012,0.9649178981781006,-0.2465980499982834,0.0,0.0,0.0
0,-0.09084751456975937,0.9641237258911133,-0.24942374229431152,0.0,0.0,0.0
0,-0.09185291081666946,0.9634038805961609,-0.2518252730369568,0.0,0.0,0.0
0,-0.09273926168680191,0.9626818895339966,-0.25424981117248535,0.0,0.0,0.0
0,-0.09559831023216248,0.9611809253692627,-0.25882846117019653,0.0,0.0,0.0
0,-0.09793597459793091,0.9602632522583008,-0.2613484263420105,0.0,0.0,0.0
0,-0.0999346375465393,0.9595734477043152,-0.26311948895454407,0.0,0.0,0.0
0,-0.10475663095712662,0.957843005657196,-0.2675122916698456,0.0,0.0,0.0
0,-0.10687178373336792,0.9570433497428894,-0.26952996850013733,0.0,0.0,0.0
0,-0.1089925542473793,0.9562141299247742,-0.27161574363708496,0.0,0.0,0.0
0,-0.11113304644823074,0.9554126858711243,-0.2735617458820343,0.0,0.0,0.0
0,-0.11292798072099686,0.9546463489532471,-0.2754952013492584,0.0,0.0,0.0
0,-0.11646142601966858,0.9533372521400452,-0.2785404324531555,0.0,0.0,0.0
0,-0.1184348613023758,0.9526051878929138,-0.28020811080932617,0.0,0.0,0.0
0,-0.12073209136724472,0.9517062902450562,-0.282274454832077,0.0,0.0,0.0
0,-0.12299678474664688,0.9509209394454956,-0.28393855690956116,0.0,0.0,0.0
0,-0.12551948428153992,0.9501079320907593,-0.28555160760879517,0.0,0.0,0.0
0,-0.12767957150936127,0.9494158625602722,-0.28689274191856384,0.0,0.0,0.0
0,-0.13116011023521423,0.9483946561813354,-0.2886946499347687,0.0,0.0,0.0
0,-0.13267911970615387,0.9480103254318237,-0.2892622947692871,0.0,0.0,0.0
0,-0.13394592702388763,0.9476869702339172,-0.28973767161369324,0.0,0.0,0.0
0,-0.13525797426700592,0.9472307562828064,-0.29061853885650635,0.0,0.0,0.0
0,-0.13683229684829712,0.9468045830726624,-0.2912696599960327,0.0,0.0,0.0
0,-0.13853701949119568,0.9462002515792847,-0.2924254238605499,0.0,0.0,0.0
0,-0.14227136969566345,0.9450175166130066,-0.2944500148296356,0.0,0.0,0.0
0,-0.1441294550895691,0.9445047378540039,-0.29519057273864746,0.0,0.0,0.0
0,-0.145824134349823,0.9439222812652588,-0.2962195575237274,0.0,0.0,0.0
0,-0.1470877230167389,0.9435322880744934,-0.29683661460876465,0.0,0.0,0.0
0,-0.14909908175468445,0.9427714943885803,-0.29824715852737427,0.0,0.0,0.0
0,-0.14992904663085938,0.9424225091934204,-0.2989332377910614,0.0,0.0,0.0
0,-0.15084078907966614,0.9420451521873474,-0.29966312646865845,0.0,0.0,0.0
0,-0.15208490192890167,0.9416483044624329,-0.30028095841407776,0.0,0.0,0.0
0,-0.1545649617910385,0.9408007860183716,-0.3016678988933563,0.0,0.0,0.0
0,-0.1560194045305252,0.9402716159820557,-0.3025677502155304,0.0,0.0,0.0
0,-0.15759333968162537,0.939697802066803,-0.30353307723999023,0.0,0.0,0.0
0,-0.1588108241558075,0.9391660690307617,-0.3045426607131958,0.0,0.0,0.0
0,-0.16046512126922607,0.9384453296661377,-0.30589428544044495,0.0,0.0,0.0
0,-0.16237181425094604,0.9370930194854736,-0.3090178966522217,0.0,0.0,0.0
0,-0.16329041123390198,0.9363412857055664,-0.31080740690231323,0.0,0.0,0.0
0,-0.1640300154685974,0.9356392025947571,-0.3125275671482086,0.0,0.0,0.0
0,-0.16465617716312408,0.934982180595398,-0.3141602873802185,0.0,0.0,0.0
0,-0.16532622277736664,0.9342812299728394,-0.3158888816833496,0.0,0.0,0.0
0,-0.16629396378993988,0.9335151314735413,-0.3176410496234894,0.0,0.0,0.0
0,-0.16847670078277588,0.9316996335983276,-0.32179394364356995,0.0,0.0,0.0
0,-0.1693163812160492,0.9309731125831604,-0.32345181703567505,0.0,0.0,0.0
0,-0.1700756847858429,0.9301469922065735,-0.32542407512664795,0.0,0.0,0.0
0,-0.17056991159915924,0.929341733455658,-0.3274596333503723,0.0,0.0,0.0
0,-0.17148825526237488,0.9277828335762024,-0.33137717843055725,0.0,0.0,0.0
0,-0.17153982818126678,0.927140474319458,-0.33314356207847595,0.0,0.0,0.0
0,-0.17171509563922882,0.9264828562736511,-0.3348782956600189,0.0,0.0,0.0
0,-0.171792134642601,0.9257103800773621,-0.33696848154067993,0.0,0.0,0.0
0,-0.17208373546600342,0.9250932931900024,-0.33851078152656555,0.0,0.0,0.0
0,-0.17240457236766815,0.9244179725646973,-0.3401883542537689,0.0,0.0,0.0
0,-0.17310656607151031,0.9232200384140015,-0.34307271242141724,0.0,0.0,0.0
0,-0.1732465922832489,0.9227378964424133,-0.3442969024181366,0.0,0.0,0.0
0,-0.17320773005485535,0.9224255084991455,-0.34515249729156494,0.0,0.0,0.0
0,-0.1731683909893036,0.9221373200416565,-0.3459415137767792,0.0,0.0,0.0
0,-0.1731131672859192,0.9215857982635498,-0.34743547439575195,0.0,0.0,0.0
0,-0.1734003871679306,0.9212124347686768,-0.34828147292137146,0.0,0.0,0.0
0,-0.1737203449010849,0.9208711385726929,-0.34902381896972656,0.0,0.0,0.0
0,-0.17386604845523834,0.9205899834632874,-0.3496922254562378,0.0,0.0,0.0
0,-0.1740914136171341,0.9203203320503235,-0.3502894341945648,0.0,0.0,0.0
0,-0.1742010861635208,0.9201590418815613,-0.3506583273410797,0.0,0.0,0.0
0,-0.17406094074249268,0.9201793670654297,-0.3506745994091034,0.0,0.0,0.0
0,-0.17415761947631836,0.9202242493629456,-0.3505088686943054,0.0,0.0,0.0
0,-0.17432260513305664,0.9202871918678284,-0.35026153922080994,0.0,0.0,0.0
0,-0.17422924935817719,0.9204297661781311,-0.3499332368373871,0.0,0.0,0.0
0,-0.17435234785079956,0.9204569458961487,-0.34980031847953796,0.0,0.0,0.0
0,-0.1747322380542755,0.9204615950584412,-0.3495984971523285,0.0,0.0,0.0
0,-0.17458565533161163,0.9206550717353821,-0.3491620421409607,0.0,0.0,0.0
0,-0.17430725693702698,0.9208996295928955,-0.3486558198928833,0.0,0.0,0.0
0,-0.1742461919784546,0.9211515188217163,-0.3480202555656433,0.0,0.0,0.0
0,-0.17409728467464447,0.9213661551475525,-0.3475264012813568,0.0,0.0,0.0
0,-0.1742566078901291,0.9218228459358215,-0.34623292088508606,0.0,0.0,0.0
0,-0.1738068163394928,0.9221358299255371,-0.34562504291534424,0.0,0.0,0.0
0,-0.17356689274311066,0.9225224256515503,-0.3447127640247345,0.0,0.0,0.0
0,-0.17353910207748413,0.9228589534759521,-0.3438248932361603,0.0,0.0,0.0
0,-0.17317670583724976,0.9236471056938171,-0.34188568592071533,0.0,0.0,0.0
0,-0.1729484349489212,0.9240827560424805,-0.34082236886024475,0.0,0.0,0.0
0,-0.17270371317863464,0.9245104193687439,-0.3397851288318634,0.0,0.0,0.0
0,-0.17227046191692352,0.9250289797782898,-0.33859163522720337,0.0,0.0,0.0
0,-0.17200836539268494,0.925380527973175,-0.3377632796764374,0.0,0.0,0.0
0,-0.17168152332305908,0.9261667728424072,-0.3357686400413513,0.0,0.0,0.0
0,-0.17178446054458618,0.9264079928398132,-0.33504974842071533,0.0,0.0,0.0
0,-0.17207205295562744,0.9266471266746521,-0.3342399299144745,0.0,0.0,0.0
0,-0.17253676056861877,0.9269341230392456,-0.33320286870002747,0.0,0.0,0.0
0,-0.1728621870279312,0.9274066090583801,-0.3317161798477173,0.0,0.0,0.0
0,-0.17360292375087738,0.9284290075302124,-0.32845339179039,0.0,0.0,0.0
0,-0.1738695204257965,0.9288060665130615,-0.3272440433502197,0.0,0.0,0.0
0,-0.1741027683019638,0.9290466904640198,-0.32643595337867737,0.0,0.0,0.0
0,-0.1743275374174118,0.9292272329330444,-0.3258015215396881,0.0,0.0,0.0
0,-0.17463776469230652,0.9292139410972595,-0.32567328214645386,0.0,0.0,0.0
0,-0.17508465051651,0.9291314482688904,-0.32566866278648376,0.0,0.0,0.0
0,-0.17578764259815216,0.9292668700218201,-0.3249027132987976,0.0,0.0,0.0
0,-0.17613989114761353,0.929627001285553,-0.3236793577671051,0.0,0.0,0.0
0,-0.1762411743402481,0.9299774169921875,-0.32261601090431213,0.0,0.0,0.0
0,-0.17607726156711578,0.9304310083389282,-0.3213953375816345,0.0,0.0,0.0
0,-0.1755676567554474,0.9314289689064026,-0.3187728226184845,0.0,0.0,0.0
0,-0.1754572093486786,0.9316359758377075,-0.31822824478149414,0.0,0.0,0.0
0,-0.17492783069610596,0.9318670034408569,-0.31784293055534363,0.0,0.0,0.0
0,-0.17413493990898132,0.9320387244224548,-0.31777483224868774,0.0,0.0,0.0
0,-0.17353840172290802,0.932020366191864,-0.3181547522544861,0.0,0.0,0.0
0,-0.17309075593948364,0.9319307804107666,-0.3186607360839844,0.0,0.0,0.0
0,-0.17176324129104614,0.9322270750999451,-0.3185122013092041,0.0,0.0,0.0
0,-0.17115925252437592,0.9325575232505798,-0.3178694546222687,0.0,0.0,0.0
0,-0.16980063915252686,0.9332951307296753,-0.3164299726486206,0.0,0.0,0.0
0,-0.16837675869464874,0.9339263439178467,-0.3153265118598938,0.0,0.0,0.0
0,-0.16696584224700928,0.9344909191131592,-0.31440290808677673,0.0,0.0,0.0
0,-0.16390472650527954,0.9352312684059143,-0.3138115108013153,0.0,0.0,0.0
0,-0.16276371479034424,0.935286819934845,-0.3142395317554474,0.0,0.0,0.0
0,-0.16183285415172577,0.9352898001670837,-0.31471118330955505,0.0,0.0,0.0
0,-0.16090287268161774,0.9353774189949036,-0.3149275779724121,0.0,0.0,0.0
0,-0.1598392128944397,0.9355691075325012,-0.314899742603302,0.0,0.0,0.0
0,-0.15656112134456635,0.9369055032730103,-0.3125646114349365,0.0,0.0,0.0
0,-0.1547926962375641,0.9375888705253601,-0.31139418482780457,0.0,0.0,0.0
0,-0.15322566032409668,0.9381044507026672,-0.3106154203414917,0.0,0.0,0.0
0,-0.1517525315284729,0.9384959936141968,-0.31015545129776,0.0,0.0,0.0
0,-0.15037651360034943,0.9386647939682007,-0.310314804315567,0.0,0.0,0.0
0,-0.14833304286003113,0.9389402270317078,-0.31046512722969055,0.0,0.0,0.0
0,-0.14709773659706116,0.9393607974052429,-0.3097797632217407,0.0,0.0,0.0
0,-0.1456185132265091,0.9398834109306335,-0.30889225006103516,0.0,0.0,0.0
0,-0.14374034106731415,0.9408139586448669,-0.30693283677101135,0.0,0.0,0.0
0,-0.14071230590343475,0.9421707391738892,-0.3041617274284363,0.0,0.0,0.0
0,-0.13914966583251953,0.9427423477172852,-0.30310770869255066,0.0,0.0,0.0
0,-0.1376619040966034,0.9431575536727905,-0.30249473452568054,0.0,0.0,0.0
0,-0.13704697787761688,0.9431712627410889,-0.3027310371398926,0.0,0.0,0.0
0,-0.13602609932422638,0.9434187412261963,-0.30242013931274414,0.0,0.0,0.0
0,-0.13477212190628052,0.9439749121665955,-0.30124375224113464,0.0,0.0,0.0
0,-0.13477212190628052,0.9439749121665955,-0.30124375224113464,0.0,0.0,0.0
0,-0.13074934482574463,0.9457563161849976,-0.29740482568740845,0.0,0.0,0.0
0,-0.12917084991931915,0.9464104175567627,-0.29601049423217773,0.0,0.0,0.0
0,-0.12686659395694733,0.947477400302887,-0.29358384013175964,0.0,0.0,0.0
0,-0.1253289133310318,0.9481529593467712,-0.29205936193466187,0.0,0.0,0.0
0,-0.12448699027299881,0.948640763759613,-0.29083266854286194,0.0,0.0,0.0
0,-0.12446145713329315,0.9488041996955872,-0.29030999541282654,0.0,0.0,0.0
0,-0.1246548742055893,0.9489057660102844,-0.2898947596549988,0.0,0.0,0.0
0,-0.1246311366558075,0.9491676092147827,-0.2890465259552002,0.0,0.0,0.0
0,-0.12230955809354782,0.9508117437362671,-0.2846004366874695,0.0,0.0,0.0
0,-0.12097786366939545,0.9516008496284485,-0.28252461552619934,0.0,0.0,0.0
0,-0.11938922107219696,0.9523922801017761,-0.2805265784263611,0.0,0.0,0.0
0,-0.11839046329259872,0.9528802037239075,-0.27929022908210754,0.0,0.0,0.0
0,-0.11737503111362457,0.9534140229225159,-0.27789345383644104,0.0,0.0,0.0
0,-0.11638887226581573,0.9539614319801331,-0.27642586827278137,0.0,0.0,0.0
0,-0.11531314998865128,0.954795777797699,-0.2739851474761963,0.0,0.0,0.0
0,-0.11467424035072327,0.9554551243782043,-0.2719472348690033,0.0,0.0,0.0
0,-0.11450839787721634,0.9558199048042297,-0.2707326412200928,0.0,0.0,0.0
0,-0.11407234519720078,0.9564207792282104,-0.26878756284713745,0.0,0.0,0.0
0,-0.11315537244081497,0.9571523666381836,-0.26656174659729004,0.0,0.0,0.0
0,-0.11237579584121704,0.9585481286048889,-0.2618342936038971,0.0,0.0,0.0
0,-0.1126704141497612,0.9590114951133728,-0.2600044310092926,0.0,0.0,0.0
0,-0.11276796460151672,0.9595845341682434,-0.2578388452529907,0.0,0.0,0.0
0,-0.11427955329418182,0.9595994353294373,-0.25711682438850403,0.0,0.0,0.0
0,-0.11518096923828125,0.9599357843399048,-0.25545379519462585,0.0,0.0,0.0
0,-0.11645862460136414,0.9608725905418396,-0.25131890177726746,0.0,0.0,0.0
0,-0.11693496257066727,0.9613916277885437,-0.2491031438112259,0.0,0.0,0.0
0,-0.11705783754587173,0.9619333148002625,-0.2469448745250702,0.0,0.0,0.0
0,-0.11783868819475174,0.9622503519058228,-0.24533306062221527,0.0,0.0,0.0
0,-0.1187172681093216,0.9625896215438843,-0.2435721457004547,0.0,0.0,0.0
0,-0.12094929069280624,0.9627764225006104,-0.24172890186309814,0.0,0.0,0.0
0,-0.12229263037443161,0.9628779292106628,-0.24064618349075317,0.0,0.0,0.0
0,-0.1232118159532547,0.9630374908447266,-0.2395363599061966,0.0,0.0,0.0
0,-0.12388800829648972,0.963371753692627,-0.23783743381500244,0.0,0.0,0.0
0,-0.12389186024665833,0.9642370343208313,-0.23430265486240387,0.0,0.0,0.0
0,-0.12316936254501343,0.9647276401519775,-0.23265837132930756,0.0,0.0,0.0
0,-0.1230536475777626,0.965056836605072,-0.2313506305217743,0.0,0.0,0.0
0,-0.12319973856210709,0.9651712775230408,-0.23079466819763184,0.0,0.0,0.0
0,-0.12417254596948624,0.9651278257369995,-0.23045480251312256,0.0,0.0,0.0
0,-0.12581361830234528,0.964922308921814,-0.2304253876209259,0.0,0.0,0.0
0,-0.12699100375175476,0.9649845957756042,-0.22951695322990417,0.0,0.0,0.0
0,-0.12583601474761963,0.965345025062561,-0.22863568365573883,0.0,0.0,0.0
0,-0.1254214346408844,0.9655393362045288,-0.228042334318161,0.0,0.0,0.0
0,-0.1246214434504509,0.9657456278800964,-0.22760672867298126,0.0,0.0,0.0
0,-0.12346716225147247,0.9658669233322144,-0.2277211993932724,0.0,0.0,0.0
0,-0.12255014479160309,0.9660050868988037,-0.2276306003332138,0.0,0.0,0.0
0,-0.12196750193834305,0.9660765528678894,-0.22764013707637787,0.0,0.0,0.0
0,-0.12126892805099487,0.9661967158317566,-0.2275032103061676,0.0,0.0,0.0
0,-0.12071564793586731,0.9663065671920776,-0.2273309975862503,0.0,0.0,0.0
0,-0.11992496997117996,0.9664720296859741,-0.22704577445983887,0.0,0.0,0.0
0,-0.11854895204305649,0.9668011665344238,-0.2263662964105606,0.0,0.0,0.0
0,-0.11794938892126083,0.9669470191001892,-0.22605611383914948,0.0,0.0,0.0
0,-0.1177096739411354,0.9670324325561523,-0.2258155792951584,0.0,0.0,0.0
0,-0.11721883714199066,0.9672526121139526,-0.22512692213058472,0.0,0.0,0.0
0,-0.11579546332359314,0.9677697420120239,-0.22363606095314026,0.0,0.0,0.0
0,-0.11463017761707306,0.9681051969528198,-0.22278302907943726,0.0,0.0,0.0
0,-0.1136462464928627,0.9683769941329956,-0.22210480272769928,0.0,0.0,0.0
0,-0.11260571330785751,0.96867436170578,-0.22133667767047882,0.0,0.0,0.0
0,-0.11230748891830444,0.9688267707824707,-0.22082051634788513,0.0,0.0,0.0
0,-0.11182277649641037,0.9691951274871826,-0.21944577991962433,0.0,0.0,0.0
0,-0.11192808300256729,0.9693412780761719,-0.21874545514583588,0.0,0.0,0.0
0,-0.11203870922327042,0.9694742560386658,-0.21809853613376617,0.0,0.0,0.0
0,-0.11191240698099136,0.9696527123451233,-0.2173689305782318,0.0,0.0,0.0
0,-0.11185959726572037,0.9698284268379211,-0.21661071479320526,0.0,0.0,0.0
0,-0.11200428009033203,0.9700886607170105,-0.21536709368228912,0.0,0.0,0.0
0,-0.11219650506973267,0.9701896905899048,-0.21481142938137054,0.0,0.0,0.0
0,-0.11270128190517426,0.9701938629150391,-0.21452811360359192,0.0,0.0,0.0
0,-0.113047294318676,0.9702225923538208,-0.2142159342765808,0.0,0.0,0.0
0,-0.11339316517114639,0.9702421426773071,-0.2139444351196289,0.0,0.0,0.0
0,-0.11386867612600327,0.9702116847038269,-0.21382972598075867,0.0,0.0,0.0
0,-0.11538353562355042,0.9700841307640076,-0.21359631419181824,0.0,0.0,0.0
0,-0.11607006937265396,0.9699782729148865,-0.2137051820755005,0.0,0.0,0.0
0,-0.1166071742773056,0.9698963761329651,-0.21378447115421295,0.0,0.0,0.0
0,-0.11696074903011322,0.9698190689086914,-0.21394188702106476,0.0,0.0,0.0
0,-0.11732615530490875,0.9696749448776245,-0.21439479291439056,0.0,0.0,0.0
0,-0.117329902946949,0.9696061015129089,-0.2147037833929062,0.0,0.0,0.0
0,-0.11762206256389618,0.9694766402244568,-0.2151281088590622,0.0,0.0,0.0
0,-0.11798317730426788,0.9693546891212463,-0.21547958254814148,0.0,0.0,0.0
0,-0.11856073886156082,0.969229519367218,-0.2157255858182907,0.0,0.0,0.0
0,-0.11914586275815964,0.9690590500831604,-0.21616850793361664,0.0,0.0,0.0
0,-0.1198190376162529,0.9687574505805969,-0.2171461433172226,0.0,0.0,0.0
0,-0.12004179507493973,0.9686321020126343,-0.2175818681716919,0.0,0.0,0.0
0,-0.1202986016869545,0.9685001969337463,-0.21802672743797302,0.0,0.0,0.0
0,-0.12075597792863846,0.9683011174201965,-0.21865709125995636,0.0,0.0,0.0
0,-0.12126439064741135,0.9680803418159485,-0.21935230493545532,0.0,0.0,0.0
0,-0.12247584015130997,0.9676278829574585,-0.22067154943943024,0.0,0.0,0.0
0,-0.12343942373991013,0.967375636100769,-0.22123996913433075,0.0,0.0,0.0
0,-0.12413692474365234,0.9671578407287598,-0.2218010425567627,0.0,0.0,0.0
0,-0.12475518882274628,0.9669286012649536,-0.22245268523693085,0.0,0.0,0.0
0,-0.12561459839344025,0.9666868448257446,-0.2230190485715866,0.0,0.0,0.0
0,-0.1269160956144333,0.9662325382232666,-0.22424760460853577,0.0,0.0,0.0
0,-0.12784919142723083,0.9659507870674133,-0.22493042051792145,0.0,0.0,0.0
0,-0.12854766845703125,0.965669572353363,-0.2257382720708847,0.0,0.0,0.0
0,-0.1291731595993042,0.9653925895690918,-0.22656449675559998,0.0,0.0,0.0
0,-0.1297651082277298,0.9651528000831604,-0.22724680602550507,0.0,0.0,0.0
0,-0.13124102354049683,0.9645775556564331,-0.2288360893726349,0.0,0.0,0.0
0,-0.1320006102323532,0.9642854928970337,-0.229628786444664,0.0,0.0,0.0
0,-0.13296079635620117,0.9639434218406677,-0.23050913214683533,0.0,0.0,0.0
0,-0.13377150893211365,0.9636012315750122,-0.2314687967300415,0.0,0.0,0.0
0,-0.13481779396533966,0.963220477104187,-0.2324446439743042,0.0,0.0,0.0
0,-0.13714797794818878,0.9623157978057861,-0.2348162829875946,0.0,0.0,0.0
0,-0.1379597932100296,0.961932361125946,-0.23590926826000214,0.0,0.0,0.0
0,-0.13853760063648224,0.9615732431411743,-0.23703202605247498,0.0,0.0,0.0
0,-0.13888880610466003,0.9612014293670654,-0.23833109438419342,0.0,0.0,0.0
0,-0.13932466506958008,0.9607762098312378,-0.23978671431541443,0.0,0.0,0.0
0,-0.14015866816043854,0.9600287675857544,-0.24228140711784363,0.0,0.0,0.0
0,-0.14051181077957153,0.9596288204193115,-0.24365746974945068,0.0,0.0,0.0
0,-0.141177237033844,0.9591084122657776,-0.24531616270542145,0.0,0.0,0.0
0,-0.14174611866474152,0.95859694480896,-0.24698162078857422,0.0,0.0,0.0
0,-0.1425856053829193,0.9580284357070923,-0.24869835376739502,0.0,0.0,0.0
0,-0.14389117062091827,0.9569801092147827,-0.2519610524177551,0.0,0.0,0.0
0,-0.14445362985134125,0.9564757943153381,-0.25354912877082825,0.0,0.0,0.0
0,-0.14450277388095856,0.9561019539833069,-0.25492754578590393,0.0,0.0,0.0
0,-0.1446806788444519,0.9556665420532227,-0.2564546465873718,0.0,0.0,0.0
0,-0.1447593867778778,0.9552361369132996,-0.2580089569091797,0.0,0.0,0.0
0,-0.14492978155612946,0.9543055295944214,-0.2613356113433838,0.0,0.0,0.0
0,-0.14518053829669952,0.953812837600708,-0.26298987865448,0.0,0.0,0.0
0,-0.14548766613006592,0.9533029794692993,-0.26466354727745056,0.0,0.0,0.0
0,-0.14568597078323364,0.9527899026870728,-0.26639628410339355,0.0,0.0,0.0
0,-0.14590522646903992,0.9523987770080566,-0.2676718235015869,0.0,0.0,0.0
0,-0.1462908834218979,0.9516335725784302,-0.27017125487327576,0.0,0.0,0.0
0,-0.1466216742992401,0.9512427449226379,-0.2713657021522522,0.0,0.0,0.0
0,-0.1466156244277954,0.9509078860282898,-0.27254003286361694,0.0,0.0,0.0
0,-0.14734987914562225,0.9503875374794006,-0.2739552855491638,0.0,0.0,0.0
0,-0.1483878791332245,0.9494679570198059,-0.27657124400138855,0.0,0.0,0.0
0,-0.1486872434616089,0.9489862322807312,-0.2780596911907196,0.0,0.0,0.0
0,-0.14896127581596375,0.9485646486282349,-0.2793485224246979,0.0,0.0,0.0
0,-0.14928275346755981,0.9481127262115479,-0.2807079255580902,0.0,0.0,0.0
0,-0.1496843695640564,0.9476106762886047,-0.28218531608581543,0.0,0.0,0.0
0,-0.1501745879650116,0.9471129179000854,-0.28359255194664,0.0,0.0,0.0
0,-0.15090742707252502,0.9461953043937683,-0.28625407814979553,0.0,0.0,0.0
0,-0.15136130154132843,0.9457331299781799,-0.28753891587257385,0.0,0.0,0.0
0,-0.15170396864414215,0.9453257322311401,-0.28869563341140747,0.0,0.0,0.0
0,-0.15234075486660004,0.9448041915893555,-0.29006439447402954,0.0,0.0,0.0
0,-0.15354636311531067,0.9438538551330566,-0.2925121784210205,0.0,0.0,0.0
0,-0.1541474610567093,0.943397581577301,-0.2936657965183258,0.0,0.0,0.0
0,-0.15459254384040833,0.9430021047592163,-0.29470008611679077,0.0,0.0,0.0
0,-0.15528710186481476,0.942500114440918,-0.29593825340270996,0.0,0.0,0.0
0,-0.15603062510490417,0.9419146776199341,-0.29740744829177856,0.0,0.0,0.0
0,-0.15931549668312073,0.9400180578231812,-0.30163657665252686,0.0,0.0,0.0
0,-0.1611909717321396,0.9388622045516968,-0.30422884225845337,0.0,0.0,0.0
0,-0.16310065984725952,0.9377958178520203,-0.3064917325973511,0.0,0.0,0.0
0,-0.16469746828079224,0.9369428753852844,-0.30824148654937744,0.0,0.0,0.0
0,-0.1661914438009262,0.9361873865127563,-0.30973145365715027,0.0,0.0,0.0
0,-0.1694675236940384,0.934656023979187,-0.31256821751594543,0.0,0.0,0.0
0,-0.17128850519657135,0.9337684512138367,-0.3142240643501282,0.0,0.0,0.0
0,-0.17338788509368896,0.9327245354652405,-0.3161669671535492,0.0,0.0,0.0
0,-0.17601381242275238,0.9314806461334229,-0.31837543845176697,0.0,0.0,0.0
0,-0.17858389019966125,0.9301151037216187,-0.3209262192249298,0.0,0.0,0.0
0,-0.1813255101442337,0.9287520051002502,-0.3233276307582855,0.0,0.0,0.0
0,-0.18486501276493073,0.9267789721488953,-0.32696425914764404,0.0,0.0,0.0
0,-0.18598951399326324,0.9260338544845581,-0.32843443751335144,0.0,0.0,0.0
0,-0.18728800117969513,0.9251551628112793,-0.33016839623451233,0.0,0.0,0.0
0,-0.1882423311471939,0.9241920709609985,-0.3323158919811249,0.0,0.0,0.0
0,-0.18918922543525696,0.9232615828514099,-0.334358274936676,0.0,0.0,0.0
0,-0.19153617322444916,0.9210535883903503,-0.3390783965587616,0.0,0.0,0.0
0,-0.19232138991355896,0.9200957417488098,-0.34122759103775024,0.0,0.0,0.0
0,-0.19245454668998718,0.9193726778030396,-0.3430963456630707,0.0,0.0,0.0
0,-0.19249644875526428,0.9186522960662842,-0.3449971675872803,0.0,0.0,0.0
0,-0.19211600720882416,0.9180297255516052,-0.34686151146888733,0.0,0.0,0.0
0,-0.19107551872730255,0.9166402220726013,-0.35108524560928345,0.0,0.0,0.0
0,-0.1904207468032837,0.915846586227417,-0.3535037934780121,0.0,0.0,0.0
0,-0.1900056004524231,0.9149872064590454,-0.3559442162513733,0.0,0.0,0.0
0,-0.18943503499031067,0.9141331911087036,-0.35843396186828613,0.0,0.0,0.0
0,-0.18834471702575684,0.9126412868499756,-0.36278384923934937,0.0,0.0,0.0
0,-0.1875956952571869,0.9119930267333984,-0.36479663848876953,0.0,0.0,0.0
0,-0.18725205957889557,0.9111878871917725,-0.3669786751270294,0.0,0.0,0.0
0,-0.18644393980503082,0.9104888439178467,-0.369118869304657,0.0,0.0,0.0
0,-0.18558597564697266,0.9098074436187744,-0.37122538685798645,0.0,0.0,0.0
0,-0.18463709950447083,0.909177839756012,-0.3732354938983917,0.0,0.0,0.0
0,-0.18265071511268616,0.9082399010658264,-0.3764823377132416,0.0,0.0,0.0
0,-0.1815471053123474,0.9079738259315491,-0.37765613198280334,0.0,0.0,0.0
0,-0.18055950105190277,0.9077131152153015,-0.37875479459762573,0.0,0.0,0.0
0,-0.17960239946842194,0.9075847268104553,-0.37951675057411194,0.0,0.0,0.0
0,-0.17823626101016998,0.9072287082672119,-0.381009042263031,0.0,0.0,0.0
0,-0.17741060256958008,0.9073113799095154,-0.3811975419521332,0.0,0.0,0.0
0,-0.17655405402183533,0.9074414372444153,-0.3812856078147888,0.0,0.0,0.0
0,-0.17541000247001648,0.9080274105072021,-0.38041767477989197,0.0,0.0,0.0
0,-0.17441405355930328,0.9083358645439148,-0.3801391124725342,0.0,0.0,0.0
0,-0.17250441014766693,0.9093897342681885,-0.378487229347229,0.0,0.0,0.0
0,-0.1716252565383911,0.9099187254905701,-0.37761449813842773,0.0,0.0,0.0
0,-0.1709558516740799,0.9104783535003662,-0.3765677213668823,0.0,0.0,0.0
0,-0.17025689780712128,0.9110709428787231,-0.3754495680332184,0.0,0.0,0.0
0,-0.16957087814807892,0.911850094795227,-0.37386518716812134,0.0,0.0,0.0
0,-0.16882775723934174,0.9126051068305969,-0.3723561465740204,0.0,0.0,0.0
0,-0.1668018102645874,0.9142807722091675,-0.3691447377204895,0.0,0.0,0.0
0,-0.166117861866951,0.9149008989334106,-0.36791473627090454,0.0,0.0,0.0
0,-0.16542242467403412,0.9154853224754333,-0.36677253246307373,0.0,0.0,0.0
0,-0.1647828221321106,0.9160222411155701,-0.3657182455062866,0.0,0.0,0.0
0,-0.16367904841899872,0.9172198176383972,-0.3632037937641144,0.0,0.0,0.0
0,-0.16322721540927887,0.9178980588912964,-0.36169058084487915,0.0,0.0,0.0
0,-0.16251976788043976,0.9185536503791809,-0.36034220457077026,0.0,0.0,0.0
0,-0.16188029944896698,0.9191508889198303,-0.3591049909591675,0.0,0.0,0.0
0,-0.16143150627613068,0.9197027683258057,-0.35789191722869873,0.0,0.0,0.0
0,-0.16113534569740295,0.9201138019561768,-0.3569678068161011,0.0,0.0,0.0
0,-0.16015243530273438,0.9212180376052856,-0.3545539677143097,0.0,0.0,0.0
0,-0.1596624255180359,0.921779215335846,-0.3533143103122711,0.0,0.0,0.0
0,-0.15965893864631653,0.9222258925437927,-0.35214826464653015,0.0,0.0,0.0
0,-0.15958115458488464,0.9228431582450867,-0.3505628705024719,0.0,0.0,0.0
0,-0.15954485535621643,0.9235389828681946,-0.3487422466278076,0.0,0.0,0.0
0,-0.1588449478149414,0.9252708554267883,-0.3444446921348572,0.0,0.0,0.0
0,-0.15855123102664948,0.9261468648910522,-0.3422185182571411,0.0,0.0,0.0
0,-0.1583532989025116,0.9269022345542908,-0.3402593731880188,0.0,0.0,0.0
0,-0.15805625915527344,0.9277293682098389,-0.3381367623806,0.0,0.0,0.0
0,-0.15771444141864777,0.9285163283348083,-0.3361302316188812,0.0,0.0,0.0
0,-0.15756404399871826,0.9298205375671387,-0.3325769007205963,0.0,0.0,0.0
0,-0.1575014293193817,0.9305311441421509,-0.33061322569847107,0.0,0.0,0.0
0,-0.15737557411193848,0.9312936067581177,-0.3285196125507355,0.0,0.0,0.0
0,-0.15689904987812042,0.9321444630622864,-0.3263271749019623,0.0,0.0,0.0
0,-0.15633374452590942,0.9330713748931885,-0.3239406645298004,0.0,0.0,0.0
0,-0.1547788381576538,0.9348631501197815,-0.31949082016944885,0.0,0.0,0.0
0,-0.1538695991039276,0.9355900883674622,-0.31779763102531433,0.0,0.0,0.0
0,-0.15320073068141937,0.9363187551498413,-0.31596943736076355,0.0,0.0,0.0
0,-0.15231932699680328,0.9370700716972351,-0.3141632378101349,0.0,0.0,0.0
0,-0.1514335572719574,0.9378148317337036,-0.3123639225959778,0.0,0.0,0.0
0,-0.1491313874721527,0.9395721554756165,-0.30816221237182617,0.0,0.0,0.0
0,-0.14789634943008423,0.9404551982879639,-0.3060566186904907,0.0,0.0,0.0
0,-0.14655177295207977,0.9411802291870117,-0.3044705092906952,0.0,0.0,0.0
0,-0.14528290927410126,0.941898763179779,-0.30285248160362244,0.0,0.0,0.0
0,-0.14423733949661255,0.942361056804657,-0.30191269516944885,0.0,0.0,0.0
0,-0.14237865805625916,0.9431602954864502,-0.30029478669166565,0.0,0.0,0.0
0,-0.1412607580423355,0.9435884952545166,-0.2994765639305115,0.0,0.0,0.0
0,-0.1398477852344513,0.9442830085754395,-0.297946572303772,0.0,0.0,0.0
0,-0.13773804903030396,0.945156991481781,-0.29615288972854614,0.0,0.0,0.0
0,-0.1355571150779724,0.9460716843605042,-0.29423221945762634,0.0,0.0,0.0
0,-0.13006556034088135,0.9481748342514038,-0.28990933299064636,0.0,0.0,0.0
0,-0.1276819258928299,0.9490079283714294,-0.2882382869720459,0.0,0.0,0.0
0,-0.12537962198257446,0.9497048258781433,-0.28695064783096313,0.0,0.0,0.0
0,-0.12338169664144516,0.9502424597740173,-0.286035418510437,0.0,0.0,0.0
0,-0.12188126891851425,0.950614333152771,-0.28544244170188904,0.0,0.0,0.0
0,-0.1176462471485138,0.9518681764602661,-0.28303056955337524,0.0,0.0,0.0
0,-0.11481291055679321,0.9527643322944641,-0.28117266297340393,0.0,0.0,0.0
0,-0.11211210489273071,0.9535534381866455,-0.2795831263065338,0.0,0.0,0.0
0,-0.10908333212137222,0.9544376134872437,-0.27775830030441284,0.0,0.0,0.0
0,-0.10606716573238373,0.9552469849586487,-0.27613937854766846,0.0,0.0,0.0
0,-0.10286868363618851,0.9558417797088623,-0.2752898037433624,0.0,0.0,0.0
0,-0.1017519012093544,0.9560096859931946,-0.27512186765670776,0.0,0.0,0.0
0,-0.1016935408115387,0.9558877348899841,-0.2755667567253113,0.0,0.0,0.0
0,-0.10067225247621536,0.95607590675354,-0.27528896927833557,0.0,0.0,0.0
0,-0.09993495047092438,0.9562962055206299,-0.27479198575019836,0.0,0.0,0.0
0,-0.09678091108798981,0.9573537707328796,-0.27222639322280884,0.0,0.0,0.0
0,-0.09498444199562073,0.9579954147338867,-0.27059704065322876,0.0,0.0,0.0
0,-0.0935836210846901,0.9584682583808899,-0.26940804719924927,0.0,0.0,0.0
0,-0.09244593232870102,0.9587991237640381,-0.26862236857414246,0.0,0.0,0.0
0,-0.09154374897480011,0.9591744542121887,-0.26758942008018494,0.0,0.0,0.0
0,-0.09149450808763504,0.9593322277069092,-0.26704007387161255,0.0,0.0,0.0
0,-0.09097161144018173,0.9595872163772583,-0.26630157232284546,0.0,0.0,0.0
0,-0.09033305943012238,0.959969699382782,-0.26513785123825073,0.0,0.0,0.0
0,-0.08848323673009872,0.9607775807380676,-0.26282528042793274,0.0,0.0,0.0
0,-0.0874391570687294,0.9612095355987549,-0.26159238815307617,0.0,0.0,0.0
0,-0.08420546352863312,0.9624361991882324,-0.2581201493740082,0.0,0.0,0.0
0,-0.08279047161340714,0.9630308747291565,-0.2563539147377014,0.0,0.0,0.0
0,-0.08221752196550369,0.9633626937866211,-0.25528931617736816,0.0,0.0,0.0
0,-0.08189798891544342,0.9635478854179382,-0.25469234585762024,0.0,0.0,0.0
0,-0.08114056289196014,0.9639692306518555,-0.25333669781684875,0.0,0.0,0.0
0,-0.08047837018966675,0.9643118977546692,-0.25224146246910095,0.0,0.0,0.0
0,-0.07906635850667953,0.9654107689857483,-0.2484564632177353,0.0,0.0,0.0
0,-0.0784924104809761,0.9659038186073303,-0.24671591818332672,0.0,0.0,0.0
0,-0.07821387052536011,0.9663043022155762,-0.24523179233074188,0.0,0.0,0.0
0,-0.07786797732114792,0.9667055010795593,-0.24375605583190918,0.0,0.0,0.0
0,-0.07783082127571106,0.9672828912734985,-0.24146668612957,0.0,0.0,0.0
0,-0.07783465087413788,0.9674929976463318,-0.24062231183052063,0.0,0.0,0.0
0,-0.07778659462928772,0.967746913433075,-0.23961450159549713,0.0,0.0,0.0
0,-0.07783607393503189,0.9680086374282837,-0.23853890597820282,0.0,0.0,0.0
0,-0.07786708325147629,0.9683331847190857,-0.23720794916152954,0.0,0.0,0.0
0,-0.07821924984455109,0.9688131809234619,-0.2351229339838028,0.0,0.0,0.0
0,-0.07879497855901718,0.9688885807991028,-0.23461949825286865,0.0,0.0,0.0
0,-0.07885368913412094,0.9690032601356506,-0.23412561416625977,0.0,0.0,0.0
0,-0.07919996231794357,0.9690131545066833,-0.23396770656108856,0.0,0.0,0.0
0,-0.07901982218027115,0.9690672159194946,-0.23380470275878906,0.0,0.0,0.0
0,-0.0780825987458229,0.9691784381866455,-0.23365847766399384,0.0,0.0,0.0
0,-0.0772550031542778,0.9692740440368652,-0.23353688418865204,0.0,0.0,0.0
0,-0.07647024840116501,0.9693912863731384,-0.23330849409103394,0.0,0.0,0.0
0,-0.07567644119262695,0.9694660305976868,-0.23325657844543457,0.0,0.0,0.0
0,-0.074825718998909,0.9695345759391785,-0.23324625194072723,0.0,0.0,0.0
0,-0.07360780239105225,0.9695108532905579,-0.23373186588287354,0.0,0.0,0.0
0,-0.07286658883094788,0.9695677161216736,-0.23372818529605865,0.0,0.0,0.0
0,-0.07195758074522018,0.9696010947227478,-0.23387131094932556,0.0,0.0,0.0
0,-0.07130474597215652,0.9695867896080017,-0.2341305911540985,0.0,0.0,0.0
0,-0.07043522596359253,0.9694222807884216,-0.23507307469844818,0.0,0.0,0.0
0,-0.07002194225788116,0.969390332698822,-0.23532821238040924,0.0,0.0,0.0
0,-0.06961353123188019,0.9693259000778198,-0.23571428656578064,0.0,0.0,0.0
0,-0.06915437430143356,0.9693329930305481,-0.23582032322883606,0.0,0.0,0.0
0,-0.0688093900680542,0.9693281054496765,-0.23594136536121368,0.0,0.0,0.0
0,-0.06857190281152725,0.9693146347999573,-0.23606571555137634,0.0,0.0,0.0
0,-0.06822258979082108,0.9693474769592285,-0.23603197932243347,0.0,0.0,0.0
0,-0.06802185624837875,0.9693903923034668,-0.23591376841068268,0.0,0.0,0.0
0,-0.06810969114303589,0.9694104790687561,-0.23580588400363922,0.0,0.0,0.0
0,-0.06808436661958694,0.969404935836792,-0.235835999250412,0.0,0.0,0.0
0,-0.06815291196107864,0.9694286584854126,-0.23571863770484924,0.0,0.0,0.0
0,-0.0681290477514267,0.9696077108383179,-0.2349880039691925,0.0,0.0,0.0
0,-0.06788304448127747,0.9697099328041077,-0.23463696241378784,0.0,0.0,0.0
0,-0.06784427165985107,0.9697954654693604,-0.23429453372955322,0.0,0.0,0.0
0,-0.06799347698688507,0.9698832035064697,-0.2338877171278,0.0,0.0,0.0
0,-0.0681631937623024,0.9699722528457642,-0.23346854746341705,0.0,0.0,0.0
0,-0.06864994019269943,0.9699822664260864,-0.2332843691110611,0.0,0.0,0.0
0,-0.06864306330680847,0.9700201749801636,-0.23312871158123016,0.0,0.0,0.0
0,-0.06844906508922577,0.9701181650161743,-0.23277777433395386,0.0,0.0,0.0
0,-0.06851273775100708,0.9701700806617737,-0.2325425148010254,0.0,0.0,0.0
0,-0.06837830692529678,0.9702561497688293,-0.23222266137599945,0.0,0.0,0.0
0,-0.06853032857179642,0.9703911542892456,-0.23161296546459198,0.0,0.0,0.0
0,-0.06851537525653839,0.9704621434211731,-0.23131980001926422,0.0,0.0,0.0
0,-0.0687955692410469,0.9704694747924805,-0.23120597004890442,0.0,0.0,0.0
0,-0.06896304339170456,0.9705062508583069,-0.23100151121616364,0.0,0.0,0.0
0,-0.06918027251958847,0.9705386757850647,-0.23080025613307953,0.0,0.0,0.0
0,-0.06931654363870621,0.97055584192276,-0.230687215924263,0.0,0.0,0.0
0,-0.06951487809419632,0.9705657958984375,-0.23058554530143738,0.0,0.0,0.0
0,-0.06968783587217331,0.9706192016601562,-0.23030845820903778,0.0,0.0,0.0
0,-0.06967778503894806,0.9707075357437134,-0.22993884980678558,0.0,0.0,0.0
0,-0.06985016912221909,0.9707577228546143,-0.22967445850372314,0.0,0.0,0.0
0,-0.07015010714530945,0.9708765745162964,-0.2290799915790558,0.0,0.0,0.0
0,-0.070165254175663,0.9709625244140625,-0.22871087491512299,0.0,0.0,0.0
0,-0.07002540677785873,0.9710568189620972,-0.22835303843021393,0.0,0.0,0.0
0,-0.06985972076654434,0.9711998105049133,-0.22779488563537598,0.0,0.0,0.0
0,-0.06979111582040787,0.971379816532135,-0.22704727947711945,0.0,0.0,0.0
0,-0.06986682862043381,0.9714582562446594,-0.226687952876091,0.0,0.0,0.0
0,-0.06997648626565933,0.9715016484260559,-0.22646823525428772,0.0,0.0,0.0
0,-0.06995058059692383,0.9715673327445984,-0.2261943221092224,0.0,0.0,0.0
0,-0.07005434483289719,0.9716824889183044,-0.2256668359041214,0.0,0.0,0.0
0,-0.07009830325841904,0.971738338470459,-0.2254125028848648,0.0,0.0,0.0
0,-0.07010196149349213,0.9718700051307678,-0.22484318912029266,0.0,0.0,0.0
0,-0.06994766741991043,0.9719398021697998,-0.2245892584323883,0.0,0.0,0.0
0,-0.06975182890892029,0.9720240235328674,-0.2242855727672577,0.0,0.0,0.0
0,-0.06973317265510559,0.9720752835273743,-0.2240690439939499,0.0,0.0,0.0
0,-0.06976033002138138,0.972170889377594,-0.22364534437656403,0.0,0.0,0.0
0,-0.069753497838974,0.9722080230712891,-0.2234860211610794,0.0,0.0,0.0
0,-0.06970901042222977,0.9722698926925659,-0.2232307493686676,0.0,0.0,0.0
0,-0.06960532069206238,0.9723033905029297,-0.2231171578168869,0.0,0.0,0.0
0,-0.06927268952131271,0.9723814129829407,-0.2228805273771286,0.0,0.0,0.0
0,-0.06907971948385239,0.9724085927009583,-0.22282186150550842,0.0,0.0,0.0
0,-0.06827428191900253,0.9724985361099243,-0.22267746925354004,0.0,0.0,0.0
0,-0.06814634054899216,0.9724715352058411,-0.22283434867858887,0.0,0.0,0.0
0,-0.06795349717140198,0.9724593758583069,-0.22294636070728302,0.0,0.0,0.0
0,-0.06786787509918213,0.9724150896072388,-0.22316545248031616,0.0,0.0,0.0
0,-0.06746987998485565,0.9723970293998718,-0.22336477041244507,0.0,0.0,0.0
0,-0.06737622618675232,0.9723851680755615,-0.22344475984573364,0.0,0.0,0.0
0,-0.06722640246152878,0.9724353551864624,-0.223271444439888,0.0,0.0,0.0
0,-0.06715657562017441,0.9724599123001099,-0.22318533062934875,0.0,0.0,0.0
0,-0.06715786457061768,0.9724447727203369,-0.2232508510351181,0.0,0.0,0.0
0,-0.06729504466056824,0.9724355936050415,-0.2232496589422226,0.0,0.0,0.0
0,-0.06738568842411041,0.9723724126815796,-0.2234974354505539,0.0,0.0,0.0
0,-0.06750207394361496,0.9723386764526367,-0.22360901534557343,0.0,0.0,0.0
0,-0.06754615157842636,0.9723248481750488,-0.22365568578243256,0.0,0.0,0.0
0,-0.06754296272993088,0.9723203182220459,-0.2236764132976532,0.0,0.0,0.0
0,-0.06749255210161209,0.9723327159881592,-0.22363780438899994,0.0,0.0,0.0
0,-0.0676097571849823,0.9723395705223083,-0.22357258200645447,0.0,0.0,0.0
0,-0.06764277070760727,0.9723597764968872,-0.22347469627857208,0.0,0.0,0.0
0,-0.06772159785032272,0.9723690152168274,-0.2234104424715042,0.0,0.0,0.0
0,-0.06789171695709229,0.9723598957061768,-0.22339868545532227,0.0,0.0,0.0
0,-0.06794372946023941,0.9723765254020691,-0.22331029176712036,0.0,0.0,0.0
0,-0.06803630292415619,0.9724422693252563,-0.2229958027601242,0.0,0.0,0.0
0,-0.06801538169384003,0.9724833369255066,-0.22282299399375916,0.0,0.0,0.0
0,-0.06799715757369995,0.9725030064582825,-0.22274254262447357,0.0,0.0,0.0
0,-0.06801678240299225,0.9725223779678345,-0.2226521521806717,0.0,0.0,0.0
0,-0.06817368417978287,0.9725279211997986,-0.22257979214191437,0.0,0.0,0.0
0,-0.06845208257436752,0.9724916219711304,-0.22265297174453735,0.0,0.0,0.0
0,-0.06846683472394943,0.9725463390350342,-0.2224094122648239,0.0,0.0,0.0
0,-0.06853177398443222,0.9725653529167175,-0.2223062664270401,0.0,0.0,0.0
0,-0.06855406612157822,0.9726195931434631,-0.2220619171857834,0.0,0.0,0.0
0,-0.06861817091703415,0.9726261496543884,-0.22201336920261383,0.0,0.0,0.0
0,-0.06861817091703415,0.9726261496543884,-0.22201336920261383,0.0,0.0,0.0
0,-0.06863418221473694,0.972590446472168,-0.22216466069221497,0.0,0.0,0.0
0,-0.06855759769678116,0.9725854992866516,-0.22220996022224426,0.0,0.0,0.0
0,-0.06850040704011917,0.9725750088691711,-0.22227349877357483,0.0,0.0,0.0
0,-0.0685286745429039,0.9725518822669983,-0.22236602008342743,0.0,0.0,0.0
0,-0.06847091019153595,0.9725531935691833,-0.22237807512283325,0.0,0.0,0.0
0,-0.06839902698993683,0.9725662469863892,-0.22234301269054413,0.0,0.0,0.0
0,-0.06836668401956558,0.9725733399391174,-0.22232192754745483,0.0,0.0,0.0
0,-0.0682220309972763,0.972548246383667,-0.2224763035774231,0.0,0.0,0.0
0,-0.06847421824932098,0.9725080728530884,-0.22257424890995026,0.0,0.0,0.0
0,-0.06830628961324692,0.972477912902832,-0.22275753319263458,0.0,0.0,0.0
0,-0.06841686367988586,0.9724524021148682,-0.22283513844013214,0.0,0.0,0.0
0,-0.06863982230424881,0.972413957118988,-0.22293421626091003,0.0,0.0,0.0
0,-0.06871109455823898,0.9724025726318359,-0.22296185791492462,0.0,0.0,0.0
0,-0.06887106597423553,0.9723958969116211,-0.22294163703918457,0.0,0.0,0.0
0,-0.06843928247690201,0.9724305868148804,-0.22292344272136688,0.0,0.0,0.0
0,-0.06848486512899399,0.9724324941635132,-0.22290101647377014,0.0,0.0,0.0
0,-0.06846685707569122,0.9724410176277161,-0.22286944091320038,0.0,0.0,0.0
0,-0.06898331642150879,0.9724051356315613,-0.2228667140007019,0.0,0.0,0.0
0,-0.06918101757764816,0.9723750352859497,-0.2229367047548294,0.0,0.0,0.0
0,-0.06938143074512482,0.972365140914917,-0.22291751205921173,0.0,0.0,0.0
0,-0.06940057128667831,0.9723762273788452,-0.22286339104175568,0.0,0.0,0.0
0,-0.06925590336322784,0.9723917841911316,-0.22284044325351715,0.0,0.0,0.0
0,-0.06921789795160294,0.9724268913269043,-0.22269891202449799,0.0,0.0,0.0
0,-0.0692836195230484,0.9724423885345459,-0.22261092066764832,0.0,0.0,0.0
0,-0.06935403496026993,0.9724586606025696,-0.2225179225206375,0.0,0.0,0.0
0,-0.06968451291322708,0.9724403023719788,-0.22249482572078705,0.0,0.0,0.0
0,-0.07000143080949783,0.9724074602127075,-0.22253887355327606,0.0,0.0,0.0
0,-0.07020343840122223,0.9724312424659729,-0.2223711907863617,0.0,0.0,0.0
0,-0.0702429786324501,0.9724629521369934,-0.2222200483083725,0.0,0.0,0.0
0,-0.07008037716150284,0.9725129008293152,-0.2220526784658432,0.0,0.0,0.0
0,-0.06996665894985199,0.972531259059906,-0.22200827300548553,0.0,0.0,0.0
0,-0.07039350271224976,0.9724376201629639,-0.22228333353996277,0.0,0.0,0.0
0,-0.07056446373462677,0.9723862409591675,-0.2224537432193756,0.0,0.0,0.0
0,-0.07065233588218689,0.9723418951034546,-0.22261954843997955,0.0,0.0,0.0
0,-0.07065233588218689,0.9723418951034546,-0.22261954843997955,0.0,0.0,0.0
0,-0.07060607522726059,0.9723507761955261,-0.2225954234600067,0.0,0.0,0.0
0,-0.07062962651252747,0.9723550081253052,-0.22256961464881897,0.0,0.0,0.0
0,-0.07065745443105698,0.9723194241523743,-0.22271618247032166,0.0,0.0,0.0
0,-0.07054974883794785,0.9723400473594666,-0.22266022861003876,0.0,0.0,0.0
0,-0.07046012580394745,0.9723333120346069,-0.22271807491779327,0.0,0.0,0.0
0,-0.07032287120819092,0.972342312335968,-0.22272206842899323,0.0,0.0,0.0
0,-0.0702400878071785,0.9723581075668335,-0.22267918288707733,0.0,0.0,0.0
0,-0.0702558159828186,0.9723829627037048,-0.22256578505039215,0.0,0.0,0.0
0,-0.07034409791231155,0.9723817706108093,-0.2225429117679596,0.0,0.0,0.0
0,-0.07058294862508774,0.9723281860351562,-0.2227015644311905,0.0,0.0,0.0
0,-0.07044944167137146,0.9722933769226074,-0.22289559245109558,0.0,0.0,0.0
0,-0.07025063782930374,0.9723092317581177,-0.22288934886455536,0.0,0.0,0.0
0,-0.06987009942531586,0.9723489284515381,-0.22283577919006348,0.0,0.0,0.0
0,-0.06919027119874954,0.9724342823028564,-0.22267518937587738,0.0,0.0,0.0
0,-0.06912245601415634,0.9724090695381165,-0.22280634939670563,0.0,0.0,0.0
0,-0.06891465932130814,0.9724030494689941,-0.2228970229625702,0.0,0.0,0.0
0,-0.06914827227592468,0.9723026156425476,-0.22326238453388214,0.0,0.0,0.0
0,-0.0690760388970375,0.972304105758667,-0.22327829897403717,0.0,0.0,0.0
0,-0.06900110840797424,0.9723509550094604,-0.2230975180864334,0.0,0.0,0.0
0,-0.06883491575717926,0.9724015593528748,-0.22292819619178772,0.0,0.0,0.0
0,-0.06869471073150635,0.9724385142326355,-0.2228100597858429,0.0,0.0,0.0
0,-0.06871400773525238,0.9724374413490295,-0.2228088229894638,0.0,0.0,0.0
0,-0.06860809773206711,0.9724291563034058,-0.22287778556346893,0.0,0.0,0.0
0,-0.06892040371894836,0.9723910093307495,-0.2229478657245636,0.0,0.0,0.0
0,-0.06889001280069351,0.9723586440086365,-0.2230982482433319,0.0,0.0,0.0
0,-0.068800188601017,0.9723458886146545,-0.2231815755367279,0.0,0.0,0.0
0,-0.06891090422868729,0.9723255038261414,-0.22323614358901978,0.0,0.0,0.0
0,-0.06885423511266708,0.9723371863365173,-0.2232028990983963,0.0,0.0,0.0
0,-0.06878161430358887,0.972362220287323,-0.22311609983444214,0.0,0.0,0.0
0,-0.06894052028656006,0.9723573327064514,-0.22308841347694397,0.0,0.0,0.0
0,-0.06893911212682724,0.9723641276359558,-0.22305928170681,0.0,0.0,0.0
0,-0.06897664815187454,0.9723857045173645,-0.22295351326465607,0.0,0.0,0.0
0,-0.06896065920591354,0.9724257588386536,-0.22278378903865814,0.0,0.0,0.0
0,-0.06886857002973557,0.9724588394165039,-0.22266775369644165,0.0,0.0,0.0
0,-0.06905302405357361,0.9724881649017334,-0.22248247265815735,0.0,0.0,0.0
0,-0.0691080093383789,0.9725306034088135,-0.22227977216243744,0.0,0.0,0.0
0,-0.06909817457199097,0.9725459218025208,-0.2222159504890442,0.0,0.0,0.0
0,-0.06913243979215622,0.972570538520813,-0.2220975160598755,0.0,0.0,0.0
0,-0.06908828020095825,0.9726014733314514,-0.22197560966014862,0.0,0.0,0.0
0,-0.06922338902950287,0.9726172089576721,-0.22186462581157684,0.0,0.0,0.0
0,-0.0694575235247612,0.9726004600524902,-0.22186484932899475,0.0,0.0,0.0
0,-0.0695260763168335,0.9725984334945679,-0.22185230255126953,0.0,0.0,0.0
0,-0.06946902722120285,0.9725580215454102,-0.22204728424549103,0.0,0.0,0.0
0,-0.06947701424360275,0.9725521802902222,-0.22207021713256836,0.0,0.0,0.0
0,-0.06923512369394302,0.9725459814071655,-0.2221728414297104,0.0,0.0,0.0
0,-0.06908880919218063,0.9725614786148071,-0.22215063869953156,0.0,0.0,0.0
0,-0.06901348382234573,0.9725827574729919,-0.22208084166049957,0.0,0.0,0.0
0,-0.06904622167348862,0.9725785851478577,-0.22208906710147858,0.0,0.0,0.0
0,-0.0690436065196991,0.9725995659828186,-0.221997931599617,0.0,0.0,0.0
0,-0.06899402290582657,0.9726220965385437,-0.22191449999809265,0.0,0.0,0.0
0,-0.06907785683870316,0.9726099371910095,-0.22194166481494904,0.0,0.0,0.0
0,-0.06909496337175369,0.972599983215332,-0.22198021411895752,0.0,0.0,0.0
0,-0.06910614669322968,0.9726338386535645,-0.22182828187942505,0.0,0.0,0.0
0,-0.06903910636901855,0.9726443290710449,-0.22180302441120148,0.0,0.0,0.0
0,-0.06925517320632935,0.9726682305335999,-0.22163096070289612,0.0,0.0,0.0
0,-0.06937447190284729,0.9726608991622925,-0.2216257005929947,0.0,0.0,0.0
0,-0.06927619129419327,0.9726756811141968,-0.22159145772457123,0.0,0.0,0.0
0,-0.06932050734758377,0.9726776480674744,-0.2215690165758133,0.0,0.0,0.0
0,-0.06956671178340912,0.97267085313797,-0.22152170538902283,0.0,0.0,0.0
0,-0.06943341344594955,0.9727076292037964,-0.2214021533727646,0.0,0.0,0.0
0,-0.06936895102262497,0.9727023839950562,-0.2214452177286148,0.0,0.0,0.0
0,-0.06930238753557205,0.9727095365524292,-0.22143471240997314,0.0,0.0,0.0
0,-0.0690937340259552,0.9727526903152466,-0.22131040692329407,0.0,0.0,0.0
0,-0.06907504796981812,0.9727542400360107,-0.22130921483039856,0.0,0.0,0.0
0,-0.06886342167854309,0.972743570804596,-0.22142215073108673,0.0,0.0,0.0
0,-0.06887272745370865,0.9727481007575989,-0.2213994860649109,0.0,0.0,0.0
0,-0.0688694417476654,0.9727767705917358,-0.2212744951248169,0.0,0.0,0.0
0,-0.0689321756362915,0.9727571606636047,-0.2213411033153534,0.0,0.0,0.0
0,-0.06928947567939758,0.9727339744567871,-0.221331387758255,0.0,0.0,0.0
0,-0.06951615959405899,0.9727206826210022,-0.22131867706775665,0.0,0.0,0.0
0,-0.06957686692476273,0.9727084636688232,-0.2213534563779831,0.0,0.0,0.0
0,-0.06963400542736053,0.972688615322113,-0.22142259776592255,0.0,0.0,0.0
0,-0.06967815011739731,0.9726524949073792,-0.22156722843647003,0.0,0.0,0.0
0,-0.06970284879207611,0.9726356267929077,-0.22163353860378265,0.0,0.0,0.0
0,-0.06974149495363235,0.9726281762123108,-0.22165422141551971,0.0,0.0,0.0
0,-0.06959939002990723,0.9726201295852661,-0.22173407673835754,0.0,0.0,0.0
0,-0.06969136744737625,0.9725763201713562,-0.2218972146511078,0.0,0.0,0.0
0,-0.0698346272110939,0.9725274443626404,-0.22206632792949677,0.0,0.0,0.0
0,-0.06986906379461288,0.972518265247345,-0.22209566831588745,0.0,0.0,0.0
0,-0.06984630972146988,0.9724909663200378,-0.22222235798835754,0.0,0.0,0.0
0,-0.0700581967830658,0.9724771976470947,-0.22221598029136658,0.0,0.0,0.0
0,-0.07056371867656708,0.9723600149154663,-0.22256849706172943,0.0,0.0,0.0
0,-0.07094468921422958,0.9722816944122314,-0.22278942167758942,0.0,0.0,0.0
0,-0.07116033136844635,0.9722230434417725,-0.2229764759540558,0.0,0.0,0.0
0,-0.07108181715011597,0.9722779989242554,-0.22276201844215393,0.0,0.0,0.0
0,-0.07130707800388336,0.9723040461540222,-0.22257621586322784,0.0,0.0,0.0
0,-0.07131504267454147,0.9723082780838013,-0.2225550264120102,0.0,0.0,0.0
0,-0.07153013348579407,0.9723144173622131,-0.2224593609571457,0.0,0.0,0.0
0,-0.07261854410171509,0.9721990823745728,-0.22261059284210205,0.0,0.0,0.0
0,-0.07261854410171509,0.9721990823745728,-0.22261059284210205,0.0,0.0,0.0
0,-0.0735493078827858,0.9720587134361267,-0.22291788458824158,0.0,0.0,0.0
0,-0.07380811870098114,0.972054123878479,-0.22285231947898865,0.0,0.0,0.0
0,-0.07391393929719925,0.9720578789710999,-0.22280074656009674,0.0,0.0,0.0
0,-0.07436546683311462,0.9719738364219666,-0.22301726043224335,0.0,0.0,0.0
0,-0.07524911314249039,0.9717543721199036,-0.22367605566978455,0.0,0.0,0.0
0,-0.07569023221731186,0.9716084599494934,-0.22416062653064728,0.0,0.0,0.0
0,-0.07624388486146927,0.9714916348457336,-0.22447921335697174,0.0,0.0,0.0
0,-0.07676421105861664,0.971346914768219,-0.22492751479148865,0.0,0.0,0.0
0,-0.07721409946680069,0.9711809754371643,-0.22548939287662506,0.0,0.0,0.0
0,-0.07845547795295715,0.9708954691886902,-0.2262890487909317,0.0,0.0,0.0
0,-0.07892893999814987,0.9707247018814087,-0.2268562614917755,0.0,0.0,0.0
0,-0.07946482300758362,0.9705519676208496,-0.2274075150489807,0.0,0.0,0.0
0,-0.08001824468374252,0.9703539609909058,-0.22805756330490112,0.0,0.0,0.0
0,-0.08055903762578964,0.9701524972915649,-0.22872324287891388,0.0,0.0,0.0
0,-0.08229658752679825,0.9696180820465088,-0.2303650677204132,0.0,0.0,0.0
0,-0.08344672620296478,0.9693065881729126,-0.2312605232000351,0.0,0.0,0.0
0,-0.08444540947675705,0.9689821600914001,-0.23225530982017517,0.0,0.0,0.0
0,-0.08557025343179703,0.9686751961708069,-0.2331225425004959,0.0,0.0,0.0
0,-0.08650002628564835,0.9683896899223328,-0.23396410048007965,0.0,0.0,0.0
0,-0.08938847482204437,0.9676533937454224,-0.23591655492782593,0.0,0.0,0.0
0,-0.09099037200212479,0.9672645926475525,-0.2368965893983841,0.0,0.0,0.0
0,-0.09387799352407455,0.9667465090751648,-0.23788265883922577,0.0,0.0,0.0
0,-0.09677045047283173,0.966157853603363,-0.23911182582378387,0.0,0.0,0.0
0,-0.09956444799900055,0.9656053185462952,-0.2401942014694214,0.0,0.0,0.0
0,-0.10482021421194077,0.9644376635551453,-0.24263694882392883,0.0,0.0,0.0
0,-0.10735148191452026,0.9637671113014221,-0.24418967962265015,0.0,0.0,0.0
0,-0.10994980484247208,0.9630418419837952,-0.24588903784751892,0.0,0.0,0.0
0,-0.11263852566480637,0.96234130859375,-0.24741019308567047,0.0,0.0,0.0
0,-0.11538679897785187,0.9616257548332214,-0.24892117083072662,0.0,0.0,0.0
0,-0.12112148851156235,0.9600470066070557,-0.25226840376853943,0.0,0.0,0.0
0,-0.12382608652114868,0.95927894115448,-0.2538720667362213,0.0,0.0,0.0
0,-0.1266019642353058,0.9584459066390991,-0.25564298033714294,0.0,0.0,0.0
0,-0.12904539704322815,0.9576207995414734,-0.2575065791606903,0.0,0.0,0.0
0,-0.13222597539424896,0.9565023183822632,-0.2600376605987549,0.0,0.0,0.0
0,-0.13895829021930695,0.9542872309684753,-0.2646252512931824,0.0,0.0,0.0
0,-0.14242050051689148,0.9531797766685486,-0.26676708459854126,0.0,0.0,0.0
0,-0.14587637782096863,0.9520866274833679,-0.2687956690788269,0.0,0.0,0.0
0,-0.14988760650157928,0.9507402777671814,-0.27134230732917786,0.0,0.0,0.0
0,-0.158967986702919,0.9477227330207825,-0.2766782343387604,0.0,0.0,0.0
0,-0.16381590068340302,0.946151852607727,-0.2792149782180786,0.0,0.0,0.0
0,-0.16835421323776245,0.9445682764053345,-0.2818644642829895,0.0,0.0,0.0
0,-0.1729024350643158,0.9429049491882324,-0.28466641902923584,0.0,0.0,0.0
0,-0.17727334797382355,0.941192090511322,-0.2876311242580414,0.0,0.0,0.0
0,-0.18490704894065857,0.9378589391708374,-0.2936494052410126,0.0,0.0,0.0
0,-0.19028528034687042,0.935546338558197,-0.29756441712379456,0.0,0.0,0.0
0,-0.19451339542865753,0.9337149262428284,-0.30056771636009216,0.0,0.0,0.0
0,-0.19999246299266815,0.9313427805900574,-0.3043084740638733,0.0,0.0,0.0
0,-0.20491750538349152,0.9292160868644714,-0.30751627683639526,0.0,0.0,0.0
0,-0.21023204922676086,0.9267446994781494,-0.31136274337768555,0.0,0.0,0.0
0,-0.2207392305135727,0.9217035174369812,-0.31896209716796875,0.0,0.0,0.0
0,-0.2258976250886917,0.9191344976425171,-0.3227415084838867,0.0,0.0,0.0
0,-0.2301294356584549,0.9169192314147949,-0.3260361850261688,0.0,0.0,0.0
0,-0.23491670191287994,0.9145118594169617,-0.32936638593673706,0.0,0.0,0.0
0,-0.2385283261537552,0.9125279188156128,-0.3322605490684509,0.0,0.0,0.0
0,-0.2462843954563141,0.9081643223762512,-0.3384990096092224,0.0,0.0,0.0
0,-0.2498614639043808,0.9060215353965759,-0.34160545468330383,0.0,0.0,0.0
0,-0.25310659408569336,0.903987467288971,-0.3445920944213867,0.0,0.0,0.0
0,-0.25623953342437744,0.9019536375999451,-0.3475930690765381,0.0,0.0,0.0
0,-0.25899985432624817,0.9001452922821045,-0.35022494196891785,0.0,0.0,0.0
0,-0.2632024586200714,0.897129476070404,-0.35480016469955444,0.0,0.0,0.0
0,-0.26493194699287415,0.896035373210907,-0.35627469420433044,0.0,0.0,0.0
0,-0.2663118839263916,0.8951550126075745,-0.3574570119380951,0.0,0.0,0.0
0,-0.2676464915275574,0.8943629860877991,-0.35844138264656067,0.0,0.0,0.0
0,-0.2686519920825958,0.8936871886253357,-0.3593735992908478,0.0,0.0,0.0
0,-0.2702045440673828,0.8924918174743652,-0.3611757159233093,0.0,0.0,0.0
0,-0.2704421281814575,0.8922048211097717,-0.36170652508735657,0.0,0.0,0.0
0,-0.2703462243080139,0.8921427130699158,-0.36193138360977173,0.0,0.0,0.0
0,-0.27001988887786865,0.8921306729316711,-0.3622044622898102,0.0,0.0,0.0
0,-0.27036982774734497,0.8918231725692749,-0.3627004325389862,0.0,0.0,0.0
0,-0.2691960632801056,0.892055332660675,-0.3630024194717407,0.0,0.0,0.0
0,-0.26839789748191833,0.8921963572502136,-0.3632468581199646,0.0,0.0,0.0
0,-0.26740536093711853,0.8924939036369324,-0.36324790120124817,0.0,0.0,0.0
0,-0.26637476682662964,0.8928642272949219,-0.3630950450897217,0.0,0.0,0.0
0,-0.26490452885627747,0.8934674859046936,-0.362686425447464,0.0,0.0,0.0
0,-0.2616085112094879,0.8948733806610107,-0.36161112785339355,0.0,0.0,0.0
0,-0.26026642322540283,0.8954897522926331,-0.3610532581806183,0.0,0.0,0.0
0,-0.2586265206336975,0.8962298035621643,-0.3603948652744293,0.0,0.0,0.0
0,-0.25672245025634766,0.8971577286720276,-0.3594461977481842,0.0,0.0,0.0
0,-0.2546195685863495,0.8982598185539246,-0.35818731784820557,0.0,0.0,0.0
0,-0.25039175152778625,0.9004038572311401,-0.35577645897865295,0.0,0.0,0.0
0,-0.24815301597118378,0.901513397693634,-0.35453298687934875,0.0,0.0,0.0
0,-0.24571815133094788,0.9028209447860718,-0.35289791226387024,0.0,0.0,0.0
0,-0.24340803921222687,0.9038405418395996,-0.35188743472099304,0.0,0.0,0.0
0,-0.24008071422576904,0.9052990674972534,-0.35042089223861694,0.0,0.0,0.0
0,-0.23492111265659332,0.9076988697052002,-0.3476993441581726,0.0,0.0,0.0
0,-0.23312276601791382,0.9087684154510498,-0.34611228108406067,0.0,0.0,0.0
0,-0.2304643988609314,0.9099659323692322,-0.34474363923072815,0.0,0.0,0.0
0,-0.22746612131595612,0.9111701846122742,-0.3435520827770233,0.0,0.0,0.0
0,-0.2247702181339264,0.9121761918067932,-0.34265580773353577,0.0,0.0,0.0
0,-0.21759846806526184,0.9148510098457336,-0.34014493227005005,0.0,0.0,0.0
0,-0.2137218564748764,0.9161757230758667,-0.33903536200523376,0.0,0.0,0.0
0,-0.20907601714134216,0.917750895023346,-0.337669312953949,0.0,0.0,0.0
0,-0.20533859729766846,0.919015109539032,-0.33652234077453613,0.0,0.0,0.0
0,-0.1959138810634613,0.92218017578125,-0.33346885442733765,0.0,0.0,0.0
0,-0.19172608852386475,0.9236239194869995,-0.3319035768508911,0.0,0.0,0.0
0,-0.18692630529403687,0.9249624013900757,-0.3309124708175659,0.0,0.0,0.0
0,-0.18308304250240326,0.9263082146644592,-0.3292926549911499,0.0,0.0,0.0
0,-0.17757689952850342,0.9282965660095215,-0.32669857144355774,0.0,0.0,0.0
0,-0.1677025407552719,0.931833803653717,-0.321809858083725,0.0,0.0,0.0
0,-0.16200003027915955,0.9336501359939575,-0.3194580674171448,0.0,0.0,0.0
0,-0.15764692425727844,0.9350758790969849,-0.31745943427085876,0.0,0.0,0.0
0,-0.15262529253959656,0.9365687966346741,-0.31550660729408264,0.0,0.0,0.0
0,-0.14749111235141754,0.9379023909568787,-0.313983291387558,0.0,0.0,0.0
0,-0.1373828500509262,0.9407389760017395,-0.31005826592445374,0.0,0.0,0.0
0,-0.13263674080371857,0.942024290561676,-0.30821701884269714,0.0,0.0,0.0
0,-0.12884797155857086,0.9429234862327576,-0.30707240104675293,0.0,0.0,0.0
0,-0.1255042999982834,0.9435743093490601,-0.3064574897289276,0.0,0.0,0.0
0,-0.12169678509235382,0.9444589018821716,-0.30526599287986755,0.0,0.0,0.0
0,-0.1167091354727745,0.9456636309623718,-0.3034785985946655,0.0,0.0,0.0
0,-0.10623611509799957,0.9480573534965515,-0.29983511567115784,0.0,0.0,0.0
0,-0.09979965537786484,0.9493719935417175,-0.29788050055503845,0.0,0.0,0.0
0,-0.09333761036396027,0.9505173563957214,-0.296318918466568,0.0,0.0,0.0
0,-0.08743641525506973,0.9513944983482361,-0.29530221223831177,0.0,0.0,0.0
0,-0.08174579590559006,0.9522151947021484,-0.2942853569984436,0.0,0.0,0.0
0,-0.07193861156702042,0.9536980390548706,-0.29203566908836365,0.0,0.0,0.0
0,-0.06905918568372726,0.9540011286735535,-0.2917408347129822,0.0,0.0,0.0
0,-0.06658496707677841,0.9543315768241882,-0.2912348210811615,0.0,0.0,0.0
0,-0.06267478317022324,0.9550355076789856,-0.289791464805603,0.0,0.0,0.0
0,-0.057697828859090805,0.9558187127113342,-0.28823861479759216,0.0,0.0,0.0
0,-0.053059108555316925,0.9553506970405579,-0.29067134857177734,0.0,0.0,0.0
0,-0.055654216557741165,0.954170286655426,-0.2940436601638794,0.0,0.0,0.0
0,-0.05840666592121124,0.9533907175064087,-0.2960318326950073,0.0,0.0,0.0
0,-0.05849643051624298,0.9534453749656677,-0.2958379089832306,0.0,0.0,0.0
0,-0.05727463960647583,0.9538896083831787,-0.29464250802993774,0.0,0.0,0.0
0,-0.05562781170010567,0.9542502760887146,-0.2937890291213989,0.0,0.0,0.0
0,-0.050864703953266144,0.9552485942840576,-0.29139813780784607,0.0,0.0,0.0
0,-0.049552276730537415,0.9554538726806641,-0.2909509837627411,0.0,0.0,0.0
0,-0.04732765629887581,0.9558915495872498,-0.2898818254470825,0.0,0.0,0.0
0,-0.040170520544052124,0.9573651552200317,-0.28607386350631714,0.0,0.0,0.0
0,-0.036173392087221146,0.9583173990249634,-0.283406525850296,0.0,0.0,0.0
0,-0.032332923263311386,0.9591876268386841,-0.28091585636138916,0.0,0.0,0.0
0,-0.02908177115023136,0.9598639011383057,-0.27895447611808777,0.0,0.0,0.0
0,-0.026624977588653564,0.9602526426315308,-0.2778596580028534,0.0,0.0,0.0
0,-0.024537352845072746,0.9608293771743774,-0.27605223655700684,0.0,0.0,0.0
0,-0.020569656044244766,0.9620977640151978,-0.2719278335571289,0.0,0.0,0.0
0,-0.01993822120130062,0.9624379873275757,-0.2707684338092804,0.0,0.0,0.0
0,-0.020144056528806686,0.9624773859977722,-0.27061325311660767,0.0,0.0,0.0
0,-0.020144181326031685,0.9626232981681824,-0.2700936198234558,0.0,0.0,0.0
0,-0.019714703783392906,0.9628307819366455,-0.26938489079475403,0.0,0.0,0.0
0,-0.018999524414539337,0.9635725021362305,-0.2667715549468994,0.0,0.0,0.0
0,-0.018392298370599747,0.9641331434249878,-0.26478108763694763,0.0,0.0,0.0
0,-0.018112890422344208,0.9647054672241211,-0.2627076506614685,0.0,0.0,0.0
0,-0.01860591396689415,0.9650301337242126,-0.2614779472351074,0.0,0.0,0.0
0,-0.018978744745254517,0.9653713703155518,-0.26018819212913513,0.0,0.0,0.0
0,-0.01990458369255066,0.9658092260360718,-0.25848859548568726,0.0,0.0,0.0
0,-0.020154137164354324,0.9658580422401428,-0.2582867443561554,0.0,0.0,0.0
0,-0.020164186134934425,0.965959370136261,-0.25790682435035706,0.0,0.0,0.0
0,-0.020083045586943626,0.9661192297935486,-0.25731369853019714,0.0,0.0,0.0
0,-0.018767818808555603,0.9668124318122864,-0.2547968626022339,0.0,0.0,0.0
0,-0.017475508153438568,0.9672427773475647,-0.25325095653533936,0.0,0.0,0.0
0,-0.016357459127902985,0.9675502777099609,-0.2521485686302185,0.0,0.0,0.0
0,-0.015469012781977654,0.9677312970161438,-0.2515091001987457,0.0,0.0,0.0
0,-0.015319622121751308,0.9677043557167053,-0.25162193179130554,0.0,0.0,0.0
0,-0.015346231870353222,0.9676575064659119,-0.2518002986907959,0.0,0.0,0.0
0,-0.015777884051203728,0.9674733877182007,-0.2524803876876831,0.0,0.0,0.0
0,-0.01606147550046444,0.9674434661865234,-0.2525770962238312,0.0,0.0,0.0
0,-0.01637466996908188,0.9674679040908813,-0.2524634003639221,0.0,0.0,0.0
0,-0.016755085438489914,0.967434287071228,-0.2525671124458313,0.0,0.0,0.0
0,-0.017008619382977486,0.9673187732696533,-0.25299233198165894,0.0,0.0,0.0
0,-0.018052546307444572,0.9670041799545288,-0.2541201114654541,0.0,0.0,0.0
0,-0.0183795765042305,0.9668031334877014,-0.2548605501651764,0.0,0.0,0.0
0,-0.018643973395228386,0.9666064381599426,-0.25558626651763916,0.0,0.0,0.0
0,-0.019133934751152992,0.9664613604545593,-0.25609830021858215,0.0,0.0,0.0
0,-0.019484063610434532,0.9663030505180359,-0.2566685676574707,0.0,0.0,0.0
0,-0.020319929346442223,0.9660884141921997,-0.2574107348918915,0.0,0.0,0.0
0,-0.020503206178545952,0.9660861492156982,-0.2574046552181244,0.0,0.0,0.0
0,-0.020556800067424774,0.96608567237854,-0.25740212202072144,0.0,0.0,0.0
0,-0.020691877231001854,0.9660807847976685,-0.2574097216129303,0.0,0.0,0.0
0,-0.020985441282391548,0.9660337567329407,-0.2575623691082001,0.0,0.0,0.0
0,-0.02129318378865719,0.9659939408302307,-0.2576865553855896,0.0,0.0,0.0
0,-0.02186950109899044,0.9659226536750793,-0.2579052448272705,0.0,0.0,0.0
0,-0.022321561351418495,0.9658509492874146,-0.25813496112823486,0.0,0.0,0.0
0,-0.02252606302499771,0.9657675623893738,-0.25842905044555664,0.0,0.0,0.0
0,-0.022971458733081818,0.9657241702079773,-0.25855210423469543,0.0,0.0,0.0
0,-0.023634154349565506,0.9656028151512146,-0.25894513726234436,0.0,0.0,0.0
0,-0.023860063403844833,0.965562105178833,-0.25907620787620544,0.0,0.0,0.0
0,-0.02466830424964428,0.96547532081604,-0.2593238055706024,0.0,0.0,0.0
0,-0.025428006425499916,0.9653691053390503,-0.25964581966400146,0.0,0.0,0.0
0,-0.026356644928455353,0.9652559757232666,-0.2599736154079437,0.0,0.0,0.0
0,-0.02742757834494114,0.9650744199752808,-0.2605361342430115,0.0,0.0,0.0
0,-0.027847830206155777,0.9650061130523682,-0.26074454188346863,0.0,0.0,0.0
0,-0.028344688937067986,0.9648929834365845,-0.26110944151878357,0.0,0.0,0.0
0,-0.029336795210838318,0.9647212624549866,-0.2616336941719055,0.0,0.0,0.0
0,-0.030471961945295334,0.9644923806190491,-0.2623469829559326,0.0,0.0,0.0
0,-0.03344525769352913,0.963920533657074,-0.26408082246780396,0.0,0.0,0.0
0,-0.03482777625322342,0.9637125730514526,-0.26466044783592224,0.0,0.0,0.0
0,-0.03554911911487579,0.9636163115501404,-0.26491475105285645,0.0,0.0,0.0
0,-0.03654945641756058,0.9634838700294495,-0.2652602791786194,0.0,0.0,0.0
0,-0.03840276598930359,0.9631818532943726,-0.2660939693450928,0.0,0.0,0.0
0,-0.03840276598930359,0.9631818532943726,-0.2660939693450928,0.0,0.0,0.0
0,-0.04116266220808029,0.9624113440513611,-0.268458753824234,0.0,0.0,0.0
0,-0.04285375028848648,0.9618854522705078,-0.2700739800930023,0.0,0.0,0.0
0,-0.044518448412418365,0.9613869190216064,-0.27157559990882874,0.0,0.0,0.0
0,-0.046164341270923615,0.9607856869697571,-0.2734222710132599,0.0,0.0,0.0
0,-0.04848876968026161,0.9597010612487793,-0.27680808305740356,0.0,0.0,0.0
0,-0.049296651035547256,0.9591714143753052,-0.27849605679512024,0.0,0.0,0.0
0,-0.050216544419527054,0.958604633808136,-0.28027743101119995,0.0,0.0,0.0
0,-0.05120055750012398,0.9578081965446472,-0.2828108072280884,0.0,0.0,0.0
0,-0.052559349685907364,0.9569137692451477,-0.2855757474899292,0.0,0.0,0.0
0,-0.05491034314036369,0.9549664855003357,-0.29158860445022583,0.0,0.0,0.0
0,-0.056102145463228226,0.9538290500640869,-0.29506388306617737,0.0,0.0,0.0
0,-0.057198427617549896,0.9527660012245178,-0.29827046394348145,0.0,0.0,0.0
0,-0.05814966559410095,0.9517906308174133,-0.30118635296821594,0.0,0.0,0.0
0,-0.059529807418584824,0.9506784081459045,-0.30441221594810486,0.0,0.0,0.0
0,-0.062321461737155914,0.9489628076553345,-0.309169203042984,0.0,0.0,0.0
0,-0.06434635072946548,0.948051393032074,-0.31154149770736694,0.0,0.0,0.0
0,-0.06673631072044373,0.9470610618591309,-0.31404080986976624,0.0,0.0,0.0
0,-0.06954988837242126,0.9460297226905823,-0.31652891635894775,0.0,0.0,0.0
0,-0.07444662600755692,0.9439901113510132,-0.3214659094810486,0.0,0.0,0.0
0,-0.07695430517196655,0.9430195093154907,-0.3237162232398987,0.0,0.0,0.0
0,-0.07978297024965286,0.9420138001441956,-0.3259519636631012,0.0,0.0,0.0
0,-0.08245617896318436,0.9409703016281128,-0.3282923698425293,0.0,0.0,0.0
0,-0.08519167453050613,0.9400026202201843,-0.3303596079349518,0.0,0.0,0.0
0,-0.08806297183036804,0.939067542552948,-0.3322606086730957,0.0,0.0,0.0
0,-0.0939689576625824,0.9372674822807312,-0.3357073962688446,0.0,0.0,0.0
0,-0.09697699546813965,0.9363358616828918,-0.3374471366405487,0.0,0.0,0.0
0,-0.09969957172870636,0.9353960752487183,-0.33925530314445496,0.0,0.0,0.0
0,-0.10250193625688553,0.9344850778579712,-0.3409266471862793,0.0,0.0,0.0
0,-0.10492929071187973,0.9336899518966675,-0.3423636555671692,0.0,0.0,0.0
0,-0.10940754413604736,0.9324946999549866,-0.34421443939208984,0.0,0.0,0.0
0,-0.11234244704246521,0.9318053126335144,-0.3451348543167114,0.0,0.0,0.0
0,-0.11575818806886673,0.930900514125824,-0.346445232629776,0.0,0.0,0.0
0,-0.1196325495839119,0.9298138618469238,-0.3480433523654938,0.0,0.0,0.0
0,-0.12368697673082352,0.9286623597145081,-0.34969669580459595,0.0,0.0,0.0
0,-0.13241666555404663,0.9257935881614685,-0.3540792465209961,0.0,0.0,0.0
0,-0.13725970685482025,0.924207866191864,-0.3563699722290039,0.0,0.0,0.0
0,-0.14207451045513153,0.9225649237632751,-0.358732134103775,0.0,0.0,0.0
0,-0.14678867161273956,0.9210705757141113,-0.36066892743110657,0.0,0.0,0.0
0,-0.15164713561534882,0.9196945428848267,-0.36216720938682556,0.0,0.0,0.0
0,-0.1622442901134491,0.9162243604660034,-0.36634647846221924,0.0,0.0,0.0
0,-0.16794416308403015,0.914179265499115,-0.3688780963420868,0.0,0.0,0.0
0,-0.17378944158554077,0.9120171666145325,-0.3715129792690277,0.0,0.0,0.0
0,-0.17911478877067566,0.9100275039672852,-0.3738553822040558,0.0,0.0,0.0
0,-0.18449383974075317,0.9080420136451721,-0.37606075406074524,0.0,0.0,0.0
0,-0.19416052103042603,0.9042831063270569,-0.38022857904434204,0.0,0.0,0.0
0,-0.19890430569648743,0.9021839499473572,-0.3827548027038574,0.0,0.0,0.0
0,-0.2034018188714981,0.9002383351325989,-0.38496577739715576,0.0,0.0,0.0
0,-0.2079818844795227,0.8981791734695435,-0.38732120394706726,0.0,0.0,0.0
0,-0.21668972074985504,0.8941291570663452,-0.39189112186431885,0.0,0.0,0.0
0,-0.2208724021911621,0.8921604156494141,-0.3940370976924896,0.0,0.0,0.0
0,-0.2251424640417099,0.8902642130851746,-0.3959047198295593,0.0,0.0,0.0
0,-0.22778141498565674,0.8891690373420715,-0.3968552052974701,0.0,0.0,0.0
0,-0.2311527580022812,0.8876062035560608,-0.39840131998062134,0.0,0.0,0.0
0,-0.2342536300420761,0.8861778378486633,-0.39976754784584045,0.0,0.0,0.0
0,-0.23986971378326416,0.8839027881622314,-0.40147024393081665,0.0,0.0,0.0
0,-0.2432081252336502,0.8822109699249268,-0.40317943692207336,0.0,0.0,0.0
0,-0.24594584107398987,0.8808172941207886,-0.4045633375644684,0.0,0.0,0.0
0,-0.24870078265666962,0.879548192024231,-0.40563884377479553,0.0,0.0,0.0
0,-0.25031915307044983,0.8792173862457275,-0.4053604304790497,0.0,0.0,0.0
0,-0.25393855571746826,0.8784264326095581,-0.4048237204551697,0.0,0.0,0.0
0,-0.25497427582740784,0.8782260417938232,-0.4046073853969574,0.0,0.0,0.0
0,-0.2560507655143738,0.8780184984207153,-0.4043780267238617,0.0,0.0,0.0
0,-0.2558673620223999,0.8782739043235779,-0.4039391875267029,0.0,0.0,0.0
0,-0.25609517097473145,0.8783181309700012,-0.4036986231803894,0.0,0.0,0.0
0,-0.25563496351242065,0.8794668316841125,-0.40148329734802246,0.0,0.0,0.0
0,-0.25499603152275085,0.8803149461746216,-0.4000282883644104,0.0,0.0,0.0
0,-0.25478678941726685,0.8808062076568604,-0.3990790843963623,0.0,0.0,0.0
0,-0.2545674741268158,0.8812382817268372,-0.3982643783092499,0.0,0.0,0.0
0,-0.25383636355400085,0.881868839263916,-0.3973342180252075,0.0,0.0,0.0
0,-0.2518826723098755,0.8834410905838013,-0.3950784206390381,0.0,0.0,0.0
0,-0.2507558763027191,0.8842778205871582,-0.3939215838909149,0.0,0.0,0.0
0,-0.2487921565771103,0.8855661749839783,-0.3922690153121948,0.0,0.0,0.0
0,-0.24723613262176514,0.88656085729599,-0.3910039961338043,0.0,0.0,0.0
0,-0.24345409870147705,0.8888062834739685,-0.38826990127563477,0.0,0.0,0.0
0,-0.24345409870147705,0.8888062834739685,-0.38826990127563477,0.0,0.0,0.0
0,-0.24021892249584198,0.8905821442604065,-0.38621020317077637,0.0,0.0,0.0
0,-0.23813527822494507,0.8916486501693726,-0.38503798842430115,0.0,0.0,0.0
0,-0.23552647233009338,0.8929967284202576,-0.38351553678512573,0.0,0.0,0.0
0,-0.2309635579586029,0.8951526284217834,-0.3812578618526459,0.0,0.0,0.0
0,-0.22877107560634613,0.8959795832633972,-0.3806368112564087,0.0,0.0,0.0
0,-0.22595879435539246,0.8972367644309998,-0.3793530762195587,0.0,0.0,0.0
0,-0.22314944863319397,0.8984565734863281,-0.3781271278858185,0.0,0.0,0.0
0,-0.22019793093204498,0.8994775414466858,-0.3774294853210449,0.0,0.0,0.0
0,-0.21734003722667694,0.9007951021194458,-0.37594074010849,0.0,0.0,0.0
0,-0.21481238305568695,0.9017537832260132,-0.37509432435035706,0.0,0.0,0.0
0,-0.21076315641403198,0.9032943248748779,-0.3736819922924042,0.0,0.0,0.0
0,-0.20808078348636627,0.9043988585472107,-0.37251192331314087,0.0,0.0,0.0
0,-0.20500707626342773,0.9056007862091064,-0.3712941110134125,0.0,0.0,0.0
0,-0.20152662694454193,0.906736433506012,-0.37042686343193054,0.0,0.0,0.0
0,-0.1938645988702774,0.9093245267868042,-0.36816495656967163,0.0,0.0,0.0
0,-0.189245343208313,0.9110385775566101,-0.36632630228996277,0.0,0.0,0.0
0,-0.1849789321422577,0.9125775098800659,-0.3646712005138397,0.0,0.0,0.0
0,-0.18087227642536163,0.9141786098480225,-0.36271563172340393,0.0,0.0,0.0
0,-0.1759495884180069,0.9164144992828369,-0.35948053002357483,0.0,0.0,0.0
0,-0.17360109090805054,0.9174561500549316,-0.35796216130256653,0.0,0.0,0.0
0,-0.17115412652492523,0.9183305501937866,-0.3568967580795288,0.0,0.0,0.0
0,-0.16783252358436584,0.9193340539932251,-0.3558891713619232,0.0,0.0,0.0
0,-0.16410930454730988,0.9203169345855713,-0.35508430004119873,0.0,0.0,0.0
0,-0.15942668914794922,0.9212438464164734,-0.35481393337249756,0.0,0.0,0.0
0,-0.15096724033355713,0.9223796725273132,-0.3555624783039093,0.0,0.0,0.0
0,-0.14772069454193115,0.9225202798843384,-0.3565599024295807,0.0,0.0,0.0
0,-0.14489680528640747,0.9227439761161804,-0.35713931918144226,0.0,0.0,0.0
0,-0.14195728302001953,0.9230019450187683,-0.35765278339385986,0.0,0.0,0.0
0,-0.13830149173736572,0.9236261248588562,-0.357473760843277,0.0,0.0,0.0
0,-0.1279630810022354,0.9257749319076538,-0.3557615280151367,0.0,0.0,0.0
0,-0.12224248796701431,0.9267686605453491,-0.3551853895187378,0.0,0.0,0.0
0,-0.11618373543024063,0.927717924118042,-0.35474053025245667,0.0,0.0,0.0
0,-0.1103571429848671,0.9284787774085999,-0.35461023449897766,0.0,0.0,0.0
0,-0.10446342825889587,0.929195761680603,-0.35451745986938477,0.0,0.0,0.0
0,-0.09388472139835358,0.9302327632904053,-0.354757159948349,0.0,0.0,0.0
0,-0.08874020725488663,0.9310172200202942,-0.354022741317749,0.0,0.0,0.0
0,-0.08293571323156357,0.9317654967308044,-0.35346105694770813,0.0,0.0,0.0
0,-0.07734718918800354,0.9326226115226746,-0.352466344833374,0.0,0.0,0.0
0,-0.0721561387181282,0.9333049058914185,-0.35176053643226624,0.0,0.0,0.0
0,-0.06243853643536568,0.9342089891433716,-0.3512192964553833,0.0,0.0,0.0
0,-0.058040667325258255,0.9344598054885864,-0.3513064384460449,0.0,0.0,0.0
0,-0.05461341142654419,0.934648334980011,-0.3513543903827667,0.0,0.0,0.0
0,-0.05183122679591179,0.9349638223648071,-0.3509361147880554,0.0,0.0,0.0
0,-0.04921891912817955,0.9352952241897583,-0.35042881965637207,0.0,0.0,0.0
0,-0.04346398636698723,0.9365932941436768,-0.34771236777305603,0.0,0.0,0.0
0,-0.04115951433777809,0.9370318651199341,-0.34681007266044617,0.0,0.0,0.0
0,-0.039565376937389374,0.9371015429496765,-0.34680718183517456,0.0,0.0,0.0
0,-0.03841235488653183,0.9367991089820862,-0.34775274991989136,0.0,0.0,0.0
0,-0.03759588673710823,0.9366198182106018,-0.34832435846328735,0.0,0.0,0.0
0,-0.03488793969154358,0.9367296695709229,-0.3483106791973114,0.0,0.0,0.0
0,-0.033150821924209595,0.937107264995575,-0.3474636971950531,0.0,0.0,0.0
0,-0.031457699835300446,0.9375722408294678,-0.3463650047779083,0.0,0.0,0.0
0,-0.028907671570777893,0.9384734630584717,-0.3441393971443176,0.0,0.0,0.0
0,-0.025878271088004112,0.9394716620445251,-0.34164801239967346,0.0,0.0,0.0
0,-0.02076764404773712,0.9413266181945801,-0.336857408285141,0.0,0.0,0.0
0,-0.019261235371232033,0.9419786930084229,-0.3351195752620697,0.0,0.0,0.0
0,-0.01801879145205021,0.9424268007278442,-0.3339267671108246,0.0,0.0,0.0
0,-0.016668006777763367,0.9429885745048523,-0.33240747451782227,0.0,0.0,0.0
0,-0.014988000504672527,0.943627119064331,-0.3306708037853241,0.0,0.0,0.0
0,-0.013203616254031658,0.9445402026176453,-0.3281302750110626,0.0,0.0,0.0
0,-0.012971818447113037,0.9448463916778564,-0.32725682854652405,0.0,0.0,0.0
0,-0.015161430463194847,0.9452832937240601,-0.3258981704711914,0.0,0.0,0.0
0,-0.017021169885993004,0.9455463290214539,-0.32504212856292725,0.0,0.0,0.0
0,-0.020258385688066483,0.946029007434845,-0.32344818115234375,0.0,0.0,0.0
0,-0.02012152411043644,0.9467896819114685,-0.32122328877449036,0.0,0.0,0.0
0,-0.01951933093369007,0.9477828741073608,-0.3183184266090393,0.0,0.0,0.0
0,-0.017901882529258728,0.9486238360404968,-0.31589922308921814,0.0,0.0,0.0
0,-0.015420766547322273,0.9493575692176819,-0.31381914019584656,0.0,0.0,0.0
0,-0.012723520398139954,0.9502139091491699,-0.31133851408958435,0.0,0.0,0.0
0,-0.012325292453169823,0.9502432346343994,-0.31126490235328674,0.0,0.0,0.0
0,-0.012708564288914204,0.9501202702522278,-0.3116247057914734,0.0,0.0,0.0
0,-0.01265568658709526,0.9498540759086609,-0.3124372065067291,0.0,0.0,0.0
0,-0.011676224879920483,0.9496745467185974,-0.31302064657211304,0.0,0.0,0.0
0,-0.012491408735513687,0.9501872062683105,-0.3114294111728668,0.0,0.0,0.0
0,-0.019793326035141945,0.9509701132774353,-0.3086487948894501,0.0,0.0,0.0
0,-0.024276133626699448,0.951725423336029,-0.30598926544189453,0.0,0.0,0.0
0,-0.02856259234249592,0.9523789286613464,-0.30357626080513,0.0,0.0,0.0
0,-0.032552242279052734,0.9526296257972717,-0.30238568782806396,0.0,0.0,0.0
0,-0.03537283092737198,0.9526960253715515,-0.30185940861701965,0.0,0.0,0.0
0,-0.036542877554893494,0.9525913000106812,-0.30205038189888,0.0,0.0,0.0
0,-0.03692325949668884,0.9528390169143677,-0.30122172832489014,0.0,0.0,0.0
0,-0.037545401602983475,0.9529430270195007,-0.3008154630661011,0.0,0.0,0.0
0,-0.039463117718696594,0.9529813528060913,-0.3004482686519623,0.0,0.0,0.0
0,-0.04133228957653046,0.9530380368232727,-0.3000168204307556,0.0,0.0,0.0
0,-0.04543375223875046,0.9529463052749634,-0.29971498250961304,0.0,0.0,0.0
0,-0.047079116106033325,0.9528844952583313,-0.2996576130390167,0.0,0.0,0.0
0,-0.048123057931661606,0.9528555274009705,-0.29958394169807434,0.0,0.0,0.0
0,-0.04927898198366165,0.9527882933616638,-0.2996097803115845,0.0,0.0,0.0
0,-0.050218190997838974,0.9527446031570435,-0.2995927631855011,0.0,0.0,0.0
0,-0.05286025255918503,0.9525544047355652,-0.29974299669265747,0.0,0.0,0.0
0,-0.05438507720828056,0.9524596929550171,-0.2997712790966034,0.0,0.0,0.0
0,-0.05606740340590477,0.9523475170135498,-0.29981762170791626,0.0,0.0,0.0
0,-0.057950813323259354,0.9523144364356995,-0.29956454038619995,0.0,0.0,0.0
0,-0.06198863312602043,0.9521536231040955,-0.2992672324180603,0.0,0.0,0.0
0,-0.06394614279270172,0.9520509243011475,-0.29918208718299866,0.0,0.0,0.0
0,-0.06586781144142151,0.9521020650863647,-0.298601895570755,0.0,0.0,0.0
0,-0.06746035814285278,0.952069103717804,-0.29835134744644165,0.0,0.0,0.0
0,-0.06892701983451843,0.9520009160041809,-0.29823368787765503,0.0,0.0,0.0
0,-0.06988876312971115,0.9520188570022583,-0.2979523539543152,0.0,0.0,0.0
0,-0.07170061767101288,0.951798141002655,-0.2982270121574402,0.0,0.0,0.0
0,-0.0728423222899437,0.9516811370849609,-0.29832372069358826,0.0,0.0,0.0
0,-0.07359257340431213,0.9514696598052979,-0.2988136410713196,0.0,0.0,0.0
0,-0.07437480986118317,0.951265811920166,-0.2992687225341797,0.0,0.0,0.0
0,-0.07550312578678131,0.9511151909828186,-0.2994648218154907,0.0,0.0,0.0
0,-0.0773560106754303,0.9510167241096497,-0.29930463433265686,0.0,0.0,0.0
0,-0.07859424501657486,0.9510117769241333,-0.2989976406097412,0.0,0.0,0.0
0,-0.07967588305473328,0.9509575963020325,-0.2988836169242859,0.0,0.0,0.0
0,-0.08061537146568298,0.9508838057518005,-0.2988663613796234,0.0,0.0,0.0
0,-0.08104998618364334,0.950792133808136,-0.2990405857563019,0.0,0.0,0.0
0,-0.08126664161682129,0.9505081176757812,-0.29988348484039307,0.0,0.0,0.0
0,-0.0813138410449028,0.9503915905952454,-0.30023980140686035,0.0,0.0,0.0
0,-0.08122827857732773,0.9503324627876282,-0.3004499673843384,0.0,0.0,0.0
0,-0.08144449442625046,0.9502765536308289,-0.30056828260421753,0.0,0.0,0.0
0,-0.08209319412708282,0.9502102136611938,-0.30060142278671265,0.0,0.0,0.0
0,-0.08313652873039246,0.9500288963317871,-0.3008877635002136,0.0,0.0,0.0
0,-0.08349661529064178,0.9499331712722778,-0.3010900616645813,0.0,0.0,0.0
0,-0.08376479893922806,0.9498468637466431,-0.30128780007362366,0.0,0.0,0.0
0,-0.08335961401462555,0.9497784972190857,-0.3016156554222107,0.0,0.0,0.0
0,-0.083342045545578,0.9496981501579285,-0.30187341570854187,0.0,0.0,0.0
0,-0.08368135243654251,0.9495915174484253,-0.3021147549152374,0.0,0.0,0.0
0,-0.08454634994268417,0.9494007229804993,-0.3024735152721405,0.0,0.0,0.0
0,-0.08499374985694885,0.9494013786315918,-0.30234602093696594,0.0,0.0,0.0
0,-0.08532685041427612,0.9493514895439148,-0.30240872502326965,0.0,0.0,0.0
0,-0.0856618583202362,0.9492567181587219,-0.30261144042015076,0.0,0.0,0.0
0,-0.0856618583202362,0.9492567181587219,-0.30261144042015076,0.0,0.0,0.0
0,-0.08563531190156937,0.949091911315918,-0.3031354546546936,0.0,0.0,0.0
0,-0.0856667086482048,0.9490092396736145,-0.30338528752326965,0.0,0.0,0.0
0,-0.08553272485733032,0.9488880038261414,-0.3038020133972168,0.0,0.0,0.0
0,-0.08543407917022705,0.9488128423690796,-0.30406445264816284,0.0,0.0,0.0
0,-0.0855734720826149,0.9485828280448914,-0.3047422468662262,0.0,0.0,0.0
0,-0.08574561774730682,0.9484201073646545,-0.30519986152648926,0.0,0.0,0.0
0,-0.08601871132850647,0.9483082294464111,-0.3054705262184143,0.0,0.0,0.0
0,-0.08638929575681686,0.9482277631759644,-0.30561572313308716,0.0,0.0,0.0
0,-0.08744969218969345,0.948043942451477,-0.305884450674057,0.0,0.0,0.0
0,-0.087735116481781,0.9479483962059021,-0.30609866976737976,0.0,0.0,0.0
0,-0.0883595421910286,0.9478579163551331,-0.30619922280311584,0.0,0.0,0.0
0,-0.0888858437538147,0.9477731585502625,-0.306309312582016,0.0,0.0,0.0
0,-0.08968915045261383,0.9477344155311584,-0.3061950206756592,0.0,0.0,0.0
0,-0.09128458797931671,0.9477264285087585,-0.3057478070259094,0.0,0.0,0.0
0,-0.09197654575109482,0.947726845741272,-0.3055390417575836,0.0,0.0,0.0
0,-0.09273150563240051,0.9476310610771179,-0.3056079149246216,0.0,0.0,0.0
0,-0.09335743635892868,0.9476258158683777,-0.3054336607456207,0.0,0.0,0.0
0,-0.09413563460111618,0.9475102424621582,-0.3055534064769745,0.0,0.0,0.0
0,-0.09469088912010193,0.9474834203720093,-0.30546486377716064,0.0,0.0,0.0
0,-0.09570426493883133,0.9474965929985046,-0.3051080107688904,0.0,0.0,0.0
0,-0.09635601937770844,0.947489321231842,-0.30492544174194336,0.0,0.0,0.0
0,-0.09709648042917252,0.9474236369132996,-0.30489468574523926,0.0,0.0,0.0
0,-0.09766587615013123,0.9475213289260864,-0.3044087588787079,0.0,0.0,0.0
0,-0.09891737252473831,0.947638750076294,-0.30363813042640686,0.0,0.0,0.0
0,-0.09959510713815689,0.9476709365844727,-0.30331602692604065,0.0,0.0,0.0
0,-0.1003754734992981,0.9476585984230042,-0.3030971884727478,0.0,0.0,0.0
0,-0.10129928588867188,0.9476044774055481,-0.3029591143131256,0.0,0.0,0.0
0,-0.10235179215669632,0.9475600719451904,-0.3027441203594208,0.0,0.0,0.0
0,-0.10284315049648285,0.9474676251411438,-0.30286693572998047,0.0,0.0,0.0
0,-0.10432000458240509,0.9473350048065186,-0.30277660489082336,0.0,0.0,0.0
0,-0.10498490929603577,0.947283148765564,-0.30270901322364807,0.0,0.0,0.0
0,-0.10561062395572662,0.9472100138664246,-0.302720308303833,0.0,0.0,0.0
0,-0.10636446624994278,0.947130560874939,-0.30270498991012573,0.0,0.0,0.0
0,-0.10816147178411484,0.9470092058181763,-0.3024478554725647,0.0,0.0,0.0
0,-0.10906960070133209,0.9469384551048279,-0.3023431599140167,0.0,0.0,0.0
0,-0.11026228219270706,0.9468625783920288,-0.30214816331863403,0.0,0.0,0.0
0,-0.11146163940429688,0.9468137621879578,-0.3018609881401062,0.0,0.0,0.0
0,-0.11287479847669601,0.946696937084198,-0.30170220136642456,0.0,0.0,0.0
0,-0.11502788960933685,0.9465312361717224,-0.30140864849090576,0.0,0.0,0.0
0,-0.11662483960390091,0.9462809562683105,-0.3015808165073395,0.0,0.0,0.0
0,-0.11780352890491486,0.9461594223976135,-0.3015039265155792,0.0,0.0,0.0
0,-0.11957772076129913,0.946017861366272,-0.3012496829032898,0.0,0.0,0.0
0,-0.12080048769712448,0.9459262490272522,-0.3010493814945221,0.0,0.0,0.0
0,-0.12208735197782516,0.9458342790603638,-0.30081918835639954,0.0,0.0,0.0
0,-0.12465276569128036,0.9456943869590759,-0.3002062737941742,0.0,0.0,0.0
0,-0.12597094476222992,0.9456018805503845,-0.2999474108219147,0.0,0.0,0.0
0,-0.1275181621313095,0.9454712867736816,-0.2997050881385803,0.0,0.0,0.0
0,-0.12877553701400757,0.9453654885292053,-0.2995011806488037,0.0,0.0,0.0
0,-0.13037443161010742,0.945263683795929,-0.29913046956062317,0.0,0.0,0.0
0,-0.13309986889362335,0.9449691772460938,-0.2988606095314026,0.0,0.0,0.0
0,-0.13403716683387756,0.9449153542518616,-0.2986118495464325,0.0,0.0,0.0
0,-0.13475783169269562,0.9448950290679932,-0.29835158586502075,0.0,0.0,0.0
0,-0.13549548387527466,0.9448720812797546,-0.2980901598930359,0.0,0.0,0.0
0,-0.13626140356063843,0.9448251724243164,-0.2978895306587219,0.0,0.0,0.0
0,-0.13758867979049683,0.944696307182312,-0.2976881265640259,0.0,0.0,0.0
0,-0.13808467984199524,0.9446608424186707,-0.2975710332393646,0.0,0.0,0.0
0,-0.13864341378211975,0.9446216225624084,-0.2974356412887573,0.0,0.0,0.0
0,-0.13905106484889984,0.9445897340774536,-0.29734665155410767,0.0,0.0,0.0
0,-0.13938012719154358,0.9445853233337402,-0.29720649123191833,0.0,0.0,0.0
0,-0.1400720626115799,0.9445707201957703,-0.2969276010990143,0.0,0.0,0.0
0,-0.14045247435569763,0.9445289969444275,-0.2968806326389313,0.0,0.0,0.0
0,-0.14074820280075073,0.9445416927337646,-0.29670003056526184,0.0,0.0,0.0
0,-0.14087215065956116,0.9445375204086304,-0.29665449261665344,0.0,0.0,0.0
0,-0.14057132601737976,0.9445869326591492,-0.2966398596763611,0.0,0.0,0.0
0,-0.13927561044692993,0.9447532296180725,-0.2967214584350586,0.0,0.0,0.0
0,-0.1390097737312317,0.9447653889656067,-0.29680731892585754,0.0,0.0,0.0
0,-0.13854986429214478,0.9448017477989197,-0.2969067692756653,0.0,0.0,0.0
0,-0.13819116353988647,0.9448058009147644,-0.29706090688705444,0.0,0.0,0.0
0,-0.1379821002483368,0.9447863698005676,-0.2972198724746704,0.0,0.0,0.0
0,-0.13773870468139648,0.9448016881942749,-0.29728397727012634,0.0,0.0,0.0
0,-0.13773372769355774,0.9448419213294983,-0.2971585690975189,0.0,0.0,0.0
0,-0.13806909322738647,0.9448611736297607,-0.29694148898124695,0.0,0.0,0.0
0,-0.13795603811740875,0.9450274109840393,-0.2964646816253662,0.0,0.0,0.0
0,-0.13758911192417145,0.9452558159828186,-0.2959064841270447,0.0,0.0,0.0
0,-0.13668633997440338,0.945551872253418,-0.2953786551952362,0.0,0.0,0.0
0,-0.136416956782341,0.9456388354301453,-0.29522475600242615,0.0,0.0,0.0
0,-0.13703416287899017,0.945364773273468,-0.2958158850669861,0.0,0.0,0.0
0,-0.137307807803154,0.9452515840530396,-0.2960507571697235,0.0,0.0,0.0
0,-0.13785885274410248,0.9451102018356323,-0.29624587297439575,0.0,0.0,0.0
0,-0.1381092220544815,0.9451581835746765,-0.29597610235214233,0.0,0.0,0.0
0,-0.1380283534526825,0.945297360420227,-0.29556912183761597,0.0,0.0,0.0
0,-0.13778318464756012,0.9454299807548523,-0.2952590882778168,0.0,0.0,0.0
0,-0.13780765235424042,0.9455204010009766,-0.2949580252170563,0.0,0.0,0.0
0,-0.13801074028015137,0.9455307722091675,-0.29482969641685486,0.0,0.0,0.0
0,-0.13868027925491333,0.9454488158226013,-0.29477834701538086,0.0,0.0,0.0
0,-0.13975808024406433,0.9452857971191406,-0.29479217529296875,0.0,0.0,0.0
0,-0.140339195728302,0.9451718926429749,-0.29488128423690796,0.0,0.0,0.0
0,-0.14065316319465637,0.9452042579650879,-0.294627845287323,0.0,0.0,0.0
0,-0.14103004336357117,0.9452069997787476,-0.2944389283657074,0.0,0.0,0.0
0,-0.1414448767900467,0.945314347743988,-0.29389485716819763,0.0,0.0,0.0
0,-0.14152756333351135,0.9453607797622681,-0.2937055826187134,0.0,0.0,0.0
0,-0.14210757613182068,0.9453132748603821,-0.29357844591140747,0.0,0.0,0.0
0,-0.14240112900733948,0.9452797770500183,-0.2935439646244049,0.0,0.0,0.0
0,-0.1431497037410736,0.9451274871826172,-0.293670117855072,0.0,0.0,0.0
0,-0.14411740005016327,0.944986879825592,-0.2936493158340454,0.0,0.0,0.0
0,-0.14442546665668488,0.9449968934059143,-0.29346582293510437,0.0,0.0,0.0
0,-0.14481741189956665,0.9449754357337952,-0.2933417558670044,0.0,0.0,0.0
0,-0.14496098458766937,0.9450019001960754,-0.2931854724884033,0.0,0.0,0.0
0,-0.14497773349285126,0.945066511631012,-0.29296889901161194,0.0,0.0,0.0
0,-0.14512808620929718,0.9450988173484802,-0.2927902340888977,0.0,0.0,0.0
0,-0.1451973021030426,0.9451195597648621,-0.2926888167858124,0.0,0.0,0.0
0,-0.14545272290706635,0.9451265931129456,-0.2925393283367157,0.0,0.0,0.0
0,-0.14549091458320618,0.9451128840446472,-0.29256460070610046,0.0,0.0,0.0
0,-0.14579249918460846,0.9450147747993469,-0.2927314043045044,0.0,0.0,0.0
0,-0.1456432342529297,0.9450308680534363,-0.2927537262439728,0.0,0.0,0.0
0,-0.14546382427215576,0.9450463652610779,-0.2927929162979126,0.0,0.0,0.0
0,-0.14530670642852783,0.9451041221618652,-0.2926844656467438,0.0,0.0,0.0
0,-0.14528463780879974,0.9451584219932556,-0.2925199568271637,0.0,0.0,0.0
0,-0.14512985944747925,0.9452196359634399,-0.2923990786075592,0.0,0.0,0.0
0,-0.14467215538024902,0.9453427791595459,-0.29222774505615234,0.0,0.0,0.0
0,-0.14464229345321655,0.9453634023666382,-0.29217568039894104,0.0,0.0,0.0
0,-0.14462371170520782,0.9454218149185181,-0.2919958233833313,0.0,0.0,0.0
0,-0.1445881575345993,0.9454439878463745,-0.29194164276123047,0.0,0.0,0.0
0,-0.14457038044929504,0.9454612135887146,-0.2918947637081146,0.0,0.0,0.0
0,-0.1442643254995346,0.945580244064331,-0.29166045784950256,0.0,0.0,0.0
0,-0.14405514299869537,0.9456714391708374,-0.2914680540561676,0.0,0.0,0.0
0,-0.14383114874362946,0.9457108974456787,-0.29145073890686035,0.0,0.0,0.0
0,-0.14373181760311127,0.9457074999809265,-0.29151076078414917,0.0,0.0,0.0
0,-0.14359767735004425,0.945724368095398,-0.2915221154689789,0.0,0.0,0.0
0,-0.14333277940750122,0.94584059715271,-0.291275292634964,0.0,0.0,0.0
0,-0.14314492046833038,0.9459220170974731,-0.29110315442085266,0.0,0.0,0.0
0,-0.1426287442445755,0.9460986852645874,-0.29078227281570435,0.0,0.0,0.0
0,-0.14246036112308502,0.9461562633514404,-0.2906774580478668,0.0,0.0,0.0
0,-0.14191670715808868,0.9463123679161072,-0.2904351055622101,0.0,0.0,0.0
0,-0.14152249693870544,0.9464181065559387,-0.2902829349040985,0.0,0.0,0.0
0,-0.14117169380187988,0.9465418457984924,-0.29005011916160583,0.0,0.0,0.0
0,-0.14084050059318542,0.9466878175735474,-0.2897345721721649,0.0,0.0,0.0
0,-0.14049597084522247,0.9468006491661072,-0.28953301906585693,0.0,0.0,0.0
0,-0.1401403695344925,0.946844220161438,-0.28956300020217896,0.0,0.0,0.0
0,-0.13961227238178253,0.946932852268219,-0.28952813148498535,0.0,0.0,0.0
0,-0.13908173143863678,0.9469974040985107,-0.2895723879337311,0.0,0.0,0.0
0,-0.13850820064544678,0.9470833539962769,-0.28956618905067444,0.0,0.0,0.0
0,-0.1378653198480606,0.9472373723983765,-0.2893691658973694,0.0,0.0,0.0
0,-0.1371624767780304,0.947480320930481,-0.2889074385166168,0.0,0.0,0.0
0,-0.13684877753257751,0.9475923180580139,-0.2886887192726135,0.0,0.0,0.0
0,-0.1365348994731903,0.9476800560951233,-0.2885493338108063,0.0,0.0,0.0
0,-0.13605836033821106,0.9477795362472534,-0.28844770789146423,0.0,0.0,0.0
0,-0.13540156185626984,0.9478945136070251,-0.2883789837360382,0.0,0.0,0.0
0,-0.133781298995018,0.9482207894325256,-0.28806230425834656,0.0,0.0,0.0
0,-0.13316610455513,0.9484156966209412,-0.2877054512500763,0.0,0.0,0.0
0,-0.13241714239120483,0.948806881904602,-0.2867598533630371,0.0,0.0,0.0
0,-0.13199377059936523,0.9490607380867004,-0.28611427545547485,0.0,0.0,0.0
0,-0.1317872852087021,0.9492497444152832,-0.28558194637298584,0.0,0.0,0.0
0,-0.13163915276527405,0.9493349194526672,-0.28536710143089294,0.0,0.0,0.0
0,-0.13191047310829163,0.949256956577301,-0.28550097346305847,0.0,0.0,0.0
0,-0.13169437646865845,0.949458658695221,-0.2849295735359192,0.0,0.0,0.0
0,-0.13097341358661652,0.9497069120407104,-0.28443413972854614,0.0,0.0,0.0
0,-0.1300993263721466,0.9500153064727783,-0.28380465507507324,0.0,0.0,0.0
0,-0.12917214632034302,0.9503466486930847,-0.28311803936958313,0.0,0.0,0.0
0,-0.12819620966911316,0.9505692720413208,-0.2828141450881958,0.0,0.0,0.0
0,-0.1279364973306656,0.9505312442779541,-0.283059298992157,0.0,0.0,0.0
0,-0.12745943665504456,0.9505742192268372,-0.28313031792640686,0.0,0.0,0.0
0,-0.1270710825920105,0.9506320953369141,-0.28311049938201904,0.0,0.0,0.0
0,-0.1255735158920288,0.9511056542396545,-0.2821866273880005,0.0,0.0,0.0
0,-0.12470104545354843,0.9514089226722717,-0.28155049681663513,0.0,0.0,0.0
0,-0.12337091565132141,0.9517408013343811,-0.28101441264152527,0.0,0.0,0.0
0,-0.12191323190927505,0.9521619081497192,-0.2802228033542633,0.0,0.0,0.0
0,-0.12031891196966171,0.952595055103302,-0.2794388234615326,0.0,0.0,0.0
0,-0.11688663065433502,0.953396201133728,-0.27816030383110046,0.0,0.0,0.0
0,-0.11518455296754837,0.9537370800971985,-0.27770140767097473,0.0,0.0,0.0
0,-0.11375003308057785,0.9540138840675354,-0.27734169363975525,0.0,0.0,0.0
0,-0.11240322142839432,0.9542632699012756,-0.2770327925682068,0.0,0.0,0.0
0,-0.11129391938447952,0.9545050859451294,-0.27664726972579956,0.0,0.0,0.0
0,-0.10862287133932114,0.9551376104354858,-0.2755235731601715,0.0,0.0,0.0
0,-0.10716821998357773,0.9554480910301208,-0.27501627802848816,0.0,0.0,0.0
0,-0.10579728335142136,0.9556955099105835,-0.2746870517730713,0.0,0.0,0.0
0,-0.10429373383522034,0.9559767246246338,-0.2742832601070404,0.0,0.0,0.0
0,-0.10285157710313797,0.956242024898529,-0.2739027142524719,0.0,0.0,0.0
0,-0.10177260637283325,0.9564902186393738,-0.27343881130218506,0.0,0.0,0.0
0,-0.09953853487968445,0.956847608089447,-0.2730104327201843,0.0,0.0,0.0
0,-0.09862107783555984,0.9570403695106506,-0.27266767621040344,0.0,0.0,0.0
0,-0.09754873067140579,0.9572564959526062,-0.27229443192481995,0.0,0.0,0.0
0,-0.09660878032445908,0.9574798941612244,-0.27184367179870605,0.0,0.0,0.0
0,-0.09502847492694855,0.9578434228897095,-0.2711191177368164,0.0,0.0,0.0
0,-0.09460300207138062,0.9578924179077148,-0.27109473943710327,0.0,0.0,0.0
0,-0.0939284935593605,0.9579789042472839,-0.2710236608982086,0.0,0.0,0.0
0,-0.09309166669845581,0.9579647779464722,-0.27136221528053284,0.0,0.0,0.0
0,-0.09229863435029984,0.9579482078552246,-0.27169135212898254,0.0,0.0,0.0
0,-0.09151272475719452,0.9579519629478455,-0.27194395661354065,0.0,0.0,0.0
0,-0.09028224647045135,0.9580203294754028,-0.27211427688598633,0.0,0.0,0.0
0,-0.08986228704452515,0.9581089019775391,-0.2719413638114929,0.0,0.0,0.0
0,-0.08932194858789444,0.9582156538963318,-0.27174311876296997,0.0,0.0,0.0
0,-0.08886833488941193,0.9582949876785278,-0.2716121971607208,0.0,0.0,0.0
0,-0.08852748572826385,0.9583356976509094,-0.2715797424316406,0.0,0.0,0.0
0,-0.08834996074438095,0.9581866264343262,-0.2721629738807678,0.0,0.0,0.0
0,-0.08866283297538757,0.9580338001251221,-0.27259886264801025,0.0,0.0,0.0
0,-0.0889570415019989,0.9578518867492676,-0.2731417119503021,0.0,0.0,0.0
0,-0.08905404806137085,0.957767128944397,-0.27340731024742126,0.0,0.0,0.0
0,-0.08916369080543518,0.957715630531311,-0.273551881313324,0.0,0.0,0.0
0,-0.0894927904009819,0.9576509594917297,-0.27367085218429565,0.0,0.0,0.0
0,-0.08999492228031158,0.9575533270835876,-0.2738476097583771,0.0,0.0,0.0
0,-0.09059669822454453,0.9574312567710876,-0.274075984954834,0.0,0.0,0.0
0,-0.09155980497598648,0.9571601748466492,-0.27470195293426514,0.0,0.0,0.0
0,-0.09249458461999893,0.9569182991981506,-0.27523112297058105,0.0,0.0,0.0
0,-0.09424145519733429,0.956455409526825,-0.2762455940246582,0.0,0.0,0.0
0,-0.09507273137569427,0.9561854004859924,-0.27689459919929504,0.0,0.0,0.0
0,-0.09624610841274261,0.9558199048042297,-0.2777499854564667,0.0,0.0,0.0
0,-0.097319096326828,0.9554749727249146,-0.2785615921020508,0.0,0.0,0.0
0,-0.09833201766014099,0.955155074596405,-0.2793020009994507,0.0,0.0,0.0
0,-0.10025273263454437,0.9544728398323059,-0.2809467017650604,0.0,0.0,0.0
0,-0.10089588910341263,0.9542635679244995,-0.2814268469810486,0.0,0.0,0.0
0,-0.1011776328086853,0.9540881514549255,-0.2819199860095978,0.0,0.0,0.0
0,-0.10152759402990341,0.9539604187011719,-0.2822262644767761,0.0,0.0,0.0
0,-0.10225412994623184,0.9535970687866211,-0.2831902503967285,0.0,0.0,0.0
0,-0.10225412994623184,0.9535970687866211,-0.2831902503967285,0.0,0.0,0.0
0,-0.10294456034898758,0.9532825946807861,-0.2839977741241455,0.0,0.0,0.0
0,-0.1035165786743164,0.9530474543571472,-0.28457850217819214,0.0,0.0,0.0
0,-0.10383978486061096,0.9529520273208618,-0.2847801744937897,0.0,0.0,0.0
0,-0.10407661646604538,0.952849268913269,-0.28503748774528503,0.0,0.0,0.0
0,-0.10390672832727432,0.9527561664581299,-0.2854103744029999,0.0,0.0,0.0
0,-0.10373101383447647,0.9526438117027283,-0.2858489751815796,0.0,0.0,0.0
0,-0.10362217575311661,0.9525684118270874,-0.2861396372318268,0.0,0.0,0.0
0,-0.10353483259677887,0.9524095058441162,-0.28669965267181396,0.0,0.0,0.0
0,-0.10325212776660919,0.9523029327392578,-0.28715530037879944,0.0,0.0,0.0
0,-0.10290762037038803,0.9523568153381348,-0.2871001958847046,0.0,0.0,0.0
0,-0.10294642299413681,0.9523289799690247,-0.28717854619026184,0.0,0.0,0.0
0,-0.10270785540342331,0.9524505734443665,-0.2868606150150299,0.0,0.0,0.0
0,-0.10234679281711578,0.9525483846664429,-0.2866647243499756,0.0,0.0,0.0
0,-0.10277611017227173,0.952503502368927,-0.2866603136062622,0.0,0.0,0.0
0,-0.10288210958242416,0.9524892568588257,-0.28666967153549194,0.0,0.0,0.0
0,-0.10320865362882614,0.9524709582328796,-0.28661301732063293,0.0,0.0,0.0
0,-0.10359800606966019,0.9524478912353516,-0.28654927015304565,0.0,0.0,0.0
0,-0.10364946722984314,0.9525480270385742,-0.28619763255119324,0.0,0.0,0.0
0,-0.10381443798542023,0.9527036547660828,-0.2856191396713257,0.0,0.0,0.0
0,-0.10407175868749619,0.9527381062507629,-0.2854105532169342,0.0,0.0,0.0
0,-0.1045273095369339,0.9527289867401123,-0.2852745056152344,0.0,0.0,0.0
0,-0.10488782078027725,0.9527533650398254,-0.2850605547428131,0.0,0.0,0.0
0,-0.10540349036455154,0.9527777433395386,-0.2847888171672821,0.0,0.0,0.0
0,-0.10602986812591553,0.952826738357544,-0.28439220786094666,0.0,0.0,0.0
0,-0.10792863368988037,0.9527609944343567,-0.28389766812324524,0.0,0.0,0.0
0,-0.10918774455785751,0.9527106285095215,-0.2835851013660431,0.0,0.0,0.0
0,-0.11049365252256393,0.9526890516281128,-0.2831513583660126,0.0,0.0,0.0
0,-0.11146152019500732,0.9526935815811157,-0.28275662660598755,0.0,0.0,0.0
0,-0.11272206157445908,0.9526751041412354,-0.2823188006877899,0.0,0.0,0.0
0,-0.11539632827043533,0.9525676965713501,-0.28159984946250916,0.0,0.0,0.0
0,-0.11650505661964417,0.9526029229164124,-0.2810235023498535,0.0,0.0,0.0
0,-0.11759106069803238,0.9525883793830872,-0.2806203067302704,0.0,0.0,0.0
0,-0.11816684901714325,0.9526850581169128,-0.2800496518611908,0.0,0.0,0.0
0,-0.11898301541805267,0.952771008014679,-0.27941080927848816,0.0,0.0,0.0
0,-0.12054608017206192,0.9531164765357971,-0.27755653858184814,0.0,0.0,0.0
0,-0.1215398982167244,0.9531839489936829,-0.2768905758857727,0.0,0.0,0.0
0,-0.12280599772930145,0.9532656073570251,-0.27604949474334717,0.0,0.0,0.0
0,-0.12432634830474854,0.9531757831573486,-0.27567896246910095,0.0,0.0,0.0
0,-0.12631835043430328,0.9529826045036316,-0.27544108033180237,0.0,0.0,0.0
0,-0.1296781748533249,0.952596127986908,-0.27521654963493347,0.0,0.0,0.0
0,-0.13073661923408508,0.9526100754737854,-0.27466699481010437,0.0,0.0,0.0
0,-0.13186179101467133,0.9526347517967224,-0.27404284477233887,0.0,0.0,0.0
0,-0.1329396665096283,0.952673077583313,-0.273388147354126,0.0,0.0,0.0
0,-0.13397273421287537,0.952747106552124,-0.2726247310638428,0.0,0.0,0.0
0,-0.13581551611423492,0.9528506994247437,-0.2713479995727539,0.0,0.0,0.0
0,-0.13684096932411194,0.9529298543930054,-0.2705536484718323,0.0,0.0,0.0
0,-0.13761642575263977,0.9529953002929688,-0.26992902159690857,0.0,0.0,0.0
0,-0.13863804936408997,0.9530276656150818,-0.26929113268852234,0.0,0.0,0.0
0,-0.13959811627864838,0.9530880451202393,-0.2685805857181549,0.0,0.0,0.0
0,-0.1411602646112442,0.9530602097511292,-0.2678620517253876,0.0,0.0,0.0
0,-0.1418289840221405,0.9530495405197144,-0.2675463557243347,0.0,0.0,0.0
0,-0.14232519268989563,0.9530026316642761,-0.2674499452114105,0.0,0.0,0.0
0,-0.14263129234313965,0.9530853033065796,-0.2669919729232788,0.0,0.0,0.0
0,-0.14253082871437073,0.9531576037406921,-0.2667873501777649,0.0,0.0,0.0
0,-0.14148005843162537,0.9536267518997192,-0.26566794514656067,0.0,0.0,0.0
0,-0.14080461859703064,0.9538528323173523,-0.26521462202072144,0.0,0.0,0.0
0,-0.14025114476680756,0.9540563821792603,-0.2647753655910492,0.0,0.0,0.0
0,-0.13940733671188354,0.9542754292488098,-0.26443153619766235,0.0,0.0,0.0
0,-0.138675257563591,0.954477846622467,-0.26408568024635315,0.0,0.0,0.0
0,-0.1372033804655075,0.9547609686851501,-0.26383092999458313,0.0,0.0,0.0
0,-0.13646650314331055,0.954816997051239,-0.26401016116142273,0.0,0.0,0.0
0,-0.13600055873394012,0.9548325538635254,-0.2641943097114563,0.0,0.0,0.0
0,-0.13560183346271515,0.9548008441925049,-0.26451370120048523,0.0,0.0,0.0
0,-0.13549567759037018,0.9545767307281494,-0.2653755247592926,0.0,0.0,0.0
0,-0.13535739481449127,0.9540513157844543,-0.26732829213142395,0.0,0.0,0.0
0,-0.13527946174144745,0.9538116455078125,-0.26822158694267273,0.0,0.0,0.0
0,-0.13486088812351227,0.9536492824554443,-0.2690085172653198,0.0,0.0,0.0
0,-0.1345331370830536,0.9534853100776672,-0.2697528302669525,0.0,0.0,0.0
0,-0.13406477868556976,0.9533113241195679,-0.2705996334552765,0.0,0.0,0.0
0,-0.1332579255104065,0.9528534412384033,-0.2726035416126251,0.0,0.0,0.0
0,-0.13269098103046417,0.9524022936820984,-0.27445024251937866,0.0,0.0,0.0
0,-0.13213256001472473,0.9521486163139343,-0.27559760212898254,0.0,0.0,0.0
0,-0.13147270679473877,0.9518826603889465,-0.2768290638923645,0.0,0.0,0.0
0,-0.129238560795784,0.951623260974884,-0.2787661850452423,0.0,0.0,0.0
0,-0.12828245759010315,0.9514890909194946,-0.2796642780303955,0.0,0.0,0.0
0,-0.1268165558576584,0.9514949321746826,-0.28031226992607117,0.0,0.0,0.0
0,-0.12539197504520416,0.9514889717102051,-0.28097257018089294,0.0,0.0,0.0
0,-0.12381845712661743,0.9514999985694885,-0.28163236379623413,0.0,0.0,0.0
0,-0.1221492737531662,0.9514951109886169,-0.28237661719322205,0.0,0.0,0.0
0,-0.11864365637302399,0.9513899683952332,-0.2842197120189667,0.0,0.0,0.0
0,-0.11735649406909943,0.9512704610824585,-0.28515249490737915,0.0,0.0,0.0
0,-0.11640196293592453,0.9511035680770874,-0.286098837852478,0.0,0.0,0.0
0,-0.11559856683015823,0.9508019089698792,-0.2874241769313812,0.0,0.0,0.0
0,-0.11397014558315277,0.9504861235618591,-0.2891140878200531,0.0,0.0,0.0
0,-0.1132393330335617,0.9503285884857178,-0.28991803526878357,0.0,0.0,0.0
0,-0.11254469305276871,0.9503058195114136,-0.2902628481388092,0.0,0.0,0.0
0,-0.11163360625505447,0.9504019618034363,-0.2902999818325043,0.0,0.0,0.0
0,-0.11127422749996185,0.950441300868988,-0.2903091609477997,0.0,0.0,0.0
0,-0.11095646023750305,0.9503865838050842,-0.29060977697372437,0.0,0.0,0.0
0,-0.11099383234977722,0.9501235485076904,-0.2914542555809021,0.0,0.0,0.0
0,-0.11126558482646942,0.9498605728149414,-0.29220691323280334,0.0,0.0,0.0
0,-0.11186791211366653,0.9495336413383484,-0.2930383086204529,0.0,0.0,0.0
0,-0.11229463666677475,0.9492241740226746,-0.2938765287399292,0.0,0.0,0.0
0,-0.11313330382108688,0.9487925171852112,-0.29494673013687134,0.0,0.0,0.0
0,-0.11330779641866684,0.9487181305885315,-0.295119047164917,0.0,0.0,0.0
0,-0.11321157962083817,0.9487587213516235,-0.295025497674942,0.0,0.0,0.0
0,-0.11309119313955307,0.9488018751144409,-0.29493284225463867,0.0,0.0,0.0
0,-0.11273806542158127,0.9489002227783203,-0.29475152492523193,0.0,0.0,0.0
0,-0.11253957450389862,0.9489105939865112,-0.294793963432312,0.0,0.0,0.0
0,-0.11227617412805557,0.9488205909729004,-0.29518383741378784,0.0,0.0,0.0
0,-0.11236108839511871,0.9487413167953491,-0.29540637135505676,0.0,0.0,0.0
0,-0.11254365742206573,0.9486968517303467,-0.29547953605651855,0.0,0.0,0.0
0,-0.11250729858875275,0.9486876130104065,-0.2955232262611389,0.0,0.0,0.0
0,-0.11376126855611801,0.9483561515808105,-0.29610633850097656,0.0,0.0,0.0
0,-0.11463341861963272,0.9480486512184143,-0.2967540919780731,0.0,0.0,0.0
0,-0.11524102836847305,0.9477189183235168,-0.29757073521614075,0.0,0.0,0.0
0,-0.11560351401567459,0.9474920034408569,-0.29815223813056946,0.0,0.0,0.0
0,-0.11575841903686523,0.9472634196281433,-0.2988176643848419,0.0,0.0,0.0
0,-0.11620571464300156,0.94711834192276,-0.29910382628440857,0.0,0.0,0.0
0,-0.1165427416563034,0.9469500184059143,-0.2995052635669708,0.0,0.0,0.0
0,-0.11698950082063675,0.946816623210907,-0.2997528910636902,0.0,0.0,0.0
0,-0.11785446852445602,0.9465979337692261,-0.3001044988632202,0.0,0.0,0.0
0,-0.11872529238462448,0.9463686347007751,-0.30048415064811707,0.0,0.0,0.0
0,-0.12068869918584824,0.946184515953064,-0.3002816438674927,0.0,0.0,0.0
0,-0.12171485275030136,0.9462079405784607,-0.29979339241981506,0.0,0.0,0.0
0,-0.1225953996181488,0.94632887840271,-0.299051970243454,0.0,0.0,0.0
0,-0.12305198609828949,0.9463979601860046,-0.2986454665660858,0.0,0.0,0.0
0,-0.1235184520483017,0.9466485381126404,-0.2976570725440979,0.0,0.0,0.0
0,-0.1240219995379448,0.9469115138053894,-0.29660940170288086,0.0,0.0,0.0
0,-0.12460130453109741,0.9475606083869934,-0.2942845821380615,0.0,0.0,0.0
0,-0.12470027804374695,0.9479309916496277,-0.29304713010787964,0.0,0.0,0.0
0,-0.12425971031188965,0.9482595324516296,-0.29217004776000977,0.0,0.0,0.0
0,-0.12344185262918472,0.9485507607460022,-0.2915709316730499,0.0,0.0,0.0
0,-0.12232096493244171,0.9488421082496643,-0.2910948395729065,0.0,0.0,0.0
0,-0.11983863264322281,0.9494264125823975,-0.2902209758758545,0.0,0.0,0.0
0,-0.11847753077745438,0.9497532248497009,-0.28971004486083984,0.0,0.0,0.0
0,-0.11719683557748795,0.9500529766082764,-0.2892477512359619,0.0,0.0,0.0
0,-0.11604803800582886,0.9504348635673523,-0.2884552776813507,0.0,0.0,0.0
0,-0.11417187750339508,0.9511780142784119,-0.28674930334091187,0.0,0.0,0.0
0,-0.11358009278774261,0.9515115022659302,-0.2858765125274658,0.0,0.0,0.0
0,-0.11324760317802429,0.9517672657966614,-0.28515613079071045,0.0,0.0,0.0
0,-0.1128067821264267,0.9521613121032715,-0.2840130925178528,0.0,0.0,0.0
0,-0.11221352964639664,0.952591598033905,-0.2828027307987213,0.0,0.0,0.0
0,-0.1112809106707573,0.9530749917030334,-0.2815397381782532,0.0,0.0,0.0
0,-0.10844157636165619,0.9542251825332642,-0.27873772382736206,0.0,0.0,0.0
0,-0.10685012489557266,0.9547150135040283,-0.27767300605773926,0.0,0.0,0.0
0,-0.10561280697584152,0.9550721645355225,-0.27691715955734253,0.0,0.0,0.0
0,-0.10470779240131378,0.9550861120223999,-0.27721256017684937,0.0,0.0,0.0
0,-0.10403444617986679,0.955086350440979,-0.27746522426605225,0.0,0.0,0.0
0,-0.10325556248426437,0.9548785090446472,-0.27846959233283997,0.0,0.0,0.0
0,-0.102454274892807,0.9550230503082275,-0.2782699167728424,0.0,0.0,0.0
0,-0.10193957388401031,0.9552419185638428,-0.277707040309906,0.0,0.0,0.0
0,-0.10143015533685684,0.955597996711731,-0.2766665816307068,0.0,0.0,0.0
0,-0.10127982497215271,0.9558716416358948,-0.2757749557495117,0.0,0.0,0.0
0,-0.10098005831241608,0.9559838771820068,-0.275495707988739,0.0,0.0,0.0
0,-0.1008443683385849,0.9558882713317871,-0.27587682008743286,0.0,0.0,0.0
0,-0.1005898118019104,0.9558039307594299,-0.27626168727874756,0.0,0.0,0.0
0,-0.10051845014095306,0.9556310176849365,-0.2768852710723877,0.0,0.0,0.0
0,-0.10039283335208893,0.9555514454841614,-0.2772052586078644,0.0,0.0,0.0
0,-0.10068398714065552,0.9551465511322021,-0.27849194407463074,0.0,0.0,0.0
0,-0.10071802139282227,0.9550451636314392,-0.27882716059684753,0.0,0.0,0.0
0,-0.10074067115783691,0.9549235701560974,-0.27923521399497986,0.0,0.0,0.0
0,-0.10064747929573059,0.9547747373580933,-0.2797771692276001,0.0,0.0,0.0
0,-0.10095115005970001,0.9544100165367126,-0.2809099555015564,0.0,0.0,0.0
0,-0.1015828400850296,0.9541958570480347,-0.28140920400619507,0.0,0.0,0.0
0,-0.10210038721561432,0.9539929628372192,-0.28190943598747253,0.0,0.0,0.0
0,-0.10277649015188217,0.953879714012146,-0.28204694390296936,0.0,0.0,0.0
0,-0.1032005101442337,0.9538967609405518,-0.2818344533443451,0.0,0.0,0.0
0,-0.10334358364343643,0.9539786577224731,-0.2815045416355133,0.0,0.0,0.0
0,-0.1035066470503807,0.9540666341781616,-0.28114622831344604,0.0,0.0,0.0
0,-0.10332635045051575,0.9540849924087524,-0.2811501920223236,0.0,0.0,0.0
0,-0.10333693772554398,0.9540060758590698,-0.2814141511917114,0.0,0.0,0.0
0,-0.10343025624752045,0.953974187374115,-0.2814878523349762,0.0,0.0,0.0
0,-0.10349426418542862,0.9539531469345093,-0.28153571486473083,0.0,0.0,0.0
0,-0.10396493971347809,0.9538615942001343,-0.28167247772216797,0.0,0.0,0.0
0,-0.1046118512749672,0.953760027885437,-0.28177687525749207,0.0,0.0,0.0
0,-0.10530972480773926,0.9536590576171875,-0.28185850381851196,0.0,0.0,0.0
0,-0.1058167964220047,0.9535799622535706,-0.2819361686706543,0.0,0.0,0.0
0,-0.10612928122282028,0.9535455703735352,-0.28193506598472595,0.0,0.0,0.0
0,-0.10577242821455002,0.9536300301551819,-0.2817835211753845,0.0,0.0,0.0
0,-0.10569852590560913,0.9536966681480408,-0.28158560395240784,0.0,0.0,0.0
0,-0.10576357692480087,0.9537529349327087,-0.2813705503940582,0.0,0.0,0.0
0,-0.10616306215524673,0.9537520408630371,-0.2812231183052063,0.0,0.0,0.0
0,-0.10667088627815247,0.9537123441696167,-0.28116559982299805,0.0,0.0,0.0
0,-0.10720117390155792,0.9536711573600769,-0.28110361099243164,0.0,0.0,0.0
0,-0.10827241092920303,0.9535521864891052,-0.2810966670513153,0.0,0.0,0.0
0,-0.10865756124258041,0.9535133242607117,-0.2810799479484558,0.0,0.0,0.0
0,-0.10847803205251694,0.9535539746284485,-0.28101128339767456,0.0,0.0,0.0
0,-0.10835485905408859,0.9536011219024658,-0.2808988690376282,0.0,0.0,0.0
0,-0.10794619470834732,0.9536445736885071,-0.2809085547924042,0.0,0.0,0.0
0,-0.10787270963191986,0.9536787867546082,-0.28082066774368286,0.0,0.0,0.0
0,-0.10772187262773514,0.9537985324859619,-0.2804716229438782,0.0,0.0,0.0
0,-0.10749263316392899,0.9539427757263184,-0.28006869554519653,0.0,0.0,0.0
0,-0.10737297683954239,0.9541442394256592,-0.2794276177883148,0.0,0.0,0.0
0,-0.10738227516412735,0.9544214010238647,-0.2784759998321533,0.0,0.0,0.0
0,-0.10751193761825562,0.9545257687568665,-0.278067946434021,0.0,0.0,0.0
0,-0.10776881128549576,0.9545310139656067,-0.2779504060745239,0.0,0.0,0.0
0,-0.10813625901937485,0.9545634984970093,-0.2776959538459778,0.0,0.0,0.0
0,-0.10852889716625214,0.9545766115188599,-0.2774977684020996,0.0,0.0,0.0
0,-0.10921015590429306,0.9545257687568665,-0.2774052023887634,0.0,0.0,0.0
0,-0.10968895256519318,0.9545773863792419,-0.2770386040210724,0.0,0.0,0.0
0,-0.11026596277952194,0.954552412033081,-0.27689558267593384,0.0,0.0,0.0
0,-0.11107301712036133,0.9544975161552429,-0.27676209807395935,0.0,0.0,0.0
0,-0.11285074055194855,0.9543399810791016,-0.2765861749649048,0.0,0.0,0.0
0,-0.11363738775253296,0.9543191194534302,-0.2763359546661377,0.0,0.0,0.0
0,-0.11442926526069641,0.9542793035507202,-0.27614668011665344,0.0,0.0,0.0
0,-0.11528324335813522,0.9542682766914368,-0.2758294343948364,0.0,0.0,0.0
0,-0.11629895120859146,0.954237163066864,-0.27551037073135376,0.0,0.0,0.0
0,-0.11725486069917679,0.9541991353034973,-0.27523672580718994,0.0,0.0,0.0
0,-0.1184859424829483,0.9540851712226868,-0.2751046419143677,0.0,0.0,0.0
0,-0.12040216475725174,0.953890323638916,-0.27494823932647705,0.0,0.0,0.0
0,-0.12131386995315552,0.9538435339927673,-0.27470970153808594,0.0,0.0,0.0
0,-0.12219193577766418,0.953850507736206,-0.2742961645126343,0.0,0.0,0.0
0,-0.12361251562833786,0.9539867639541626,-0.27318352460861206,0.0,0.0,0.0
0,-0.12416105717420578,0.9541515111923218,-0.2723579704761505,0.0,0.0,0.0
0,-0.12484262138605118,0.9542251825332642,-0.2717878818511963,0.0,0.0,0.0
0,-0.12516751885414124,0.954293966293335,-0.27139654755592346,0.0,0.0,0.0
0,-0.12560507655143738,0.9543785452842712,-0.2708965241909027,0.0,0.0,0.0
0,-0.12657971680164337,0.9543850421905518,-0.27041953802108765,0.0,0.0,0.0
0,-0.12727105617523193,0.9542999863624573,-0.2703953981399536,0.0,0.0,0.0
0,-0.1280464380979538,0.9542238712310791,-0.27029773592948914,0.0,0.0,0.0
0,-0.1286364495754242,0.9541487097740173,-0.2702830135822296,0.0,0.0,0.0
0,-0.12888525426387787,0.9541109800338745,-0.2702975869178772,0.0,0.0,0.0
0,-0.12904468178749084,0.95415198802948,-0.2700766921043396,0.0,0.0,0.0
0,-0.1295667141675949,0.9541110992431641,-0.2699713408946991,0.0,0.0,0.0
0,-0.12974272668361664,0.9540895223617554,-0.26996296644210815,0.0,0.0,0.0
0,-0.1296527087688446,0.9540421366691589,-0.27017369866371155,0.0,0.0,0.0
0,-0.12922382354736328,0.9540716409683228,-0.270274817943573,0.0,0.0,0.0
0,-0.12810513377189636,0.9542200565338135,-0.2702835500240326,0.0,0.0,0.0
0,-0.12749262154102325,0.9542995691299438,-0.2702924609184265,0.0,0.0,0.0
0,-0.12710709869861603,0.9542446732521057,-0.27066749334335327,0.0,0.0,0.0
0,-0.12669607996940613,0.9542765617370605,-0.2707478106021881,0.0,0.0,0.0
0,-0.12634523212909698,0.9542948603630066,-0.2708471715450287,0.0,0.0,0.0
0,-0.12593606114387512,0.9543008208274841,-0.2710167169570923,0.0,0.0,0.0
0,-0.12460708618164062,0.9543899893760681,-0.27131685614585876,0.0,0.0,0.0
0,-0.12360195815563202,0.954479992389679,-0.2714599072933197,0.0,0.0,0.0
0,-0.12260498106479645,0.9545796513557434,-0.2715616822242737,0.0,0.0,0.0
0,-0.12166235595941544,0.9546568989753723,-0.27171406149864197,0.0,0.0,0.0
0,-0.12102474272251129,0.9547289609909058,-0.2717454731464386,0.0,0.0,0.0
0,-0.11944650858640671,0.9549051523208618,-0.27182480692863464,0.0,0.0,0.0
0,-0.11865860223770142,0.9549160599708557,-0.27213141322135925,0.0,0.0,0.0
0,-0.11801675707101822,0.9549093842506409,-0.27243372797966003,0.0,0.0,0.0
0,-0.11742915213108063,0.9548576474189758,-0.2728685438632965,0.0,0.0,0.0
0,-0.11688993126153946,0.9547852873802185,-0.2733529806137085,0.0,0.0,0.0
0,-0.11593213677406311,0.9545921087265015,-0.2744333744049072,0.0,0.0,0.0
0,-0.11569905281066895,0.954461932182312,-0.2749839127063751,0.0,0.0,0.0
0,-0.11522728949785233,0.9543760418891907,-0.27547958493232727,0.0,0.0,0.0
0,-0.1147884726524353,0.9543303847312927,-0.275820791721344,0.0,0.0,0.0
0,-0.11425919830799103,0.9543032050132751,-0.27613452076911926,0.0,0.0,0.0
0,-0.11335845291614532,0.9542552828788757,-0.2766706943511963,0.0,0.0,0.0
0,-0.11303195357322693,0.9541409015655518,-0.2771983742713928,0.0,0.0,0.0
0,-0.11297035962343216,0.953919529914856,-0.27798423171043396,0.0,0.0,0.0
0,-0.11307207494974136,0.9537196755409241,-0.278627872467041,0.0,0.0,0.0
0,-0.11300723254680634,0.9533516764640808,-0.2799105644226074,0.0,0.0,0.0
0,-0.11303561925888062,0.9531923532485962,-0.2804412841796875,0.0,0.0,0.0
0,-0.11305837333202362,0.9530628323554993,-0.2808719277381897,0.0,0.0,0.0
0,-0.11295615881681442,0.9529706239700317,-0.2812257707118988,0.0,0.0,0.0
0,-0.11315203458070755,0.9528588056564331,-0.2815256714820862,0.0,0.0,0.0
0,-0.11365711688995361,0.9526790380477905,-0.2819303572177887,0.0,0.0,0.0
0,-0.11372513324022293,0.9526337385177612,-0.2820560336112976,0.0,0.0,0.0
0,-0.11362931877374649,0.9525765180587769,-0.28228768706321716,0.0,0.0,0.0
0,-0.11386138945817947,0.952494740486145,-0.2824700176715851,0.0,0.0,0.0
0,-0.11389005929231644,0.9524477124214172,-0.2826171815395355,0.0,0.0,0.0
0,-0.11523369699716568,0.9519284963607788,-0.28381919860839844,0.0,0.0,0.0
0,-0.1160876452922821,0.9516376256942749,-0.2844458520412445,0.0,0.0,0.0
0,-0.11701895296573639,0.9513350129127502,-0.2850757837295532,0.0,0.0,0.0
0,-0.11751198023557663,0.9511702656745911,-0.28542253375053406,0.0,0.0,0.0
0,-0.11790261417627335,0.9510924220085144,-0.2855208218097687,0.0,0.0,0.0
0,-0.1180405393242836,0.9510779976844788,-0.28551197052001953,0.0,0.0,0.0
0,-0.11755214631557465,0.9513737559318542,-0.2847270667552948,0.0,0.0,0.0
0,-0.11742186546325684,0.9515166282653809,-0.28430312871932983,0.0,0.0,0.0
0,-0.1177837923169136,0.9514772295951843,-0.28428515791893005,0.0,0.0,0.0
0,-0.11819595843553543,0.9513685703277588,-0.28447768092155457,0.0,0.0,0.0
0,-0.11832258105278015,0.9513531923294067,-0.28447651863098145,0.0,0.0,0.0
0,-0.11795855313539505,0.9514703154563904,-0.2842359244823456,0.0,0.0,0.0
0,-0.11724802106618881,0.9516242742538452,-0.28401437401771545,0.0,0.0,0.0
0,-0.1165786162018776,0.9518829584121704,-0.28342244029045105,0.0,0.0,0.0
0,-0.11559982597827911,0.9520934224128723,-0.2831161320209503,0.0,0.0,0.0
0,-0.11391837149858475,0.9522121548652649,-0.2833983898162842,0.0,0.0,0.0
0,-0.113316610455513,0.9522280693054199,-0.2835860848426819,0.0,0.0,0.0
0,-0.11292818188667297,0.9521958827972412,-0.28384897112846375,0.0,0.0,0.0
0,-0.11253167688846588,0.9522086977958679,-0.2839634418487549,0.0,0.0,0.0
0,-0.1121218353509903,0.9522167444229126,-0.2840985357761383,0.0,0.0,0.0
0,-0.11145691573619843,0.9523308277130127,-0.2839776873588562,0.0,0.0,0.0
0,-0.11122338473796844,0.9523811936378479,-0.2839004099369049,0.0,0.0,0.0
0,-0.11102407425642014,0.9523663520812988,-0.2840281128883362,0.0,0.0,0.0
0,-0.11097129434347153,0.9522777795791626,-0.28434550762176514,0.0,0.0,0.0
0,-0.11101464182138443,0.9521710872650146,-0.28468579053878784,0.0,0.0,0.0
0,-0.11121020466089249,0.951983630657196,-0.28523579239845276,0.0,0.0,0.0
0,-0.11125190556049347,0.9518961310386658,-0.28551146388053894,0.0,0.0,0.0
0,-0.11147239804267883,0.9518399834632874,-0.28561267256736755,0.0,0.0,0.0
0,-0.11128387600183487,0.9519113302230835,-0.2854483127593994,0.0,0.0,0.0
0,-0.11093541979789734,0.9520809054374695,-0.28501808643341064,0.0,0.0,0.0
0,-0.1108008474111557,0.9521957039833069,-0.2846866846084595,0.0,0.0,0.0
0,-0.11067914962768555,0.9522575736045837,-0.28452712297439575,0.0,0.0,0.0
0,-0.11083769053220749,0.9522155523300171,-0.2846059501171112,0.0,0.0,0.0
0,-0.11095237731933594,0.9521611332893372,-0.28474339842796326,0.0,0.0,0.0
0,-0.11139462143182755,0.9520267248153687,-0.2850199043750763,0.0,0.0,0.0
0,-0.11165940016508102,0.9519057273864746,-0.2853202819824219,0.0,0.0,0.0
0,-0.11248519271612167,0.951714038848877,-0.28563523292541504,0.0,0.0,0.0
0,-0.1129462718963623,0.9516224265098572,-0.28575846552848816,0.0,0.0,0.0
0,-0.11354748159646988,0.9516077637672424,-0.2855689525604248,0.0,0.0,0.0
0,-0.11416804045438766,0.9515783786773682,-0.2854194641113281,0.0,0.0,0.0
0,-0.11560583859682083,0.9515029788017273,-0.28509196639060974,0.0,0.0,0.0
0,-0.1162131130695343,0.95147305727005,-0.2849447429180145,0.0,0.0,0.0
0,-0.11697594821453094,0.9513587355613708,-0.2850143015384674,0.0,0.0,0.0
0,-0.11774744838476181,0.9512126445770264,-0.28518420457839966,0.0,0.0,0.0
0,-0.1184207871556282,0.9511331915855408,-0.28517046570777893,0.0,0.0,0.0
0,-0.11971104145050049,0.9510704874992371,-0.28484058380126953,0.0,0.0,0.0
0,-0.12034153938293457,0.951029360294342,-0.28471219539642334,0.0,0.0,0.0
0,-0.12090864777565002,0.9510043263435364,-0.284555584192276,0.0,0.0,0.0
0,-0.12142712622880936,0.9510124325752258,-0.28430768847465515,0.0,0.0,0.0
0,-0.12190663069486618,0.9510464072227478,-0.2839886248111725,0.0,0.0,0.0
0,-0.12256621569395065,0.9511209726333618,-0.2834544777870178,0.0,0.0,0.0
0,-0.12376575171947479,0.9511972665786743,-0.28267616033554077,0.0,0.0,0.0
0,-0.12441124767065048,0.9512190222740173,-0.2823193371295929,0.0,0.0,0.0
0,-0.12495383620262146,0.9512113332748413,-0.2821054756641388,0.0,0.0,0.0
0,-0.12555256485939026,0.9512090682983398,-0.2818472385406494,0.0,0.0,0.0
0,-0.12587898969650269,0.9512342810630798,-0.2816165089607239,0.0,0.0,0.0
0,-0.12654265761375427,0.9512726068496704,-0.2811891734600067,0.0,0.0,0.0
0,-0.12678828835487366,0.9512588381767273,-0.28112509846687317,0.0,0.0,0.0
0,-0.12700968980789185,0.9512725472450256,-0.28097885847091675,0.0,0.0,0.0
0,-0.12729394435882568,0.9513223171234131,-0.2806815207004547,0.0,0.0,0.0
0,-0.12740552425384521,0.9513605833053589,-0.2805010974407196,0.0,0.0,0.0
0,-0.12775978446006775,0.9514610767364502,-0.27999868988990784,0.0,0.0,0.0
0,-0.12776972353458405,0.9514850974082947,-0.27991244196891785,0.0,0.0,0.0
0,-0.1278950721025467,0.95152348279953,-0.2797248065471649,0.0,0.0,0.0
0,-0.12789663672447205,0.9515795707702637,-0.27953314781188965,0.0,0.0,0.0
0,-0.12839126586914062,0.9516181945800781,-0.2791745662689209,0.0,0.0,0.0
0,-0.12852118909358978,0.951643168926239,-0.2790297567844391,0.0,0.0,0.0
0,-0.12887002527713776,0.951583743095398,-0.279071569442749,0.0,0.0,0.0
0,-0.12914031744003296,0.9515293836593628,-0.2791319191455841,0.0,0.0,0.0
0,-0.12927892804145813,0.9514967799186707,-0.2791789472103119,0.0,0.0,0.0
0,-0.12946607172489166,0.9514086246490479,-0.27939245104789734,0.0,0.0,0.0
0,-0.12952490150928497,0.9514512419700623,-0.27921995520591736,0.0,0.0,0.0
0,-0.12962409853935242,0.9515488147735596,-0.2788413166999817,0.0,0.0,0.0
0,-0.12999138236045837,0.9515127539634705,-0.2787932753562927,0.0,0.0,0.0
0,-0.1305048018693924,0.9514422416687012,-0.27879416942596436,0.0,0.0,0.0
0,-0.13210801780223846,0.9511194229125977,-0.27914032340049744,0.0,0.0,0.0
0,-0.13265985250473022,0.9509872794151306,-0.2793288230895996,0.0,0.0,0.0
0,-0.13319510221481323,0.950888991355896,-0.27940869331359863,0.0,0.0,0.0
0,-0.13394346833229065,0.9508045315742493,-0.2793383002281189,0.0,0.0,0.0
0,-0.1346585750579834,0.9506623148918152,-0.2794784903526306,0.0,0.0,0.0
0,-0.13678492605686188,0.9500811696052551,-0.2804204821586609,0.0,0.0,0.0
0,-0.13829711079597473,0.9495728015899658,-0.28139907121658325,0.0,0.0,0.0
0,-0.1397775560617447,0.9489818811416626,-0.28265810012817383,0.0,0.0,0.0
0,-0.14098884165287018,0.948451042175293,-0.28383588790893555,0.0,0.0,0.0
0,-0.14227347075939178,0.9476746320724487,-0.28578150272369385,0.0,0.0,0.0
0,-0.1434527486562729,0.9470058083534241,-0.2874043583869934,0.0,0.0,0.0
0,-0.14563792943954468,0.9453014135360718,-0.2918814420700073,0.0,0.0,0.0
0,-0.14666631817817688,0.9443821310997009,-0.29433202743530273,0.0,0.0,0.0
0,-0.14792059361934662,0.9432530999183655,-0.2973097562789917,0.0,0.0,0.0
0,-0.1491239070892334,0.9422075748443604,-0.3000115752220154,0.0,0.0,0.0
0,-0.1520339399576187,0.9394256472587585,-0.30718910694122314,0.0,0.0,0.0
0,-0.153538316488266,0.9378965497016907,-0.311088502407074,0.0,0.0,0.0
0,-0.15537409484386444,0.9361217617988586,-0.31549152731895447,0.0,0.0,0.0
0,-0.1572929471731186,0.9344008564949036,-0.31961536407470703,0.0,0.0,0.0
0,-0.1600140482187271,0.9320669770240784,-0.3250332772731781,0.0,0.0,0.0
0,-0.16486097872257233,0.9273792505264282,-0.335840106010437,0.0,0.0,0.0
0,-0.16762417554855347,0.9245787262916565,-0.3421349823474884,0.0,0.0,0.0
0,-0.17009426653385162,0.9219127297401428,-0.34805867075920105,0.0,0.0,0.0
0,-0.17231805622577667,0.9190856218338013,-0.35438409447669983,0.0,0.0,0.0
0,-0.17460809648036957,0.9161351919174194,-0.36084383726119995,0.0,0.0,0.0
0,-0.17921185493469238,0.9100872874259949,-0.3736632168292999,0.0,0.0,0.0
0,-0.18155664205551147,0.9068911671638489,-0.3802441656589508,0.0,0.0,0.0
0,-0.1840030997991562,0.9035071730613708,-0.3870628774166107,0.0,0.0,0.0
0,-0.18666361272335052,0.9000370502471924,-0.39381465315818787,0.0,0.0,0.0
0,-0.1894320696592331,0.8963752388954163,-0.40078291296958923,0.0,0.0,0.0
0,-0.1922418624162674,0.8925268054008484,-0.40796929597854614,0.0,0.0,0.0
0,-0.19828785955905914,0.8842191100120544,-0.4228929281234741,0.0,0.0,0.0
0,-0.20150627195835114,0.8799160718917847,-0.4302823543548584,0.0,0.0,0.0
0,-0.2050100564956665,0.8753566741943359,-0.4378601908683777,0.0,0.0,0.0
0,-0.20793767273426056,0.871074378490448,-0.44496217370033264,0.0,0.0,0.0
0,-0.2107839584350586,0.8669065833091736,-0.4517112374305725,0.0,0.0,0.0
0,-0.21548913419246674,0.8587508797645569,-0.46487781405448914,0.0,0.0,0.0
0,-0.21763306856155396,0.8546052575111389,-0.4714718759059906,0.0,0.0,0.0
0,-0.2205943614244461,0.8496481776237488,-0.47899487614631653,0.0,0.0,0.0
0,-0.22348527610301971,0.8455653190612793,-0.484843909740448,0.0,0.0,0.0
0,-0.22693823277950287,0.8410822153091431,-0.49099868535995483,0.0,0.0,0.0
0,-0.23320524394512177,0.8323934674263,-0.5027289390563965,0.0,0.0,0.0
0,-0.2352590560913086,0.8287565112113953,-0.5077556371688843,0.0,0.0,0.0
0,-0.23750199377536774,0.8247247338294983,-0.5132464170455933,0.0,0.0,0.0
0,-0.24007634818553925,0.8206326365470886,-0.5185801982879639,0.0,0.0,0.0
0,-0.242622971534729,0.8164657354354858,-0.5239444375038147,0.0,0.0,0.0
0,-0.24813103675842285,0.8082643151283264,-0.5339848399162292,0.0,0.0,0.0
0,-0.2509515881538391,0.8042330145835876,-0.5387324094772339,0.0,0.0,0.0
0,-0.25385287404060364,0.8002180457115173,-0.5433320999145508,0.0,0.0,0.0
0,-0.2573147118091583,0.7960296869277954,-0.5478374361991882,0.0,0.0,0.0
0,-0.26083865761756897,0.7918649911880493,-0.552189290523529,0.0,0.0,0.0
0,-0.2672232687473297,0.7839283347129822,-0.5603999495506287,0.0,0.0,0.0
0,-0.27009135484695435,0.7801333069801331,-0.5643072128295898,0.0,0.0,0.0
0,-0.27330806851387024,0.7760769724845886,-0.5683372616767883,0.0,0.0,0.0
0,-0.2769325077533722,0.7718152403831482,-0.5723719000816345,0.0,0.0,0.0
0,-0.2810490131378174,0.7672842741012573,-0.5764427781105042,0.0,0.0,0.0
0,-0.287951797246933,0.7595395445823669,-0.583252489566803,0.0,0.0,0.0
0,-0.2912282943725586,0.755763590335846,-0.5865215063095093,0.0,0.0,0.0
0,-0.293994665145874,0.7523028254508972,-0.5895825624465942,0.0,0.0,0.0
0,-0.2969226539134979,0.7489495873451233,-0.592377781867981,0.0,0.0,0.0
0,-0.30353274941444397,0.7419110536575317,-0.5978593826293945,0.0,0.0,0.0
0,-0.3066834807395935,0.7385649085044861,-0.6003891229629517,0.0,0.0,0.0
0,-0.3097199499607086,0.7355268001556396,-0.6025561094284058,0.0,0.0,0.0
0,-0.31187704205513,0.7329751253128052,-0.6045495271682739,0.0,0.0,0.0
0,-0.3140801191329956,0.7303704619407654,-0.606558084487915,0.0,0.0,0.0
0,-0.31525155901908875,0.7281327247619629,-0.6086371541023254,0.0,0.0,0.0
0,-0.3189798593521118,0.7240826487541199,-0.6115195751190186,0.0,0.0,0.0
0,-0.3212875425815582,0.7219031453132629,-0.6128867268562317,0.0,0.0,0.0
0,-0.3235054016113281,0.7197045683860779,-0.6143041849136353,0.0,0.0,0.0
0,-0.32531848549842834,0.7179645299911499,-0.6153818368911743,0.0,0.0,0.0
0,-0.32729026675224304,0.7161732316017151,-0.616422712802887,0.0,0.0,0.0
0,-0.3305453062057495,0.7132656574249268,-0.6180549263954163,0.0,0.0,0.0
0,-0.3305453062057495,0.7132656574249268,-0.6180549263954163,0.0,0.0,0.0
0,-0.33433595299720764,0.7105618715286255,-0.619129478931427,0.0,0.0,0.0
0,-0.335857093334198,0.7092890739440918,-0.6197652816772461,0.0,0.0,0.0
0,-0.33727869391441345,0.7082104682922363,-0.6202265620231628,0.0,0.0,0.0
0,-0.33945053815841675,0.7062649726867676,-0.6212592720985413,0.0,0.0,0.0
0,-0.3404008746147156,0.7054566144943237,-0.6216576099395752,0.0,0.0,0.0
0,-0.34127581119537354,0.7045561671257019,-0.6221988797187805,0.0,0.0,0.0
0,-0.3421919047832489,0.70381098985672,-0.6225390434265137,0.0,0.0,0.0
0,-0.34293386340141296,0.7029733657836914,-0.623076856136322,0.0,0.0,0.0
0,-0.34344595670700073,0.7018666863441467,-0.6240416765213013,0.0,0.0,0.0
0,-0.34267568588256836,0.7018315196037292,-0.624504566192627,0.0,0.0,0.0
0,-0.341948002576828,0.7016831636428833,-0.6250698566436768,0.0,0.0,0.0
0,-0.34064149856567383,0.701941967010498,-0.6254924535751343,0.0,0.0,0.0
0,-0.3394383490085602,0.7023009061813354,-0.625743567943573,0.0,0.0,0.0
0,-0.33683454990386963,0.7030788660049438,-0.6262767314910889,0.0,0.0,0.0
0,-0.33554312586784363,0.7036305069923401,-0.6263505220413208,0.0,0.0,0.0
0,-0.3340427279472351,0.7045793533325195,-0.6260857582092285,0.0,0.0,0.0
0,-0.3321988880634308,0.7055760622024536,-0.6259443163871765,0.0,0.0,0.0
0,-0.3304937481880188,0.7066776156425476,-0.6256042122840881,0.0,0.0,0.0
0,-0.3276255428791046,0.7085190415382385,-0.6250298023223877,0.0,0.0,0.0
0,-0.3209626376628876,0.7126131057739258,-0.6238313317298889,0.0,0.0,0.0
0,-0.3171122968196869,0.7151868343353271,-0.6228544116020203,0.0,0.0,0.0
0,-0.31339898705482483,0.7178651690483093,-0.6216515898704529,0.0,0.0,0.0
0,-0.3097767233848572,0.7206718921661377,-0.6202179789543152,0.0,0.0,0.0
0,-0.3036467730998993,0.7259531617164612,-0.6170823574066162,0.0,0.0,0.0
0,-0.30013641715049744,0.728929877281189,-0.6152880787849426,0.0,0.0,0.0
0,-0.29681628942489624,0.7320985794067383,-0.6131327748298645,0.0,0.0,0.0
0,-0.2927717864513397,0.7358406782150269,-0.6105925440788269,0.0,0.0,0.0
0,-0.2856682538986206,0.7430706024169922,-0.6051774024963379,0.0,0.0,0.0
0,-0.2823678255081177,0.7471023797988892,-0.6017528176307678,0.0,0.0,0.0
0,-0.2798119783401489,0.7509433031082153,-0.5981550216674805,0.0,0.0,0.0
0,-0.2774025499820709,0.7549536228179932,-0.5942161679267883,0.0,0.0,0.0
0,-0.2749253213405609,0.7591864466667175,-0.5899593830108643,0.0,0.0,0.0
0,-0.2712070643901825,0.7638441920280457,-0.5856524705886841,0.0,0.0,0.0
0,-0.26667824387550354,0.7682015895843506,-0.5820215344429016,0.0,0.0,0.0
0,-0.25897881388664246,0.7765871286392212,-0.574319064617157,0.0,0.0,0.0
0,-0.25708818435668945,0.780369758605957,-0.5700251460075378,0.0,0.0,0.0
0,-0.2558177709579468,0.7841120362281799,-0.5654428005218506,0.0,0.0,0.0
0,-0.255736380815506,0.7878449559211731,-0.5602671504020691,0.0,0.0,0.0
0,-0.2541177570819855,0.7967800498008728,-0.5482387542724609,0.0,0.0,0.0
0,-0.2523248493671417,0.8017363548278809,-0.5418034195899963,0.0,0.0,0.0
0,-0.24991433322429657,0.8067939877510071,-0.5353748798370361,0.0,0.0,0.0
0,-0.24730916321277618,0.8120943903923035,-0.5285270810127258,0.0,0.0,0.0
0,-0.2453266680240631,0.8170431852340698,-0.5217808485031128,0.0,0.0,0.0
0,-0.2454969584941864,0.8259445428848267,-0.5074907541275024,0.0,0.0,0.0
0,-0.24626635015010834,0.8300509452819824,-0.5003681778907776,0.0,0.0,0.0
0,-0.24793829023838043,0.8336610794067383,-0.4934934675693512,0.0,0.0,0.0
0,-0.24957607686519623,0.8371840119361877,-0.48665666580200195,0.0,0.0,0.0
0,-0.25104621052742004,0.8455492258071899,-0.47119244933128357,0.0,0.0,0.0
0,-0.2505825161933899,0.8507115840911865,-0.4620586633682251,0.0,0.0,0.0
0,-0.250262975692749,0.8557257056236267,-0.45288190245628357,0.0,0.0,0.0
0,-0.2501773536205292,0.8605772256851196,-0.44364193081855774,0.0,0.0,0.0
0,-0.2515704333782196,0.8652182817459106,-0.4337160885334015,0.0,0.0,0.0
0,-0.2530549168586731,0.8693472743034363,-0.42449796199798584,0.0,0.0,0.0
0,-0.2570782005786896,0.8774207234382629,-0.40502306818962097,0.0,0.0,0.0
0,-0.2591664791107178,0.8808997273445129,-0.3960408866405487,0.0,0.0,0.0
0,-0.26059970259666443,0.8849560022354126,-0.38592836260795593,0.0,0.0,0.0
0,-0.2625153660774231,0.8891465067863464,-0.37483885884284973,0.0,0.0,0.0
0,-0.26509860157966614,0.8923656344413757,-0.36524829268455505,0.0,0.0,0.0
0,-0.2714458107948303,0.8989046812057495,-0.34392958879470825,0.0,0.0,0.0
0,-0.276307076215744,0.9020165801048279,-0.3316934108734131,0.0,0.0,0.0
0,-0.2797182500362396,0.9049257636070251,-0.32072892785072327,0.0,0.0,0.0
0,-0.28366944193840027,0.9079715609550476,-0.30841416120529175,0.0,0.0,0.0
0,-0.286197692155838,0.9115414619445801,-0.2952677011489868,0.0,0.0,0.0
0,-0.28907912969589233,0.9186784625053406,-0.26918986439704895,0.0,0.0,0.0
0,-0.29116031527519226,0.9215840101242065,-0.25672659277915955,0.0,0.0,0.0
0,-0.2924821078777313,0.9244354963302612,-0.2446901649236679,0.0,0.0,0.0
0,-0.2950955927371979,0.926500678062439,-0.23348475992679596,0.0,0.0,0.0
0,-0.2980944514274597,0.9281507730484009,-0.22288069128990173,0.0,0.0,0.0
0,-0.3020082116127014,0.9296109080314636,-0.21122165024280548,0.0,0.0,0.0
0,-0.3083457052707672,0.9323238730430603,-0.18893152475357056,0.0,0.0,0.0
0,-0.3107830882072449,0.9337685108184814,-0.17745494842529297,0.0,0.0,0.0
0,-0.31279894709587097,0.9352462291717529,-0.1657446175813675,0.0,0.0,0.0
0,-0.3141770660877228,0.936618983745575,-0.1550409197807312,0.0,0.0,0.0
0,-0.3161477744579315,0.9389451146125793,-0.13576683402061462,0.0,0.0,0.0
0,-0.3168925642967224,0.9398968815803528,-0.12717276811599731,0.0,0.0,0.0
0,-0.3180827796459198,0.9403800368309021,-0.12045212090015411,0.0,0.0,0.0
0,-0.31881681084632874,0.9410926103591919,-0.11269678920507431,0.0,0.0,0.0
0,-0.31944844126701355,0.9415776133537292,-0.10669735819101334,0.0,0.0,0.0
0,-0.32011178135871887,0.9425891637802124,-0.09515336155891418,0.0,0.0,0.0
0,-0.3204612135887146,0.9430011510848999,-0.08974102139472961,0.0,0.0,0.0
0,-0.3204450011253357,0.943400502204895,-0.08550123870372772,0.0,0.0,0.0
0,-0.3199410140514374,0.9439500570297241,-0.08121608197689056,0.0,0.0,0.0
0,-0.319247841835022,0.9448053240776062,-0.07364598661661148,0.0,0.0,0.0
0,-0.3185124695301056,0.9453274011611938,-0.07004254311323166,0.0,0.0,0.0
0,-0.3183574676513672,0.9456142783164978,-0.06679961085319519,0.0,0.0,0.0
0,-0.31813108921051025,0.9458956122398376,-0.06382855027914047,0.0,0.0,0.0
0,-0.31814906001091003,0.9460486173629761,-0.06142612174153328,0.0,0.0,0.0
0,-0.31868115067481995,0.9460009336471558,-0.05936801806092262,0.0,0.0,0.0
0,-0.32045894861221313,0.9455997347831726,-0.05609995871782303,0.0,0.0,0.0
0,-0.3215188980102539,0.9453237652778625,-0.05466746911406517,0.0,0.0,0.0
0,-0.322278767824173,0.9451467990875244,-0.05323490872979164,0.0,0.0,0.0
0,-0.3228796422481537,0.9450256824493408,-0.051722291857004166,0.0,0.0,0.0
0,-0.3227693736553192,0.9451169967651367,-0.05073239654302597,0.0,0.0,0.0
0,-0.32286250591278076,0.9451605677604675,-0.04930854216217995,0.0,0.0,0.0
0,-0.32002973556518555,0.946261465549469,-0.0465848334133625,0.0,0.0,0.0
0,-0.31779465079307556,0.9470736980438232,-0.04536498337984085,0.0,0.0,0.0
0,-0.3153374493122101,0.9479418396949768,-0.04436895623803139,0.0,0.0,0.0
0,-0.31044894456863403,0.9496443867683411,-0.042391613125801086,0.0,0.0,0.0
0,-0.3080749213695526,0.9504724144935608,-0.041134510189294815,0.0,0.0,0.0
0,-0.305614709854126,0.951320469379425,-0.03986223414540291,0.0,0.0,0.0
0,-0.30330562591552734,0.9521273374557495,-0.038200125098228455,0.0,0.0,0.0
0,-0.3009316921234131,0.9529433250427246,-0.036593712866306305,0.0,0.0,0.0
0,-0.2988298535346985,0.953658401966095,-0.03516159579157829,0.0,0.0,0.0
0,-0.294423907995224,0.9551501274108887,-0.03166734427213669,0.0,0.0,0.0
0,-0.29228392243385315,0.9558625817298889,-0.02994639053940773,0.0,0.0,0.0
0,-0.2902507185935974,0.9565308094024658,-0.02834242768585682,0.0,0.0,0.0
0,-0.2886078655719757,0.9570702910423279,-0.02686961181461811,0.0,0.0,0.0
0,-0.28717681765556335,0.9575372338294983,-0.025531815364956856,0.0,0.0,0.0
0,-0.2856501042842865,0.9580491185188293,-0.023365668952465057,0.0,0.0,0.0
0,-0.2849492132663727,0.9582881927490234,-0.02208271622657776,0.0,0.0,0.0
0,-0.2843097150325775,0.9585117697715759,-0.0205717571079731,0.0,0.0,0.0
0,-0.2838114798069,0.958681046962738,-0.01953819766640663,0.0,0.0,0.0
0,-0.2835637331008911,0.9587706327438354,-0.018722668290138245,0.0,0.0,0.0
0,-0.28371870517730713,0.9587268829345703,-0.018614711239933968,0.0,0.0,0.0
0,-0.284807026386261,0.9583848714828491,-0.019579993560910225,0.0,0.0,0.0
0,-0.28516510128974915,0.9582681655883789,-0.020075438544154167,0.0,0.0,0.0
0,-0.28507888317108154,0.9582828283309937,-0.02059372141957283,0.0,0.0,0.0
0,-0.2846587002277374,0.9583764672279358,-0.02199830859899521,0.0,0.0,0.0
0,-0.2847296893596649,0.9583336114883423,-0.02292855829000473,0.0,0.0,0.0
0,-0.2849046587944031,0.9582567811012268,-0.023943139240145683,0.0,0.0,0.0
0,-0.2851462662220001,0.9581588506698608,-0.0249639842659235,0.0,0.0,0.0
0,-0.28518620133399963,0.9581025838851929,-0.026613721624016762,0.0,0.0,0.0
0,-0.28526240587234497,0.9580330848693848,-0.028247425332665443,0.0,0.0,0.0
0,-0.28492993116378784,0.9580049514770508,-0.03227223828434944,0.0,0.0,0.0
0,-0.2845306992530823,0.9580477476119995,-0.03445067256689072,0.0,0.0,0.0
0,-0.2839016616344452,0.9581285715103149,-0.03727574273943901,0.0,0.0,0.0
0,-0.2830289304256439,0.9582304358482361,-0.041097912937402725,0.0,0.0,0.0
0,-0.2823244333267212,0.9580572843551636,-0.04918491467833519,0.0,0.0,0.0
0,-0.28217723965644836,0.9578469395637512,-0.05390031635761261,0.0,0.0,0.0
0,-0.2822355031967163,0.9574398994445801,-0.060431577265262604,0.0,0.0,0.0
0,-0.2822003662586212,0.9570424556732178,-0.06657823920249939,0.0,0.0,0.0
0,-0.2818926274776459,0.9565943479537964,-0.07391737401485443,0.0,0.0,0.0
0,-0.2816050350666046,0.956066906452179,-0.08145352452993393,0.0,0.0,0.0
0,-0.2802730202674866,0.9547641277313232,-0.09936019033193588,0.0,0.0,0.0
0,-0.2795507311820984,0.9539456963539124,-0.10880713909864426,0.0,0.0,0.0
0,-0.2787664234638214,0.9528838992118835,-0.11958920210599899,0.0,0.0,0.0
0,-0.27799972891807556,0.9516186714172363,-0.13091224431991577,0.0,0.0,0.0
0,-0.276406466960907,0.9487106800079346,-0.15345188975334167,0.0,0.0,0.0
0,-0.276406466960907,0.9487106800079346,-0.15345188975334167,0.0,0.0,0.0
0,-0.27440235018730164,0.9453095197677612,-0.17633268237113953,0.0,0.0,0.0
0,-0.2734816372394562,0.9432817101478577,-0.18822184205055237,0.0,0.0,0.0
0,-0.27262258529663086,0.9410805106163025,-0.20011110603809357,0.0,0.0,0.0
0,-0.2719942629337311,0.9383450150489807,-0.2133723795413971,0.0,0.0,0.0
0,-0.2717054784297943,0.9318535327911377,-0.24046845734119415,0.0,0.0,0.0
0,-0.2715691328048706,0.9290054440498352,-0.2513943910598755,0.0,0.0,0.0
0,-0.27158766984939575,0.9256769418716431,-0.26336729526519775,0.0,0.0,0.0
0,-0.2717991769313812,0.9220540523529053,-0.2755749821662903,0.0,0.0,0.0
0,-0.272508829832077,0.9147356748580933,-0.2983245849609375,0.0,0.0,0.0
0,-0.27293434739112854,0.9110002517700195,-0.30916890501976013,0.0,0.0,0.0
0,-0.2732764482498169,0.9073013663291931,-0.3195687532424927,0.0,0.0,0.0
0,-0.27353447675704956,0.9032627940177917,-0.33059826493263245,0.0,0.0,0.0
0,-0.27308058738708496,0.8995451331138611,-0.34094804525375366,0.0,0.0,0.0
0,-0.2729772627353668,0.8952958583831787,-0.3520351052284241,0.0,0.0,0.0
0,-0.2735227048397064,0.8858754634857178,-0.3747131824493408,0.0,0.0,0.0
0,-0.27382153272628784,0.8812828063964844,-0.38517844676971436,0.0,0.0,0.0
0,-0.274239718914032,0.8764351010322571,-0.3957955539226532,0.0,0.0,0.0
0,-0.27450358867645264,0.8719300627708435,-0.40544506907463074,0.0,0.0,0.0
0,-0.2747890055179596,0.8672425746917725,-0.4151882529258728,0.0,0.0,0.0
0,-0.27596360445022583,0.8574706315994263,-0.4342673718929291,0.0,0.0,0.0
0,-0.2777838706970215,0.852083683013916,-0.4436096251010895,0.0,0.0,0.0
0,-0.2795601785182953,0.8464808464050293,-0.4531184136867523,0.0,0.0,0.0
0,-0.2821725904941559,0.8407251834869385,-0.46212533116340637,0.0,0.0,0.0
0,-0.2848387360572815,0.8350098729133606,-0.4707711338996887,0.0,0.0,0.0
0,-0.28909167647361755,0.8248149752616882,-0.4859076738357544,0.0,0.0,0.0
0,-0.29109352827072144,0.8199588060379028,-0.4928813874721527,0.0,0.0,0.0
0,-0.2935214936733246,0.8150503039360046,-0.4995379149913788,0.0,0.0,0.0
0,-0.29651573300361633,0.8097971677780151,-0.5062676668167114,0.0,0.0,0.0
0,-0.30029162764549255,0.8033420443534851,-0.5142630338668823,0.0,0.0,0.0
0,-0.3057347238063812,0.7943130135536194,-0.5249696373939514,0.0,0.0,0.0
0,-0.3080826997756958,0.7896843552589417,-0.5305503010749817,0.0,0.0,0.0
0,-0.3101961314678192,0.7851344347000122,-0.5360432267189026,0.0,0.0,0.0
0,-0.3113255500793457,0.7812968492507935,-0.540972888469696,0.0,0.0,0.0
0,-0.31214606761932373,0.7778862118721008,-0.5453969836235046,0.0,0.0,0.0
0,-0.31469830870628357,0.7703282833099365,-0.5545802712440491,0.0,0.0,0.0
0,-0.316895455121994,0.7661620378494263,-0.5590822696685791,0.0,0.0,0.0
0,-0.31934604048728943,0.7617647051811218,-0.5636777877807617,0.0,0.0,0.0
0,-0.3214785158634186,0.7579869031906128,-0.5675450563430786,0.0,0.0,0.0
0,-0.3231937885284424,0.7544466853141785,-0.5712757706642151,0.0,0.0,0.0
0,-0.32520559430122375,0.748244047164917,-0.5782492160797119,0.0,0.0,0.0
0,-0.32521241903305054,0.7465003132820129,-0.5804947018623352,0.0,0.0,0.0
0,-0.32551518082618713,0.7444719672203064,-0.5829247832298279,0.0,0.0,0.0
0,-0.32603877782821655,0.7426209449768066,-0.584989607334137,0.0,0.0,0.0
0,-0.32677823305130005,0.7408116459846497,-0.5868680477142334,0.0,0.0,0.0
0,-0.32985255122184753,0.7359216213226318,-0.591283917427063,0.0,0.0,0.0
0,-0.3313671052455902,0.7337022423744202,-0.5931921005249023,0.0,0.0,0.0
0,-0.3325759172439575,0.7322129607200623,-0.5943546891212463,0.0,0.0,0.0
0,-0.33365052938461304,0.7306771874427795,-0.5956409573554993,0.0,0.0,0.0
0,-0.3335598111152649,0.7300798892974854,-0.5964236855506897,0.0,0.0,0.0
0,-0.3338468670845032,0.7292438745498657,-0.5972852110862732,0.0,0.0,0.0
0,-0.33463507890701294,0.729126513004303,-0.5969873666763306,0.0,0.0,0.0
0,-0.33568307757377625,0.7288355827331543,-0.5967541933059692,0.0,0.0,0.0
0,-0.33738023042678833,0.728438675403595,-0.5962815284729004,0.0,0.0,0.0
0,-0.34181854128837585,0.7281090617179871,-0.594152569770813,0.0,0.0,0.0
0,-0.34429851174354553,0.7280506491661072,-0.5927906632423401,0.0,0.0,0.0
0,-0.34630367159843445,0.7282398343086243,-0.5913886427879333,0.0,0.0,0.0
0,-0.3480052053928375,0.7286689877510071,-0.5898592472076416,0.0,0.0,0.0
0,-0.3489340841770172,0.7293567657470703,-0.588458776473999,0.0,0.0,0.0
0,-0.34995773434638977,0.7302486896514893,-0.5867422223091125,0.0,0.0,0.0
0,-0.3523058593273163,0.7318218350410461,-0.5833672881126404,0.0,0.0,0.0
0,-0.3530349135398865,0.7327419519424438,-0.5817693471908569,0.0,0.0,0.0
0,-0.3535965383052826,0.7336599826812744,-0.5802693963050842,0.0,0.0,0.0
0,-0.3537241816520691,0.7347658276557922,-0.5787904262542725,0.0,0.0,0.0
0,-0.35295259952545166,0.7371336221694946,-0.5762451887130737,0.0,0.0,0.0
0,-0.3523766100406647,0.7381906509399414,-0.5752436518669128,0.0,0.0,0.0
0,-0.3517157733440399,0.7390632629394531,-0.5745272040367126,0.0,0.0,0.0
0,-0.3511086404323578,0.7395267486572266,-0.574302077293396,0.0,0.0,0.0
0,-0.3502206802368164,0.7401203513145447,-0.5740795731544495,0.0,0.0,0.0
0,-0.34709733724594116,0.7416313290596008,-0.5740264654159546,0.0,0.0,0.0
0,-0.3455474376678467,0.7423463463783264,-0.5740373134613037,0.0,0.0,0.0
0,-0.3436223268508911,0.7435128688812256,-0.5736831426620483,0.0,0.0,0.0
0,-0.34169670939445496,0.7446622252464294,-0.5733423829078674,0.0,0.0,0.0
0,-0.33963820338249207,0.7462484240531921,-0.572502613067627,0.0,0.0,0.0
0,-0.3372552990913391,0.7478892207145691,-0.5717697143554688,0.0,0.0,0.0
0,-0.3315363824367523,0.751335084438324,-0.5705955028533936,0.0,0.0,0.0
0,-0.32907363772392273,0.7529455423355103,-0.5698978304862976,0.0,0.0,0.0
0,-0.3262922167778015,0.7547757625579834,-0.5690755248069763,0.0,0.0,0.0
0,-0.3232554793357849,0.7569847702980042,-0.5678731799125671,0.0,0.0,0.0
0,-0.3194856345653534,0.7605254650115967,-0.5652697682380676,0.0,0.0,0.0
0,-0.31756678223609924,0.7624046802520752,-0.5638177394866943,0.0,0.0,0.0
0,-0.31660616397857666,0.7644309997558594,-0.5616099834442139,0.0,0.0,0.0
0,-0.31573837995529175,0.7663530111312866,-0.5594750642776489,0.0,0.0,0.0
0,-0.31521400809288025,0.7683597803115845,-0.5570129156112671,0.0,0.0,0.0
0,-0.3143562376499176,0.7706471085548401,-0.554331362247467,0.0,0.0,0.0
0,-0.31187665462493896,0.7756813764572144,-0.5486814975738525,0.0,0.0,0.0
0,-0.3110763430595398,0.7779847383499146,-0.5458674430847168,0.0,0.0,0.0
0,-0.3103554844856262,0.780238926410675,-0.5430530905723572,0.0,0.0,0.0
0,-0.309842050075531,0.7823361158370972,-0.5403222441673279,0.0,0.0,0.0
0,-0.3084159791469574,0.7867385745048523,-0.5347167253494263,0.0,0.0,0.0
0,-0.3069559931755066,0.7894580960273743,-0.5315392017364502,0.0,0.0,0.0
0,-0.30378401279449463,0.7931954264640808,-0.5277843475341797,0.0,0.0,0.0
0,-0.30048319697380066,0.7970584034919739,-0.5238394141197205,0.0,0.0,0.0
0,-0.2955292761325836,0.8023364543914795,-0.5185736417770386,0.0,0.0,0.0
0,-0.2909834086894989,0.8074131608009338,-0.5132373571395874,0.0,0.0,0.0
0,-0.28700095415115356,0.8152506947517395,-0.502987802028656,0.0,0.0,0.0
0,-0.2884192168712616,0.8176301717758179,-0.49829232692718506,0.0,0.0,0.0
0,-0.29158052802085876,0.8192232251167297,-0.4938158690929413,0.0,0.0,0.0
0,-0.29405516386032104,0.8208513855934143,-0.489626944065094,0.0,0.0,0.0
0,-0.2963395416736603,0.8254991769790649,-0.48034778237342834,0.0,0.0,0.0
0,-0.29580411314964294,0.8288714289665222,-0.4748390316963196,0.0,0.0,0.0
0,-0.2931290864944458,0.8333543539047241,-0.468610554933548,0.0,0.0,0.0
0,-0.29048818349838257,0.8384776711463928,-0.46105512976646423,0.0,0.0,0.0
0,-0.287714421749115,0.842354416847229,-0.45569664239883423,0.0,0.0,0.0
0,-0.2843548059463501,0.8501099348068237,-0.4432329535484314,0.0,0.0,0.0
0,-0.2839708924293518,0.8530577421188354,-0.43778195977211,0.0,0.0,0.0
0,-0.284790575504303,0.8555976748466492,-0.4322579503059387,0.0,0.0,0.0
0,-0.2856236398220062,0.8578441143035889,-0.42722663283348083,0.0,0.0,0.0
0,-0.28583019971847534,0.8606326580047607,-0.4214410185813904,0.0,0.0,0.0
0,-0.2844299077987671,0.8638688325881958,-0.41572853922843933,0.0,0.0,0.0
0,-0.27985405921936035,0.8715206980705261,-0.4026578664779663,0.0,0.0,0.0
0,-0.276260107755661,0.875949501991272,-0.39546528458595276,0.0,0.0,0.0
0,-0.27320370078086853,0.880038857460022,-0.3884474039077759,0.0,0.0,0.0
0,-0.2706741988658905,0.8835686445236206,-0.38215434551239014,0.0,0.0,0.0
0,-0.26863062381744385,0.8868849277496338,-0.3758626878261566,0.0,0.0,0.0
0,-0.2693561613559723,0.890886664390564,-0.3657433092594147,0.0,0.0,0.0
0,-0.269788920879364,0.8927918076515198,-0.3607447147369385,0.0,0.0,0.0
0,-0.27031466364860535,0.8945484161376953,-0.35596781969070435,0.0,0.0,0.0
0,-0.27025946974754333,0.8965843319892883,-0.3508509695529938,0.0,0.0,0.0
0,-0.26873594522476196,0.8993544578552246,-0.3448805510997772,0.0,0.0,0.0
0,-0.2653018534183502,0.9048326015472412,-0.3330059051513672,0.0,0.0,0.0
0,-0.26294511556625366,0.907459020614624,-0.3276858925819397,0.0,0.0,0.0
0,-0.2611963450908661,0.909827470779419,-0.322475403547287,0.0,0.0,0.0
0,-0.26056966185569763,0.9117245674133301,-0.31758740544319153,0.0,0.0,0.0
0,-0.2602757513523102,0.9131406545639038,-0.31373658776283264,0.0,0.0,0.0
0,-0.2598000168800354,0.9158758521080017,-0.3060644268989563,0.0,0.0,0.0
0,-0.2595033347606659,0.917478621006012,-0.30148136615753174,0.0,0.0,0.0
0,-0.2594078779220581,0.9188609719276428,-0.2973247766494751,0.0,0.0,0.0
0,-0.2586953938007355,0.9205197095870972,-0.2927800714969635,0.0,0.0,0.0
0,-0.25779488682746887,0.9222537875175476,-0.28807947039604187,0.0,0.0,0.0
0,-0.2558191120624542,0.9255782961845398,-0.2790364623069763,0.0,0.0,0.0
0,-0.25488948822021484,0.9269186854362488,-0.27541443705558777,0.0,0.0,0.0
0,-0.25410786271095276,0.9281876683235168,-0.27183985710144043,0.0,0.0,0.0
0,-0.2535592317581177,0.9289268255233765,-0.26981979608535767,0.0,0.0,0.0
0,-0.2523275315761566,0.9305151700973511,-0.2654661536216736,0.0,0.0,0.0
0,-0.25173482298851013,0.9311976432800293,-0.26362961530685425,0.0,0.0,0.0
0,-0.25112733244895935,0.9321140646934509,-0.2609567642211914,0.0,0.0,0.0
0,-0.25036922097206116,0.9328938722610474,-0.25889045000076294,0.0,0.0,0.0
0,-0.24946849048137665,0.9336710572242737,-0.2569510042667389,0.0,0.0,0.0
0,-0.24866221845149994,0.934405505657196,-0.25505584478378296,0.0,0.0,0.0
0,-0.24678973853588104,0.9356704950332642,-0.2522212862968445,0.0,0.0,0.0
0,-0.2455282062292099,0.9363406300544739,-0.25096237659454346,0.0,0.0,0.0
0,-0.24418038129806519,0.9370355010032654,-0.24968071281909943,0.0,0.0,0.0
0,-0.24290801584720612,0.9376568794250488,-0.24858665466308594,0.0,0.0,0.0
0,-0.24140211939811707,0.9383300542831421,-0.2475111037492752,0.0,0.0,0.0
0,-0.23916955292224884,0.9394122958183289,-0.2455655336380005,0.0,0.0,0.0
0,-0.2379380613565445,0.9399762153625488,-0.24460218846797943,0.0,0.0,0.0
0,-0.2363220751285553,0.9406748414039612,-0.2434803545475006,0.0,0.0,0.0
0,-0.23444098234176636,0.9414647817611694,-0.24224260449409485,0.0,0.0,0.0
0,-0.2325010448694229,0.9421994090080261,-0.24125416576862335,0.0,0.0,0.0
0,-0.2294471263885498,0.9434013962745667,-0.23947405815124512,0.0,0.0,0.0
0,-0.22780826687812805,0.9438771605491638,-0.23916366696357727,0.0,0.0,0.0
0,-0.2259187251329422,0.9444798827171326,-0.23857587575912476,0.0,0.0,0.0
0,-0.22415080666542053,0.9449344277381897,-0.2384435534477234,0.0,0.0,0.0
0,-0.22228433191776276,0.9454055428504944,-0.23832328617572784,0.0,0.0,0.0
0,-0.21762843430042267,0.9467953443527222,-0.23710009455680847,0.0,0.0,0.0
0,-0.21522043645381927,0.9475311040878296,-0.2363576889038086,0.0,0.0,0.0
0,-0.21228846907615662,0.9483590126037598,-0.2356879562139511,0.0,0.0,0.0
0,-0.20904207229614258,0.9492254257202148,-0.23510093986988068,0.0,0.0,0.0
0,-0.20637615025043488,0.9499701857566833,-0.23444721102714539,0.0,0.0,0.0
0,-0.20110468566417694,0.95142662525177,-0.2331186681985855,0.0,0.0,0.0
0,-0.19873814284801483,0.9520848393440247,-0.23245999217033386,0.0,0.0,0.0
0,-0.19652093946933746,0.9526873826980591,-0.23187565803527832,0.0,0.0,0.0
0,-0.1949174702167511,0.9531798958778381,-0.2312040627002716,0.0,0.0,0.0
0,-0.1932595670223236,0.9537355303764343,-0.23030269145965576,0.0,0.0,0.0
0,-0.19149336218833923,0.9544424414634705,-0.22884485125541687,0.0,0.0,0.0
0,-0.1906895488500595,0.9548149704933167,-0.2279602438211441,0.0,0.0,0.0
0,-0.19036579132080078,0.9550984501838684,-0.22704145312309265,0.0,0.0,0.0
0,-0.19016459584236145,0.955371081829071,-0.22606079280376434,0.0,0.0,0.0
0,-0.1902071088552475,0.9555788040161133,-0.22514529526233673,0.0,0.0,0.0
0,-0.19071020185947418,0.9558417201042175,-0.22359828650951385,0.0,0.0,0.0
0,-0.19120150804519653,0.9559131264686584,-0.2228722721338272,0.0,0.0,0.0
0,-0.19179555773735046,0.9560177326202393,-0.22191110253334045,0.0,0.0,0.0
0,-0.19213713705539703,0.9560877680778503,-0.22131310403347015,0.0,0.0,0.0
0,-0.1924654245376587,0.9563509225845337,-0.21988631784915924,0.0,0.0,0.0
0,-0.19227150082588196,0.9565671682357788,-0.21911393105983734,0.0,0.0,0.0
0,-0.19181963801383972,0.9568809866905212,-0.2181374579668045,0.0,0.0,0.0
0,-0.19118362665176392,0.9572606682777405,-0.2170271873474121,0.0,0.0,0.0
0,-0.19077831506729126,0.9575983285903931,-0.2158913016319275,0.0,0.0,0.0
0,-0.1903037279844284,0.9579629302024841,-0.2146894484758377,0.0,0.0,0.0
0,-0.18912704288959503,0.9587481021881104,-0.2122098207473755,0.0,0.0,0.0
0,-0.1887456327676773,0.9590733647346497,-0.2110767960548401,0.0,0.0,0.0
0,-0.18851834535598755,0.9593963623046875,-0.20980823040008545,0.0,0.0,0.0
0,-0.18808472156524658,0.9597410559654236,-0.2086174339056015,0.0,0.0,0.0
0,-0.18762105703353882,0.9600862860679626,-0.20744317770004272,0.0,0.0,0.0
0,-0.18677517771720886,0.9607941508293152,-0.20491382479667664,0.0,0.0,0.0
0,-0.18675965070724487,0.9610695242881775,-0.20363256335258484,0.0,0.0,0.0
0,-0.18648216128349304,0.9614077806472778,-0.20228560268878937,0.0,0.0,0.0
0,-0.18650828301906586,0.9616695642471313,-0.2010132074356079,0.0,0.0,0.0
0,-0.18730460107326508,0.9619044661521912,-0.19913996756076813,0.0,0.0,0.0
0,-0.18792514503002167,0.9618860483169556,-0.19864393770694733,0.0,0.0,0.0
0,-0.18912340700626373,0.96147620677948,-0.1994890570640564,0.0,0.0,0.0
0,-0.19014517962932587,0.9610661268234253,-0.200491264462471,0.0,0.0,0.0
0,-0.19077932834625244,0.9607225060462952,-0.20153304934501648,0.0,0.0,0.0
0,-0.19094330072402954,0.9604630470275879,-0.20261135697364807,0.0,0.0,0.0
0,-0.18825988471508026,0.9608328938484192,-0.20336756110191345,0.0,0.0,0.0
0,-0.18640728294849396,0.9611244201660156,-0.203696146607399,0.0,0.0,0.0
0,-0.18336956202983856,0.9616650342941284,-0.2039017379283905,0.0,0.0,0.0
0,-0.18013064563274384,0.9620136022567749,-0.20514075458049774,0.0,0.0,0.0
0,-0.178251251578331,0.9621743559837341,-0.20602670311927795,0.0,0.0,0.0
0,-0.17327043414115906,0.9624415636062622,-0.20900610089302063,0.0,0.0,0.0
0,-0.17100606858730316,0.9624090194702148,-0.21101126074790955,0.0,0.0,0.0
0,-0.16871680319309235,0.9623937010765076,-0.21291549503803253,0.0,0.0,0.0
0,-0.16634686291217804,0.9624513387680054,-0.21451370418071747,0.0,0.0,0.0
0,-0.16358834505081177,0.9625495076179504,-0.21618807315826416,0.0,0.0,0.0
0,-0.15789052844047546,0.9626635909080505,-0.219884991645813,0.0,0.0,0.0
0,-0.15543092787265778,0.9626190066337585,-0.22182407975196838,0.0,0.0,0.0
0,-0.15358419716358185,0.9622872471809387,-0.22453325986862183,0.0,0.0,0.0
0,-0.15202488005161285,0.9619442224502563,-0.2270500659942627,0.0,0.0,0.0
0,-0.15076765418052673,0.9616206288337708,-0.22924859821796417,0.0,0.0,0.0
0,-0.14891259372234344,0.9607506990432739,-0.2340579628944397,0.0,0.0,0.0
0,-0.14835788309574127,0.9602987170219421,-0.2362547665834427,0.0,0.0,0.0
0,-0.1479884386062622,0.9598249793052673,-0.23840181529521942,0.0,0.0,0.0
0,-0.1474762260913849,0.9594418406486511,-0.2402542382478714,0.0,0.0,0.0
0,-0.14736652374267578,0.9589688777923584,-0.2422020137310028,0.0,0.0,0.0
0,-0.14776813983917236,0.9581086039543152,-0.24534164369106293,0.0,0.0,0.0
0,-0.14807331562042236,0.9576091766357422,-0.24710100889205933,0.0,0.0,0.0
0,-0.14886684715747833,0.9569638967514038,-0.2491159439086914,0.0,0.0,0.0
0,-0.15033307671546936,0.9560639262199402,-0.2516777515411377,0.0,0.0,0.0
0,-0.15327680110931396,0.9540654420852661,-0.25742048025131226,0.0,0.0,0.0
0,-0.1540929675102234,0.953196108341217,-0.26013949513435364,0.0,0.0,0.0
0,-0.15471909940242767,0.9524529576301575,-0.2624792754650116,0.0,0.0,0.0
0,-0.15468770265579224,0.9519497156143188,-0.2643168568611145,0.0,0.0,0.0
0,-0.1540701687335968,0.9517785310745239,-0.26529237627983093,0.0,0.0,0.0
0,-0.1528412401676178,0.9515149593353271,-0.2669435441493988,0.0,0.0,0.0
0,-0.15239542722702026,0.9513462781906128,-0.2677983045578003,0.0,0.0,0.0
0,-0.15194116532802582,0.951111912727356,-0.26888662576675415,0.0,0.0,0.0
0,-0.15252499282360077,0.9503704309463501,-0.27116823196411133,0.0,0.0,0.0
0,-0.15329952538013458,0.9495887756347656,-0.2734600007534027,0.0,0.0,0.0
0,-0.15430080890655518,0.9483882188796997,-0.2770398259162903,0.0,0.0,0.0
0,-0.15388688445091248,0.9481606483459473,-0.27804723381996155,0.0,0.0,0.0
0,-0.15349817276000977,0.9478843808174133,-0.27920153737068176,0.0,0.0,0.0
0,-0.15278767049312592,0.9478656053543091,-0.2796546220779419,0.0,0.0,0.0
0,-0.15189577639102936,0.9477502107620239,-0.28053018450737,0.0,0.0,0.0
0,-0.15144997835159302,0.947687029838562,-0.28098437190055847,0.0,0.0,0.0
0,-0.15130706131458282,0.9467705488204956,-0.2841331958770752,0.0,0.0,0.0
0,-0.15128114819526672,0.9462424516677856,-0.2859008014202118,0.0,0.0,0.0
0,-0.15098612010478973,0.945900022983551,-0.2871868908405304,0.0,0.0,0.0
0,-0.15045975148677826,0.9456065893173218,-0.28842687606811523,0.0,0.0,0.0
0,-0.14964483678340912,0.9455311894416809,-0.2890971899032593,0.0,0.0,0.0
0,-0.1483858823776245,0.9453110098838806,-0.2904628813266754,0.0,0.0,0.0
0,-0.14805647730827332,0.9451743960380554,-0.2910749018192291,0.0,0.0,0.0
0,-0.14773131906986237,0.9451078176498413,-0.29145610332489014,0.0,0.0,0.0
0,-0.14747865498065948,0.9450701475143433,-0.2917061746120453,0.0,0.0,0.0
0,-0.1470918208360672,0.9450485110282898,-0.291971355676651,0.0,0.0,0.0
0,-0.14606420695781708,0.9450374245643616,-0.2925226390361786,0.0,0.0,0.0
0,-0.1456894874572754,0.9450558423995972,-0.2926499545574188,0.0,0.0,0.0
0,-0.14530175924301147,0.9450280070304871,-0.29293251037597656,0.0,0.0,0.0
0,-0.14455781877040863,0.945088267326355,-0.29310616850852966,0.0,0.0,0.0
0,-0.14401775598526,0.9450057148933411,-0.2936376929283142,0.0,0.0,0.0
0,-0.14237995445728302,0.945085346698761,-0.2941795885562897,0.0,0.0,0.0
0,-0.14133399724960327,0.9452757835388184,-0.29407212138175964,0.0,0.0,0.0
0,-0.14042602479457855,0.9454612135887146,-0.29391083121299744,0.0,0.0,0.0
0,-0.14005440473556519,0.9454896450042725,-0.2939966917037964,0.0,0.0,0.0
0,-0.1396581381559372,0.9454589486122131,-0.29428383708000183,0.0,0.0,0.0
0,-0.1396101713180542,0.9452638030052185,-0.29493269324302673,0.0,0.0,0.0
0,-0.1392718106508255,0.9452083706855774,-0.295270174741745,0.0,0.0,0.0
0,-0.13908526301383972,0.9452102184295654,-0.29535216093063354,0.0,0.0,0.0
0,-0.13865038752555847,0.9453443884849548,-0.29512712359428406,0.0,0.0,0.0
0,-0.1378333568572998,0.9456709027290344,-0.2944630980491638,0.0,0.0,0.0
0,-0.1374933421611786,0.9458295106887817,-0.29411235451698303,0.0,0.0,0.0
0,-0.13784439861774445,0.9456519484519958,-0.29451873898506165,0.0,0.0,0.0
0,-0.13824404776096344,0.9455406665802002,-0.2946886718273163,0.0,0.0,0.0
0,-0.13859081268310547,0.945428729057312,-0.29488492012023926,0.0,0.0,0.0
0,-0.1388687938451767,0.945315420627594,-0.29511725902557373,0.0,0.0,0.0
0,-0.13924968242645264,0.945219874382019,-0.2952437400817871,0.0,0.0,0.0
0,-0.13960130512714386,0.9451572895050049,-0.2952782213687897,0.0,0.0,0.0
0,-0.140309140086174,0.9450475573539734,-0.29529377818107605,0.0,0.0,0.0
0,-0.141165092587471,0.944972813129425,-0.2951251268386841,0.0,0.0,0.0
0,-0.1430204063653946,0.9445034265518188,-0.2957336902618408,0.0,0.0,0.0
0,-0.14380811154842377,0.9443098902702332,-0.2959696352481842,0.0,0.0,0.0
0,-0.14472977817058563,0.9440813064575195,-0.29624950885772705,0.0,0.0,0.0
0,-0.14567217230796814,0.943805992603302,-0.29666462540626526,0.0,0.0,0.0
0,-0.14610394835472107,0.9436385631561279,-0.2969846725463867,0.0,0.0,0.0
0,-0.14690974354743958,0.9434914588928223,-0.2970545291900635,0.0,0.0,0.0
0,-0.1483532339334488,0.943366527557373,-0.2967337369918823,0.0,0.0,0.0
0,-0.14924973249435425,0.9432159066200256,-0.29676294326782227,0.0,0.0,0.0
0,-0.15005578100681305,0.9430410265922546,-0.2969122529029846,0.0,0.0,0.0
0,-0.1508154571056366,0.9428512454032898,-0.2971300780773163,0.0,0.0,0.0
0,-0.15183889865875244,0.9425835609436035,-0.29745781421661377,0.0,0.0,0.0
0,-0.15393924713134766,0.9421219825744629,-0.2978404462337494,0.0,0.0,0.0
0,-0.15524081885814667,0.9418816566467285,-0.29792487621307373,0.0,0.0,0.0
0,-0.15653179585933685,0.9415614008903503,-0.2982615828514099,0.0,0.0,0.0
0,-0.15770140290260315,0.9412699341773987,-0.298565149307251,0.0,0.0,0.0
0,-0.1590123325586319,0.9409125447273254,-0.2989961504936218,0.0,0.0,0.0
0,-0.16164939105510712,0.9402040839195251,-0.2998095452785492,0.0,0.0,0.0
0,-0.16328847408294678,0.9397700428962708,-0.3002817630767822,0.0,0.0,0.0
0,-0.16525232791900635,0.9393076300621033,-0.3006540834903717,0.0,0.0,0.0
0,-0.16764207184314728,0.9387046098709106,-0.30121392011642456,0.0,0.0,0.0
0,-0.17171724140644073,0.9377747178077698,-0.30181413888931274,0.0,0.0,0.0
0,-0.17385146021842957,0.9372712969779968,-0.3021559417247772,0.0,0.0,0.0
0,-0.17582079768180847,0.9368188977241516,-0.3024192154407501,0.0,0.0,0.0
0,-0.17769233882427216,0.936387836933136,-0.3026602566242218,0.0,0.0,0.0
0,-0.17946986854076385,0.9360442757606506,-0.30267414450645447,0.0,0.0,0.0
0,-0.1812635362148285,0.9356566667556763,-0.3028038442134857,0.0,0.0,0.0
0,-0.18411222100257874,0.9354265928268433,-0.3017943203449249,0.0,0.0,0.0
0,-0.18576277792453766,0.9353266358375549,-0.30109184980392456,0.0,0.0,0.0
0,-0.1877126544713974,0.9352484345436096,-0.3001238703727722,0.0,0.0,0.0
0,-0.1899992972612381,0.9350509643554688,-0.29929906129837036,0.0,0.0,0.0
0,-0.1924227774143219,0.9349256157875061,-0.29814019799232483,0.0,0.0,0.0
0,-0.19769684970378876,0.934443473815918,-0.29619476199150085,0.0,0.0,0.0
0,-0.1998535543680191,0.9343646168708801,-0.2949938476085663,0.0,0.0,0.0
0,-0.20165875554084778,0.9343550801277161,-0.2937929928302765,0.0,0.0,0.0
0,-0.20242840051651,0.9347655177116394,-0.2919524013996124,0.0,0.0,0.0
0,-0.20318953692913055,0.93504798412323,-0.29051560163497925,0.0,0.0,0.0
0,-0.2047157883644104,0.9358749985694885,-0.28675681352615356,0.0,0.0,0.0
0,-0.2066776156425476,0.9357098340988159,-0.28588709235191345,0.0,0.0,0.0
0,-0.20802658796310425,0.9358290433883667,-0.2845152020454407,0.0,0.0,0.0
0,-0.2091885805130005,0.935941755771637,-0.2832898795604706,0.0,0.0,0.0
0,-0.21139408648014069,0.9361719489097595,-0.2808818221092224,0.0,0.0,0.0
0,-0.21224179863929749,0.9363448619842529,-0.2796635627746582,0.0,0.0,0.0
0,-0.21224179863929749,0.9363448619842529,-0.2796635627746582,0.0,0.0,0.0
0,-0.21337994933128357,0.936700165271759,-0.2776000201702118,0.0,0.0,0.0
0,-0.21314851939678192,0.9370434284210205,-0.27661773562431335,0.0,0.0,0.0
0,-0.21291129291057587,0.9374881982803345,-0.2752901315689087,0.0,0.0,0.0
0,-0.21242839097976685,0.9377216696739197,-0.2748677134513855,0.0,0.0,0.0
0,-0.21195204555988312,0.9378449320793152,-0.2748148739337921,0.0,0.0,0.0
0,-0.21156442165374756,0.9379695057868958,-0.27468833327293396,0.0,0.0,0.0
0,-0.2113940566778183,0.9379956722259521,-0.2747301459312439,0.0,0.0,0.0
0,-0.2111155390739441,0.9380285739898682,-0.27483195066452026,0.0,0.0,0.0
0,-0.21054914593696594,0.9380159974098206,-0.2753090560436249,0.0,0.0,0.0
0,-0.21031001210212708,0.93793785572052,-0.27575767040252686,0.0,0.0,0.0
0,-0.21016864478588104,0.9378045797348022,-0.2763180434703827,0.0,0.0,0.0
0,-0.2102733850479126,0.9376482367515564,-0.27676859498023987,0.0,0.0,0.0
0,-0.21052409708499908,0.9374313950538635,-0.27731215953826904,0.0,0.0,0.0
0,-0.21147462725639343,0.9370955228805542,-0.2777236998081207,0.0,0.0,0.0
0,-0.21183618903160095,0.9368856549263,-0.2781559228897095,0.0,0.0,0.0
0,-0.21211165189743042,0.9367928504943848,-0.2782585620880127,0.0,0.0,0.0
0,-0.21244962513446808,0.9366644620895386,-0.2784328758716583,0.0,0.0,0.0
0,-0.21269558370113373,0.9365310668945312,-0.2786935567855835,0.0,0.0,0.0
0,-0.2134508639574051,0.9361879825592041,-0.2792683243751526,0.0,0.0,0.0
0,-0.21363788843154907,0.9360710978507996,-0.27951690554618835,0.0,0.0,0.0
0,-0.2138058990240097,0.936005711555481,-0.27960753440856934,0.0,0.0,0.0
0,-0.21355962753295898,0.935997486114502,-0.27982306480407715,0.0,0.0,0.0
0,-0.21324895322322845,0.9360026121139526,-0.280042827129364,0.0,0.0,0.0
0,-0.21198229491710663,0.936149537563324,-0.2805129289627075,0.0,0.0,0.0
0,-0.21169592440128326,0.9360705018043518,-0.2809925675392151,0.0,0.0,0.0
0,-0.21104489266872406,0.9361749887466431,-0.2811342477798462,0.0,0.0,0.0
0,-0.2103208601474762,0.936273455619812,-0.2813487648963928,0.0,0.0,0.0
0,-0.20958732068538666,0.9364175200462341,-0.28141677379608154,0.0,0.0,0.0
0,-0.20875966548919678,0.9364093542098999,-0.28205838799476624,0.0,0.0,0.0
0,-0.2092180997133255,0.9361878037452698,-0.2824539244174957,0.0,0.0,0.0
0,-0.2098981738090515,0.935926616191864,-0.2828145921230316,0.0,0.0,0.0
0,-0.21045243740081787,0.9356876611709595,-0.2831932008266449,0.0,0.0,0.0
0,-0.2103087306022644,0.9357060194015503,-0.2832392156124115,0.0,0.0,0.0
0,-0.20932015776634216,0.9359865188598633,-0.2830447554588318,0.0,0.0,0.0
0,-0.20879091322422028,0.9361140727996826,-0.28301385045051575,0.0,0.0,0.0
0,-0.20799997448921204,0.9363328814506531,-0.28287234902381897,0.0,0.0,0.0
0,-0.2079940289258957,0.9363462924957275,-0.28283217549324036,0.0,0.0,0.0
0,-0.2076053023338318,0.9363025426864624,-0.2832624316215515,0.0,0.0,0.0
0,-0.2076053023338318,0.9363025426864624,-0.2832624316215515,0.0,0.0,0.0
0,-0.20570263266563416,0.9364663362503052,-0.2841078042984009,0.0,0.0,0.0
0,-0.20442067086696625,0.9366012215614319,-0.2845880687236786,0.0,0.0,0.0
0,-0.20318308472633362,0.9368280172348022,-0.28472772240638733,0.0,0.0,0.0
0,-0.20188625156879425,0.9370431900024414,-0.284942090511322,0.0,0.0,0.0
0,-0.2001739889383316,0.9370917677879333,-0.285988450050354,0.0,0.0,0.0
0,-0.19995175302028656,0.9369547367095947,-0.2865923047065735,0.0,0.0,0.0
0,-0.20032049715518951,0.9367868900299072,-0.2868833541870117,0.0,0.0,0.0
0,-0.20080016553401947,0.9366245269775391,-0.28707796335220337,0.0,0.0,0.0
0,-0.20124419033527374,0.9365147352218628,-0.2871253788471222,0.0,0.0,0.0
0,-0.20178088545799255,0.9365400671958923,-0.2866656184196472,0.0,0.0,0.0
0,-0.20207644999027252,0.9365419745445251,-0.28645116090774536,0.0,0.0,0.0
0,-0.2025945782661438,0.9364102482795715,-0.2865156829357147,0.0,0.0,0.0
0,-0.20303763449192047,0.9364430904388428,-0.28609442710876465,0.0,0.0,0.0
0,-0.20345620810985565,0.9364596009254456,-0.2857429087162018,0.0,0.0,0.0
0,-0.20383600890636444,0.9366800785064697,-0.28474780917167664,0.0,0.0,0.0
0,-0.20385420322418213,0.936816394329071,-0.28428593277931213,0.0,0.0,0.0
0,-0.20375984907150269,0.9369732141494751,-0.28383636474609375,0.0,0.0,0.0
0,-0.20364296436309814,0.9371302127838135,-0.2834016978740692,0.0,0.0,0.0
0,-0.20360665023326874,0.937268078327179,-0.2829715311527252,0.0,0.0,0.0
0,-0.2037375569343567,0.9375662803649902,-0.2818874418735504,0.0,0.0,0.0
0,-0.20377172529697418,0.9377292990684509,-0.2813197672367096,0.0,0.0,0.0
0,-0.20360639691352844,0.9380011558532715,-0.2805320620536804,0.0,0.0,0.0
0,-0.20377589762210846,0.9381551146507263,-0.2798934876918793,0.0,0.0,0.0
0,-0.20495274662971497,0.9380067586898804,-0.2795311212539673,0.0,0.0,0.0
0,-0.20543943345546722,0.9379167556762695,-0.2794759273529053,0.0,0.0,0.0
0,-0.20586314797401428,0.9378069043159485,-0.27953270077705383,0.0,0.0,0.0
0,-0.20594440400600433,0.9377262592315674,-0.2797434628009796,0.0,0.0,0.0
0,-0.20584723353385925,0.9376715421676636,-0.2799982726573944,0.0,0.0,0.0
0,-0.20543833076953888,0.9376941323280334,-0.2802227735519409,0.0,0.0,0.0
0,-0.20506103336811066,0.9375649690628052,-0.28093042969703674,0.0,0.0,0.0
0,-0.20478537678718567,0.9375041723251343,-0.2813340425491333,0.0,0.0,0.0
0,-0.2046024203300476,0.9374057650566101,-0.2817946672439575,0.0,0.0,0.0
0,-0.2042892426252365,0.9373582005500793,-0.2821798622608185,0.0,0.0,0.0
0,-0.2040763944387436,0.9373289942741394,-0.28243082761764526,0.0,0.0,0.0
0,-0.20338696241378784,0.937431812286377,-0.2825869619846344,0.0,0.0,0.0
0,-0.20325052738189697,0.9374468326568604,-0.2826351225376129,0.0,0.0,0.0
0,-0.2030457705259323,0.9375723600387573,-0.2823658883571625,0.0,0.0,0.0
0,-0.20288020372390747,0.9376614093780518,-0.2821890711784363,0.0,0.0,0.0
0,-0.20308740437030792,0.9377397894859314,-0.28177928924560547,0.0,0.0,0.0
0,-0.2032197117805481,0.9378431439399719,-0.2813396751880646,0.0,0.0,0.0
0,-0.20371611416339874,0.9379097819328308,-0.28075793385505676,0.0,0.0,0.0
0,-0.2036953717470169,0.9379168748855591,-0.2807491719722748,0.0,0.0,0.0
0,-0.20372307300567627,0.9379947781562805,-0.2804687023162842,0.0,0.0,0.0
0,-0.20363749563694,0.9380790591239929,-0.2802489697933197,0.0,0.0,0.0
0,-0.20355284214019775,0.9381955862045288,-0.27992016077041626,0.0,0.0,0.0
0,-0.20343905687332153,0.9382300972938538,-0.2798871695995331,0.0,0.0,0.0
0,-0.20347101986408234,0.9382522702217102,-0.27978959679603577,0.0,0.0,0.0
0,-0.20352517068386078,0.9382814168930054,-0.2796524167060852,0.0,0.0,0.0
0,-0.20341803133487701,0.9383999705314636,-0.2793324291706085,0.0,0.0,0.0
0,-0.20336447656154633,0.9384778738021851,-0.2791096568107605,0.0,0.0,0.0
0,-0.20315296947956085,0.9385641813278198,-0.2789732813835144,0.0,0.0,0.0
0,-0.20286734402179718,0.9387394785881042,-0.2785910964012146,0.0,0.0,0.0
0,-0.2026776820421219,0.9387893676757812,-0.2785610854625702,0.0,0.0,0.0
0,-0.20228873193264008,0.9388694763183594,-0.2785739302635193,0.0,0.0,0.0
0,-0.20174942910671234,0.9388794302940369,-0.2789311110973358,0.0,0.0,0.0
0,-0.20161664485931396,0.9388774633407593,-0.2790338397026062,0.0,0.0,0.0
0,-0.20141226053237915,0.9388842582702637,-0.27915847301483154,0.0,0.0,0.0
0,-0.2013172209262848,0.9389421939849854,-0.27903205156326294,0.0,0.0,0.0
0,-0.20142389833927155,0.9388707876205444,-0.27919530868530273,0.0,0.0,0.0
0,-0.20184729993343353,0.9387816190719604,-0.2791893482208252,0.0,0.0,0.0
0,-0.20195788145065308,0.9387487769126892,-0.2792198956012726,0.0,0.0,0.0
0,-0.20193839073181152,0.9387767314910889,-0.279139906167984,0.0,0.0,0.0
0,-0.2018265277147293,0.9387960433959961,-0.279155969619751,0.0,0.0,0.0
0,-0.20161089301109314,0.9388450384140015,-0.2791469991207123,0.0,0.0,0.0
0,-0.2016187608242035,0.9387957453727722,-0.27930712699890137,0.0,0.0,0.0
0,-0.201795294880867,0.9387681484222412,-0.27927228808403015,0.0,0.0,0.0
0,-0.20213276147842407,0.9386959075927734,-0.27927112579345703,0.0,0.0,0.0
0,-0.20254604518413544,0.9385402798652649,-0.2794945538043976,0.0,0.0,0.0
0,-0.20286644995212555,0.9384822249412537,-0.2794572114944458,0.0,0.0,0.0
0,-0.2029438465833664,0.938477098941803,-0.27941811084747314,0.0,0.0,0.0
0,-0.20275424420833588,0.9384934306144714,-0.2795009911060333,0.0,0.0,0.0
0,-0.20249029994010925,0.9385718107223511,-0.279429167509079,0.0,0.0,0.0
0,-0.20240160822868347,0.9385578632354736,-0.27954021096229553,0.0,0.0,0.0
0,-0.202609583735466,0.9383512139320374,-0.2800827920436859,0.0,0.0,0.0
0,-0.20288555324077606,0.9382345676422119,-0.2802737355232239,0.0,0.0,0.0
0,-0.2031027376651764,0.9381799101829529,-0.28029942512512207,0.0,0.0,0.0
0,-0.2031860649585724,0.9381133913993835,-0.28046146035194397,0.0,0.0,0.0
0,-0.20297878980636597,0.9381380677223206,-0.2805289924144745,0.0,0.0,0.0
0,-0.20257140696048737,0.9382639527320862,-0.2804025113582611,0.0,0.0,0.0
0,-0.20261700451374054,0.938361406326294,-0.2800431549549103,0.0,0.0,0.0
0,-0.20251166820526123,0.9383838176727295,-0.2800443470478058,0.0,0.0,0.0
0,-0.20255425572395325,0.9383626580238342,-0.2800844609737396,0.0,0.0,0.0
0,-0.2026246339082718,0.9383087158203125,-0.2802143096923828,0.0,0.0,0.0
0,-0.20276722311973572,0.9382675886154175,-0.28024882078170776,0.0,0.0,0.0
0,-0.20302638411521912,0.9381052851676941,-0.2806042432785034,0.0,0.0,0.0
0,-0.20306052267551422,0.9380741715431213,-0.2806834876537323,0.0,0.0,0.0
0,-0.2030848115682602,0.9380637407302856,-0.28070077300071716,0.0,0.0,0.0
0,-0.20320947468280792,0.938096284866333,-0.2805018126964569,0.0,0.0,0.0
0,-0.2032083123922348,0.9381023645401001,-0.28048235177993774,0.0,0.0,0.0
0,-0.20301759243011475,0.9381290674209595,-0.28053104877471924,0.0,0.0,0.0
0,-0.20301686227321625,0.9381721615791321,-0.2803875505924225,0.0,0.0,0.0
0,-0.20311658084392548,0.9381837844848633,-0.280276358127594,0.0,0.0,0.0
0,-0.2032211571931839,0.9381837248802185,-0.280200719833374,0.0,0.0,0.0
0,-0.20339487493038177,0.9381231665611267,-0.2802773714065552,0.0,0.0,0.0
0,-0.20375588536262512,0.938010573387146,-0.2803921401500702,0.0,0.0,0.0
0,-0.20391346514225006,0.9378619194030762,-0.28077447414398193,0.0,0.0,0.0
0,-0.20388220250606537,0.9378419518470764,-0.28086382150650024,0.0,0.0,0.0
0,-0.2039627879858017,0.9378852248191833,-0.28066080808639526,0.0,0.0,0.0
0,-0.2037573903799057,0.9379114508628845,-0.28072232007980347,0.0,0.0,0.0
0,-0.20359399914741516,0.9379687309265137,-0.2806495130062103,0.0,0.0,0.0
0,-0.2035406231880188,0.9379733204841614,-0.2806728184223175,0.0,0.0,0.0
0,-0.2035163789987564,0.9379073977470398,-0.28091058135032654,0.0,0.0,0.0
0,-0.2035028338432312,0.9378777146339417,-0.28101950883865356,0.0,0.0,0.0
0,-0.20337145030498505,0.9379590749740601,-0.28084301948547363,0.0,0.0,0.0
0,-0.20317396521568298,0.9379525780677795,-0.28100770711898804,0.0,0.0,0.0
0,-0.20315168797969818,0.937908947467804,-0.2811693549156189,0.0,0.0,0.0
0,-0.2030586451292038,0.9379144310951233,-0.28121817111968994,0.0,0.0,0.0
0,-0.20307016372680664,0.9378909468650818,-0.2812882661819458,0.0,0.0,0.0
0,-0.20293109118938446,0.937847912311554,-0.28153195977211,0.0,0.0,0.0
0,-0.2029113918542862,0.9378650784492493,-0.28148892521858215,0.0,0.0,0.0
0,-0.20274506509304047,0.9378970861434937,-0.28150221705436707,0.0,0.0,0.0
0,-0.20241717994213104,0.9380614757537842,-0.2811901569366455,0.0,0.0,0.0
0,-0.20224939286708832,0.9381135106086731,-0.28113746643066406,0.0,0.0,0.0
0,-0.20175495743751526,0.9381617307662964,-0.2813316881656647,0.0,0.0,0.0
0,-0.2015748769044876,0.9381747841835022,-0.28141725063323975,0.0,0.0,0.0
0,-0.20136845111846924,0.9382495284080505,-0.2813158631324768,0.0,0.0,0.0
0,-0.20106154680252075,0.9382948279380798,-0.281384140253067,0.0,0.0,0.0
0,-0.20049144327640533,0.938430666923523,-0.28133806586265564,0.0,0.0,0.0
0,-0.19994401931762695,0.9385561347007751,-0.28130894899368286,0.0,0.0,0.0
0,-0.19845595955848694,0.938975989818573,-0.28096139430999756,0.0,0.0,0.0
0,-0.19782067835330963,0.939179539680481,-0.2807290554046631,0.0,0.0,0.0
0,-0.19724856317043304,0.9393278956413269,-0.28063511848449707,0.0,0.0,0.0
0,-0.19664359092712402,0.9395794868469238,-0.28021711111068726,0.0,0.0,0.0
0,-0.19603227078914642,0.9397507905960083,-0.28007110953330994,0.0,0.0,0.0
0,-0.1949697583913803,0.9400160908699036,-0.27992239594459534,0.0,0.0,0.0
0,-0.19519060850143433,0.9399318695068359,-0.28005120158195496,0.0,0.0,0.0
0,-0.1949676126241684,0.9399241209030151,-0.2802324891090393,0.0,0.0,0.0
0,-0.19469740986824036,0.9399262070655823,-0.2804133892059326,0.0,0.0,0.0
0,-0.19423805177211761,0.9400237202644348,-0.28040507435798645,0.0,0.0,0.0
0,-0.19264943897724152,0.940500795841217,-0.27990078926086426,0.0,0.0,0.0
0,-0.19171057641506195,0.9409025311470032,-0.27919429540634155,0.0,0.0,0.0
0,-0.1911473423242569,0.9411808252334595,-0.27864202857017517,0.0,0.0,0.0
0,-0.19092142581939697,0.9413616061210632,-0.2781858742237091,0.0,0.0,0.0
0,-0.19068661332130432,0.9415810108184814,-0.2776036858558655,0.0,0.0,0.0
0,-0.19041649997234344,0.9416464567184448,-0.27756717801094055,0.0,0.0,0.0
0,-0.1896010786294937,0.9418127536773682,-0.27756112813949585,0.0,0.0,0.0
0,-0.1892300397157669,0.9419401288032532,-0.27738192677497864,0.0,0.0,0.0
0,-0.1884685456752777,0.9422467350959778,-0.27685853838920593,0.0,0.0,0.0
0,-0.18766480684280396,0.9426248669624329,-0.2761164903640747,0.0,0.0,0.0
0,-0.18702304363250732,0.9431922435760498,-0.27461010217666626,0.0,0.0,0.0
0,-0.18680424988269806,0.9434625506401062,-0.27382954955101013,0.0,0.0,0.0
0,-0.18677952885627747,0.94357830286026,-0.2734472453594208,0.0,0.0,0.0
0,-0.18677519261837006,0.9436672329902649,-0.2731432020664215,0.0,0.0,0.0
0,-0.18668290972709656,0.9437686800956726,-0.2728555202484131,0.0,0.0,0.0
0,-0.18609708547592163,0.9442006349563599,-0.2717590630054474,0.0,0.0,0.0
0,-0.1861272156238556,0.9442130327224731,-0.27169546484947205,0.0,0.0,0.0
0,-0.18637079000473022,0.944169819355011,-0.271678626537323,0.0,0.0,0.0
0,-0.18681885302066803,0.9441102147102356,-0.2715781033039093,0.0,0.0,0.0
0,-0.1873561143875122,0.9440001249313354,-0.27159062027931213,0.0,0.0,0.0
0,-0.1887074112892151,0.9437012076377869,-0.27169376611709595,0.0,0.0,0.0
0,-0.1892673522233963,0.9435858726501465,-0.27170491218566895,0.0,0.0,0.0
0,-0.1896379441022873,0.9436107277870178,-0.271359920501709,0.0,0.0,0.0
0,-0.19003602862358093,0.9435653686523438,-0.27123910188674927,0.0,0.0,0.0
0,-0.19036328792572021,0.9436053037643433,-0.27087053656578064,0.0,0.0,0.0
0,-0.19077615439891815,0.9436889290809631,-0.27028805017471313,0.0,0.0,0.0
0,-0.1910780966281891,0.9437578320503235,-0.2698339819908142,0.0,0.0,0.0
0,-0.1910860389471054,0.9438680410385132,-0.2694423794746399,0.0,0.0,0.0
0,-0.19113190472126007,0.9439454674720764,-0.2691384553909302,0.0,0.0,0.0
0,-0.1906880885362625,0.94410240650177,-0.2689027488231659,0.0,0.0,0.0
0,-0.1906880885362625,0.94410240650177,-0.2689027488231659,0.0,0.0,0.0
0,-0.19011887907981873,0.9440411925315857,-0.2695200443267822,0.0,0.0,0.0
0,-0.1898784339427948,0.9441251158714294,-0.2693956196308136,0.0,0.0,0.0
0,-0.18941237032413483,0.9441772699356079,-0.2695408761501312,0.0,0.0,0.0
0,-0.18881185352802277,0.9442818760871887,-0.26959559321403503,0.0,0.0,0.0
0,-0.18741074204444885,0.9445342421531677,-0.26968929171562195,0.0,0.0,0.0
0,-0.18676678836345673,0.9446017146110535,-0.2698994576931,0.0,0.0,0.0
0,-0.18609459698200226,0.9447113871574402,-0.26997998356819153,0.0,0.0,0.0
0,-0.1855420023202896,0.9447797536849976,-0.27012109756469727,0.0,0.0,0.0
0,-0.1850423961877823,0.9449142813682556,-0.2699930965900421,0.0,0.0,0.0
0,-0.18441128730773926,0.9452136754989624,-0.26937630772590637,0.0,0.0,0.0
0,-0.18421490490436554,0.9454256892204285,-0.26876601576805115,0.0,0.0,0.0
0,-0.18402814865112305,0.9456817507743835,-0.26799193024635315,0.0,0.0,0.0
0,-0.1838546246290207,0.9459800124168396,-0.26705676317214966,0.0,0.0,0.0
0,-0.18413963913917542,0.9462327361106873,-0.2659628689289093,0.0,0.0,0.0
0,-0.18462800979614258,0.9462438225746155,-0.2655845284461975,0.0,0.0,0.0
0,-0.18516846001148224,0.9462665915489197,-0.2651268243789673,0.0,0.0,0.0
0,-0.18564343452453613,0.9462649822235107,-0.26480016112327576,0.0,0.0,0.0
0,-0.18590371310710907,0.9463569521903992,-0.26428839564323425,0.0,0.0,0.0
0,-0.18593795597553253,0.9464478492736816,-0.2639384865760803,0.0,0.0,0.0
0,-0.18594613671302795,0.94664466381073,-0.2632260024547577,0.0,0.0,0.0
0,-0.18593114614486694,0.9466655254364014,-0.2631615996360779,0.0,0.0,0.0
0,-0.18589654564857483,0.9466176629066467,-0.2633581757545471,0.0,0.0,0.0
0,-0.18596868216991425,0.9465491771697998,-0.26355329155921936,0.0,0.0,0.0
0,-0.1859925538301468,0.9464926719665527,-0.2637392580509186,0.0,0.0,0.0
0,-0.18587855994701385,0.9463645219802856,-0.26427891850471497,0.0,0.0,0.0
0,-0.1855214238166809,0.9463697075843811,-0.2645111382007599,0.0,0.0,0.0
0,-0.1853022277355194,0.9463741779327393,-0.26464876532554626,0.0,0.0,0.0
0,-0.18526704609394073,0.9464064836502075,-0.26455795764923096,0.0,0.0,0.0
0,-0.18500980734825134,0.9463739395141602,-0.26485419273376465,0.0,0.0,0.0
0,-0.18494334816932678,0.9463597536087036,-0.26495131850242615,0.0,0.0,0.0
0,-0.18498806655406952,0.9463000297546387,-0.2651332914829254,0.0,0.0,0.0
0,-0.18544965982437134,0.9461190104484558,-0.2654567360877991,0.0,0.0,0.0
0,-0.18580983579158783,0.9460002779960632,-0.265627920627594,0.0,0.0,0.0
0,-0.18632327020168304,0.9459238648414612,-0.2655404210090637,0.0,0.0,0.0
0,-0.18665531277656555,0.9458462595939636,-0.26558351516723633,0.0,0.0,0.0
0,-0.1866297572851181,0.9459032416343689,-0.2653985619544983,0.0,0.0,0.0
0,-0.18672168254852295,0.9459081292152405,-0.26531654596328735,0.0,0.0,0.0
0,-0.18685148656368256,0.9459376335144043,-0.2651197910308838,0.0,0.0,0.0
0,-0.18716251850128174,0.9459158778190613,-0.26497799158096313,0.0,0.0,0.0
0,-0.18763843178749084,0.9458827376365662,-0.26475954055786133,0.0,0.0,0.0
