0,0.39422657354401563,-0.3216243092791504,0.27532509583707376,45.08223029483839,78.42874492802224,28.630568946533273
0,0.3943929166965387,-0.32153135702771607,0.27538674372907207,45.15681495070105,78.43112677999518,28.74019612636701
0,0.3944063411526582,-0.3215088705794281,0.2753678216385417,45.200728189818605,78.4356703170473,28.815206352753478
0,0.39418463422583555,-0.32170650646848153,0.2751780738281779,45.2065521461213,78.44173244388898,28.8479508700461
0,0.3941818834714792,-0.3217008034960694,0.2751689769672923,45.178126454483234,78.44987072196513,28.83980163099245
0,0.39425902082251524,-0.32160320208234255,0.2752142133163981,45.140028452926614,78.45978476425405,28.819891471111784
0,0.3942692102365396,-0.3216413252131409,0.27518793005223796,45.108926953214365,78.46874533381225,28.81543375928176
0,0.3943213002257249,-0.32166376516980594,0.2751648082184367,45.07830591910197,78.47950021121724,28.819672166622876
0,0.3945618943743608,-0.3215960268752045,0.2751238645958476,45.070082195875045,78.48918279494838,28.88016336681321
0,0.39472783072518325,-0.3214791469351716,0.27519338506932783,45.050648544798456,78.49904998351452,28.92558057311176
0,0.394804464416971,-0.3214970152155823,0.275165226643043,45.02682222690044,78.50858657050343,28.96258897610929
0,0.39501150711106275,-0.32134244606656504,0.27527474540944624,45.000896466029225,78.5179718374906,28.993726804605412
0,0.3949757666759393,-0.32139011547727053,0.2752112068581157,44.97472302762353,78.52375932147896,29.00833816856309
0,0.3949669138960741,-0.3214089600817628,0.27514735836263227,44.93062772136288,78.51881942655926,29.01004684546119
0,0.39496183856057143,-0.32144365832967225,0.27509252924199623,44.90483063958367,78.51178677689364,29.02452773074823
0,0.39489948167132355,-0.3216437582747406,0.27494493383641766,44.93498075274949,78.5050315355592,29.099410058182674
0,0.3949525983505152,-0.32169396922749943,0.274856925194221,44.9909660335658,78.5045128177882,29.198441110270668
0,0.39517120583580956,-0.3216972856299347,0.27473606247182414,45.11740052066796,78.52654697462195,29.382346057404888
0,0.3952387542896173,-0.32173870966596074,0.2746213831352763,45.25134913399201,78.55553715176917,29.561744112231413
0,0.3952125640087031,-0.3219148974196381,0.27440456170316263,45.40039379049596,78.58821407741723,29.744211490120197
0,0.3952509002261064,-0.32195821211499637,0.2742691471027903,45.57036663268854,78.62727235578399,29.938511447033573
0,0.39531116499232277,-0.3219528500811524,0.27411578673596904,45.76003080920532,78.66839440998798,30.15438590103267
0,0.39534076465891815,-0.3221123938338227,0.2737560655521922,46.048908713529144,78.72125152056704,30.4755586115992
0,0.39530835612343773,-0.3222519461886353,0.2734976961063914,46.2964945497171,78.77039946293321,30.74731127929294
0,0.39532546116637207,-0.3223398618475861,0.27331609982724714,46.532945762933636,78.81877591403192,31.003553800927605
0,0.39531738324688886,-0.32244229839009714,0.2730997278141551,46.753018639945395,78.86790268452738,31.239268894602493
0,0.39525580121802306,-0.32255000398320627,0.27288984913106484,46.937724823865736,78.92494606772321,31.43106046910528
0,0.3952684508137606,-0.32260266349477235,0.2726585997986369,47.125029067829686,79.02198712179919,31.61790032176247
0,0.3953133346013925,-0.32265079782170725,0.2724882544922404,47.311919671731985,79.12332299233796,31.806598684745072
0,0.3952074693016908,-0.3228146807925172,0.2722742225575022,47.496177693603975,79.22103660623216,31.994377540506598
0,0.3952369333677194,-0.3229829959647126,0.2719627906727366,47.76855023665827,79.3167409050239,32.275140216218354
0,0.3951769591741464,-0.32316377089185183,0.27164413708921004,48.07867521068667,79.40922409124826,32.59763075997983
0,0.39524237676190355,-0.3233999018446869,0.27094329137082623,48.62860284847523,79.49812633415578,33.17085266283409
0,0.3953100220732591,-0.32353508398694464,0.2705734505104594,49.162391586105336,79.56729556821789,33.73235817287107
0,0.3953762532644175,-0.3236894826666779,0.27013862985845133,49.72906548604118,79.61717606424459,34.33857425820166
0,0.39549416764306045,-0.32390638158482976,0.26955553192372844,50.43218192792731,79.65695440289616,35.09118983937248
0,0.39556338204668984,-0.3240930454508728,0.26899662513013406,51.217910244823756,79.68980508015717,35.92215099626731
0,0.39560818834828354,-0.3247276716010041,0.2674529792713695,52.59030345773654,79.74530834953646,37.329814534288886
0,0.39569032354878403,-0.32506941602391665,0.2664115979122691,54.20812906636756,79.8133771757456,38.953307254334156
0,0.39572433991955736,-0.3253198044077821,0.2654832686829142,55.91571653959266,79.87804042088256,40.65744593560798
0,0.3957978160552881,-0.32566602752370305,0.2643291296410137,57.79867341243097,79.94632979622916,42.52204255495476
0,0.39588107480334267,-0.32602006123227545,0.2630470534014277,59.85636597751026,80.02222386097867,44.54914304040108
0,0.396132110195627,-0.3268226926104493,0.2603499116348796,62.92856042431179,80.16606971851807,47.55250173249188
0,0.39621711237954116,-0.327283300615973,0.25884855765576886,65.92842193639557,80.30210926302625,50.463028256199735
0,0.3964575128130815,-0.32767634079617924,0.2573175110268168,68.94579383509121,80.45598587006371,53.37769520245738
0,0.39689449532555565,-0.3279633490817017,0.25585783678765817,72.06808878732122,80.62949373188754,56.38368382336521
0,0.39729562117384887,-0.32830231950444644,0.25424080390210674,75.3643460347575,80.82708204777674,59.55626954318298
0,0.39769707633780454,-0.3286955456511445,0.25250059921021983,78.88046593334238,81.0459839702724,62.947854979654345
0,0.39865831001328444,-0.32934655234975285,0.2490269156145625,84.27555988558541,81.40063234776166,68.18076835242739
0,0.3994094402961633,-0.3295483569876618,0.24724582928891703,90.02687853510015,81.71396945642014,73.77382335098035
0,0.3999247224502466,-0.32986370966596074,0.24538941878552958,96.17984023404816,81.97694549556995,79.75863509590351
0,0.4004168556504152,-0.3301858656184144,0.24332704264398144,103.01611486484127,82.18862096104071,86.39844877224533
0,0.40133314742373444,-0.3305496005789704,0.2394140906977229,113.30491104251166,82.39768385121884,96.3458849830867
0,0.4018518777065179,-0.33075492308301396,0.2374467666792445,123.0867532457303,82.40356074582725,105.80155928095779
0,0.4021760211758516,-0.33094834373158877,0.23553525585408733,132.44514684860636,82.25637261949782,114.82740971486925
0,0.4024940819911859,-0.3311093442217774,0.23364368218656106,141.30464724137641,81.96335698107045,123.34937149883717
0,0.4028223322205446,-0.33128684923810425,0.23173458117719223,149.45558476771762,81.52003959608095,131.16516174238004
0,0.40316139175223326,-0.33148419068021245,0.22983666915174053,156.81093924981334,80.93124875167926,138.18359487235813
0,0.40342519296931245,-0.33197774574918215,0.22558629650350137,165.52009992978998,79.87106467839433,146.39682114556786
0,0.403611488776674,-0.33209938333196115,0.22373062986608075,171.73404290011675,78.77655743611926,152.16335818010813
0,0.403591729836931,-0.33233847425145574,0.22173812288518474,176.52316017305404,77.61358462298583,156.51065605251324
0,0.4033837960533998,-0.33262309596700135,0.21965498823400065,-179.71958580699737,76.39891628875536,159.81554515406395
0,0.4028937549762629,-0.3329930917994446,0.21567608017201945,-175.93268357194944,74.77398279691079,162.98346715263597
0,0.40258718146609285,-0.3332400862948365,0.21371827918763683,-173.15887171689914,73.28090998902081,165.20703281538087
0,0.4023887784652612,-0.33334145353002015,0.21190305251355693,-171.05077910547763,71.91742189761634,166.8608379125532
0,0.4021489204339884,-0.3336223869101471,0.20985114473577068,-169.3982218477552,70.63081618040519,168.13349863822557
0,0.40200322731064775,-0.3338842587248749,0.20800390857930706,-168.099022366961,69.40463789307361,169.12063252877033
0,0.40154906226920106,-0.3343810527102417,0.20440506178613232,-166.8095916515306,67.8713696854115,170.0659814731277
0,0.401247680323591,-0.3346498517767853,0.20266302067513986,-165.8362484145375,66.5107103040744,170.74713771648473
0,0.4005734936766527,-0.33508826778096623,0.20077085811372325,-165.06872702990188,65.26690059932405,171.26101070481454
0,0.4001205296687983,-0.33538317964238595,0.1991562505411677,-164.46957534470906,64.12968404556031,171.61947771817705
0,0.3995632694535158,-0.3357301156298585,0.1974370174455218,-163.99551443342793,63.07089380262455,171.85960742465062
0,0.3982227416210077,-0.3365244869963593,0.194062589590507,-163.62858601181094,61.816889945316206,171.9260562731304
0,0.3975635485224626,-0.336851137139029,0.19246950376506375,-163.3736735017223,60.73315441191466,171.90558728899003
0,0.3968078271918199,-0.3372041170374817,0.19101489711280392,-163.1936555834058,59.80040069947494,171.80245807559146
0,0.39616943909453367,-0.3375006406084961,0.18966075498338267,-163.05163907638368,58.955446724347134,171.65240628678603
0,0.3951366470627687,-0.33796633169812623,0.1879159398722224,-162.8793413418494,58.098081058623826,171.4702803939467
0,0.39461305453108764,-0.33817848847073984,0.18712729859824703,-162.7072940427238,57.4026771151906,171.31973814161967
0,0.3930047349505327,-0.3388696484343476,0.1847199546145968,-162.35852291279727,56.532835636599806,171.19069849246264
0,0.3921329395346544,-0.3393390123621888,0.18349065411563442,-161.95186373123872,55.71982772685012,171.12814165475612
0,0.3916673646740816,-0.3395386938826508,0.18279649544234797,-161.5701482394788,55.045054462967634,171.10200734578137
0,0.39101807041691755,-0.33982663200063173,0.18193676460261868,-161.16289145833778,54.42579094385009,171.11081904371642
0,0.3903110490612886,-0.34025928304357,0.18098185378785656,-160.7522441360574,53.8353018016074,171.12212577427076
0,0.38916208608674024,-0.3407078342215485,0.17959092128749415,-160.17525408395318,53.166199909326664,171.18532307688045
0,0.3886640445761583,-0.34088521526021426,0.17905981648440883,-159.6811214660834,52.63128860333046,171.25440809194797
0,0.3881419049076936,-0.3410815183894104,0.1784902669834666,-159.22132486946933,52.18128385919071,171.35415612639682
0,0.38787205977963424,-0.34126201436681214,0.17795737225289868,-158.7657514146328,51.76142109756171,171.50628797256664
0,0.3875816227369211,-0.34137957618398135,0.1774876790093951,-158.33981859843078,51.36969139992253,171.67689818938734
0,0.386978858845701,-0.34149588272733156,0.17657257277246044,-157.85457281478963,50.884629351295054,171.88717962752557
0,0.3865641341977022,-0.3417308978812165,0.17606990534539746,-157.44937844895222,50.46617053737815,172.05825629796203
0,0.3862206967048548,-0.34178729221982423,0.17570281911368893,-157.13102201228514,50.12469397830636,172.1906233350473
0,0.3858712153010271,-0.3418764941470093,0.1752704392718844,-156.88659965709653,49.83517709318259,172.28682495511026
0,0.3850727410488032,-0.34203172967595524,0.1744228427457385,-156.71500260936457,49.54296369296433,172.32038206577474
0,0.38492439402865386,-0.34201156780881353,0.17413526106353328,-156.6079746328442,49.29337186936081,172.32238053682755
0,0.38453853292988754,-0.34208269999188845,0.17370897162433194,-156.5701005861872,49.092947362938816,172.27917901453827
0,0.38415606184529283,-0.3420799724833436,0.17337293404813334,-156.56696681233907,48.92485398105923,172.21668941950173
0,0.38379772766159986,-0.3421152751223511,0.17298605013366267,-156.5907335444964,48.78117932535514,172.13706537164077
0,0.38348689241932854,-0.34213946626347963,0.17262463975425288,-156.6286210420734,48.652258261689774,172.05291479411926
0,0.382956791060438,-0.3421984641329713,0.1718795456337504,-156.68918579503836,48.48699082511022,171.94978897059326
0,0.38261211379097915,-0.34236436174077456,0.1713135798620753,-156.75397008093182,48.33960161973589,171.86089185929333
0,0.3823095889263056,-0.3423759536520905,0.17089323747630641,-156.8175238302548,48.21337812257782,171.7818856783284
0,0.38205396248625734,-0.34250214741391605,0.17039470780368374,-156.88796342277863,48.09293376426908,171.70116102021936
0,0.3815817238263986,-0.3426439468638367,0.1695560880350642,-156.97417969044218,47.94262650454878,171.59683133634064
0,0.38141171945857033,-0.342581756569571,0.1692677624868922,-157.03035832812805,47.81286403772571,171.5255482756175
0,0.3812691838912866,-0.34257180736226506,0.1689428945231013,-157.0733244930743,47.69683875827565,171.4690219514633
0,0.38126550330447173,-0.34251597092313235,0.1686682413863711,-157.09522374126175,47.58876165878603,171.4351055998244
0,0.3812741042547128,-0.342512484051413,0.1684834759282641,-157.09757727101135,47.49995566182145,171.43012296171938
0,0.38127505345868096,-0.34250199244183965,0.1682669683146052,-157.09227455621593,47.42565899572451,171.44295770436435
0,0.38130480809735273,-0.3425348620192475,0.16792008656735943,-157.08259152084133,47.373388870534455,171.48772852570622
0,0.38151185079144456,-0.3424586312548584,0.16790928501363322,-157.06643021126376,47.34916214804065,171.54427661793437
0,0.38163232220934845,-0.3424432270304627,0.16790575939889477,-157.04946438107012,47.35335760349625,171.6057160938516
0,0.3817477182917498,-0.3424398796336121,0.1679101761030726,-157.0314333694344,47.37779336276103,171.6692944315147
0,0.38191225989388444,-0.3424275283591217,0.16795660961146877,-157.00706315566913,47.42091985219441,171.73429736213637
0,0.3822329939775369,-0.34236848399800723,0.168273593370872,-156.9899772793092,47.529449211058434,171.8008781980689
0,0.38242945982741333,-0.3423539786116547,0.1685189722823672,-156.9925292235418,47.66616165556993,171.84996357355178
0,0.3826080070309542,-0.34231618092221683,0.16880619365449473,-157.01008990563287,47.82525433478126,171.8868885246893
0,0.3828519524507425,-0.3422981886641449,0.1691309763836436,-157.04964502037973,48.01424174263044,171.9135181523985
0,0.3836096303038499,-0.34215982959432073,0.17013358760352656,-157.16343986873107,48.35580398283342,171.93112072751143
0,0.38399016423748955,-0.3421170727984375,0.17071504670854137,-157.29892038461307,48.72231287342958,171.942579261385
0,0.3843216495089433,-0.3420860008971161,0.17128348815913721,-157.43173129009767,49.08176007085976,171.95353951446558
0,0.3848646522931955,-0.34202895567578745,0.17204077858205363,-157.60182074706307,49.48719668576005,171.96060168544432
0,0.38539454056548095,-0.3419275574461884,0.17268496650929974,-157.77824295761337,49.87486107355722,171.9608995034782
0,0.38670635982083296,-0.3417082099692292,0.17433796453948544,-158.05191714208908,50.44186132996344,171.9677820951655
0,0.38749038292693117,-0.34152937219304513,0.17535318273778483,-158.30395300767964,50.97641675217677,171.98080449929023
0,0.38818002803849205,-0.3414019851462311,0.1763634302067332,-158.53628275027972,51.510861454411,172.00852760578042
0,0.3888131277136705,-0.3412972395197815,0.17747399497504757,-158.74636950163782,52.07085684088273,172.0584991632259
0,0.38957743062304473,-0.3410948614851899,0.1787459980296664,-158.9349788192879,52.65328902667325,172.12811367971278
0,0.39133690609263405,-0.34060415790242615,0.18166734564776943,-159.18327646924513,53.53486448851676,172.2822330584634
0,0.39229806228207564,-0.34035080955190133,0.18326134193416163,-159.41506897883752,54.391248575441345,172.44799735455362
0,0.3932580174379251,-0.340061414696402,0.18488712686772868,-159.6502776885203,55.221683774138086,172.60794188890836
0,0.3943174840383432,-0.33979004309338995,0.1866384740519099,-159.88248163914938,56.066310669738925,172.7893287122919
0,0.3953596325092218,-0.33951320097608034,0.18844853240724133,-160.10543678409795,56.93066132388453,172.99352870212775
0,0.3974244998268984,-0.3388239936606354,0.19251561570640133,-160.3468297140159,58.17517834498745,173.33422311759762
0,0.39845426990317323,-0.3384468536154694,0.19474581110950037,-160.51321174846436,59.34307705847721,173.6945389057917
0,0.3995003701620004,-0.33803044364613954,0.19709009308095501,-160.60397437169922,60.470264914929125,174.0913707945106
0,0.4005194859080218,-0.3375843565241761,0.19955514866586255,-160.6813763209372,61.59299594771945,174.49184829171412
0,0.40147947980689025,-0.33718522594136663,0.20192088264699504,-160.76595740178547,62.70247677662261,174.86757368080097
0,0.40328383906411147,-0.3364317827002472,0.20667816895719096,-161.02631466664818,64.22252615980733,175.23197586602518
0,0.4041296572856806,-0.33610280797643133,0.20902555424447583,-161.41429514613097,65.62163349086816,175.42758252171825
0,0.4050375030808352,-0.33578153536481326,0.21149657625432536,-161.9066482093697,66.94426447452008,175.4996496121545
0,0.40585600747393585,-0.33546746895474855,0.21385912555928752,-162.54685431296573,68.21981100368501,175.41718555692083
0,0.4066394881777666,-0.3351584081427521,0.21622099298711345,-163.30406322921223,69.46261613702299,175.20876906583604
0,0.40718111558484055,-0.33485962197942204,0.21840929168935344,-164.18136794817667,70.70556844859433,174.88544562177074
0,0.4084266842775247,-0.3343798904196686,0.22314329344506786,-165.69850495293667,72.37733820721938,174.11229138678456
0,0.409031908350458,-0.3340467469469971,0.2255749602961116,-167.33102625102956,73.88963578928495,173.1536711123908
0,0.4094750122599504,-0.33377131507558294,0.22804853159661814,-169.15231403867378,75.31035004701336,171.95952028690374
0,0.40994711531924233,-0.33343440578145456,0.23048164743657634,-171.20861785048842,76.64709837070319,170.49452482952762
0,0.410372436182966,-0.33308216974896854,0.23297538835282847,-173.61631180887144,77.92735182797651,168.65735844798297
0,0.41090056164788225,-0.332478429533667,0.23795537728543803,-177.59558341894015,79.54727753786628,165.41396227409516
0,0.4109378130607507,-0.3322959809081025,0.24040343243356274,177.74429847310248,80.95619008614966,161.4189869243558
0,0.4111766056589983,-0.33192976639432376,0.2428624131130748,172.1300773895822,82.17871681294183,156.4222986987457
0,0.41130482568072296,-0.33157449290914004,0.24533111829038193,165.19833647424772,83.25288754839171,150.0817005228043
0,0.4113104240469835,-0.33074114606542054,0.25049308318372293,153.00366846578643,84.49084570867872,138.65707172587534
0,0.41123287989424684,-0.3302349607722229,0.2531277789520793,137.3767477637915,85.3367437510356,123.72161804802818
0,0.4111249999575518,-0.32972855851811833,0.25577270287747905,118.68079753904883,85.76223596383399,105.67387508203943
0,0.41108003868388154,-0.32912926600140996,0.25848920065637165,99.27051366964753,85.73002855046896,86.88820893239675
0,0.41092411740349755,-0.32859498427075806,0.26124802905793715,82.26495256894188,85.29862951664094,70.49379467257292
0,0.41044748141097054,-0.32760643289250796,0.2665989746498637,65.80994021611423,84.36102102481534,54.8000814953758
0,0.41010160310791954,-0.3271168761031098,0.26929508585210377,55.47438936016751,83.2880291766329,45.135403042232916
0,0.4096967966728113,-0.3266305737273163,0.271956374828773,48.459690018157886,82.17950225226858,38.74073772706552
0,0.40915369703101134,-0.32613267944020696,0.27472905773397016,43.287908531302826,81.06894541121878,34.139980229797985
0,0.4084341035656832,-0.3256602470652527,0.2774558844017558,39.207095633320094,79.95033819309923,30.58380238961379
0,0.40693205608653044,-0.32463997290296026,0.2829490091251902,34.698912997694265,78.45113328972867,26.699170054319797
0,0.4061137260370157,-0.324059137560553,0.28577238339658306,31.326301252154913,77.04793813240495,23.871584998515676
0,0.40516469641255354,-0.3235098235384888,0.28850585836644693,28.61062916696167,75.71698913141077,21.635573232424136
0,0.40419720573948836,-0.32292736098927927,0.2912586583542399,26.340670973351184,74.43275884384924,19.808368611417798
0,0.4032194869093798,-0.32233735129994817,0.29425422209973856,24.354210331837784,73.14842715872072,18.273863076535022
0,0.40242436392830827,-0.3219073502795166,0.29664903659101055,22.735270972570813,71.96115809248144,17.071553180698796
0,0.40147969289349533,-0.3213287000433869,0.2995475258278422,21.308073086546404,70.77139079291511,16.054072720982198
0,0.3995384739212892,-0.32054734633130494,0.3046007933067851,19.793665397742565,69.21323331154831,15.054490848479936
0,0.3983322293929956,-0.32018612191838686,0.30740200657125044,18.638182657628946,67.74921680032014,14.359728584779669
0,0.39749572886752105,-0.31988888547582095,0.30952202457662154,17.774430092334846,66.46439684501587,13.881238637523603
0,0.3951332570485971,-0.3190547017828888,0.31436849731679484,16.87067195832907,64.81450280422835,13.398231281984469
0,0.3938833297662637,-0.31864106581372686,0.31680177587743336,16.15461667586451,63.33648671955601,13.033493026567967
0,0.392460802333822,-0.3183234815375275,0.3190761150764995,15.601466829759193,61.971273630698185,12.769085920029134
0,0.3909825430683992,-0.31809888050717783,0.3211712135719829,15.170042723922817,60.69416522808139,12.590458189996827
0,0.38990041180180535,-0.3178231541888184,0.3233329035687022,14.863663306264698,59.49818360709261,12.53293043227369
0,0.3875319735579393,-0.31740176961583566,0.3274702860760264,14.642655110031612,57.97766062172367,12.64334164515671
0,0.386307597296705,-0.31738695428533026,0.32922240037198597,14.56071907948187,56.644350738557065,12.871622896186816
0,0.38521886034535385,-0.3172017626540131,0.33112365979428815,14.528912983891036,55.42482963935206,13.137316274408562
0,0.38390638245867714,-0.3171851496474213,0.33281057733769936,14.554164263343468,54.27789768358912,13.445907495137634
0,0.38274889601992584,-0.3170965366141267,0.33451802868123576,14.612204424476221,53.17929959267804,13.774016583934726
0,0.3800191597514055,-0.3167862205283112,0.3377900626110606,14.65862567346594,51.72217562546368,14.160319109810706
0,0.37853937013672806,-0.31656115458173223,0.3395158161568217,14.660838292199852,50.40033876522664,14.466051683428365
0,0.37675413055943474,-0.3163671295420594,0.3412336351322704,14.62537181392345,49.11386933711721,14.714118119877288
0,0.3755429850392244,-0.31616631672543954,0.34267513889546924,14.571453492230741,47.96850393129036,14.916467598081947
0,0.37388228489684083,-0.3160821823851533,0.34424627680059,14.485108585429968,46.852060620465316,15.082705497492118
0,0.3721448348336122,-0.316008121229834,0.34573109525914714,14.378556458810483,45.78040806054133,15.228039380075792
0,0.369341583686342,-0.31561627433461614,0.3487918867516094,14.193227472878192,44.46828966369125,15.394901081244996
0,0.3680537657313249,-0.3153063921706147,0.35035639185185957,13.999800610059564,43.31065715332829,15.52902659668001
0,0.3666176394991777,-0.3151537911669678,0.3517998017715983,13.803875576263792,42.26013323410279,15.639301668329487
0,0.3651452885441682,-0.31498860643071597,0.3531297411369853,13.612591781689455,41.279088848603486,15.726844475665237
0,0.36375427855776765,-0.31473945782346197,0.35446291941876934,13.41443961574087,40.32234760629731,15.789453181687142
0,0.360311438279619,-0.314503233887381,0.3568918897556835,13.154989451442958,39.050922723302655,15.835161254119152
0,0.3585998104386232,-0.3143501989619202,0.35805019754643963,12.930309209219368,37.90983515531993,15.86951215964194
0,0.3569872291259668,-0.31427688167256784,0.3591918458389811,12.725093715491237,36.86157236523696,15.914395936640188
0,0.35534314973877884,-0.3141849522368378,0.3603136577057414,12.547749712279693,35.87750473717011,15.960629595591127
0,0.3522339062266252,-0.3141928713099427,0.3624797799038463,12.352304548603213,34.69463641904749,16.041660278353536
0,0.3508431868128679,-0.3143042032496399,0.36350103039022014,12.213369375034597,33.69413279620724,16.145145685591764
0,0.3493250803522966,-0.3144667069689698,0.36463770407910867,12.105600675578817,32.78467704103217,16.26791758139426
0,0.34808272733019807,-0.3146567337290711,0.36547952789540816,12.042576272833251,31.985612337427455,16.4026518392165
0,0.34652301086710907,-0.3149454002158112,0.3664181937622599,12.00549313016728,31.220368138832093,16.549038131548034
0,0.3436175168924234,-0.31551665828389597,0.3679448546814494,11.98601600148836,30.290618147495334,16.71026837366999
0,0.342009042339792,-0.31583811686200564,0.36863818425412703,11.981618138652852,29.458374792044616,16.83562651024016
0,0.34058510078715304,-0.3160436718241639,0.3693511332916789,11.990214479879832,28.703025986095074,16.934886887143712
0,0.3391470374040506,-0.31620764777821964,0.37015078920598554,12.00602104791885,27.988562080342398,17.0174294775279
0,0.3375815288596056,-0.3166781584994263,0.3708546568798594,12.003756388991732,27.321301192048775,17.084340946556914
0,0.3344768763952158,-0.3173123662249512,0.3723086513924174,11.988134112226456,26.47358082935143,17.144574603092963
0,0.33285203291701293,-0.317562692619986,0.37301656383748577,11.972665650762485,25.709934964754932,17.169397351361688
0,0.33132277815269445,-0.31799230621022645,0.37362819213147686,11.957605544585254,25.02724502471641,17.17285032961578
0,0.32986721261071184,-0.31821004197759095,0.3742619969296031,11.944606682108656,24.401806716432922,17.15300159156955
0,0.32842797725128153,-0.31852175281209416,0.37478747624631453,11.937079041394894,23.826499198957173,17.115552282232656
0,0.3257707872860334,-0.31907810256642766,0.3759965683865123,11.946082927757999,23.154881655187953,17.04529397110376
0,0.3242842467002771,-0.3196348397509522,0.3763321914124064,11.971835443773982,22.58282190556808,16.984625657973222
0,0.3230945454411409,-0.3199189035670228,0.37676797289128827,12.010071365892555,22.087920234723246,16.92593430544065
0,0.32168120010422685,-0.32027258083981935,0.3771979119228892,12.038330026508536,21.616331102379558,16.850777200439904
0,0.32056429697798705,-0.32050844834012454,0.3775693025040202,12.05928662360318,21.183258097869924,16.770101354160325
0,0.31935802339242914,-0.3207374195830292,0.37799608010526226,12.071868333135969,20.76169893913116,16.672082173551356
0,0.31707735745834326,-0.321146437384314,0.3786275448250346,12.07824109132755,20.21843778332508,16.505382161244494
0,0.31603913171814896,-0.32140528724355166,0.37898350018735455,12.082416267772553,19.754365104453726,16.3398205272769
0,0.31501053361820197,-0.32159209058446353,0.3792704309868388,12.077450912116927,19.347435799378403,16.177033074316103
0,0.3140323401861093,-0.32185346648854685,0.37953312415357154,12.07243913243452,18.991621562794073,16.02343923709604
0,0.31221922500657057,-0.32216327116651006,0.37995904940839337,12.0627488759664,18.585353839542222,15.824323872609718
0,0.31129089384006475,-0.322402005650229,0.3800726594376139,12.05855632082274,18.231304846081958,15.633967219180054
0,0.31051945252942065,-0.3225447969214386,0.3801562048840098,12.06132255211269,17.916589767810386,15.461787489915112
0,0.3098112398259542,-0.3226506738440461,0.38024782437558696,12.071632374407015,17.628206638131942,15.296700720038494
0,0.309114088254442,-0.3227903501765198,0.38025459665532635,12.088914227398673,17.361614152346775,15.147344115031201
0,0.3086560198538206,-0.3228359429614014,0.38031481880422163,12.103707518066,17.119810614226818,15.006630702264113
0,0.3078548142187498,-0.3230852000491089,0.38022854584928084,12.140139883171502,16.85546875271629,14.874932160291625
0,0.30756800933407763,-0.3233296994940705,0.3801344003128581,12.180954942860206,16.64669473155532,14.794505685646728
0,0.3074549959473512,-0.32350241587323614,0.3800347067760997,12.220033131964119,16.500725997241148,14.757806415951906
0,0.307248834656944,-0.3237564306036896,0.3798676623749309,12.262970818389421,16.39283406978386,14.732210023036783
0,0.30738512291239717,-0.3239714233653016,0.3797248866009288,12.308134714475635,16.34463756376848,14.747116034089393
0,0.3079342664651773,-0.32408948109311525,0.3795736028599315,12.366904720609828,16.37338040377243,14.808920951415148
0,0.30823872848080613,-0.3242678849474854,0.3793748201775126,12.420020761048718,16.441220002149944,14.871348255060003
0,0.3089670875542066,-0.324052737213797,0.3794177009510569,12.465193634438316,16.527955502843565,14.916524755010432
0,0.3093935707085035,-0.32415083453816834,0.3791985549377971,12.502418890128473,16.646880940370657,14.951418916001872
0,0.3098576927058599,-0.324157250382132,0.3790155794071727,12.526632343441591,16.791944394088798,14.966518478991002
0,0.31077134995388006,-0.3242598418967194,0.37847683448072,12.525550514518445,17.05944372067046,14.93351160449362
0,0.31154807968663195,-0.32404821202916567,0.37824806470151473,12.515264734788804,17.333225548459616,14.88985741591543
0,0.3123165571563146,-0.32405606911344004,0.37803524154897267,12.49306835696141,17.639970538134076,14.842980373303199
0,0.31305301352070786,-0.32410710141820376,0.3778437735485606,12.471335302013548,17.96464861703718,14.799364818710307
0,0.31489486633466696,-0.3241649679915375,0.3773182632374339,12.447386668097556,18.473011616015906,14.755558052693942
0,0.3160167866818807,-0.3241637127177186,0.376976487820106,12.442538741258561,18.950284332947945,14.726379168275983
0,0.3170572885744474,-0.3242070739046997,0.3765600313591533,12.449856015122014,19.409606005789094,14.709626389348054
0,0.318390920149555,-0.3242545883433289,0.3759188808846049,12.45682066760101,19.87982979548909,14.70582398177449
0,0.3194406816236875,-0.32429153368634644,0.3754891278194956,12.466636843178897,20.311645652726618,14.712657150109667
0,0.32227119817065214,-0.3241346864478058,0.3745668425011211,12.47816140635892,20.904642855784072,14.724536246213178
0,0.3236364924781225,-0.32409301445645755,0.37402535456891584,12.494069522443368,21.46316619314581,14.725496742585674
0,0.3251634226612947,-0.3238171486632294,0.37363733548398537,12.51584476852602,21.99971230809381,14.707483028958142
0,0.3264735178522966,-0.32369343445462656,0.3730821790146403,12.551761253897299,22.530335067493137,14.665783318872144
0,0.32799603133129096,-0.32337567970914316,0.3726156355785899,12.591507865790893,23.049856024864432,14.602957132725106
0,0.33059971718715647,-0.3229863588587708,0.3714767457890086,12.645797081459452,23.728923402557925,14.481846714619687
0,0.3322218873970411,-0.3226732377783722,0.3709736599373393,12.676181131771802,24.33577779554233,14.379773091898771
0,0.333722065525522,-0.3224692325369782,0.3703913523602061,12.679046002027867,24.887444158397585,14.305559034551129
0,0.33524476303385714,-0.32235673830670786,0.36972506541486305,12.666259704900016,25.402908876806546,14.262199475299282
0,0.3369094924502275,-0.3221902053133912,0.3691024650978617,12.640999388140003,25.906218682722194,14.255884063524421
0,0.3386528508238695,-0.3219761578814454,0.3685065354752116,12.615846766477961,26.409276723176095,14.279625358995595
0,0.34228415651844957,-0.3216305391566223,0.3671493210243754,12.631231351889976,27.149634448139498,14.361544230828105
0,0.34437438114212965,-0.32119545505208436,0.3665160896229319,12.656495263444048,27.86727751766548,14.443188304289762
0,0.34615849717186903,-0.32096656129521794,0.36575782675023605,12.704789224343283,28.581888268587267,14.522653386769615
0,0.3479827315978906,-0.3207560782210297,0.3649758221554331,12.765996188173283,29.289217116622115,14.6040565435079
0,0.3515932904057405,-0.32017995402974553,0.3631582631516032,12.87746687594793,30.25783866625112,14.71914859451704
0,0.3535184697680376,-0.3197527425066895,0.36226904887433575,12.970983150036995,31.116352603296512,14.842726544635607
0,0.3553515569739244,-0.3194030015246338,0.3612304415154033,13.02341307898944,31.902668244882626,14.958589480009849
0,0.3573908926420114,-0.3190248851553864,0.36033073562856244,13.052975149775442,32.638870582302374,15.063767236436918
0,0.35934065444992996,-0.3186146120802827,0.3593156220364146,13.028177237659095,33.366978139271474,15.147955204145038
0,0.36145741804169634,-0.3181005852000183,0.3583583440231852,12.979877184035262,34.09658121260442,15.21780339178925
0,0.36543198688553785,-0.31708956287068796,0.356248709146934,12.878833898876353,35.167424611184266,15.22603901532265
0,0.36728735132740953,-0.3164198045508332,0.35505808967824504,12.792552249076953,36.15624480572156,15.211323910538704
0,0.3691351415090463,-0.31592364595097966,0.35378823298688455,12.7174571600261,37.1214456531379,15.169544808461122
0,0.37135556204842546,-0.31531902239484255,0.3523224760937266,12.651741298210549,38.09261065430871,15.13389608636336
0,0.37304578437136626,-0.3149023644701905,0.35103374380345864,12.60461396922711,39.020689270830516,15.105388173859337
0,0.3771769912414453,-0.3139447765128083,0.34800101775403547,12.557735733785348,40.32499263011603,15.09149846297875
0,0.37920464588927244,-0.3134786824957794,0.34642974037404584,12.514143829734927,41.54148126883785,15.073942214654357
0,0.38142580254601455,-0.31283038780850836,0.34481999892468973,12.465252018058683,42.71700714114974,15.035482664966576
0,0.38338265432642915,-0.3123405675665803,0.3431995024132304,12.408077764558309,43.873529281678685,14.965711868671422
0,0.38544539077805495,-0.3118494920508332,0.3414351608204417,12.34377779794405,45.03398883902313,14.874807794689506
0,0.38940754248427367,-0.31101716802281804,0.33788244146581214,12.237163257724882,46.600561294814284,14.721927910708478
0,0.39162410809325193,-0.31069883988065194,0.3357638182091288,12.138755678885513,48.07405382875344,14.592380029584762
0,0.3934918121867082,-0.31038440153760377,0.33394475597615764,12.0515399471052,49.416297612915386,14.47926493605549
0,0.39558064206170057,-0.3100835852400727,0.3319155361103587,11.979061007547626,50.72010980310849,14.376890328606466
0,0.39750700308608033,-0.3098054568545288,0.32982279319043684,11.92412963426867,52.003978445803924,14.274350009788884
0,0.4009928093724153,-0.30940792248410653,0.3252745642113261,11.88959689741459,53.7529404811308,14.084203223982964
0,0.4026506812744043,-0.3091715900675721,0.3230972065376811,11.867298804188527,55.36175583072131,13.855991083417743
0,0.40439274175690626,-0.3089678792731232,0.3207770111012034,11.856525650255685,56.88617728561809,13.618965790101115
0,0.40618439330386147,-0.30881005571050113,0.3182645108151011,11.85350497787125,58.4047344728658,13.348866222732388
0,0.4090146483354471,-0.308814255453772,0.3135821380066447,11.908735625711563,60.27249198748318,13.046397182326888
0,0.4104695649318598,-0.3088588099257416,0.31108964461560773,11.979877883635663,61.94774095224981,12.79990311977283
0,0.41183688356207826,-0.3090072421805329,0.3085098864483409,12.051014503466439,63.49028517482565,12.58353928767161
0,0.4131433175377749,-0.30914016173047487,0.3059831287312083,12.16143408156809,64.9376090344447,12.433418291481653
0,0.414408819513788,-0.3093813602702088,0.3031169666695171,12.292242831786885,66.36122706102607,12.292754662256193
0,0.416632746296396,-0.30967183993024294,0.298039275591331,12.518073253652263,68.1781293914621,12.128490521019632
0,0.4175381706528566,-0.3099963359610505,0.29521083373303936,12.771469569537055,69.81916934784195,12.003754182723473
0,0.4186324672274492,-0.3102691488043732,0.2921940233158641,13.083974007621915,71.39591254150672,11.935458275537952
0,0.41935760094450936,-0.3106727270857758,0.28963179249043985,13.442641246121692,72.83063817886222,11.942959550112455
0,0.42027770890521027,-0.3111129717604584,0.28635044473882243,13.964914803005096,74.27820489634742,12.098835539824103
0,0.4212885917596719,-0.3121215920226044,0.2808327414440684,14.870101655704255,76.02154404567004,12.552564339391575
0,0.42196858985947594,-0.31261183068913884,0.27746437687154335,15.910779646450651,77.6585590007156,13.16481216656446
0,0.42231580479668596,-0.3129540865199036,0.27518466014142556,16.952363927178464,79.06100592529194,13.830877170243612
0,0.42277351482438064,-0.3133548908011383,0.2724162544655375,18.0671393321035,80.40201951645504,14.573384846787262
0,0.4230744899682901,-0.31384818241757817,0.2695426382469706,19.319132430237346,81.70515995573238,15.444382168123092
0,0.423766207831373,-0.3146699218527741,0.2640576805519633,21.183883357047335,83.45387590398796,16.755691414420564
0,0.4239518256359003,-0.31526534006757206,0.26112281162019296,23.816456785330363,85.04319936511752,18.877675157521374
0,0.42413085712717985,-0.31570051715535585,0.2584999169754557,28.02573653385908,86.48227668742116,22.616302724878775
0,0.4241760896019838,-0.31624172613782353,0.25569190043683576,36.954872592415256,87.78410783543488,31.10308968189318
0,0.4242096991710565,-0.3166938106791443,0.2529712494062953,63.414537783240725,88.86041509993659,57.154645463589304
0,0.4242865459494493,-0.31711739585561227,0.25029207665200753,135.0316940703296,89.00221258185651,128.3866636348288
0,0.4242864684634111,-0.3180959980265564,0.2449790992188029,172.97741181375656,87.69136725568944,165.83791953014034
0,0.42427941723393425,-0.3189079432265229,0.24124297816033885,-177.72374594670978,86.08404091441477,174.61769318186455
0,0.4242933647208117,-0.31922614739102784,0.23955637056108042,-174.2253170260652,84.72896145615637,177.6860739797973
0,0.4243328438572786,-0.3196711962000794,0.23694612938638257,-172.1434237786724,83.38243733288563,179.32960208795197
0,0.42425394369887337,-0.3202266471163697,0.23429449517007397,-170.71096086024397,82.03607627898658,-179.6906228663264
0,0.42385884239005067,-0.3213996772543854,0.22886493224378154,-169.54686763150843,80.22559036416393,-179.1605113948703
0,0.4236031190924547,-0.3220155827776856,0.22618682104821727,-168.82589141314992,78.58896022228733,-179.01592649695408
0,0.42334660156296705,-0.322670262314505,0.22309374112363384,-168.26918977044926,76.98880025448966,-179.01754827871
0,0.42320406599568344,-0.3231602530257172,0.2209568311619334,-167.82323823017282,75.55634269596844,-179.06019801722272
0,0.4226865948610209,-0.32437748119992676,0.2157509394335322,-167.26859494983998,73.6574843250445,-179.17776187140893
0,0.42235034419821715,-0.3249904267565675,0.21321659583325908,-166.74536058351856,71.92309139618895,-179.2948126700313
0,0.42197457565592744,-0.32562867925328676,0.21066598016496227,-166.3054940902019,70.29563909415079,-179.4886175898627
0,0.4212901414804361,-0.32624157831830447,0.20827266890283153,-165.8530510218528,68.75728997723844,-179.69983742100297
0,0.4207009376459024,-0.3268098454253144,0.20581222373719738,-165.454688945455,67.27209166575356,-179.9611981834863
0,0.4198941142730615,-0.3274927918688721,0.2030387504744105,-165.03152900535818,65.76406119482616,179.77109207301478
0,0.4187560380868814,-0.3284335498587555,0.199009956901031,-164.5160404303849,63.988355577470095,179.4607954057146
0,0.41806395216511705,-0.32892197535199585,0.19685285407777356,-163.97151630600433,62.394063714513486,179.26005899634112
0,0.4175575809054277,-0.32933951661748356,0.19495542246575878,-163.43919153593237,60.93831663814884,179.10211278123518
0,0.41691814674662575,-0.32974247501058046,0.19309795040364786,-162.81193374050636,59.56006441667493,179.06990739830712
0,0.41574586047457673,-0.3304405002371735,0.18979786652799174,-161.7709144665825,57.82887937330389,179.2522429434532
0,0.41513678147124267,-0.3307138554827637,0.18844946611400173,-160.72161367115686,56.31806691625693,179.52687741361643
0,0.41458868397997833,-0.33094595716161196,0.1871593235778384,-159.63984939047657,54.92743198334643,179.88579956557595
0,0.41417911215352043,-0.33109369204205935,0.18626806754346417,-158.56633731462827,53.716126067689935,-179.675342618182
0,0.41387949301527954,-0.3311721234099335,0.18530753899093197,-157.5192004354554,52.57892530660676,-179.204790937562
0,0.4135266409687898,-0.33133259699506235,0.18435936558719204,-156.49606461338504,51.51645676862855,-178.69517553002368
0,0.41297261579560257,-0.3315861778037018,0.18232078928227946,-155.2542290241186,50.17299368198519,-178.01334022431993
0,0.4125669570140741,-0.3318194882647461,0.18108227956767603,-154.26091353811776,48.96091589950396,-177.46621099901162
0,0.4123384894304178,-0.3319049553648896,0.1801575689363055,-153.47260059423454,47.9019645661298,-177.04788132924915
0,0.41184035106228806,-0.332152833201117,0.17890005964513347,-152.8589805336389,46.91082142477779,-176.74472265451988
0,0.41093614711092924,-0.3324503021017975,0.17691341835732982,-152.3101767386936,45.79983475388699,-176.546241488108
0,0.4102271886043451,-0.3327080051676697,0.17583105463262128,-151.92588361696957,44.86344774761841,-176.47661462047358
0,0.40953872515486694,-0.3328537719027467,0.17485803920503185,-151.6305567494137,44.05064515566545,-176.49064914192334
0,0.40870518847035386,-0.33310792610806894,0.17395073968644664,-151.4313867538157,43.36842341376639,-176.59099646369788
0,0.40784985883759484,-0.3333023540751405,0.173109400157886,-151.29090309767923,42.76976444742911,-176.73865455204225
0,0.40616438253449416,-0.33380705163640445,0.17156891960378215,-151.23130908287862,42.172665412161,-177.03102651074965
0,0.40552384419964765,-0.33390160010022585,0.17096541572089718,-151.19592343869152,41.683835171256064,-177.27525705173701
0,0.4050829873852632,-0.33403765008611147,0.17046477455373332,-151.17977766870706,41.30809676521016,-177.46207955142148
0,0.4048050837092302,-0.33398254201573796,0.1701247309493594,-151.15557738899705,40.98185253216081,-177.60303399756455
0,0.40449666990565275,-0.33407961652440493,0.16972553837771936,-151.1365445894029,40.715650889578356,-177.7075095919703
0,0.40392280830668426,-0.33431985423726507,0.1691128678965144,-151.09410829080446,40.46175011914765,-177.78684949156832
0,0.40378866060303664,-0.3343756906763977,0.1689633469628863,-151.05688486834438,40.284311536014684,-177.8399169739091
0,0.4035710216932199,-0.33447949097318125,0.1688073753165774,-151.01810990119196,40.155844737518755,-177.88360176824017
0,0.40347120030449846,-0.3345209924952454,0.16885425049539135,-151.0086389702807,40.125403099068194,-177.9348283645731
0,0.4033118502669237,-0.33456574843091436,0.16883570421214625,-151.00545421142334,40.13008213118038,-177.97868743309516
0,0.40324856354521726,-0.33463141009969183,0.16896762031789347,-151.09394087968116,40.27646492967194,-178.07299855076025
0,0.40327754332350707,-0.3346559576765961,0.16912969398971126,-151.19846775023262,40.45030626498842,-178.16352531174815
0,0.4033909053974054,-0.3346372680441803,0.16929571944947766,-151.3432136411124,40.678787921556356,-178.25486999386447
0,0.4033599497251413,-0.3347841195837922,0.16944289255614803,-151.49812323378006,40.939834479560034,-178.33844669001056
0,0.4035747603945635,-0.3347305457369752,0.16968996066327618,-151.6772919580002,41.23664352601472,-178.41253281685778
0,0.4039453373722933,-0.33477474377316896,0.17018676627154872,-151.93552294858503,41.68772841460147,-178.47805997047826
0,0.4043231980376146,-0.33464737222356267,0.1705693032192759,-152.17830377171975,42.1148860870509,-178.52695683316043
0,0.40477337254809365,-0.33445674107236334,0.17107198614354654,-152.40024935055374,42.51506237523027,-178.56264688290926
0,0.40524568869399047,-0.33428404019040536,0.1715590595054202,-152.61855310289775,42.91922876958123,-178.58230692023568
0,0.4057791025810144,-0.3341391722933716,0.1721692116903834,-152.83635098868004,43.32083236444435,-178.6035147067576
0,0.40629539205359444,-0.33395412013692327,0.17271693724866435,-153.05066866755337,43.73130689808008,-178.60802518014552
0,0.40749745233582474,-0.3335638539568848,0.174064748768764,-153.3474226358701,44.33814673088,-178.5805859325185
0,0.40810133977459884,-0.33334614918393557,0.17477277744288966,-153.6093983906625,44.91129679180154,-178.53481687932126
0,0.4088703887038133,-0.33303456232709355,0.17577785659308956,-153.84498725436424,45.498736033206725,-178.45756605175058
0,0.40955098732041334,-0.3327728454844422,0.1766535766768031,-154.04328360121985,46.08186932305238,-178.3476805585348
0,0.41121253980921724,-0.3321075038687653,0.17882010180230662,-154.24351317866248,46.906439294673724,-178.11454683721115
0,0.4120805577807329,-0.3317672006861634,0.18000281769509838,-154.3899157096969,47.684720992679516,-177.8565720507352
0,0.4130326674752138,-0.33136019752187196,0.18127192277188822,-154.50482078255828,48.42877056625274,-177.58389187153094
0,0.4139409781865976,-0.33100934074086613,0.18251740235562847,-154.5910262717384,49.152389239914115,-177.29264103847981
0,0.41490556313322996,-0.33059316322965093,0.18384918201442288,-154.67755211591043,49.86524693747916,-177.00321339150386
0,0.41680071665572144,-0.32981834933919374,0.18664281714435146,-154.7678186240094,50.846536195908186,-176.5837912890225
0,0.41789786084221825,-0.3292827503458924,0.1883558436083369,-154.85226430970454,51.79889522863541,-176.1788448786639
0,0.41869135661648726,-0.3289202551619477,0.18971613038058804,-154.92563478508205,52.67830646119221,-175.81208993492191
0,0.41957483305262544,-0.32852602169675293,0.1912404434728198,-155.0070371070473,53.54078822186236,-175.46210254932637
0,0.4204392091803454,-0.3281059543864197,0.19287212121959255,-155.10698652688882,54.4264657015308,-175.13268731362302
0,0.4213249714546107,-0.32768157885236215,0.1945274128365092,-155.21657579474467,55.32715682843171,-174.81338765282274
0,0.42292982353495573,-0.326944206215567,0.197676991705852,-155.435023301335,56.551408858070005,-174.4398921383855
0,0.423702514307966,-0.3265222947375244,0.19929298627849149,-155.6639754170574,57.66873726397557,-174.12013959939992
0,0.4245477901272676,-0.3261234740988678,0.20098860162969157,-155.8931767990778,58.71651795757095,-173.83654963500828
0,0.42526110722350097,-0.3258029453532166,0.2026402630257182,-156.1368207512052,59.72232344893898,-173.58853416485283
0,0.4260994674138926,-0.3253783683554597,0.2044569774317317,-156.3746900933651,60.70099908476094,-173.35101395710555
0,0.4275175200276277,-0.32464071676892703,0.20793406266446635,-156.6931151548667,61.97247807278379,-173.06301516207856
0,0.42836769683884596,-0.3241230170504517,0.20998521107907817,-156.95050510984657,63.12995313853013,-172.77224172774766
0,0.4288900883369348,-0.32384211466474,0.21166111785646008,-157.19366755331146,64.20395879610406,-172.51748394270706
0,0.42960571064280495,-0.32341350839299626,0.21366936225171612,-157.39570456895763,65.23369794007044,-172.2465246481612
0,0.4302003385000131,-0.32314247772855226,0.21594508070226237,-157.63648685600944,66.31585248397792,-172.0108865245319
0,0.4313548223547838,-0.3223941950575776,0.219656011049705,-157.89354129726573,67.64658260381856,-171.6750560635052
0,0.43152449740694976,-0.32240845248860783,0.22151092607255504,-158.14115410021023,68.89258766914992,-171.38480075166882
0,0.4320523710422418,-0.3220487777964539,0.22359420794721171,-158.34589792065088,70.04556017050547,-171.0932324029027
0,0.432619026439657,-0.32184210703534555,0.2256345005678706,-158.521749133383,71.14825183474193,-170.80698177250233
0,0.43312008990572914,-0.32151544139546817,0.22781908768888043,-158.6865335383892,72.2154160638229,-170.52858251177682
0,0.43373459293173766,-0.3207906214968629,0.23242507476087138,-158.90262723272596,73.6481861802478,-170.18603896133547
0,0.43393913670109724,-0.3204781203047699,0.23447048920865582,-159.0730455543802,74.89700046144681,-169.88855401258527
0,0.43397396667527177,-0.3201833324210114,0.23671302813764142,-159.19074226184983,76.07996928698735,-169.58280622838353
0,0.4340390549473665,-0.31978976533574527,0.23909776944394634,-159.2464837050635,77.22360052236678,-169.24999425113137
0,0.4339897931985757,-0.3193873183505005,0.24183100420709178,-159.24560572788027,78.41241403464143,-168.86551571667928
0,0.43385622664021467,-0.31867427632970285,0.24612032133813427,-159.20547701198234,79.89190453861572,-168.364724599609
0,0.4339237363510034,-0.3181944207922882,0.24855720299954936,-159.18352273583102,81.24616806027491,-167.9166678009853
0,0.43375993086623177,-0.3178272609488434,0.2508903541016154,-159.20559471896453,82.51314770913864,-167.53379400230318
0,0.4337315903477571,-0.317360283590979,0.25338791507955116,-159.3116992067789,83.71735525594804,-167.24175476395268
0,0.4335990504794024,-0.3170233123080201,0.2556410231041484,-159.61581607463694,84.85314577457271,-167.15105413841127
0,0.4332651243977449,-0.31626884625119633,0.2603697325634532,-160.53978168345242,86.31979323860962,-167.54219165708867
0,0.4329862327747248,-0.315919136263556,0.2626546021151118,-162.1819509080827,87.63274365030378,-168.70638215114965
0,0.432570597665777,-0.31550322220487065,0.26498273212190193,-166.2395035001132,88.86421069545543,-172.3247567492243
0,0.43212028755473114,-0.31510799691838687,0.2673881079601817,86.25778877300233,89.85549588025076,80.58705184122383
0,0.431067136066427,-0.3142348687426514,0.27214720744367166,23.54831144487587,88.39969248150925,18.39479998611542
0,0.4303981022410296,-0.31382527754468387,0.2745859100269847,20.75092830699557,87.01243888737261,16.058151458755574
0,0.4297077597551248,-0.3134163992182679,0.2769395794319682,19.518499823187554,85.73140139796905,15.255655967449963
0,0.42903564585970855,-0.313025327183432,0.27933718342061564,18.734915006868597,84.51678740676813,14.88043826554116
0,0.4283107252292536,-0.3126055388228363,0.2817410017895274,18.154090748652806,83.34936300716957,14.702898140837583
0,0.4275644959382913,-0.3122381310240692,0.2840792359756999,17.653066524889564,82.22487150020036,14.591981673495708
0,0.4259729520850084,-0.311359284378714,0.28900923866506145,16.927913269849547,80.73843554309312,14.382447106469904
0,0.4250892238192461,-0.3109885136858887,0.2913979007648997,16.344041334991307,79.39828514163199,14.26122810567381
0,0.42402630909012773,-0.31065758631390994,0.29375572342153117,15.805174439883002,78.14472846879232,14.141422325376727
0,0.4228481145076654,-0.31025575921697085,0.2961965181278758,15.30925766711711,76.94276305726189,14.01555785959291
0,0.42039492590950944,-0.30949726388616033,0.30091348070378826,14.74616619978137,75.39464775621742,13.887609502985848
0,0.41909992112444855,-0.30915107176465456,0.30324402827497055,14.325341428577806,74.00249374150476,13.835894139702624
0,0.41793007566260315,-0.3087495856062836,0.3055396916317516,14.017284580189056,72.7181868149701,13.870930869356439
0,0.4166621328763864,-0.30844973013562627,0.3077450527596049,13.796279666854076,71.50935460600519,13.967678130890267
0,0.4153946162633798,-0.30811934516591494,0.31002176303144025,13.603684009885068,70.34242487390155,14.09688862551464
0,0.41287478967236496,-0.3075417487399048,0.31436840433354896,13.45206193123059,68.84987532493633,14.377787885583263
0,0.4116346256308458,-0.30723871634168093,0.31655775684590864,13.318986564679708,67.51390079362102,14.65853018799987
0,0.41036774827765443,-0.3070048324839539,0.31862362760777996,13.222557081940911,66.29039153420949,14.952565306257437
0,0.4092274249963663,-0.30664920256299444,0.32082227844472455,13.121098177160784,65.14044303543942,15.224438141730067
0,0.4078937934212587,-0.30642458603543704,0.3229090394424967,13.037243809546174,64.0368413124163,15.502190115146579
0,0.40533836199568724,-0.3058834235445923,0.3271916307854228,12.912546263600495,62.62508355881615,15.84114223789009
0,0.4039428578190706,-0.3057134501711793,0.32928764361615703,12.796037782878946,61.36089526038467,16.13096714408745
0,0.40268675102519014,-0.3054447440878815,0.3315517081665568,12.677870950042372,60.19321527638146,16.393611145673034
0,0.4012342364959619,-0.3053701870219178,0.3336627842831187,12.573062968078414,59.0801446462194,16.64129009882957
0,0.39993514432238564,-0.3052224986330933,0.33583058017964884,12.4517868792765,58.02349339553274,16.869371325301
0,0.3969754488639734,-0.3051749686972565,0.3398821081566386,12.323998634340509,56.64521279677502,17.154904926595368
0,0.39547047628687837,-0.30504844949407045,0.3420167245316081,12.180853189740477,55.40639029123325,17.369048496982202
0,0.3938167886309526,-0.3050635902659363,0.34402957934613754,12.040140134018023,54.25394422468737,17.524810729298146
0,0.3922892288737199,-0.30501692817372744,0.3461341776299052,11.888280421121076,53.16433768367189,17.647307226882063
0,0.3906721533708475,-0.3050933294074005,0.3480985261845164,11.74286891137903,52.116336686379235,17.74168055298535
0,0.38740121586846327,-0.30533170745534366,0.35210430640454815,11.538559006281254,50.749085494863756,17.845637948066297
0,0.3856932492427728,-0.3054703299776978,0.35403291839833784,11.365066047587275,49.516669132709794,17.935802776892817
0,0.3838930354885957,-0.3056782870070404,0.3559203698086314,11.20293588249459,48.37546413615571,17.996434460146386
0,0.381950847940912,-0.3058277265803284,0.3577734949039988,11.077416461601018,47.27639993402956,18.050946910327266
0,0.3799905674033067,-0.30594102666539613,0.35949591655011703,10.979985292396258,46.205762649761304,18.090591129561364
0,0.37778025879191374,-0.30607523248357243,0.3611907221722178,10.93022998175121,45.12916660425266,18.128953115297755
0,0.37391362799929595,-0.30618802116078797,0.3642971064495616,10.927174681746713,43.72257697965215,18.210549344613142
0,0.37200545682238556,-0.3063356475607819,0.3656602253365092,10.955795233631179,42.46408456597193,18.331519217602615
0,0.3702607618145845,-0.306499654509253,0.36710966367002057,10.976114807985748,41.31011906600841,18.480518632613574
0,0.36864614649342514,-0.3066621117369599,0.3683764209198527,11.010276547203658,40.24292874111572,18.69270593220311
0,0.36547565026806816,-0.3071094541327423,0.37076012391324564,11.067830244875639,38.9245997203687,19.04424951596018
0,0.3638253332548044,-0.3072838597075409,0.3718285169052653,11.116743159919217,37.759283403787215,19.383011260864965
0,0.3620956511669061,-0.30753874228162237,0.37294516820188095,11.135907109681693,36.695492894146746,19.682501716721188
0,0.36046367897318815,-0.3076981620566315,0.37393621463056137,11.135777090520376,35.71113855951893,19.957110306205387
0,0.35871448977517106,-0.30792454526586,0.37492230195279647,11.114291997973218,34.79670643502018,20.203464543492007
0,0.3571316243581674,-0.30806837484998173,0.37585518736119794,11.074371663382854,33.93804394584772,20.419545287573605
0,0.3539821849636934,-0.30839496300382085,0.3776300515579753,11.016171539216865,32.90167004222772,20.65259233377849
0,0.3524437384180925,-0.30855201170606084,0.37838651675458485,10.969225845600654,32.01463861099501,20.821461553321225
0,0.3506712065510652,-0.3087533514277405,0.37905655402417704,10.937711543800292,31.262827206335498,20.914865502002687
0,0.3491880656652353,-0.30886291668576665,0.3797702004360728,10.912754405269117,30.61286237632342,20.944156360917365
0,0.3464768485598467,-0.3091116003767915,0.38118872184033914,10.893792556228053,29.935947558831238,20.862406693159038
0,0.34524408443497634,-0.3092147652880616,0.3817960574078135,10.887662730497384,29.402299188077627,20.74308018256447
0,0.3437893615536592,-0.3094063727633424,0.3823059930252604,10.88102650912652,28.965448966944194,20.608611209961776
0,0.3426384420566461,-0.3094852070586152,0.3827855231213146,10.888491876796675,28.60969665240297,20.45307980777176
0,0.34157306714581465,-0.30963909433049625,0.38322995204206034,10.909678952118455,28.306879681835888,20.2898033681109
0,0.339654745297899,-0.30998892829579777,0.38369686741109416,10.984402305215271,28.025855886077267,20.08104262997392
0,0.33896105154084183,-0.31023499295873114,0.38384869355435897,11.068580106281079,27.81560726834753,19.922230155387656
0,0.33857912285851455,-0.31042173431081244,0.3838728227066569,11.1735708696166,27.683060677889582,19.8215417511748
0,0.3383118153982065,-0.31068679855031434,0.38400157350774333,11.288102830040012,27.608900441525982,19.750941278859766
0,0.3381819294266603,-0.3108929579035706,0.3839541830467753,11.409346702560738,27.592330367857123,19.723451437008276
0,0.33807257725523926,-0.3113462977187104,0.3837526728558116,11.585080277442499,27.670967538697266,19.751224343679592
0,0.3381323964767358,-0.3115272276179261,0.38353344935651346,11.744104570958982,27.782112943351645,19.78798496942319
0,0.33823394192980744,-0.3116816108004517,0.3833609499382548,11.883964412351325,27.912087420762113,19.813279878078898
0,0.33849609656857466,-0.3117792587058014,0.38309985298390914,11.973631971556864,28.080356362779302,19.808067119870113
0,0.3386327431969545,-0.311874365069098,0.38287457007642317,12.014409899162485,28.25460135119188,19.776912474670045
0,0.33925079120921114,-0.3119295196310944,0.38243015665288493,11.973852218042222,28.550464952514456,19.655664012843165
0,0.3395985098056696,-0.31194903061551515,0.3822092904495769,11.916501230586796,28.843681203116482,19.5143022032607
0,0.3399766223006151,-0.3119674877898163,0.3819544233727031,11.833271668363276,29.141877505313033,19.342255646175317
0,0.3403220163159273,-0.3120679096953339,0.3815875424789958,11.739492689799564,29.436489195649504,19.162062126392414
0,0.34093285812663054,-0.3121397547499604,0.3811889542984538,11.645153417587832,29.753722162761708,18.97110854652542
0,0.34268237664031004,-0.3123172597662873,0.3802058579372935,11.55871286738906,30.219772516831743,18.754636718015785
0,0.34360118670987105,-0.31251376435918277,0.3795833041119151,11.503695355830425,30.66240918993009,18.581364152453556
0,0.3446679757408998,-0.31260620520276494,0.3789017369198374,11.47494227801301,31.09455566091134,18.44429299647902
0,0.3457935379319093,-0.31287281916303106,0.3781221963810496,11.493709556221521,31.5430407006993,18.34538915769414
0,0.347029788928499,-0.3129655234591431,0.3773353256630473,11.53608043385058,31.99385239399148,18.259172650804327
0,0.3494307325653932,-0.31361025378865665,0.37551429528470565,11.698983768814653,32.659798923707555,18.196593956245373
0,0.3508017705254457,-0.3137415771262116,0.374666210596519,11.86267138841489,33.2890271889095,18.148124591001455
0,0.352037692206373,-0.31405285403890076,0.3737295593666606,12.025126212145715,33.899013204812796,18.09652105332152
0,0.35360488607214907,-0.3141079621092744,0.373002414886909,12.150849782707981,34.49000185369725,18.000484532416532
0,0.3549899490051172,-0.3143488971964783,0.3720101286816172,12.246064465807997,35.107269455022355,17.85716852455519
0,0.35606735362338043,-0.3144789807574219,0.3713233234333567,12.309554202965314,35.68169397089265,17.694819514338356
0,0.35865846736954665,-0.314694701887793,0.36973454970593983,12.289028060963934,36.49657520027544,17.33888521907833
0,0.35999698056506135,-0.31462319777173464,0.3690774990963511,12.236665608187762,37.2437612554175,16.973652116324565
0,0.3611731411390207,-0.31466166184110117,0.3683156253742747,12.15476086759272,37.96132078913672,16.58161696010106
0,0.36242399825381255,-0.314710787989325,0.36754997033353376,12.063345644901498,38.67028584282103,16.164543914895802
0,0.36359268142508483,-0.3147076885477967,0.36675257701154274,11.958608112957371,39.385202770297326,15.712935950559851
0,0.3661671356730363,-0.3146520535723633,0.36497518676991986,11.820637393098366,40.34801242680421,15.106649141037403
0,0.3674597383909128,-0.31467595026654666,0.36401911753888655,11.705351578987198,41.21798517741892,14.589871250003686
0,0.3690054298810862,-0.31462398812932435,0.36306596178288986,11.60424407840448,42.026077704014625,14.135453881458748
0,0.37045006020592675,-0.31474839971227114,0.3619229807304911,11.542733613582524,42.76651403529236,13.80147887494305
0,0.3718922303490541,-0.3148294036166138,0.36081561226125286,11.501443365339119,43.466644568921005,13.535147837695064
0,0.37528005554007515,-0.3149241535441346,0.35843390840764566,11.503167865309877,44.30325445469442,13.387244393495424
0,0.37681209011601424,-0.3150682930724091,0.3571388842510752,11.537529000778141,45.02843479310243,13.311951606319363
0,0.3782900006942652,-0.3152557627932495,0.35569575328107406,11.626713009272153,45.68145299647544,13.322770352941282
0,0.37970999045895554,-0.3153411988989777,0.35426147121663615,11.746408036815508,46.28609417393997,13.377222487485133
0,0.3811736242346666,-0.3155223922507233,0.35272668976064253,11.915062607376196,46.87461596560617,13.490208837854835
0,0.3836678804330728,-0.3159922365920014,0.349631494467216,12.196276505864718,47.65082278448408,13.699793395809444
0,0.38498264415787675,-0.3161438767687744,0.34809493083234355,12.482573977588881,48.378376732411375,13.905851864160223
0,0.38609391017483696,-0.31633847520513003,0.3465471782135539,12.773934040321736,49.05846945317426,14.118107862200846
0,0.3872786329560182,-0.3164523796812958,0.345001641695457,13.064981446822681,49.72459365015184,14.314460515422354
0,0.3884184138350389,-0.3164856211916871,0.34363275784726666,13.338561313598905,50.358116601223685,14.500725559917802
0,0.3905424998574159,-0.31655452177686166,0.3406984390663676,13.6308299594589,51.17823382652807,14.671242651460707
0,0.3916246892385385,-0.31668097899121705,0.33915550607915446,13.875964616819651,51.908883528140144,14.811643802247161
0,0.39258518679665544,-0.31672712967557376,0.33766069192166853,14.071916613730613,52.581327218937375,14.911257917000501
0,0.39360281093644117,-0.3168824426905579,0.3360070003914408,14.250443755235434,53.23491243799122,14.998209528847292
0,0.3944180609159372,-0.3169440285937256,0.334582404081779,14.401166884689955,53.8530893069978,15.052424178666566
0,0.39602331979798294,-0.3170395533816284,0.33145334738965565,14.584416094668722,54.713371549812706,15.039882800066152
0,0.39635259671734785,-0.3169215421454377,0.33009754318471474,14.664167248560846,55.44884710125602,14.900038895479982
0,0.39668013020085313,-0.3168580965773529,0.32871982592816873,14.705379174562163,56.09589418028795,14.697564919683353
0,0.3968233825139902,-0.3167579226271577,0.32732814568753765,14.694993188542899,56.64719523606923,14.445299167599435
0,0.39755785329865434,-0.3166304425970978,0.32462657946820783,14.613490649317653,57.314472845275404,14.087655639767625
0,0.3978756041698358,-0.3166237013117737,0.32329646963353675,14.522809212991328,57.90501564028923,13.776106432105351
0,0.3984456689529322,-0.3166561834589905,0.3219061531471782,14.464323212635708,58.46365622544954,13.527398057837052
0,0.39874160750435805,-0.31670932338399355,0.32056535023923444,14.420989502857722,58.98143712748076,13.328894586158142
0,0.39907861365603425,-0.3167874758021302,0.3190438033985667,14.411861846668872,59.51128264957686,13.177380853759766
0,0.3993291841320894,-0.31679164455098574,0.3178397168564372,14.412612223893714,60.025163202434406,13.03666885960811
0,0.39952758713292097,-0.31692877934140634,0.31506663102384136,14.449359213783142,60.7053934006194,12.841844323240966
0,0.3996902303271196,-0.3169650583044953,0.31365929860349223,14.519551595341845,61.31880848940243,12.681264231040243
0,0.39987092776822075,-0.3170410566107697,0.3122097827839427,14.621149416713015,61.88941666616033,12.565125769051711
0,0.40007459981965043,-0.3171758513228363,0.3107464124607615,14.785809124183567,62.41192308865453,12.532089841580458
0,0.4004447312526605,-0.3176201717631287,0.307676384632545,15.14543108935426,63.05096620782434,12.686802784072885
0,0.4007715092472933,-0.31785906121892404,0.30597886699910687,15.547922344504167,63.63916265803692,12.929539682931805
0,0.40087227983998275,-0.31809517667455145,0.3045094992565684,15.937084030201362,64.17180597558703,13.181800109665664
0,0.4011989997200868,-0.3182760290877289,0.30300648707624,16.346266627411914,64.720448001765,13.457104182111463
0,0.40144738121556267,-0.3185353283659882,0.30105786818738506,16.803379059846883,65.3170417832563,13.755183432242024
0,0.4015703515581987,-0.3185944192187256,0.3000207640575938,17.177840894480067,65.86392812079505,13.959826888597082
0,0.401953965561857,-0.31892601297063294,0.29709706086392923,17.632046217950037,66.62333880176037,14.160863757567295
0,0.4022006036214731,-0.31903226182622385,0.29569487351651713,18.019951585421357,67.3190927448469,14.317417804470267
0,0.40241545303391435,-0.31925292656583254,0.29424514073606056,18.39456223948623,67.9681147261347,14.489115424754027
0,0.4026955650620363,-0.3193903403059906,0.2928366770195536,18.74338739775118,68.58938169644718,14.6551088873932
0,0.40325745506810173,-0.3196420459525055,0.2902034689831309,19.153562565507922,69.36414578640876,14.867751450404555
0,0.40360468937682137,-0.3197160916106171,0.28887689251180215,19.510694822414507,70.06595500413921,15.061396917138756
0,0.4037238629035852,-0.3199503938929505,0.28751910466428326,19.82154772125793,70.69970162867034,15.218516256659438
0,0.40401958836840607,-0.3200107245222993,0.2863113607811503,20.091553460833197,71.2978767561362,15.345085780149834
0,0.4042275415234468,-0.3202299325243897,0.28450736183400677,20.371648944226223,71.92591257658698,15.471896533149582
0,0.40442077233122803,-0.3202661494986481,0.28379924792523903,20.620188754187655,72.43732408015207,15.600147654183393
0,0.4048256175093553,-0.32062097356481023,0.28128107566113997,21.08315010324993,73.08466468371692,15.918580253878842
0,0.4052430154256723,-0.32077814624471135,0.2797676183628611,21.651728189118362,73.69633541079362,16.37003114507571
0,0.4055292875938318,-0.32078019187612,0.2789387657093577,22.217805624063928,74.18751407297857,16.8586525579003
0,0.40588942332791306,-0.32093913123769235,0.2777809848236613,22.904703446308574,74.62433008573109,17.501820392701674
0,0.40651215924548134,-0.321445657469458,0.27542695898290204,24.037449569251105,75.13144747166562,18.612344215799133
0,0.40651215924548134,-0.321445657469458,0.27542695898290204,24.815248831385816,75.4578804567832,19.37571300307395
0,0.4072336704902551,-0.3218176369444794,0.27324462670560407,26.161625596543043,75.84887877974128,20.73110220224837
0,0.40754733397292114,-0.3220581691042847,0.2722423448013835,27.513464737929922,76.16695396029631,22.100385834541925
0,0.4078636900954149,-0.322252736546225,0.2712397064613871,28.90453479993549,76.42629158883778,23.513455798791803
0,0.4080868305139444,-0.32256376550359195,0.2702574779438548,30.360681211377205,76.6258371720466,24.99050208448796
0,0.40846645398663506,-0.3230965904967255,0.26840303558583783,32.392338773618455,76.806833263288,27.044616688554132
0,0.40859465463685013,-0.32344544813794557,0.26756020445104167,34.26007300924895,76.92185049147217,28.918976661950627
0,0.4087415681652925,-0.3238568990008301,0.2667005588459544,36.02184594780282,76.99640321093317,30.671936730901812
0,0.40880359573887803,-0.32421028182668155,0.2659385456490092,37.66763900099214,77.0261494307657,32.29347750464888
0,0.4086843834690951,-0.3247175674216217,0.26512952942128704,39.230674810239634,77.01938892785535,33.812486116065706
0,0.408466279643049,-0.3253553395049042,0.2640726818489604,40.91266098603018,76.9631046743255,35.383502832290866
0,0.4084111095838449,-0.3254868643061585,0.26382077473874616,42.25398949499812,76.89721639823719,36.61014583444217
0,0.40814891620205856,-0.32574472234410706,0.26351454216714426,43.28865243598705,76.81988797270309,37.518540121093956
0,0.4080785395078562,-0.3258485691325135,0.26346137124772595,44.10609387711266,76.74082997490605,38.20780313130433
0,0.40777237279938683,-0.3260517995135254,0.26333950120683236,44.67197050630512,76.66417598701196,38.643228096873024
0,0.4073175297551058,-0.32625608370465703,0.26342580515618846,44.976272406420456,76.57401851405315,38.78684639276268
0,0.40698393298911073,-0.3263839666621155,0.2634548081802897,45.087227242486186,76.49710042309609,38.76270497224408
0,0.40684000267313936,-0.3264960579649872,0.2636328401016764,45.02534206158291,76.44417085368467,38.59824340496186
0,0.40659392638730024,-0.32654766366643373,0.2638081057714992,44.80011831959207,76.40990039706755,38.30161582067906
0,0.40627433522271134,-0.32662311957044077,0.2642386801886134,44.344881233448525,76.40222874920983,37.79936750539496
0,0.4060856760911844,-0.3266366331355042,0.26443415421720073,43.881846005140936,76.41101956911989,37.31061406814978
0,0.40591586543845154,-0.3266917876975006,0.26458532172914073,43.475524793395934,76.43174789504025,36.88224215333066
0,0.40570886148737884,-0.3267255251185364,0.26474167305703683,43.08248501519187,76.46242315042856,36.47432109822729
0,0.4055265368394755,-0.32670912907285166,0.2648725702213817,42.74946960304069,76.48793873103081,36.12841808564153
0,0.4051285879187486,-0.326692376591391,0.2650305332588725,42.41039595297925,76.51711592689355,35.78451678437226
0,0.40499130203055367,-0.3266833572165436,0.26509864348645734,42.12760452582514,76.53846553387619,35.50088731023423
0,0.40479359640406587,-0.32671049282712405,0.26517329353566693,41.888875557367804,76.55501848391526,35.26379946332048
0,0.4045670659713648,-0.3268141071574158,0.26512446183438826,41.720270311150976,76.5654819640221,35.09121925858415
0,0.4044291795663736,-0.3268569569365448,0.26514267105336714,41.59640904164385,76.57148212619067,34.962776584598714
0,0.40430188937710737,-0.32685816571874093,0.26517981786008404,41.498539993012535,76.56901236055657,34.86165442845497
0,0.4041517020635507,-0.3268513934390015,0.26526108521695657,41.40373064307726,76.55044328102157,34.76504011931644
0,0.4038609938197038,-0.32701344773930974,0.2651593925404125,41.3207415237724,76.52364658860962,34.6805101591127
0,0.40371394469069466,-0.32703878567380373,0.2651917352127604,41.25357407126416,76.49195093672414,34.60716582948923
0,0.40343156619595505,-0.3271828167216248,0.26507099646802473,41.22861034212402,76.45920884201738,34.57077698359354
0,0.40336291356610277,-0.327212385393805,0.2650359030413203,41.26178923768774,76.42153875512237,34.5977926976959
0,0.4033757181339167,-0.327237723328299,0.2649227346825175,41.43889800147335,76.35837000297987,34.7916248670818
0,0.40328965051697707,-0.32738262221974795,0.2647184969830089,41.64316562334556,76.28738710458846,35.02291829359079
0,0.40336901559161165,-0.32739458606404725,0.26466986674542947,41.8418285895687,76.21401634670111,35.25869422013675
0,0.4034405352048776,-0.3274075572268433,0.26459464329953714,42.03533248452888,76.14311060368223,35.50048909090668
0,0.40351412756966576,-0.3275132326857514,0.26436048049207256,42.26777990235389,76.05829700420112,35.813931775136986
0,0.4037377135329149,-0.32732718870801397,0.2644042601036601,42.45848403820626,75.98519772088505,36.09720140584881
0,0.4038413898520372,-0.32740809962911077,0.2643301369595103,42.570783577599286,75.92328975965522,36.32014509733943
0,0.4040377782158754,-0.3273499386088319,0.2643607826876216,42.585366049588565,75.87074636571602,36.46002318336086
0,0.40441023423003175,-0.3271772687212891,0.2645177306580119,42.53564828142973,75.82703342277871,36.54213735291283
0,0.40463337464856125,-0.3271035640017456,0.26458287317033335,42.41951269908913,75.79408051274056,36.56474449556582
0,0.40506669594572997,-0.32693603918714,0.2646504254984431,42.22286035675953,75.76027834168407,36.551249844099935
0,0.40526188327597595,-0.32686086223287053,0.2647067036079936,42.0218047589768,75.73544534992202,36.51264410363823
0,0.40546392812060333,-0.3266842870490021,0.26482743460412556,41.83538329757314,75.72127235940467,36.46352233489806
0,0.40554011626767134,-0.32663017079991763,0.2648451324152522,41.692977258882536,75.71324598057923,36.41741820841214
0,0.4056921245031259,-0.32645875618619385,0.2649237729954295,41.59158948487926,75.70347150248224,36.379537835120644
0,0.4056560353808306,-0.32644363091153566,0.2648541982817225,41.57692820709204,75.69553972430435,36.39224356644089
0,0.4057096557192705,-0.3264075069205231,0.2648343463587336,41.63366878848451,75.68660621549768,36.4544490792141
0,0.4057175592951677,-0.32641727016133737,0.2647423781799845,41.73814714502221,75.66897164441974,36.560178852614015
0,0.40580393685626015,-0.326427792765326,0.26469732779737043,41.829455063438445,75.64320062279002,36.66547177268782
0,0.40587076856421456,-0.32638602779073184,0.2647037048983149,41.85014269306817,75.61655240063085,36.714071629926806
0,0.4060845719151399,-0.32622809574765627,0.2648048861670069,41.71385424931857,75.59359623767645,36.631963059418624
0,0.406176799672117,-0.326160047508902,0.26486366707559156,41.54718491501131,75.58084334655503,36.51765527943344
0,0.4063842491679094,-0.32605514691037607,0.26493300158258004,41.386204902377294,75.57698760054944,36.407167745720244
0,0.40653782649563774,-0.3259511916415162,0.2650477816509776,41.134005920307544,75.58576030224296,36.21204176322044
0,0.40666850669907545,-0.3258492045180268,0.26521138567205,40.68791881751196,75.60929059290677,35.83496605783995
0,0.4067583323888681,-0.32576304004353945,0.2653410818028025,40.25025507139789,75.63535380180271,35.45672263958626
0,0.40691626830624555,-0.3256276099459595,0.2654504300999217,39.92298152221649,75.6624141570913,35.16955817992362
0,0.40698344870137193,-0.3256117408053345,0.2654721881794505,39.67694016292794,75.68439552319907,34.95674520949073
0,0.40717855854557966,-0.32554291770619814,0.2655176414894634,39.5438756013216,75.69802346088697,34.85809089082447
0,0.40722146643923735,-0.3255623512045807,0.2654622079777293,39.4932191464397,75.69919738947175,34.834344497060236
0,0.40713503076361635,-0.32562990353269045,0.26525621909375713,39.58001212275183,75.67096694580408,34.9297746837112
0,0.40709208412693954,-0.3256990830676026,0.2651487459587626,39.724106452648265,75.63489717560279,35.070319744596794
0,0.4070889846854112,-0.32574772880238956,0.2649895276474528,39.88532383926412,75.59239987867802,35.22411054971505
0,0.4070816622548006,-0.325790129162497,0.2649132581400447,40.0285157807238,75.55122861432987,35.36152505210157
0,0.40707207335757234,-0.3258400301711029,0.26492846090074107,40.10827709679696,75.50859811675487,35.422776913425075
0,0.4070139975719354,-0.32586580202741094,0.26491803127999825,40.14892693404739,75.47553201827142,35.43867413417482
0,0.4069996626548669,-0.32586852953595585,0.2650011428045802,40.166439488024544,75.45832804084762,35.415416168958544
0,0.40691231651829696,-0.32586682484311524,0.265067308132606,40.12949784852357,75.45745948111602,35.32684462967057
0,0.4069293053321741,-0.325826237656302,0.26518525737996623,40.0944277300533,75.45950093042771,35.232796990244665
0,0.40684529109524703,-0.32582465694112245,0.2653238179134898,40.0204830028676,75.46150886940772,35.07213341375951
0,0.40678169442938783,-0.3258569376246399,0.2653436388420634,39.96152086936166,75.4611772682285,34.938090951903305
0,0.40678066773938154,-0.3258840422408051,0.26534160870786233,39.92705448300294,75.4572751047649,34.84393509679762
0,0.40681933327244735,-0.3258139018790192,0.2654315080093913,39.90039611309786,75.452122120784,34.76875747137437
0,0.4067712725572488,-0.3258324675337738,0.265456597988563,39.87857171778706,75.44424231884327,34.70953635933858
0,0.40670732720421776,-0.3259310452715821,0.2654789759563975,39.87857186127369,75.43756569576547,34.661006610664074
0,0.40673998756932234,-0.32591897294682926,0.26548697251554054,39.89379081219414,75.43410079694178,34.631292992565314
0,0.4067428351812265,-0.32593237803143926,0.2654861666607432,39.91858671724525,75.43567033958695,34.61558614781351
0,0.40677280290650353,-0.3259191899077362,0.26546620625730083,39.95026851197974,75.44127460718785,34.61000108462578
0,0.40678830011414513,-0.3259280853049225,0.2654679884361796,39.97920336138884,75.44905471959059,34.601812937109905
0,0.40682313008831955,-0.325927806355185,0.26546025532956646,40.00428984433229,75.45738670010994,34.59374678653378
0,0.40678368969487166,-0.32602444694203797,0.2654221476959758,39.984566343180255,75.47098666550617,34.54234307536242
0,0.4068267719321153,-0.32600428507489626,0.26546676415677595,39.937537691396685,75.48805630326821,34.46982139615415
0,0.40682332380341507,-0.32596561954183045,0.26548867720838115,39.865656418110504,75.50703659312983,34.377064636417884
0,0.4068852545194529,-0.3259281627909607,0.2655481554913096,39.76923687591122,75.52895672019393,34.26484386258258
0,0.40694315596150377,-0.32586409733457034,0.26560997385259205,39.61933708768635,75.55519502931206,34.10299054720392
0,0.40694956793116555,-0.3258727912680573,0.26562003154035135,39.49352951408525,75.57436443813715,33.967328543014276
0,0.40706936134623506,-0.32581520364446115,0.2656860961365275,39.40428370239911,75.58971174458145,33.86884892223589
0,0.40710810436533906,-0.3258014886156983,0.2656905128407054,39.349772746565264,75.5993143703949,33.80593777644382
0,0.4071325705819032,-0.3257918803469605,0.2656538929390483,39.33643189989518,75.6024775506357,33.7871520003609
0,0.4071680010728738,-0.32579339907330934,0.2656320418762736,39.3532196199132,75.60392228386078,33.79929407500305
0,0.4072987393908404,-0.32580554888410035,0.26554026741262005,39.4238908655746,75.60523547794332,33.863638969957904
0,0.4073705883197687,-0.32581191823644107,0.26549438018079324,39.50305614431252,75.60696407307681,33.9372505174811
0,0.4074033455424212,-0.3258002178446717,0.26547978181119486,39.558589356397185,75.60777865232879,33.987187984893566
0,0.4074157045655153,-0.32579614207906193,0.26547626394506024,39.59685722000498,75.60669903497566,34.01978527524315
0,0.4075345100335977,-0.32576266811055604,0.26548928159947915,39.63493426282502,75.60784838604096,34.051020954738775
0,0.40755113078879335,-0.3257720749155945,0.2654853763031535,39.625969028446626,75.61372883692351,34.035594337574835
0,0.40758514715956673,-0.3257743375079102,0.26551215547795814,39.59441269189155,75.62152899540946,33.99908842180062
0,0.40763473822401985,-0.32577765391034547,0.2655376793789439,39.54745169931042,75.63345788327256,33.94704408983578
0,0.40755370719956374,-0.3258601300494141,0.26545029062505293,39.50114032840748,75.64231138643297,33.89421604513812
0,0.40756771280096993,-0.3259257452265687,0.26545414942975565,39.441038090204906,75.65839161547622,33.82000291458892
0,0.4075511114172838,-0.32594917700452275,0.26547872800107525,39.38697764462679,75.67069037701155,33.749241173774955
0,0.40755058838652586,-0.3259289376513428,0.26550189632649945,39.328984410630426,75.6814971880242,33.67525120849703
0,0.4075285048656366,-0.32595257089299623,0.2655182768749766,39.28577685548636,75.6895714837794,33.61637683238934
0,0.40751358880328153,-0.3259659759776063,0.2655404068874888,39.24800723731446,75.6962870701949,33.564959289261914
0,0.4075757326059244,-0.3259553138987488,0.2655904318737559,39.215771611678306,75.71109429219398,33.5113758808152
0,0.4075774179272554,-0.32593561694783635,0.26561112064595743,39.192221620804915,75.7249890079727,33.46542637914512
0,0.4075659112505815,-0.32594513223332827,0.2656286479878001,39.17644270940797,75.73617851526994,33.43165629797125
0,0.40756939812230086,-0.32595100567502444,0.26564636129613445,39.168575411766945,75.74658614024514,33.40990106517483
0,0.40763770206498123,-0.3258983306662506,0.2657114185738139,39.15741928531353,75.7551214267846,33.38655824366785
0,0.4076589719824693,-0.3258850495593018,0.2657382442402415,39.13674412780041,75.76168814923007,33.36013091894201
0,0.40755793018864617,-0.32597231433553164,0.26570940393682047,39.05328258246159,75.7691483521868,33.273760230712824
0,0.40758096291350343,-0.3259403745905823,0.26578642505879924,38.933905886624785,75.77869273760788,33.15675071437435
0,0.4075924695901773,-0.32586411283177796,0.26587728518720194,38.7367910198485,75.80076949258272,32.96497448889405
0,0.4076133133344553,-0.3258188299910492,0.2659775211262279,38.52620321648177,75.8263950188114,32.757910925293224
0,0.40758433355616547,-0.3258274309412903,0.2660286619114452,38.31560500274729,75.85592470997385,32.549942114798114
0,0.4075046779088876,-0.3258751003519959,0.26606765288587136,38.072107939956396,75.89180553794716,32.309534895590545
0,0.40756089402960755,-0.3258617882506317,0.26608119744535014,37.907900602163544,75.91717050636872,32.15540929440171
0,0.4076135264210604,-0.32584687993688055,0.2660979189323954,37.79021256479314,75.93447427219226,32.05347122128287
0,0.40775240077303865,-0.3257216005103058,0.2661275495934062,37.68282300529288,75.94984815614825,31.97676027236653
0,0.4078114451341531,-0.3256583719031281,0.2661326636719279,37.538586789906255,75.96683713817521,31.872208831774774
0,0.40783085538672426,-0.32561775372189944,0.2661706163334422,37.416396237442115,75.98214650142862,31.777466155143802
0,0.407873240249624,-0.3255749969260163,0.266194234077888,37.31881162265805,75.99632074671204,31.701884118121267
0,0.4079648481182954,-0.32557059571904606,0.26619522589917705,37.275094750970396,76.00859013204771,31.67110859270183
0,0.4080239118509196,-0.32556345150632326,0.2661613490032725,37.28955229621987,76.02013592075129,31.697261305991443
0,0.40819757743405327,-0.3254874222056336,0.26615666884656475,37.33931619110122,76.03173147872599,31.766137234544612
0,0.40847486122178056,-0.3254530029074616,0.2660827626633219,37.41600124770768,76.03412261727337,31.90404910390425
0,0.4086592392496965,-0.32540198609990545,0.26614613074536847,37.394918078531965,76.04402400997508,31.95457374171625
0,0.4088107438259027,-0.3253282038943238,0.26621010321851307,37.31417533650058,76.06052848044317,31.948664782267958
0,0.40902534140871977,-0.3252323691622681,0.2663298966335826,37.19383888682442,76.08314414398495,31.89875049721559
0,0.4091365532450578,-0.3250828521029419,0.26653373140569253,36.9155142118973,76.1287542960171,31.67714482665529
0,0.40920931263493515,-0.32488952443761293,0.266811875288444,36.42160537886616,76.20298565495082,31.23310076477577
0,0.4091575907044313,-0.3248741357104249,0.2668662549900584,36.00195719851555,76.26576107964804,30.841960542816565
0,0.40916220112370466,-0.32480537460011905,0.26695736307378337,35.63586546805198,76.32131276491256,30.485785608105267
0,0.40914676203059175,-0.3247448270098633,0.26703867692227884,35.32040247371707,76.3698781348332,30.1647166947382
0,0.4090401993565462,-0.3247581391112275,0.26702784437413746,35.100688522054604,76.40727692672948,29.93104392183677
0,0.4090375260882281,-0.3247619979159302,0.2670033587860636,34.99091939938808,76.43254592601043,29.80692153635342
0,0.40911894454287506,-0.32472719118756715,0.2669498779224925,34.99537321601921,76.4395790084399,29.807239009608693
0,0.4091720418505571,-0.32473862812680665,0.26688637036557716,35.05641847113874,76.43945754744551,29.87776115197018
0,0.40918054594325043,-0.32475886747998667,0.26685811895604655,35.02608116157163,76.44383883905927,29.869462183446167
0,0.4092065812520883,-0.3247212247626252,0.266935976927238,34.875173745634115,76.4563806309861,29.742946930846784
0,0.4091931567959688,-0.324665496803946,0.2670408155369334,34.66724913995328,76.47700043797751,29.54417048558286
0,0.4091467426590822,-0.32464177057904664,0.26709246773000284,34.464923816484074,76.4961771755096,29.341074461177534
0,0.4091018588714502,-0.32461458847684327,0.2671795155453257,34.247387938934736,76.514389580801,29.114283002206992
0,0.40906123681591966,-0.32462139175099797,0.26720251340146584,34.092589255762306,76.53170478941111,28.94179840864265
0,0.4089703650646112,-0.32464795396489565,0.26723617333646343,33.98412981697054,76.54117378781243,28.819525676852596
0,0.40883327289151167,-0.3247182647959656,0.26715396064992475,34.0359357152251,76.5327469558099,28.845472817838978
0,0.4087885440759561,-0.324784577347464,0.2670398857044749,34.15451911509289,76.51761924766414,28.94190856475919
0,0.4087432922296426,-0.32484487698239756,0.26696092743154093,34.32131561955902,76.49879633059076,29.087552808615545
0,0.4086598591380022,-0.32493920848531194,0.266835787479835,34.482681180247965,76.4773213343664,29.224832586909454
0,0.40852538211869216,-0.32505278752011724,0.26667777795072123,34.68478237296242,76.4458348479906,29.39718881246587
0,0.408424553411474,-0.3251023165957398,0.2666358889984661,34.850107136876936,76.41547251890664,29.532018538685765
0,0.40832238807009674,-0.3251418189780182,0.2666260637688212,34.96530870936844,76.3883026938604,29.617100779771583
0,0.408326223628988,-0.3250843088404603,0.2666763522076182,35.02564003235201,76.36829039474821,29.654605873173562
0,0.40826353742407784,-0.3251080350653595,0.2666716100620799,35.051890771669434,76.35472690115819,29.655931236082548
0,0.40825977935122465,-0.32518686936063235,0.2666871537613444,35.03752249460621,76.35504911087584,29.603443379671482
0,0.4082265184693239,-0.32524267480534974,0.26669310468907886,35.00661418172123,76.35977383117478,29.535113439697408
0,0.40819965018557525,-0.32525544450444643,0.2667117013382488,34.952309054098,76.370906793613,29.444921562382856
0,0.40817841901110624,-0.32526418492955633,0.26673380035634564,34.879740612995256,76.38707464027149,29.337567496492305
0,0.4080341206364534,-0.3253989641444153,0.2666454662727885,34.82862028458553,76.40139240181006,29.251573219305694
0,0.40794704570101714,-0.32546770975751343,0.26660570043798015,34.78414349302734,76.41784896629338,29.166711564244817
0,0.4079263181857965,-0.32549912259740305,0.2665878631519847,34.7547141756517,76.4332526948269,29.100958663290616
0,0.40792358680294966,-0.32548641488713687,0.2665827335762553,34.728593345951595,76.4453111648164,29.042136618431737
0,0.4078926311306856,-0.3255146817938752,0.26655496258016154,34.72935190890371,76.45543652829711,29.013737440250683
0,0.40786762251185393,-0.32554254577321473,0.2665205277847819,34.75225544926277,76.46336895826906,29.010807555187885
0,0.40801629884766555,-0.3254767136351533,0.2665845312523417,34.78753204077088,76.46922054096103,29.024089656625005
0,0.408105272191038,-0.3254232327715821,0.26656971592183637,34.81771660200004,76.4766550736217,29.045771215090348
0,0.4081164108090304,-0.32541965291661684,0.2665633620667033,34.83427517004517,76.4830889395855,29.0576414109213
0,0.4081329153351686,-0.32542447254819346,0.26655716318364664,34.84046675910367,76.48835217097236,29.06275739932189
0,0.4081379712991617,-0.32547750399274294,0.2665418364452891,34.84861541370213,76.49505255918962,29.06898935906343
0,0.40809552832173324,-0.32555359528226324,0.26648155230756326,34.8486171299946,76.50102361420986,29.065941070227524
0,0.40808562948035215,-0.3255392448679871,0.2664952363419108,34.83199228764382,76.50745960378707,29.044568754527265
0,0.4081256122760676,-0.32555308387441106,0.266492245380836,34.82618172474471,76.5170152330602,29.03128056688489
0,0.40812704576777437,-0.3255596081988282,0.26647938269849347,34.82119908931481,76.52419937202673,29.019337262888417
0,0.4081465141348741,-0.32555790350598757,0.2664777244972758,34.81031298217053,76.53170727926023,29.002250112514258
0,0.4081502140931986,-0.3255765001551575,0.2663885225700907,34.81284182440821,76.54064569973553,28.99646824828315
0,0.4081495360903643,-0.32559484884900514,0.2663305165218882,34.8268160301562,76.54698821435022,29.005607890396853
0,0.4081635416917703,-0.3256029538886018,0.2663000335144572,34.85160812581493,76.55309777036513,29.025811895534083
0,0.4081578270964525,-0.3256127791182465,0.26627192157979535,34.88636961766492,76.55569755230954,29.058274553214474
0,0.4082076506190203,-0.3255645053164429,0.2662878992008738,34.91981415554453,76.55467159262687,29.088646344871883
0,0.40819515599535927,-0.32556886003179025,0.2662585784840159,34.960883552427404,76.55264970553397,29.12708937885839
0,0.40824114395903566,-0.32554731891316835,0.2662601591991954,34.99170284579168,76.5567698429527,29.15082214477387
0,0.4082331047825716,-0.3255531923548645,0.26625084537740273,35.00756097955284,76.56249817204684,29.16056703174432
0,0.40821487619208313,-0.3255746869818634,0.26624421257253217,35.01133953763153,76.56991418992457,29.162178009036875
0,0.40821059508847213,-0.3255566792265839,0.26626733440633343,34.98429585241551,76.58339820119247,29.130227360003214
0,0.40814608796166396,-0.32557705805463266,0.26629067320104166,34.894565566750884,76.60509934123405,29.034719586861883
0,0.4081860320143602,-0.325545691706366,0.2663439216064982,34.80725246232504,76.62169227089291,28.94326070815024
0,0.4081817509107492,-0.3255425302760071,0.26637485403295086,34.72271710478238,76.63472089992068,28.85682406558868
0,0.40818089856432893,-0.3255445449130005,0.2663995410847239,34.644881499594725,76.64641601066724,28.77774891343206
0,0.4081480444841287,-0.3255839698092408,0.26635306495900685,34.603681515763,76.6514790175469,28.7362112582781
0,0.4081402183942697,-0.325612453676886,0.26634472746129556,34.59443437407365,76.65172027713461,28.727248573189474
0,0.40812873108910536,-0.3256094472186035,0.2663285328793102,34.6192865322508,76.645961787955,28.75170231120045
0,0.4080826850109003,-0.3256349711195893,0.2663219775604777,34.658737066254645,76.63795820852485,28.784467997380634
0,0.40797451450156197,-0.32576259062451784,0.2662322022366099,34.714709278244555,76.62919385485057,28.826978559409376
0,0.4079293401412866,-0.325794282414145,0.26622481006856485,34.7768751060548,76.62004162087769,28.87364343823681
0,0.4079709501438043,-0.3257225303427643,0.26626682299848126,34.824659266382774,76.60910214598182,28.911940603023908
0,0.4078791291885278,-0.32584791824979253,0.2662199129509501,34.88143240125131,76.5936299830624,28.95499445592976
0,0.4078404442839525,-0.32585947916669317,0.26623713034863994,34.9135421644136,76.5790669037115,28.975244220640874
0,0.4078158618383311,-0.32585678265256357,0.26626045364614054,34.920454330857204,76.56783253824769,28.972027915000837
0,0.40778992338704084,-0.3258860878722138,0.2662949194359355,34.89058269833609,76.55597468382695,28.931127817950998
0,0.4077738450341127,-0.32586403534573977,0.2663436116623454,34.83669196364271,76.54890677218334,28.868323008389186
0,0.40780929489659284,-0.3257711915747589,0.26645478862996624,34.749290766339264,76.54443961022515,28.770163560934233
0,0.40779641284274076,-0.32573875591916507,0.266498211805778,34.67040693945811,76.54130514100454,28.683600209919575
0,0.4079010189943216,-0.32569021866483155,0.2665636410164408,34.630559879823444,76.54128411955577,28.638151789200553
0,0.40790160013960813,-0.32564733789128725,0.2665870572971873,34.60219961279648,76.53875058116459,28.60800989825687
0,0.4079368369154833,-0.32556839511556096,0.2666049255775981,34.58290480936876,76.53952685331274,28.594310653810506
0,0.4079675988726518,-0.3254427282587952,0.26662924069638777,34.58851500436829,76.53608384533352,28.609872697691575
0,0.4079657585792444,-0.32539468691510626,0.26661933798070475,34.592905898646144,76.53473122867533,28.62473539724304
0,0.4079903216533563,-0.3253088788763947,0.2666368653225474,34.59551393250499,76.53410400456085,28.64036573904525
0,0.40809132470416054,-0.32516545221967164,0.2667037977623515,34.5902285442405,76.53830081766618,28.65159451326692
0,0.40812458558606124,-0.32505515859288636,0.2667428042339854,34.57194123017358,76.54378258446026,28.65304198609706
0,0.4081583113841913,-0.32494836733502813,0.2667806639122539,34.53150226292532,76.54930479126976,28.641580976929845
0,0.40811207159089063,-0.3249260203616089,0.26675820845838116,34.47717408826883,76.55302814211294,28.612379525653495
0,0.40814697905110336,-0.3247842364088959,0.26679233330960794,34.41158216099541,76.55565380754014,28.572718874842472
0,0.4082015292220018,-0.32460563109082646,0.2668560578274302,34.3269462197279,76.56198093040544,28.51888316838999
0,0.408295655386915,-0.32443678901357126,0.2668985511707835,34.239263992188235,76.5739537251162,28.471740419218662
0,0.4085870610051057,-0.3240992753283448,0.26689089555020856,34.1510001970023,76.59567912537733,28.483936398660227
0,0.4088159353904626,-0.3238776187674469,0.2668995584892802,34.09575014317493,76.61837496262994,28.54164245399637
0,0.4090509699158571,-0.3236106638686127,0.2669313122677378,34.048361914745,76.63923779177098,28.62247843230993
0,0.4092656837277315,-0.32337016270322266,0.26698764461751506,34.00879216613413,76.65863525762497,28.710534416350583
0,0.4095360712580583,-0.32307850525540777,0.26704388398404644,33.95648832690072,76.67912610038347,28.805227250754566
0,0.40973612083720184,-0.3228455667273468,0.2670676257061534,33.88575444289142,76.69917058016206,28.886278815142386
0,0.41052417321728685,-0.3222367899195618,0.26718608636136576,33.76375961151933,76.72965304332779,29.04833962569129
0,0.41099342866467453,-0.32191187546414796,0.26722174543614907,33.665217976071055,76.75741495703144,29.242276486172827
0,0.4114222170286081,-0.3216010479704804,0.26727888364072366,33.57050365356113,76.78606730108329,29.43805805116655
0,0.41228622509764656,-0.3208799164072938,0.26741736668820903,33.37875388568212,76.84073725539118,29.645279380047434
0,0.4127221421770952,-0.3204175572173065,0.26755691904302165,33.17356338401794,76.89604197198841,29.79775008327217
0,0.4130996928982637,-0.3200280504004425,0.2676105393814617,33.02771778835362,76.95571097531541,29.95125831047701
0,0.4134857089691065,-0.3196336929575867,0.26767589110608625,32.91574838107197,77.01518179124456,30.104686615679782
0,0.41387912495659807,-0.31921678707761236,0.26774040598149823,32.82517835640184,77.07352737949263,30.260195156503134
0,0.4142118500046633,-0.31879871890706485,0.26778364319081827,32.76705553630493,77.12617664702839,30.423955188802413
0,0.4146684945993326,-0.3179046695010132,0.26781425017591043,32.73695491868678,77.17905143953274,30.659065523764802
0,0.4149625347428224,-0.31735021040601197,0.2678602923798136,32.727252963675625,77.22525650491934,30.885682648673235
0,0.4152787940077684,-0.31678536818189096,0.26785486835713906,32.754754579847244,77.26592372277479,31.141607008395997
0,0.4157231958084009,-0.3160872189776368,0.26782573360677286,32.82388941589631,77.31103820483524,31.45827535434819
0,0.4160390482716463,-0.31552353904408875,0.2677649225639872,32.91784698399901,77.35430814354443,31.795084739377277
0,0.416843024032583,-0.3140826241747803,0.26761821049924417,33.07833349121099,77.41096501420441,32.298881982198345
0,0.4173229725532434,-0.31316782400769655,0.2675718428539805,33.1786827373741,77.47250474296767,32.73027640519575
0,0.41781743033455826,-0.3122076480166382,0.2675342776226573,33.23519106351263,77.53898320726857,33.11557874131595
0,0.4183143482975863,-0.31126293823880624,0.26745944160695606,33.26890818823061,77.61331768572485,33.480399084018295
0,0.4196522803478143,-0.3090169279353089,0.26738596934552716,33.18167922814613,77.76043720194521,33.91221158069829
0,0.4203994588427446,-0.30773034975690317,0.2674280132698588,32.99929013200053,77.9120508053967,34.23438942238771
0,0.4211266846828363,-0.3064090578333802,0.2674701811718516,32.75031470224337,78.06454316168335,34.48044628418371
0,0.4218552471570871,-0.30508475945157476,0.2675665428089671,32.45816388913207,78.20874517728794,34.675011584108994
0,0.42266005589293465,-0.3036883680598206,0.2676346375393443,32.11031280864077,78.36183884414456,34.82026243586996
0,0.4233134762816331,-0.3024456314818329,0.26751557249303387,31.767578852369795,78.51526499595526,34.97248790502293
0,0.42511742873715386,-0.2993997947947449,0.26758300084348247,31.344288364227225,78.73257456481184,35.244637751824264
0,0.42598788751887307,-0.29790831253690186,0.2675920977043681,30.991369296970788,78.92647866635218,35.52348021643486
0,0.4268372700981996,-0.2964530937449403,0.2675516499924236,30.740389125191587,79.09960139718319,35.85167468766479
0,0.427626775341501,-0.2947933505551285,0.26746790308232826,30.561984442329912,79.25451527720867,36.21764786025013
0,0.4283657403163813,-0.2932299767510361,0.26740935463185833,30.428618939344553,79.39231370071668,36.58728320565173
0,0.42991563542412736,-0.289886004783339,0.2672963334965282,30.27767031986989,79.56131457187135,37.07862407581042
0,0.43081623627470955,-0.2881137751118607,0.2672395827221446,30.2227837027963,79.71649554960332,37.60769813526666
0,0.4316589163117311,-0.2862277107016511,0.2671169223236613,30.24771781977886,79.8649927991266,38.20090892557828
0,0.4324814306073091,-0.2844618038908906,0.2670273329662852,30.334630901750636,80.00398459416148,38.828561403443366
0,0.4330332086853884,-0.28280963883561555,0.26682142156835126,30.430089369048194,80.12504425790293,39.44615236389787
0,0.43454629792498567,-0.2790358518139786,0.26660367030377913,30.540813010806264,80.27938205006444,40.284469400344534
0,0.4353268147878549,-0.27710209474725195,0.26652257341619057,30.68249040111041,80.41150919767976,41.101847454375736
0,0.4361248434953592,-0.27505389855069584,0.2664420809197001,30.849472818537517,80.53364153949433,41.9212641977706
0,0.43674767627047517,-0.27320340023202366,0.2662898208546214,31.054590374123315,80.64390171507411,42.74951091538733
0,0.43748968257235504,-0.2710284833685822,0.26618155736203714,31.312184648453343,80.74867064558491,43.63750692384668
0,0.43907126946972824,-0.2668446712271637,0.2659776141094737,31.775369112406125,80.89734155519938,44.97444457619552
0,0.43999343081044173,-0.2646947668568558,0.26586480993505046,32.3295397602199,81.03329390503603,46.354765485971456
0,0.4407798559837244,-0.2625873868243164,0.2656228830265574,32.94515085460337,81.16297715879323,47.77068861308922
0,0.4416591094307802,-0.2603759662882752,0.26545898455853983,33.601613957824796,81.28889946673733,49.21782155802899
0,0.4429976807408235,-0.2559892027155823,0.26522386092420147,34.36691020616637,81.45319645367654,50.979394744850644
0,0.44357096119450545,-0.25377424106759494,0.2651268019127421,35.03499987217056,81.60191095449373,52.52861627270282
0,0.44410175992773987,-0.25160517440003816,0.26505180317636057,35.57713322576604,81.7406425611955,53.86919228214449
0,0.4446361036472223,-0.24940299019975132,0.26497571963544414,36.03905131639313,81.87866906880811,55.077132357030905
0,0.445184704797735,-0.24711121664208835,0.26487182635541484,36.55202820163368,82.01266227227002,56.30548865310502
0,0.44713954194115624,-0.242199841596312,0.2658365120338969,37.29247552944829,82.17058630994278,57.93849833595936
0,0.44780001355933174,-0.23983848557633827,0.26568659204717204,38.1044214553738,82.32499999226708,59.5904973577641
0,0.44834679378794645,-0.23796390459699104,0.2655460168766551,38.96566220835032,82.46450736858286,61.21197183696512
0,0.4490353928379915,-0.23548652873200837,0.26536209601636457,39.979781407245525,82.60735247235912,62.979554104956364
0,0.449482216077318,-0.23355021462602082,0.2652427985119395,40.96777902988801,82.73624861954536,64.67107022773557
0,0.44942274554299333,-0.2317300520913071,0.26459923047299905,41.86439659604564,82.8674963895046,66.23877908125236
0,0.45000365837143874,-0.22789694950742193,0.26426731902833506,42.997541107555676,83.03076139398372,68.21524522922915
0,0.4503934325151346,-0.22574040845794147,0.26415150064702553,44.07275283453221,83.17906613072248,70.06810910029314
0,0.4506668613724611,-0.22402191535396043,0.2640716435360484,45.04165952303515,83.30542904249977,71.7247486891583
0,0.45097820027398094,-0.22214988366527028,0.26397022980924173,46.025211119859044,83.41924170792448,73.34717070860049
0,0.45121141387747743,-0.22068344489497607,0.2639514316963725,46.86841314316588,83.52146947338356,74.76738013737996
0,0.45160448117779717,-0.21746867702168887,0.2639231957840495,47.84770463596886,83.63375866713419,76.4667482266322
0,0.45174949629830335,-0.21598732606334153,0.26392586905236765,48.66426572059092,83.72625548435771,77.91430221396845
0,0.451775802808275,-0.21469805137080616,0.26392667490716504,49.35490499006089,83.80501434342074,79.15903673275363
0,0.45192304565237984,-0.213383946277327,0.26396382171388194,49.94139455682648,83.87681195612788,80.25769729186156
0,0.4519837365918062,-0.21218524114055104,0.2639323623823695,50.497196685474165,83.94133036267684,81.28958769454717
0,0.45218775733040795,-0.21023609922093814,0.26399030644174143,51.10549315095496,84.00861974244866,82.45555851315552
0,0.45235448791312194,-0.2094074906484551,0.2640712871002726,51.59622909699573,84.0638169193758,83.42187330542131
0,0.45250082029627775,-0.20867006377143327,0.2642186655449443,51.91869080040508,84.11298335832855,84.15949582301414
0,0.45250550820158936,-0.20798681513232656,0.26434058982606456,52.05336138454925,84.16245966046964,84.6598018406679
0,0.4525304780774019,-0.20751239524049228,0.2645990909981303,51.899855844299026,84.210291993218,84.80819629978558
0,0.45254272087143876,-0.2068307350651688,0.2650887407707743,51.25959857090567,84.2602076396361,84.4435648716446
0,0.4525071547799013,-0.20663465277118154,0.26536674517865705,50.50417385655868,84.29642216377407,83.8852719283064
0,0.452370701866617,-0.20671625331801835,0.26553603667493386,49.77041638470373,84.30425342247283,83.26772870497875
0,0.4523168878130815,-0.20680416897696918,0.2657430483746104,49.06972924371923,84.29132380519655,82.62561319684859
0,0.45184102668093656,-0.20688963995141452,0.2656426884579234,48.50367505690907,84.26621197782289,82.0913298554337
0,0.4517325655989549,-0.20749579385680622,0.2658912636684947,47.96444131065585,84.20001170985729,81.51319060525962
0,0.45166462971495613,-0.2078572739736504,0.26607347983594465,47.49469747216742,84.13038706899327,80.9801788411513
0,0.4515773029498956,-0.20828901842994157,0.26628362197156474,47.00208277434382,84.05952411371624,80.39901884064618
0,0.45146698220299697,-0.20876065269870225,0.2665289427685313,46.328286039377225,83.98973609377366,79.61248571956779
0,0.45126596404837593,-0.20989376202983323,0.26704795974965617,45.26375541735499,83.88952700477437,78.35230486681081
0,0.45112984045075394,-0.21056790218514865,0.26732528228040264,44.21350400656023,83.79507616598939,77.09539614618598
0,0.4508645282559297,-0.21132231012744374,0.2673974372791819,43.19877359433009,83.70771758711146,75.86220800454585
0,0.4507819087676904,-0.21211395011109777,0.2677606918263011,42.17097662367868,83.62105448127515,74.59540225139155
0,0.4505801738672159,-0.2129542125837273,0.2680763389515452,41.1136202478821,83.5320860293671,73.28430235036852
0,0.45095416023062684,-0.2136309252755112,0.26872861642118023,40.17290633862663,83.44228054782737,72.08473778454959
0,0.45074492855595566,-0.21546765432519382,0.2694265176701121,38.931600418090206,83.3160725846184,70.47396217172772
0,0.4505741880707643,-0.2164097063319153,0.2697221733974986,37.82612792502178,83.19496594808717,69.02643401379756
0,0.4504749478273294,-0.21742867098016208,0.27004922646756696,36.85914786575741,83.07588028309438,67.71968683407377
0,0.4504258604221246,-0.21834544316691823,0.2702958800243907,36.02256734123723,82.96374861331431,66.56878107047145
0,0.45031914277600266,-0.21958890036506123,0.27057262915845437,35.28850440874632,82.84293431657697,65.51181357167411
0,0.4503600941471956,-0.22156797126693195,0.27114763755078836,34.57339460776757,82.68978550823664,64.394622915476
0,0.4492267252378367,-0.22377948091191713,0.2700513340878062,34.11093648532512,82.56435237180061,63.56323809996758
0,0.44905776693152405,-0.22508292780084077,0.27031926531072187,33.61033198942449,82.4420345475847,62.68459310638769
0,0.44880523993300414,-0.22650489345950547,0.2705791069912486,33.091090229469444,82.31918156257174,61.767197503413996
0,0.4480202482514284,-0.22819735125464863,0.27024236816640423,32.52447310190103,82.20166303637966,60.79234490130958
0,0.44746560318993545,-0.23125063822431033,0.2709358682083659,31.63528180310448,82.04181464847339,59.27801491901976
0,0.44719426645564064,-0.23277201846999593,0.2713379432606272,30.771902182068455,81.89702562742086,57.83423366333766
0,0.4469925896696947,-0.23454200492066807,0.2718923713612132,29.896356194470915,81.76177546620562,56.36845836875881
0,0.44677816643046364,-0.23605221555394595,0.27229732889409586,29.079765676167483,81.63997662352476,55.011728713450026
0,0.4466487066321275,-0.2392297785059876,0.273718066399055,27.951522572744146,81.47941375030962,53.14747838973939
0,0.44603685750292754,-0.241206571318335,0.27425149578328656,26.868759106355483,81.30883666069495,51.37047410871439
0,0.44512085630225157,-0.2434857688919968,0.27476212877507733,25.701187584646313,81.11279074750595,49.49408476917723
0,0.4444259808831118,-0.2453536783234543,0.2752512826370768,24.67175878087019,80.91844542130812,47.78316285783499
0,0.4434976400308511,-0.24781158969563907,0.2758535971092753,23.706126976380244,80.70702352965996,46.07905621812998
0,0.4415057258181475,-0.2522333459631867,0.2764428784298472,22.67954201117128,80.42161461040189,44.05338010235941
0,0.4401615173988245,-0.2549583439604706,0.27689245242353006,21.82044674673992,80.13090158037734,42.207675369856844
0,0.43924520625399566,-0.2571023671404785,0.2773339678692393,21.2015797162132,79.86068470716519,40.66301225257571
0,0.4383092717699907,-0.2596557180659241,0.27782687205548806,20.7323270992744,79.59847221144403,39.28911783252719
0,0.43702881498860335,-0.26229992137116853,0.27817563671346235,20.405187057693276,79.34289743923091,38.07553541951963
0,0.43493636264132485,-0.2674930976406998,0.2791800882267527,20.14578463066458,79.01312282120104,36.693046899294735
0,0.43370053781794526,-0.27019716665906374,0.27978711385007426,19.89445228346208,78.71000580780077,35.41615881156446
0,0.43239669962452865,-0.2727109532134003,0.2803534593033366,19.648997741660935,78.41621029077947,34.21104788752883
0,0.4306588233880899,-0.2753058986441559,0.28100615519757793,19.239145232648,78.09494189272799,32.831271147394965
0,0.42850544764327025,-0.2781554864422745,0.28189823645825907,18.619777783242466,77.74236814348617,31.172234776497763
0,0.42735880924986824,-0.28024613723916475,0.283294379894691,18.044843184166506,77.38197837761275,29.591374074043813
0,0.4236475379638574,-0.28525608227414556,0.2845450510429911,17.266572104634122,76.89733588652227,27.482638817163433
0,0.42185114039706206,-0.2877286385075516,0.28522719163175153,16.660928790285357,76.46494707860644,25.701053752821057
0,0.420024077730646,-0.29020602986974187,0.28592433351750896,16.169397258083013,76.06579278122108,24.13828227656738
0,0.41828114553021406,-0.29279830978078314,0.28652012366529034,15.761987181917998,75.70089431787358,22.766622021559694
0,0.41678303046750054,-0.29524018154305887,0.2871914317059092,15.452198413774736,75.37889431744836,21.604860629773885
0,0.4136612535886667,-0.3001759414450592,0.28854147094960736,15.210594677999971,74.97671901459167,20.34398221201797
0,0.41128485365437484,-0.3030057780520386,0.2891239025044017,15.003276985163478,74.57073418099208,19.132323567577405
0,0.4094185830526254,-0.30523108408612676,0.28966664571042583,14.809363227635087,74.19976511554614,18.014344146165673
0,0.4076288105420969,-0.30783988402051393,0.2902534164833598,14.572442517706083,73.83347291273674,16.898081063769823
0,0.4064051122836969,-0.3104421596304841,0.29075011748548074,14.409643894017126,73.52355867725926,15.886552729336584
0,0.4024732769899271,-0.31519003913564153,0.2917471148418956,14.082334150038868,73.2794836143578,14.209190718076744
0,0.40063864006327604,-0.31762576625508737,0.29234738368268537,13.714619286028649,73.13890306836349,12.560694406795653
0,0.3989800707869432,-0.320089775778479,0.293120492880302,13.17896929980203,73.08078907156907,10.82509885533644
0,0.3977934689693353,-0.32246311113995973,0.2943196823048167,12.39850988115767,73.05944076446298,8.983808035305318
0,0.3947514639668367,-0.3271262364165253,0.29623163480039166,11.041341593084283,73.05613276714372,6.26153777950987
0,0.3947514639668367,-0.3271262364165253,0.29623163480039166,10.160538101305992,73.04391312602586,4.4933980536717595
0,0.3905049772434137,-0.33148956821126413,0.2981924964832835,8.775173937809907,72.9010177177825,1.7353201450319062
0,0.3877467067413232,-0.3336958746687836,0.29888746875997113,7.514668325020937,72.6690520195413,-0.9173334938864229
0,0.38529719872998214,-0.33543255374593206,0.2997513605999523,6.4448033731374705,72.38716772935432,-3.3273452326155404
0,0.37972438349055265,-0.3393983046786256,0.3012048746990733,5.338288699746442,71.94371456915248,-6.236391554560105
0,0.3770742834978006,-0.34118553564710086,0.30212672609563396,4.561647358893796,71.51940193141857,-8.645106437701067
0,0.3747584776453875,-0.34323074863118597,0.3027898206162028,4.154044566460692,71.15811626269512,-10.470634083019803
0,0.3721647874884508,-0.3452593951003022,0.30338705200429483,4.0792749160731345,70.8205900736348,-11.814078041915293
0,0.36929507269190764,-0.34761684582395025,0.3035640456127696,4.27920100300444,70.47978435410653,-12.75705942114157
0,0.366944824295511,-0.3496980433241791,0.30395820159192616,4.728626084728049,70.13307417982966,-13.274311557580791
0,0.36253530694769837,-0.35366521999997563,0.30469235080953166,5.557516100614996,69.66528284366784,-13.570405444614599
0,0.35999188585804914,-0.3555036382452912,0.30485394019361073,6.366456375258795,69.24448854743434,-13.811291441047663
0,0.3575163231663606,-0.35700920746488046,0.3051461245464854,7.112863383349309,68.87399824088288,-14.105758490238562
0,0.3550888986759088,-0.3584418933169312,0.3055116261887126,7.7632673836968715,68.55548339055338,-14.500152949791858
0,0.3527882026009462,-0.3597386996523804,0.3061472906517558,8.328132117198896,68.2820410248367,-14.95123856031834
0,0.3488165201120279,-0.3626860670821137,0.30641252536054175,9.384978124223057,67.99083499786599,-15.045792216784305
0,0.3471701161436937,-0.36421398327512217,0.30615271467443034,10.617193568357033,67.73708087502453,-14.708643720912743
0,0.34538805349396684,-0.36575683877629706,0.30592168230290934,11.974176728969386,67.49327759001117,-14.084385584097085
0,0.3442665205769441,-0.3670456640498108,0.3057223262238078,13.298882478732349,67.25147847877079,-13.327299804562587
0,0.3432523058228395,-0.3682395379321045,0.30566819447751575,14.513405455510222,67.01400653350647,-12.516287709706958
0,0.341227130728235,-0.37011792347592776,0.3058044769215159,15.871756963216761,66.69258738803786,-11.579909957242577
0,0.340123729544153,-0.3706628827826447,0.3060784210609965,16.913229990204023,66.4049492436597,-10.92843390094813
0,0.3391300873331926,-0.3711405377165741,0.30638295668836163,17.700921179325427,66.13950865332642,-10.504861996631268
0,0.3380619616680048,-0.37147433207196656,0.30677292842145487,18.273574796995828,65.88998260578444,-10.303906078751274
0,0.33579834266232467,-0.3715858654753632,0.3079385973858409,18.571184125783805,65.58783082579554,-10.53850363124441
0,0.3348071800045869,-0.3715670828597016,0.3085806157040171,18.669096641566746,65.3407421895565,-10.921157897512902
0,0.3339807139210603,-0.37144239232701726,0.30919315833325917,18.603197030626237,65.13273585108607,-11.42409058840159
0,0.3332622343175314,-0.3714083604590363,0.30968773621793316,18.46082276700362,64.96374823984279,-11.945343476055763
0,0.3328053766362569,-0.37134897515935367,0.3101950838017039,18.244974300187522,64.83098732903413,-12.462823151579125
0,0.3324006283156774,-0.3712979428545899,0.3106895222115092,17.983887458667414,64.72288479291608,-12.971643739632539
0,0.3318457798533342,-0.3715021340624757,0.31127378243680526,17.674090453231525,64.61173771586216,-13.45864423111919
0,0.33166938288735365,-0.37152029678983156,0.3115267278599314,17.40579719471197,64.5253422224879,-13.858779421810128
0,0.33155036433266616,-0.3716520230547852,0.31165550965543315,17.234889399499565,64.45845623148838,-14.102993279271638
0,0.3314545141034029,-0.3715873687045045,0.3117743887352519,17.103285750358975,64.4070354612532,-14.295392541356478
0,0.33081848933028196,-0.37173414275807803,0.311761758511024,17.073579523380605,64.34445286571312,-14.427857943573045
0,0.3305575163535974,-0.3715114943758912,0.31189965266461894,17.0531514206052,64.29926559519147,-14.563569995334637
0,0.3304274754099748,-0.3714167754427857,0.3119327082085185,17.049995653358415,64.27717257742746,-14.685625449088134
0,0.33022716431545235,-0.3713298980967469,0.31196675557370707,17.041090527653505,64.26669667950931,-14.799930561388907
0,0.3302689583473108,-0.37124092862767644,0.31206696051831767,17.009126109906305,64.28161337338054,-14.919475331418958
0,0.3304184967152975,-0.37114421055478525,0.3121698309826426,16.932222233394725,64.31222285470326,-15.050992077761773
0,0.33075421466158844,-0.370980467058844,0.31240407127614545,16.699867321281367,64.35764272080507,-15.277550870263077
0,0.33086557178424814,-0.37086034820241404,0.31253885049100444,16.48153445182491,64.38923140396953,-15.480130143942798
0,0.33111272318886736,-0.37068457887334294,0.3126850511478953,16.258656976205415,64.40757286071621,-15.66417673197149
0,0.33133662878202413,-0.370476373888678,0.31279954451795144,16.042239844733185,64.41665789628142,-15.830037878633922
0,0.33196511803792933,-0.3700633733050293,0.31305177706952614,15.78971806521734,64.40778562236746,-15.984013388283437
0,0.3322091312580011,-0.3699387292639679,0.3130577434944682,15.565745082159035,64.3966344572624,-16.11045983190683
0,0.3325692573063276,-0.36971349284810495,0.31312655109639687,15.386416696833319,64.38345310590375,-16.192773587086123
0,0.3329276011757753,-0.3694809572474427,0.3131984116482311,15.238143912533683,64.36941744611005,-16.24448661120122
0,0.3331435160212419,-0.3693781487719483,0.3131206621574931,15.11186396956011,64.35853868279847,-16.27219871059468
0,0.33419732614087083,-0.36885121271771854,0.3131742050098948,14.96408645809676,64.35673841888166,-16.25285918462259
0,0.3349409983925722,-0.3685390369669861,0.3131774129318766,14.834150677120096,64.36425096288961,-16.195827962392677
0,0.33548400117682436,-0.36840249107045603,0.31306450027699995,14.705404995737567,64.37990549684262,-16.123769633420707
0,0.3363621310763261,-0.3680458383337921,0.3130673362659984,14.574401070520302,64.40302937908108,-16.027057928676626
0,0.3372662187986276,-0.3676403074042267,0.3130743874954752,14.43860677282418,64.42710428772185,-15.912982837823483
0,0.33905107094573,-0.3666380719916291,0.312965566103416,14.19356501638381,64.43835341934218,-15.78947317114622
0,0.3397729889922044,-0.3660810403601593,0.31289110202069803,13.918868206404726,64.44313358044498,-15.720824395181555
0,0.34106022580193496,-0.36525965736073923,0.31296903747792765,13.562340898956512,64.46613566523554,-15.719906983809905
0,0.34248176528738955,-0.36444591448468633,0.31310434359784645,13.16446918142124,64.52639710647273,-15.73499481924412
0,0.344348597662916,-0.3634673897997803,0.3133645727085642,12.694752511484834,64.63111258487766,-15.749905866657333
0,0.3477721826605699,-0.3618442432658142,0.3135642542290263,11.993934238775397,64.81515519519994,-15.719185565526987
0,0.34956685616301514,-0.36097055719060367,0.31356766361470745,11.375239999628251,64.99010959195947,-15.621741485718058
0,0.3512993083767793,-0.3600084750430054,0.3135444797920756,10.819514452320638,65.1478363801288,-15.491831521762329
0,0.3530495630078218,-0.3589752297179169,0.3134801818775706,10.332102267331809,65.28523610145658,-15.30493718085531
0,0.35483426018284775,-0.3579193429724641,0.3134184100079112,9.882227805328773,65.41186994802094,-15.090238014905689
0,0.3582059101633928,-0.35551592753095096,0.313275680725532,9.43379382968776,65.56337944463164,-14.710655145738688
0,0.3596911431722543,-0.354346539236731,0.31297266382451583,9.111030867473522,65.70230270835721,-14.290197867305915
0,0.3612516732387445,-0.35313980267209477,0.3127683486389689,8.892982039894871,65.834250285872,-13.84674093174593
0,0.36302329464482286,-0.351775134064383,0.3126753653931193,8.734299115472478,65.96510326305219,-13.376255038388631
0,0.36431078328417754,-0.3504856889025635,0.3124315788197093,8.635368536378703,66.09200557353803,-12.909162228848167
0,0.36581957204865434,-0.34906851575536196,0.31220674533124493,8.59274118452611,66.21644697240667,-12.4120887145853
0,0.36872866912411667,-0.3460048727766938,0.3117501356052928,8.526132169989706,66.37607643985099,-11.770810075840505
0,0.3701369972400568,-0.34446936295194097,0.3115781630920939,8.416945871837411,66.52138483910488,-11.223677709196382
0,0.37174194617794976,-0.3427528767363496,0.31142835158582255,8.273988443328651,66.66518310795792,-10.720217251669961
0,0.3734243617825411,-0.34090602801007697,0.31132462877507733,8.09349864146205,66.80055578713424,-10.241120159124401
0,0.3751339362435243,-0.33900010392827457,0.3111904074596934,7.862459637564891,66.93521824851942,-9.764118642351978
0,0.37862989320086454,-0.33487886951131296,0.31117336053128763,7.433678789194675,67.11617143330628,-9.183224030585647
0,0.38059255643414475,-0.33258302018804026,0.31116739410634564,6.978598150990371,67.30246832172953,-8.65641368876899
0,0.3823039518170259,-0.3304555945174164,0.31106182712789104,6.577386199804997,67.48389002998942,-8.118976400722575
0,0.3841520713143251,-0.3281493465678162,0.3109148206162028,6.205503145993049,67.66535771374822,-7.5535900221202965
0,0.38624493046330427,-0.32550056383771364,0.31077909607167764,5.837914872362997,67.8566339526065,-6.941862448326721
0,0.3896404074005983,-0.32092843816441957,0.31039893407102154,5.48362011872417,68.10608341656592,-6.0088886877621155
0,0.39130058451222405,-0.31850630209607544,0.3100457837032847,5.237057789523201,68.33860675360988,-5.0777298299842135
0,0.3930770487956904,-0.31602082894010014,0.30963822263951823,5.119298944143726,68.55863614039788,-4.084244759182262
0,0.39464259608315444,-0.3134549717680878,0.3091570188450389,5.073237518494948,68.7592385926007,-3.056953461450316
0,0.398069396751394,-0.3082623069064087,0.3081447102474742,5.232343307311033,69.01502801701363,-1.5004791858236408
0,0.3997504176072977,-0.30552918837232057,0.30763454217191266,5.442761151199581,69.24769519682684,-0.01151670767050413
0,0.4015538470320604,-0.3029343049303955,0.3070029999661021,5.734672430025067,69.4786360655471,1.4911973372007095
0,0.40332448049115166,-0.3002653913275666,0.30643941301579997,6.087868505909045,69.70712170564674,3.020147093102028
0,0.4051304863266848,-0.2976311217324204,0.3058271958279185,6.490557853759496,69.93841060582591,4.590113209892244
0,0.4069639997057818,-0.2949673067109055,0.3051570345806651,6.929751448026269,70.17457399857862,6.192389067696053
0,0.41028722091244674,-0.2895056723133988,0.3038923849510722,7.518115335451563,70.480515595974,8.317510422655939
0,0.4118724109105966,-0.2866578899399705,0.30320649403806255,8.0712853492031,70.7492758056189,10.261899281025912
0,0.4133848221473596,-0.28392595694226685,0.3025475992607646,8.57088726757356,70.99598626904084,12.025613623496715
0,0.4148663164548777,-0.2811326627509064,0.3019081534790568,9.005151158578242,71.2305192148544,13.63869498114513
0,0.41645228131340956,-0.2781369052903122,0.30139152306790873,9.342985753227664,71.46792495451272,15.114843032580719
0,0.4193196134142778,-0.2726084236876435,0.30025982398267315,9.66942020271319,71.79413653358118,16.922316945769985
0,0.4208571688704393,-0.2697343038098282,0.2996730842041545,9.942341165728996,72.10151453891801,18.540691498262444
0,0.42210384173916793,-0.26700153396291204,0.29912254590268655,10.176069010100568,72.38324658050125,20.011482391831148
0,0.4234712184839151,-0.26416123674077463,0.29859751600499673,10.333340748640888,72.65454273947172,21.343082260785064
0,0.4248150394730471,-0.26135745093984075,0.29815541166539716,10.392996881968042,72.94034409772645,22.541258170990567
0,0.427698856728544,-0.255683032132811,0.29727061409230754,10.389382357525871,73.3443922964412,24.017502582186214
0,0.42906102253722167,-0.25290583954019014,0.2967540146755748,10.406901344433596,73.7109321868448,25.369949203810357
0,0.4303289653234384,-0.25027006671590274,0.296308888380485,10.417010987122072,74.0476107948626,26.587826290518557
0,0.43149778409527756,-0.2478696732298798,0.2959137405800395,10.42790221017548,74.35928452177201,27.69586239594531
0,0.4324774400763415,-0.24542346999806827,0.29533665556188154,10.435480542660546,74.66713498579489,28.749192069231565
0,0.4346168295912646,-0.24048183665437167,0.29442132848973795,10.516236913396071,75.06328591343261,30.15329363179596
0,0.4355977640919588,-0.23816808805627293,0.29406932491536664,10.597512122643861,75.40987810279918,31.382606246798243
0,0.43639344884680725,-0.23599476740521852,0.29365015644307657,10.65537949612576,75.71416581729405,32.45738185110128
0,0.43724259896801926,-0.2338256077544159,0.2933512772965007,10.68561471338074,75.99210529479123,33.405617816807414
0,0.43796813948677993,-0.23160238609475559,0.2929823507713847,10.75961431199968,76.25575180701853,34.321633198776816
0,0.43936261697339035,-0.2276917626039452,0.2923095395016245,10.872875852584407,76.56385306207179,35.41320608309202
0,0.4399091647438905,-0.22592418596906133,0.29198690313573405,10.9935555303597,76.82309315546354,36.37336039861153
0,0.44041139050053574,-0.22425661281508869,0.2916977872299723,11.16631100004292,77.04304926909828,37.27727117402454
0,0.44091654135512337,-0.22258767978114552,0.29135515946622415,11.41163626147787,77.23943285757092,38.19456734563627
0,0.4417792127900026,-0.21972533003253406,0.290525950376945,11.906029337839225,77.46796376613214,39.48861346635458
0,0.44223269982861496,-0.21822333291930623,0.2901150419163279,12.418795542477499,77.66769840943756,40.699364038628204
0,0.4426801429562471,-0.21680535004300538,0.28972536463017984,12.976151364400291,77.84254128406063,41.88211697713668
0,0.4429469855003259,-0.21571562514466708,0.2894045724319987,13.502685157936718,77.99148995966455,42.95375081261196
0,0.44327461584137895,-0.2145492084400124,0.2890142907547526,14.020406807253485,78.1315599683798,43.97577912170955
0,0.4436410860590837,-0.2134812958614296,0.2887435390400462,14.473604625840252,78.26363170325861,44.89076969331141
0,0.44515041722582793,-0.211437965788073,0.28877282876248883,15.138979181977676,78.43579151951283,46.095822890258006
0,0.44576693488882996,-0.21030619696540304,0.2886451627659373,15.700305526813496,78.58121304775312,47.12451035715935
0,0.44601897759961107,-0.20960580066604084,0.28848834652181193,16.114907604167716,78.69944439932607,47.935820220009674
0,0.44629742367791153,-0.2087860719935364,0.28828444976087136,16.43408320779175,78.80589624301953,48.6110405767392
0,0.44642376466320977,-0.2082175298110909,0.288252339546638,16.60305856864433,78.89041592032852,49.07222275052226
0,0.44675863994883513,-0.20718070075673525,0.28814612168546244,16.643306159917127,78.99323579286057,49.409947757803714
0,0.44685708596037843,-0.20687303856772846,0.2880847062515788,16.62319239796015,79.07939342203582,49.61651736498827
0,0.447071838515272,-0.20658348099154897,0.288027490560966,16.594713426207573,79.15761054287466,49.76706019001794
0,0.44720842702912306,-0.2064365015999741,0.28798414487119245,16.54428018285389,79.22569807513861,49.85464109550072
0,0.4473462165765665,-0.20639737502498096,0.2879504229473643,16.498671949221347,79.28150950026178,49.91177249108536
0,0.44770513190554595,-0.20649545685214465,0.2880223919796519,16.4589034666238,79.31955894595116,49.943780651439525
0,0.4478851126007936,-0.20668639407319492,0.28809340018506574,16.429614873088614,79.33500030640128,49.94601686829147
0,0.44790769978093126,-0.20696250394744342,0.28815087932820843,16.38497368576649,79.32819510614124,49.901937629377784
0,0.44812580360697724,-0.20731003657741015,0.28843739170308635,16.301988465711865,79.30290206339022,49.76856582996714
0,0.44809540970849016,-0.20777196571988527,0.2885526599335246,16.196630173133734,79.26013770643219,49.579955665440266
0,0.4481365547947786,-0.209046091891951,0.2888665558743052,16.070596668000206,79.16722433620066,49.23274273519682
0,0.4479884983472727,-0.20979656354350512,0.289005193893867,15.970906211733386,79.06702829188922,48.88909670693168
0,0.44783402993010496,-0.2106425716058678,0.2891404845165782,15.905265361682426,78.95983486119857,48.561722196191006
0,0.4477234767250917,-0.21144388959569402,0.2893613972115092,15.885017055198468,78.842641281321,48.25803338137102
0,0.4473365308217905,-0.21333173618478246,0.2896986629414134,15.931266858752243,78.6674098029204,47.88911084693288
0,0.4473365308217905,-0.21333173618478246,0.2896986629414134,15.964003026411037,78.55354181168791,47.65191367110081
0,0.4468745590619943,-0.21537890569133228,0.29002683181043193,15.997599506464242,78.38025593320755,47.27118384893603
0,0.4466276498012446,-0.21642186389131013,0.2902692081379466,15.982935548275117,78.2211918374227,46.870633604432705
0,0.4463590250782869,-0.21759354964656297,0.29053125042195843,15.947336631478764,78.06549965498681,46.45482765955354
0,0.44599621607588746,-0.21983853713435597,0.2909228648590617,15.882775584517383,77.87487170711942,45.92004910535209
0,0.44538771821783996,-0.22115104214114611,0.29097451705213123,15.759101322507911,77.69642982019688,45.378731716695135
0,0.44511399878787017,-0.22237282649440235,0.2912970294403605,15.61441095675314,77.52466337554358,44.84762859881104
0,0.44485953463839506,-0.22356012956065602,0.29160768646474405,15.46414134469898,77.36019966321466,44.335769551377595
0,0.4443652512006663,-0.22502926484507985,0.2917522134232097,15.295778229876069,77.19811431628351,43.81492932430729
0,0.4432816089563273,-0.22807598874730534,0.29205910462613627,15.084418937072975,76.95790721524871,43.092525352819166
0,0.4432816089563273,-0.22807598874730534,0.29205910462613627,14.956183815281738,76.80146361774668,42.63198542800909
0,0.4417502330117128,-0.23131552115840381,0.29248885769124555,14.670536539388397,76.54746282051701,41.77367317177221
0,0.44116488410758004,-0.23288711235684817,0.2928186692642741,14.417422808455786,76.31509314280797,40.94835964785777
0,0.4406231404714487,-0.23448989555997318,0.293154044334846,14.188778753712294,76.10338413448153,40.15060523385633
0,0.4398837105803392,-0.23632865474385684,0.2932540633129649,13.97413038598045,75.91004780234061,39.40027870962168
0,0.4390475199990175,-0.2397102229372925,0.29396428484197185,13.71198971395981,75.67484401384151,38.48476927280714
0,0.43882281048821425,-0.24147072897118996,0.29434846061940717,13.54242196990432,75.47013839238586,37.75717265346538
0,0.4383284301929376,-0.24328332886857457,0.2946504856991343,13.418570150943765,75.26720496055721,37.123670481702284
0,0.437884163992872,-0.24513815090817875,0.29507069248433637,13.317837187845756,75.06230293425469,36.53221585930208
0,0.4364630894236467,-0.24884215400380558,0.29603526968236493,13.138839114540948,74.73126672346032,35.588873804869834
0,0.4353511647753618,-0.2508959291951126,0.29644557375188396,12.966057338786348,74.41422591259719,34.62674407974766
0,0.434375441210737,-0.2529240642563767,0.2970402481007152,12.802044415218305,74.11662745238286,33.636688409723426
0,0.43319139643238996,-0.25494755015534826,0.29738422412152815,12.664685067396642,73.8471379209243,32.64167064253338
0,0.43240429325627305,-0.2569140450732178,0.2979778446602397,12.562255072348337,73.6138864212987,31.68927096617627
0,0.430216862397661,-0.26113898680371705,0.29863453883405255,12.525128325087037,73.3601694474117,30.512948761395446
0,0.42928619696425413,-0.2631885235087342,0.29907754201169534,12.546695031705422,73.12817333244328,29.515084889080338
0,0.42788081331776595,-0.26524484024209444,0.2994065632271342,12.577649710647565,72.9033698374784,28.59260014487232
0,0.42653238190936066,-0.2671724681631989,0.299827126448112,12.56774066027756,72.67125904833138,27.649070167288535
0,0.4247226761155031,-0.2691589234845108,0.30020789283986615,12.499773708266275,72.42566527172873,26.64776658501438
0,0.4228795932106874,-0.2710853348748154,0.300578772013145,12.377922011426298,72.17855002414437,25.582266615836346
0,0.41944498582409834,-0.2748829566018052,0.30125646490331215,12.175999099972566,71.87310406693386,24.107661281178885
0,0.4178418965511224,-0.27672991380853124,0.30168999928708595,12.01521049025972,71.61982893878138,22.794421899843087
0,0.41615870608614897,-0.27859168634576265,0.3020283188271098,11.89079027386594,71.42155522509043,21.61633167863597
0,0.41466361297892546,-0.28039363966149755,0.30246427077527577,11.835078225223649,71.24979416958621,20.577752716701394
0,0.41289036436604476,-0.28231241092843484,0.3027311171936564,11.896823043074221,71.09161112082333,19.70436697082491
0,0.40932158990429857,-0.28614129052323767,0.3032269813465648,12.149064822630564,70.86610427986298,18.77256762652588
0,0.407493636148443,-0.2881290011183686,0.3033800627636485,12.450623092413377,70.65667310697455,18.021102671552338
0,0.40581213100480057,-0.29003701732320253,0.303602556173759,12.788749985080788,70.44967136807435,17.383041471450124
0,0.40397429777907357,-0.29219273314637606,0.30368782181020304,13.15392881134355,70.25352441759365,16.83709918954676
0,0.4006922022871873,-0.2963064824120468,0.3040028955387645,13.580483373457797,70.04613636690503,16.148671956549315
0,0.3991241560749911,-0.29844759986562197,0.304275413935142,13.913107370559212,69.89108956314132,15.500298656702812
0,0.3975441963844202,-0.30045845554036565,0.30467345971341653,14.19834027556106,69.76151031581762,14.881673122320377
0,0.3957434983425043,-0.30251797244710393,0.30501009005780744,14.39927610858091,69.6430329818275,14.208156670599688
0,0.3938544274740122,-0.3045166938082642,0.305560814325767,14.481640978663455,69.51293578514576,13.412889702655093
0,0.39197758002804733,-0.3064391379134125,0.30605715889211227,14.439959825667351,69.37410007793719,12.509279236869524
0,0.3882844211034677,-0.3104812590853638,0.30716489929433394,14.184145899657906,69.18257900843857,11.110129785481995
0,0.3865426124505899,-0.3125035826937622,0.3077786817001872,13.87997355919179,69.0214436284255,9.779719277560162
0,0.3847650827340982,-0.31466824815434885,0.30836441416020915,13.550419376005886,68.89137201557337,8.495430126654195
0,0.38249233974741914,-0.31723002956075136,0.309184944813209,13.174657786691235,68.75657563319174,7.148026111284554
0,0.3792840497069262,-0.3206643657462067,0.31040006536717935,12.67927655143277,68.5729307264334,5.523059419453882
0,0.3770280630760095,-0.322562510229773,0.31100724596257734,12.280946429249378,68.35886301028772,4.055357469204328
0,0.3747251780204675,-0.3245405118243164,0.31160903352971603,11.913680717076039,68.12413328810295,2.6280702312656534
0,0.37262085093783354,-0.32622474835080567,0.31216053265805765,11.604981665728834,67.88867693719479,1.3011261265041403
0,0.37071473314093567,-0.32804438398045965,0.3127206327366404,11.343347215773244,67.673278619018,0.05412421434676549
0,0.3686611206703088,-0.3298746506945557,0.31321646589513347,11.165949893394629,67.46590325662764,-1.076581031708787
0,0.36499949856327996,-0.33367912218732304,0.3141400064873271,11.125053303933822,67.22525568803773,-2.2689526261858206
0,0.363146478074064,-0.3354564039484925,0.31451254386182353,11.18354053031924,67.00642511127592,-3.189270893752048
0,0.3610033692293069,-0.3372759775893158,0.3148408677029185,11.303223124795336,66.77208905428323,-3.9722705271798633
0,0.3587376774721048,-0.33896407292050784,0.3152370228218607,11.46533217980711,66.52037656809955,-4.651840705431041
0,0.3564829306177995,-0.340623668886847,0.31560660022969766,11.666213724664658,66.26120392239662,-5.249375674934311
0,0.35212339176463103,-0.34361228988332215,0.3162988449978404,12.014013014126537,65.91882838575405,-5.911325183696432
0,0.3500431047253511,-0.34519700334233705,0.3166255106377177,12.36935435432349,65.62742829596128,-6.433375633319739
0,0.3483363003902338,-0.34680911586446234,0.31675072807546184,12.762572248741256,65.41006796658138,-6.764653476888883
0,0.34638543440627073,-0.34828479097051096,0.31694969672437234,13.175993818016616,65.21345612758388,-6.9772463303438235
0,0.341477449374666,-0.350730451800055,0.3172925414490275,13.969860024539088,64.85549322155904,-6.839630854228036
0,0.3392186345033548,-0.35202389524144595,0.3173778225826792,14.690529618772189,64.51817067251471,-6.717454920474442
0,0.33700020922945956,-0.3529827229754395,0.3172810580181651,15.337095207523529,64.19559755296834,-6.604758960043917
0,0.33472645892428377,-0.35406983659429025,0.3171017398285441,15.906716328002581,63.90395151694963,-6.5334154597623435
0,0.33262916369961715,-0.3549004869238801,0.3169920970844798,16.409199057534806,63.639203798762765,-6.487194213276759
0,0.3295397178702257,-0.3563452141062684,0.31671744007344776,16.963685457932655,63.40168192869731,-6.452999994377796
0,0.32871191515254,-0.3568586675898499,0.3165282191681437,17.33460851828018,63.26760709141403,-6.490927272445667
0,0.32781761004256227,-0.3573586694971986,0.31641307491536663,17.595030759712174,63.192566376971214,-6.586414170762823
0,0.32732165096925714,-0.3576794307009644,0.31623335379834694,17.720213671802256,63.18878645593826,-6.760701071686893
0,0.326943867789974,-0.3577878801600404,0.3160774053978496,17.67348778876693,63.24662356681815,-7.091069796599763
0,0.3278116629891298,-0.3582239250914521,0.3156369437622599,17.515538234147286,63.431028965259586,-7.491790022823456
0,0.3332425431780717,-0.3588478426711029,0.3144322373318248,16.786115047152506,64.09304243138523,-8.428829576653676
0,0.33634070618676165,-0.359136338688559,0.3137712659287028,15.973455629988845,64.79749649568566,-9.345726058188726
0,0.3388648138813875,-0.35942801163358157,0.31312732595677895,15.140259243499173,65.48807577041889,-10.189082362311687
0,0.34135600938128446,-0.3593988768832154,0.31270856041188766,14.23057536540662,66.14561540245566,-11.052140974730728
0,0.3431636036806009,-0.3592066340224213,0.312485555593925,13.314977175486337,66.71414374227696,-11.851123042175685
0,0.34357856078671434,-0.35847339914006654,0.3126438440727763,12.35044947969764,67.11922460823476,-12.60237986108449
0,0.3441246242694757,-0.3581035737769074,0.31258159178968,11.565507306534597,67.40243689996605,-13.184578424199865
0,0.3446491466336153,-0.35785561845464176,0.31247027534719035,10.960269728909312,67.59986208767074,-13.583437537869804
0,0.3461670012645624,-0.3576714961306519,0.3120849682735972,10.369339235414884,67.8206824082431,-13.973727477556972
0,0.347474946218004,-0.35740378186864324,0.31165524620290325,9.856246633027656,68.0329128318586,-14.277660487368792
0,0.34977930350827197,-0.3569005565421051,0.31093391317601726,9.432432737914693,68.28325844883204,-14.389431121168323
0,0.3507311807446382,-0.35664276049298715,0.31059055704350996,9.201336527336059,68.48421878286221,-14.325065943914174
0,0.35132795883940676,-0.3564117901102967,0.31023492712255046,9.105456701945522,68.63265743304783,-14.133181885600774
0,0.3521573887638948,-0.3561108498351044,0.3098723699497752,9.145707616486474,68.75001745660624,-13.796073328655156
0,0.35290385051297163,-0.3558526663557954,0.3095557774948649,9.253128063940531,68.84737095277224,-13.405055824944485
0,0.3547417224817178,-0.35514176294965216,0.3089102258133464,9.354310522875982,68.97005108987986,-12.927959350102826
0,0.3555665807299516,-0.3550229923502869,0.30842598456616926,9.433504651291253,69.08975340813512,-12.512402044222743
0,0.3568144933752916,-0.35460500166577763,0.3081452216553263,9.426784632186658,69.22317968519671,-12.194734952392833
0,0.3581139342360399,-0.354244707085318,0.30780567783589885,9.382279294539652,69.37077034810176,-11.918428964517702
0,0.3609985457234285,-0.3535664407984681,0.3071652092384868,9.147810226176212,69.62321761833743,-11.71107023173115
0,0.3622869641952417,-0.3533745698706574,0.306702571098762,8.882728255451305,69.8614641695819,-11.575408915588527
0,0.3637558282785318,-0.35302750990552373,0.3064007164883189,8.553646049822047,70.09597761527448,-11.530228123112067
0,0.3651432157926462,-0.3526121072546906,0.3061127783703379,8.193846772296343,70.31899570362685,-11.53479457978852
0,0.3663970367483995,-0.352019354559607,0.30599788207288314,7.811094913996309,70.53203226053196,-11.589334851041295
0,0.36752831353472687,-0.35163959548634954,0.3057616581368022,7.432107230036196,70.73439598595529,-11.657575521451573
0,0.36941982521342254,-0.3509839706198639,0.3052598895477824,7.000439503963462,70.98060946607826,-11.699709801350656
0,0.37043355567978836,-0.3506669442431397,0.30500875729795024,6.631964146840612,71.1977339993338,-11.723127954543287
0,0.3711980523042581,-0.35035789892835084,0.30479604262586163,6.337551151902364,71.38451196334964,-11.715952907436272
0,0.3720386595897577,-0.3500390593783326,0.3045755328583293,6.077512879906459,71.55753266735415,-11.702154218970636
0,0.37296455963181474,-0.3498038427607484,0.30422946471448464,5.838986423953043,71.7322800813872,-11.687680486496149
0,0.3749198423199557,-0.3493506114260621,0.3037216832088999,5.5974660186548135,71.9779034048506,-11.616523348100529
0,0.375954648988714,-0.3492007224337525,0.30339058536763713,5.406683732873154,72.21197426887716,-11.52312022464435
0,0.3769483686857126,-0.34904350326222844,0.3031181289600902,5.246121551516197,72.43688198532557,-11.416974361168535
0,0.3777204976849458,-0.3489037494437165,0.3028749622749858,5.12995787204461,72.63929524132298,-11.285517570874772
0,0.3786444412045381,-0.3485496382491059,0.30252770084615277,5.043244332219428,72.8388801946623,-11.073007651711027
0,0.3789160685114763,-0.34838428304357,0.3024647356915049,4.981914360985584,72.9841472317521,-10.885251497298588
0,0.3792959631853007,-0.34809561655682986,0.3024212815212779,4.936110185451508,73.09842864036968,-10.715069486094636
0,0.3795298547916315,-0.3479531817213959,0.3023578204559855,4.88436985848044,73.18794743811146,-10.594275352747882
0,0.3798815639190577,-0.3478151325957245,0.3022570576118998,4.823674080650683,73.2716366478104,-10.508004334324086
0,0.38076912774371124,-0.347526311136908,0.302086510841804,4.712175442220888,73.38186110956718,-10.476192558416068
0,0.38109191520737623,-0.3473854725138611,0.3021111359047465,4.626609200736578,73.46959362665923,-10.439143692884272
0,0.3813389406971834,-0.3472714905516571,0.30206752676244303,4.557763423149864,73.54430972129667,-10.40839190416629
0,0.3816022769980333,-0.34712361619634097,0.3020609249519877,4.522924176747868,73.60605969153256,-10.350481300044732
0,0.38150559379385923,-0.34717822835607004,0.3019385899948649,4.5136588377301825,73.64321054137741,-10.281842934570426
0,0.38164402260111785,-0.34709367559117743,0.30190660375829265,4.511275034475406,73.67257055325489,-10.211935475198814
0,0.3818619327120683,-0.3469301335589356,0.3019416429447703,4.477513170292522,73.69481518063448,-10.173271797448697
0,0.3823223160080812,-0.3467241601721711,0.3018878521370463,4.399596282563476,73.72812488565854,-10.160744294217373
0,0.38257709010170915,-0.3466554300562805,0.3018001224445872,4.344894215385958,73.766027733106,-10.135997545181072
0,0.3827697591357134,-0.34662677571935124,0.3017034508633189,4.320983433148575,73.80211533582894,-10.09105077563609
0,0.38303906186150527,-0.3464954678790039,0.30159194845433757,4.323589078973829,73.84205662742708,-10.00651868044078
0,0.38337118639277434,-0.3463023106829591,0.30162274140592144,4.345968085236857,73.88215158983644,-9.917933360552196
0,0.3834440038971803,-0.3461983709113068,0.3015582575249247,4.402155408889976,73.91662250231266,-9.80297631625246
0,0.38351825489329316,-0.34609579489392706,0.30149896520848796,4.476138225825196,73.94587177251623,-9.674404186946548
0,0.383640372889509,-0.345942465521521,0.3013789548325115,4.5767549080327585,73.97480782519787,-9.512250466368801
0,0.3837408141665361,-0.34580446288747263,0.30130304950948283,4.675197189415575,74.00021224102193,-9.348380431194785
0,0.38437005891131376,-0.3452864687220521,0.3012635471272044,4.714825375842475,74.04034639451689,-9.198204662988342
0,0.38453134609984374,-0.3450903515593476,0.3011463882374339,4.7320649977999825,74.08073645119995,-9.075092399880585
0,0.38480351580904937,-0.3448387233988709,0.30103724140401417,4.726092532772032,74.12695050615639,-8.979868167564346
0,0.38509619994687055,-0.3446058313624329,0.3009058715748362,4.717318369144099,74.17777064510675,-8.887836619735019
0,0.3858610452585123,-0.34405103132886355,0.30064683574910694,4.747015623608239,74.26690867729478,-8.712958695969181
0,0.38615994765089967,-0.34386724994344187,0.30041952270741984,4.794850020548351,74.35050717251004,-8.52671004590813
0,0.3865072013311289,-0.3436456088797516,0.30022758979077857,4.831888142620044,74.42730328188571,-8.356711649643337
0,0.38694629533814406,-0.34338632509870004,0.3000330843376689,4.823955274527994,74.50329838278375,-8.232857303386723
0,0.38739292486237503,-0.34309471414250803,0.29984222072835487,4.76110412342729,74.57971060122382,-8.169666191270226
0,0.38829461051749214,-0.34248187706632083,0.2994655146050028,4.582346887008928,74.68886340777313,-8.178473819658654
0,0.3887978242211244,-0.34216145680112314,0.2992521800446086,4.414504622961111,74.7917350634037,-8.190870587627414
0,0.3892157064251802,-0.34192005679768983,0.29896855015035195,4.282918981232477,74.89105146605466,-8.173072466449579
0,0.38969623609112725,-0.34162892625493474,0.29871509331937357,4.189700906347934,74.98676330514708,-8.121605233733035
0,0.3902319164447687,-0.3412578146235413,0.29841353315587565,4.141033941750454,75.08082303532183,-8.021753093279653
0,0.3906812192373178,-0.3410042803065247,0.29811962861295277,4.147427798937219,75.16992439111985,-7.873845291828229
0,0.39171782745646455,-0.34029458568257753,0.2975460459637217,4.212245192959921,75.2898777331641,-7.631964326186268
0,0.3922091276817224,-0.3399520818964905,0.29718579787488514,4.3033845212788915,75.40343196062211,-7.387675029584372
0,0.3926996143035791,-0.3396085088030762,0.2968591477322154,4.394010961476512,75.51254512555202,-7.162070246205297
0,0.39314204021023735,-0.3392595736758179,0.29654480237241315,4.481067790443402,75.61627564327816,-6.954919531796079
0,0.3942322881393335,-0.3384697584883637,0.29593377846952007,4.594764911237721,75.7590624125353,-6.6803780580846714
0,0.39473889185713745,-0.3380913631693787,0.2955819763588481,4.717384405233796,75.88979765454336,-6.408178693298691
0,0.395296190815439,-0.3376739923731751,0.2952447881149821,4.864028215825408,76.00950328247318,-6.112176373510242
0,0.3958059133462809,-0.3372451691405244,0.29488257188077494,5.0250214966383036,76.12104989150929,-5.800017774314176
0,0.39647942199038483,-0.33670896575612497,0.29440432805295513,5.204762700894664,76.23448026731229,-5.462419624495591
0,0.3967876808218858,-0.3363467805163331,0.29417534131284284,5.3522048179681425,76.32596404340597,-5.181740711338233
0,0.39758886708544716,-0.3353545562998719,0.2934453918385081,5.551441364638271,76.44047354807076,-4.805630622376426
0,0.3981359572582147,-0.33478419706983037,0.293072622005897,5.7496201874104065,76.55275551344046,-4.4307017537740805
0,0.39868769659327485,-0.3342575554625458,0.2926861991333537,5.977485419762885,76.66525490403686,-4.019946220736142
0,0.3992633791141412,-0.33359594867391057,0.2923687853264384,6.214666255265378,76.77516079270947,-3.5913630646600208
0,0.4006541178994082,-0.33235273168248597,0.29170192498441266,6.592908082210205,76.92518596206116,-2.917949677590654
0,0.40133024169730164,-0.331724149443335,0.2913359119343333,6.941465578008115,77.06195925117926,-2.288367428075636
0,0.40200808955954537,-0.3310511986987061,0.2909665979790263,7.2480955332994945,77.18916942630138,-1.7120084753542246
0,0.4027543188505075,-0.33040622041387024,0.2905879392075114,7.539776289114033,77.31293350390145,-1.1568279144006985
0,0.4035906837754152,-0.32964513704938364,0.2903263308453135,7.807464006858734,77.43061509471345,-0.6259642031996145
0,0.4049409554772279,-0.32832519338292543,0.28968270081754255,8.179984377245495,77.56199730592465,0.09972813745617895
0,0.40554770989941574,-0.3275685577170319,0.289293736402946,8.557625384388182,77.6667730438086,0.8096703265662017
0,0.40604997439908,-0.32702057645482485,0.2890143217491679,8.915369250822556,77.7493087770165,1.4485153428804431
0,0.4068203987054727,-0.3262027578131623,0.28872142452474164,9.29413824925703,77.82756974120785,2.0954766181944087
0,0.4073679925374888,-0.32560783550900885,0.2883943094658427,9.688346454973574,77.89539971218349,2.7296713192740922
0,0.40796335651205995,-0.32496648357076113,0.2880423523830943,10.110983634756387,77.95737619836355,3.3823026862895866
0,0.409233100848665,-0.3237115041987366,0.2872866310524516,10.818627366148553,78.04626222164089,4.400564412080975
0,0.4097855763010881,-0.323228843666739,0.28700182337041424,11.484130048465898,78.1230870780064,5.342502460165086
0,0.4105096058421037,-0.32266521022481387,0.2865711094784313,12.173420248505947,78.20268532680355,6.303611165707908
0,0.41115049286412214,-0.3221233813540406,0.28628292340512795,12.798574110626534,78.27344335081158,7.180613386592009
0,0.41188643588351226,-0.3216116015688843,0.28588886040921735,13.408028026576504,78.3472243001653,8.042178086435321
0,0.412955646353235,-0.320635773398108,0.28524684209104106,14.098901281973774,78.43387541994908,9.037373169979654
0,0.41337426467465377,-0.3202443914191193,0.28500899094815785,14.646705679604274,78.50528107162377,9.833648709270294
0,0.4138536514215372,-0.31974318072957464,0.2847954394268565,15.105082813055672,78.57167189356116,10.507508410779813
0,0.4142631651334665,-0.31935164377850955,0.28456516641850993,15.465301981560037,78.63495278632254,11.050296498771191
0,0.41503730876969314,-0.31856698916119996,0.28418949860806986,15.789628449926203,78.71222928049023,11.57963397569753
0,0.41532559557484605,-0.3182654135004945,0.28404853600736185,16.011416494001892,78.77637891033987,11.96392718235766
0,0.4156415448956392,-0.31793123171491094,0.2839540340351634,16.18181091748102,78.82540228445411,12.269734522424653
0,0.415819355981817,-0.3177320461050935,0.28383881229634805,16.306986557956513,78.86647277063788,12.497820653126292
0,0.416018049555292,-0.31751364395780035,0.2837558247494273,16.398965687191726,78.9017488446185,12.670581807125215
0,0.4162721456460855,-0.3173645143286652,0.28348409671063945,16.565175592632787,78.94179297830112,12.898328011013183
0,0.4164880798630617,-0.3172379176394409,0.2833492555069499,16.720160569980056,78.98135252299414,13.106119326692655
0,0.4166037665181062,-0.3172122232691712,0.28323149222608135,16.880563856099013,79.01645578922847,13.308507371798578
0,0.4168299482636354,-0.31716114447278443,0.2832241310524516,17.047979111984926,79.04873726466928,13.509424469562463
0,0.4168725268416308,-0.3172422258631653,0.28311306256528423,17.19555860773356,79.07298605625707,13.681563313709507
0,0.4168431402616403,-0.3172885625140137,0.28307819384809063,17.322010844864277,79.08782144655069,13.819937301820499
0,0.41657190038489317,-0.3175524954573578,0.2830249764370494,17.48272028612812,79.08358960034388,13.960499502968734
0,0.41657401187943444,-0.31757958457631535,0.28305485505338235,17.638262146676933,79.07892692571232,14.098274892554572
0,0.416476650672426,-0.31769533322019045,0.28303349990125226,17.778400869881086,79.07122902171815,14.214622086341821
0,0.4164084435872934,-0.31779863760632937,0.28301445383306073,17.902191046564255,79.06255877535774,14.314924928117067
0,0.4163551138214968,-0.31800019428891607,0.2829968954968028,18.08037179100983,79.04162828969328,14.475215786275024
0,0.41630573584364866,-0.3181257836596436,0.28300709265943097,18.215382754434135,79.019356734128,14.595789504308424
0,0.416250546412935,-0.3182089571730561,0.28302310127492475,18.30123617429035,78.9960492083925,14.668320247301992
0,0.4162516893319986,-0.3182084612624116,0.2831295670914226,18.36751153424308,78.97602727294937,14.726194025528065
0,0.4161509962253473,-0.3182932309882111,0.2831281413483195,18.44284386523472,78.95162873940625,14.78712188239096
0,0.4160649092368982,-0.31837107346219484,0.2831308223652415,18.519738484300635,78.92521352817559,14.848911151207169
0,0.41590885235594727,-0.3187087576167054,0.28302661914105937,18.68102086135479,78.89492957843001,14.982257348578905
0,0.41579157723711946,-0.31879616186780396,0.2829973294186168,18.834421485194785,78.87031083191647,15.109509242169263
0,0.4157967494301698,-0.3188500921503968,0.2829335894035868,19.00048626817617,78.85520012774721,15.254647798908033
0,0.4158416332178018,-0.3188533775584168,0.28294420499082135,19.14793032871688,78.84214455805687,15.386549979982686
0,0.41588839604186034,-0.31896783993405764,0.28277243394132184,19.33948646872932,78.83602742727622,15.578131743987443
0,0.41592748774813637,-0.31891561434430543,0.2828092553066783,19.47151693034485,78.82771747149333,15.716601072987094
0,0.4159833551816843,-0.31890974090260926,0.2827887370037608,19.564101241558408,78.82256653106057,15.818081282809521
0,0.4159524188809297,-0.31904022739095156,0.28274976152654224,19.650742306304053,78.81548750561474,15.907988525341182
0,0.4160100684933565,-0.31901530788106386,0.28273638743634744,19.721446595413667,78.80864563541506,15.987168412296988
0,0.4161931292586229,-0.31892503664655153,0.28275517005200906,19.82243721930655,78.80338300063192,16.111261217818743
0,0.4163179980091951,-0.31888497636479807,0.282722873871284,19.91584740397215,78.80002306919054,16.233412733870836
0,0.41634643538521743,-0.3188519363181061,0.28263173479314374,19.99049256022911,78.79611157188117,16.339650000675014
0,0.41645261062907196,-0.31878348515195315,0.2826044907021098,20.06868268459936,78.78991347759204,16.45633242076729
0,0.4164467023186586,-0.31886729405087894,0.2825229443954997,20.1691852531315,78.77929518133926,16.59572674106175
0,0.4165722297005556,-0.31879393026990366,0.2825014187740856,20.253162921959905,78.77079940968314,16.72265490288241
0,0.41663059605883573,-0.3187924270407624,0.28235858101125294,20.347479781613202,78.76211898186668,16.87622631763926
0,0.416717496650686,-0.3187401084677643,0.282344912474113,20.427664095299196,78.75274275718031,17.01084228283096
0,0.4169912354521654,-0.31848976657552186,0.2823932792591624,20.497210293462828,78.74320808484264,17.139993637550944
0,0.41710876240061745,-0.3184096460120148,0.28237452763791604,20.554579225778888,78.7355536736759,17.256107229378703
0,0.41733033372687317,-0.31822428391141366,0.2823702194141917,20.582167451444622,78.7290301997443,17.352603558510083
0,0.4175365047030351,-0.31799707935018007,0.28246701497312116,20.56463322597255,78.71794822928192,17.417270691319068
0,0.41759700192736604,-0.31798624680203863,0.2824452104019694,20.553027112492586,78.70854570227573,17.476591212766923
0,0.4177039520316027,-0.31785834834737253,0.2824884321140818,20.471175366283298,78.70308992791944,17.45700328882302
0,0.4178195030860804,-0.31780776546163025,0.2824740662025981,20.366434283574556,78.70091277087104,17.407815458791173
0,0.4179093868904017,-0.317697859265036,0.2824995901035838,20.24177108574786,78.70038696787294,17.33262772889759
0,0.4180754782133005,-0.31743174121541445,0.2826003994392924,20.061099531110155,78.69980635871885,17.21997158090281
0,0.41816346360968565,-0.317305888392157,0.28266527075048015,19.859128047880333,78.69975932571143,17.08595392149297
0,0.4183981688194177,-0.31711239025754395,0.2827861799645,19.661852840022828,78.70221397868399,16.955257398184035
0,0.4184340061120889,-0.3170054595248169,0.2828381266045146,19.471395665789494,78.70071914335516,16.82451146132862
0,0.41847660406159376,-0.31664428160352176,0.2830146088051371,19.20288695190514,78.68943112596322,16.63302567843989
0,0.4184720323853396,-0.3165358321444458,0.2830721499371104,18.963246213504924,78.6743185311494,16.45973906023622
0,0.4184980289511583,-0.316427940584845,0.2831227948116831,18.717414129946302,78.65600556864644,16.272343346124316
0,0.4184839846067331,-0.31634430215520326,0.28316536564107464,18.508439615488037,78.6375136068657,16.11340764402273
0,0.41857907934712385,-0.3162228660361237,0.28334198731656596,18.348409976122547,78.6202427478558,16.00345165016906
0,0.4185651899747751,-0.31615856812161874,0.2833720518993907,18.220052375123007,78.60371442607914,15.919043374386778
0,0.41858913316058144,-0.31596474454564516,0.283440874998527,18.118098146754146,78.57825919599505,15.867509616503964
0,0.4185639695696733,-0.3159254126326508,0.28344285864110513,18.050764883847243,78.555905664844,15.843362908048215
0,0.41858272119091966,-0.3158614711539216,0.28349077600713296,18.002243710388242,78.53649816122245,15.831158404698176
0,0.41853861226366973,-0.31584578797978824,0.2834798039841228,17.976545480918432,78.51911500248181,15.834082617550873
0,0.41848055584954247,-0.3158292679564423,0.2834747363972239,17.962150380302244,78.50173639055929,15.84243809987878
0,0.4183528588585756,-0.3157534866110749,0.2835036076950602,17.963487655485224,78.48301215709266,15.853416886717433
0,0.4183961735539339,-0.3156776742712921,0.2835970248627238,17.985781189803898,78.466901929352,15.877877176875195
0,0.4182973982267283,-0.3156941013113923,0.2835637368607096,18.02359027143072,78.45263865516104,15.908588742185344
0,0.4183510766796968,-0.31561195061368413,0.28368137616391703,18.064619943850747,78.44226702390588,15.940175961604833
0,0.4183015049867532,-0.315623201586432,0.28367172140355634,18.099092177435324,78.43519336962883,15.966537485170356
0,0.4182142169647119,-0.31557725236577455,0.28366670030828045,18.125988335400837,78.42795987377147,15.981083200124933
0,0.4181530804805659,-0.3156045739428467,0.2836415793346934,18.1659771675267,78.42328234954935,16.01076854547298
0,0.4180669160060785,-0.31575607464475103,0.2835704626488262,18.247795931068698,78.4190409115101,16.082703185580385
0,0.41805211617278076,-0.31581950471562814,0.2835230566906504,18.36093877654749,78.416282655313,16.192544707610462
0,0.4179552779965303,-0.3159281556384034,0.2833822800564341,18.643818385290565,78.40913725682714,16.47788772345797
0,0.41785520477818466,-0.3160477630869813,0.2832768060612254,18.968915855712083,78.396597970335,16.79678693526288
0,0.41786287589596727,-0.3161287050024933,0.28321405786748455,19.31649504666682,78.38573622183644,17.133090721178306
0,0.41776590211914993,-0.31627273605031436,0.28307619470830486,19.699355321192577,78.37282121016109,17.49154003084815
0,0.4177678780131243,-0.3163353757636017,0.28302475947614236,20.09916001695818,78.35682281623787,17.858054579537647
0,0.41747579439209914,-0.31657483861607977,0.2828576995777659,20.58940132671399,78.32626187803064,18.290701623951186
0,0.41733000441121076,-0.3166760043875641,0.28287395614858196,21.003335942159566,78.29354779786819,18.648367534364432
0,0.41713247312830903,-0.31680089638394776,0.2828766216682963,21.30669600045109,78.25737973696658,18.90017801407341
0,0.4170222879819772,-0.3168476824538178,0.28294945854421183,21.526287566825147,78.2225235397562,19.06989676448778
0,0.4168740571908853,-0.31694836781186525,0.28300538796659036,21.612988509963284,78.19121567278012,19.114504643752856
0,0.41663838340567566,-0.31713794515294497,0.28315915126081037,21.47184842190141,78.16916605049646,18.931009353327383
0,0.4165776924662493,-0.31715379879636235,0.28328923482175394,21.20808015643616,78.15815591221741,18.63617607632296
0,0.4166328237824342,-0.3170521371142334,0.2836067726063304,20.78318316676794,78.15617672229908,18.19137700546632
0,0.41661965115593885,-0.31694688007993166,0.2839366926598124,20.08681340371878,78.16743887004708,17.487290853264476
0,0.4165880755953691,-0.3168166105524964,0.28434964675183816,19.17765690424364,78.18568777208755,16.573618766215215
0,0.4166101397447489,-0.31629015491170354,0.28554195541616006,16.990403033804714,78.23075115929178,14.430053696004203
0,0.4167380691938303,-0.3158207754866547,0.2863510336327128,14.362529900066944,78.27421570761798,11.880911299695837
0,0.41698931767271974,-0.3151290731207794,0.28745584506269023,11.012166788699624,78.30462428208726,8.645596861807407
0,0.4172340185813806,-0.3143652467505402,0.28859268922086284,7.041822812152833,78.29517369969246,4.821818265417056
0,0.41758754863070463,-0.3132232730166382,0.29016168851132923,2.090736237896603,78.2103474788228,0.04622847580950548
0,0.41831117137001966,-0.3106889371649689,0.29334145206685597,-5.830988904224082,77.9015567877298,-7.6384912458734195
0,0.41852363808678605,-0.3091614084021515,0.2950836636471324,-13.33910197202721,77.38372050399776,-14.996850107910205
0,0.4187205882244012,-0.3076849739329285,0.2966391803669505,-19.994145302493457,76.69100950914486,-21.564449374344775
0,0.4183800952010057,-0.3061318902747101,0.29833085555310773,-26.022257782982358,75.81184787319603,-27.65819463988893
0,0.4180914015941522,-0.3045439378992981,0.29991577047582196,-31.297265989294846,74.78354415241368,-33.09752041743815
0,0.4173197375111482,-0.3028608016745515,0.30139189500089214,-35.815223498070026,73.61085571073335,-37.93564932081917
0,0.416241035001745,-0.29909787819547123,0.30432109970326954,-41.173609412283575,71.78580123189298,-43.91750355640816
0,0.41586592509078,-0.29707394287747807,0.30583640116925764,-45.221931571674844,69.96317099070525,-48.57370567939498
0,0.4155435250573061,-0.2950143639819092,0.30727415460820723,-48.3764535503291,68.14021963793002,-52.30301616250997
0,0.41548016084956146,-0.2931768213288254,0.3082139052795939,-50.74926004787611,66.38376272299924,-55.08938683540886
0,0.4156871066861055,-0.28986523077649545,0.3098886885094218,-53.14889744576053,64.23496433701321,-57.84852452111852
0,0.41592152132319427,-0.2888346044794984,0.3104150046753459,-54.825425303928334,62.480877874183136,-59.70890275665738
0,0.4161891774706743,-0.28787229762238925,0.31068321484799916,-56.10017736343857,60.993589685552294,-61.10624799801456
0,0.41627011163758254,-0.2877064077631898,0.31065621871228744,-56.97807081803426,59.8951427122244,-62.03449467378325
0,0.41591373397635445,-0.28796721801919406,0.3101236416744762,-57.52390476545957,59.09353090201241,-62.659183868077854
0,0.4154484496884248,-0.28867518470448916,0.30951636809583233,-57.87611695487849,58.54943695849556,-63.1926092925343
0,0.4148371817045114,-0.2889427749888367,0.30915734428639935,-58.110068005228435,58.116083079008064,-63.63121420924938
0,0.4143813313417337,-0.2892603437678284,0.3088901724266581,-58.22753827727067,57.808643742426085,-63.986231934078376
0,0.41375756873415925,-0.28958019063634344,0.30862826961751505,-58.285483151837965,57.54918491377869,-64.2687119546513
0,0.4134211437277696,-0.28974704132241674,0.30847411889310405,-58.342359361408974,57.315353449530384,-64.55273968325587
0,0.41258780075835205,-0.29000207111997073,0.30834400433774517,-58.46024358782564,56.94920654642635,-64.96092188115065
0,0.4122283430271051,-0.28986096129579014,0.3083894731449656,-58.57140270108942,56.56004884157216,-65.33802837461265
0,0.41185431792067506,-0.2898365221993393,0.308469407741981,-58.65205157393463,56.1635590346761,-65.66823280532579
0,0.4113565088682077,-0.28953639552754823,0.3086124159740977,-58.70993238957993,55.70938921437487,-65.97771887708802
0,0.41081745787190416,-0.28954624400300455,0.3086235739635997,-58.750195676098464,55.25135700406589,-66.2587579785168
0,0.41065888269471146,-0.28924315736455386,0.3087993122982554,-58.79346325447082,54.802929981900675,-66.52338194664641
0,0.4098535702996156,-0.2890463195816941,0.30888298172231243,-58.83892217202187,54.24920432678338,-66.84727391109104
0,0.409388421612253,-0.2890598253981538,0.3089252116131358,-58.83839509651311,53.80071716967802,-67.0939697991853
0,0.4091558666400812,-0.2890996764676041,0.3089407088207774,-58.785838308439764,53.434844914089595,-67.2745845653684
0,0.4087136925630472,-0.2893203722016282,0.3089152624058299,-58.70909545313338,53.157255205985756,-67.41538348916525
0,0.4079324589543245,-0.28995096907777257,0.3086694456982188,-58.59727230735357,52.943534176509885,-67.58023810581017
0,0.407607443767061,-0.2903265516535706,0.3085708524632029,-58.495262736183065,52.8150359611818,-67.72891136583345
0,0.4071877793841264,-0.29071226940316625,0.3083737124847941,-58.39197694652349,52.741126677126395,-67.85326677444934
0,0.40677989287899946,-0.29113727257413335,0.3082815195965342,-58.273916382082476,52.72085763860919,-67.94773033063984
0,0.40635784580039,-0.29150133297604985,0.30818015236135055,-58.137559139454986,52.72236855236501,-68.006139882663
0,0.40594660802411064,-0.29182726249856417,0.30812289017911476,-57.9786962196779,52.74821041408801,-68.007183728134
0,0.40532360090540864,-0.29238915250462955,0.30803686517949624,-57.77178091171283,52.79279239628579,-67.94772914252088
0,0.40511653883980736,-0.2925300841109223,0.3080560662197642,-57.60512265413598,52.82857759738573,-67.8814334434187
0,0.4049236954622172,-0.29266754434270326,0.30814314502950235,-57.45097355687011,52.86498473143113,-67.81056573251713
0,0.4046537341051004,-0.29283195421857305,0.3081735970425181,-57.29137402776134,52.9156829398685,-67.72058376578796
0,0.40414019538687684,-0.29320243046445316,0.30826537150617167,-57.02629669876374,53.04492174189782,-67.5428735116532
0,0.4038029374055765,-0.2935003100411362,0.30820339817281295,-56.73696558149593,53.21397342883743,-67.31896326501627
0,0.40368626280354475,-0.29374195025128785,0.3081971837925486,-56.4480557888649,53.410479254761505,-67.05963131442914
0,0.40350207849072434,-0.2940469043032593,0.3081041540550761,-56.15129926741805,53.64790391200618,-66.75120300671514
0,0.40358093990611055,-0.29413354919118356,0.30819208521123453,-55.860005796960806,53.90909605318463,-66.41480890600438
0,0.4035453931860826,-0.29446058676404424,0.30809764522786665,-55.56938068632844,54.20898642175607,-66.02690244190094
0,0.4037125305704973,-0.2953200541512437,0.30781458873029277,-55.13799259572902,54.76021808972268,-65.32896337435719
0,0.4037629352383516,-0.2959897814766831,0.30757729548688456,-54.68758555270806,55.34129476089115,-64.5922128849376
0,0.4039784045390985,-0.2967389164940781,0.3073258997845225,-54.16519699255094,55.98933357169809,-63.768648860296125
0,0.4039443881683252,-0.29787634179753725,0.3068318488049082,-53.512329516043934,56.75173790089366,-62.817296438321264
0,0.40410575284289335,-0.29870953366918035,0.30647849697347207,-52.77285154888403,57.573649432288434,-61.78090447758536
0,0.40402197106408094,-0.3017481486575074,0.3048569776463084,-51.37661255614955,59.00809860183904,-60.02344466481333
0,0.40408213897274947,-0.30314423010510866,0.30402953523870035,-49.87560472011974,60.404068538104305,-58.2073686824311
0,0.40404525561856247,-0.30497491524381104,0.30284221667523903,-48.170828563982724,61.839618389269816,-56.216907045843065
0,0.40428350581454253,-0.3064217035548157,0.30184867519612835,-46.289109771907675,63.26177274627379,-54.05289107540593
0,0.4048797802500627,-0.31002508328122563,0.29914430398221536,-43.346737804618996,65.29004545418739,-50.67272848450954
0,0.4052701355390451,-0.31171888158482974,0.2975808681892924,-40.21132584511596,67.10288395373193,-47.10206279738059
0,0.4057831705980203,-0.3133164267317719,0.2959867169308238,-36.798354393877034,68.7480524783736,-43.24429983368958
0,0.4063570515684984,-0.31473739669484563,0.29456720370526834,-32.99922938577491,70.23642670369311,-39.004747126903354
0,0.4068574951462648,-0.31610209629697267,0.29296172398801373,-28.771634063548387,71.55897784193095,-34.33306139985225
0,0.40792116536425566,-0.31815896318120424,0.2902183308052592,-22.599849039442162,73.0085170974423,-27.600697266676985
0,0.4084678487353227,-0.3190857891814179,0.28884552616353554,-16.06232814875989,74.09142695668922,-20.56714610595959
0,0.4088499711327455,-0.3197194080130524,0.28773039359326885,-9.901528894700386,74.8015163424479,-13.992820650374528
0,0.4094188348822496,-0.32060205147427984,0.2860107304501109,-3.3337439875998585,75.29877319854127,-7.017899846101785
0,0.409842315452566,-0.32092437789601747,0.28536313313718364,2.423888287961204,75.5668172897067,-0.9133330755370606
0,0.41034674956130013,-0.3215414147154755,0.28398468751187844,8.147243154482913,75.67975849382273,5.152986159211426
0,0.4116842166952989,-0.32279716894788213,0.28098325032468363,15.989055804680806,75.64533785659641,13.48791879147585
0,0.4122633473448656,-0.32338465259236765,0.27950827259297895,22.81625806555345,75.40169571803935,20.751967900638327
0,0.4131320045761964,-0.32398774192494817,0.2778591527390055,29.11886752744824,75.0069054385828,27.45283702685673
0,0.4138520629577539,-0.3247650973574585,0.2757538415836863,35.173283810236036,74.45615225994938,33.87731094203229
0,0.41498791142033553,-0.325962876536078,0.27145361441846416,42.713384774579694,73.4710466410064,41.812222289136024
0,0.4154305891566179,-0.32664579198522037,0.26887179512258097,48.999175850093614,72.29754392374706,48.385129923841355
0,0.4158559100203417,-0.3270254735724396,0.2663402022766642,54.3131372755157,70.9700317949724,53.899289674136
0,0.4160562114291094,-0.32762662575406504,0.2633684189962916,58.90596946622847,69.47171073607785,58.601448798296126
0,0.4164264784626863,-0.32802716658276987,0.260473517363029,62.842816998515715,67.84308009415183,62.60421726439293
0,0.41692864610480285,-0.3286656205431885,0.2541649450707011,67.46648148384878,65.41864597645932,67.19337742198074
0,0.41694152815865493,-0.32909703180951544,0.2505340423035197,71.06887828304737,63.02733875943673,70.70994815920442
0,0.41709876670168855,-0.32921572492284246,0.24679493803258462,74.05154583840833,60.62040763337541,73.55917795141212
0,0.41740706427620866,-0.3289068035857148,0.2433417339968257,76.598304594273,58.20458973869222,75.93025528994524
0,0.4174082071952722,-0.3286883859412141,0.2392783893990092,78.84670361893605,55.70166449309302,77.94179832525758
0,0.41753576858567215,-0.3274389855639405,0.2316118975328975,81.48679607018465,52.220455997876755,80.18079077537956
0,0.4174224065117738,-0.32656238601369325,0.22748685080285594,83.56302952442226,48.947144759364086,81.8377610085256
0,0.41741913272665954,-0.3254243795649475,0.2236450542854838,85.28173430915821,45.832825456732785,83.13057260408753
0,0.4173383535318277,-0.3240815310255951,0.21952506739373728,86.75896708935959,42.77028563198317,84.16224645381361
0,0.4172360138468645,-0.3226625756995148,0.2154961265968852,88.05513528564323,39.71842797674043,84.99540401821295
0,0.4170799763374231,-0.320843110539145,0.21130870360608622,89.22192796392214,36.63202087318098,85.65535030709948
0,0.416610565917959,-0.31663746283215943,0.20332668084378763,90.61551069429848,32.593923129534986,86.30723380274463
0,0.4163715021185777,-0.3141321532504029,0.19949816543336438,91.87282952391156,28.666612463680693,86.78296596133619
0,0.4161514223985575,-0.31148008511228037,0.195774554495769,93.01274190800682,24.964557174934875,87.12528541591843
0,0.41595391048716523,-0.3084377043024964,0.1920884390520625,94.0553737225334,21.407999030613713,87.35434301578077
0,0.41541356159972176,-0.30565989182156983,0.1886351536559634,95.02031087998668,17.95594783248675,87.49652026182873
0,0.41556452377366043,-0.29866642043752145,0.18252189267154262,96.05855369810646,13.882089538186435,87.56382933227349
0,0.41575310541914917,-0.2952400265709824,0.1800561009692721,97.05072704062444,9.800782167859193,87.5664524595392
0,0.416085326807966,-0.2915952925459809,0.1775461654710345,97.93242415122972,5.974585033390837,87.54536853763277
0,0.41603957130240415,-0.2881907342450089,0.17523502040381952,98.73876694806815,2.4189368993145877,87.50665062548522
0,0.41679041101263975,-0.2806927202717728,0.17153159845347926,99.63201456531081,-1.6844870933009224,87.44607827871695
0,0.4168701441459558,-0.27692071542901464,0.16993663746591137,100.51782477945774,-5.691274751508855,87.3057734303046
0,0.41702821566390014,-0.2739476303832001,0.1688765122341685,101.27905932734974,-9.073085184322172,87.11868307343948
0,0.41693267537878975,-0.27056270704431,0.16781239259715602,102.0245085227346,-12.163330909058976,86.88900523694285
0,0.4169811816387079,-0.267356923677153,0.16692282963271662,102.74543952867745,-14.983430901303064,86.62645491710083
0,0.41691882474946007,-0.26397131846112676,0.16620328265901135,103.48979850728132,-17.671378173260706,86.31701552158302
0,0.41670461459683394,-0.2568743489758438,0.16515686470742746,104.59771724610923,-21.0464205195955,85.81383625339373
0,0.41631385250615105,-0.25359887466592257,0.16485284823651836,105.6848671387569,-24.033455443941413,85.28182295661182
0,0.41600450887011503,-0.25034413561982577,0.16452462512727306,106.77172021909793,-26.731539647510335,84.72535516942888
0,0.41574322594927765,-0.24706677839917607,0.16440308440204188,107.87380657264647,-29.26329815940168,84.1257698001345
0,0.4155697347097299,-0.24388077721757356,0.16439997721190974,108.96241003831706,-31.668642224619603,83.52733306557039
0,0.415448314087858,-0.23709946260613862,0.16484121564503237,110.45225564314813,-34.81916100556916,82.66327563844452
0,0.4154445172719858,-0.23371274933976596,0.16521167251940297,111.89598073913301,-37.671681147916864,81.75842148362675
0,0.4156640545897386,-0.23031417683524555,0.16570409048076198,113.3162470406794,-40.30672895604215,80.80108497833356
0,0.41579366936015105,-0.2270361028687424,0.1662797381329112,114.75354621294854,-42.80287458718843,79.77433341271846
0,0.41620913012551286,-0.2235120339767403,0.16732414532180354,116.24597180963602,-45.25571298332321,78.66352659974034
0,0.4168477506809137,-0.21805624590081638,0.1688507365035586,118.1248173056387,-48.21043584583964,77.2038986999159
0,0.4171594770126245,-0.21567988858384557,0.16989997107263133,119.87485804959823,-50.71082536606435,75.79869951676844
0,0.4175007836394212,-0.21396535114211507,0.17046035784955546,121.41775895866321,-52.77400622450386,74.50599504387384
0,0.41791514022873855,-0.21231564239425127,0.17119606841083093,122.81170449296026,-54.500872612929264,73.29593418914541
0,0.4186161176733873,-0.21041251943273015,0.17189633685823008,124.13820152381524,-56.07881384962308,72.07322954420127
0,0.4186195464305781,-0.2104064755217499,0.1717421590137057,125.07094461263267,-57.13103083802569,71.18903202435293
0,0.41853436990307785,-0.2107512419001526,0.17142114985461757,125.64087196289779,-57.746960970719876,70.6353493092713
0,0.41840957863854383,-0.21089119718236393,0.17105636883254574,125.96734422272563,-58.05522021852239,70.32245348486468
0,0.4180429728202722,-0.2118241833226151,0.1704187555956416,126.00589689792893,-58.022085859212154,70.28723817824367
0,0.4178949744872949,-0.2121686165110535,0.17004932153697536,125.92612502990936,-57.84267734128142,70.36430927780553
0,0.41701238914059624,-0.21426189408463903,0.16871859568830058,125.53292735130155,-57.201061157043945,70.71108266290302
0,0.4167164699606798,-0.21505022928876344,0.16828799027677105,125.13391083329229,-56.57582484618465,71.03375378158891
0,0.4165421457462214,-0.21595319733781282,0.16784325528617428,124.70854146086096,-55.93922189410133,71.34292812266577
0,0.41644122018145546,-0.21669785366219943,0.16750278744574115,124.27327260474259,-55.31174632020966,71.6468215661341
0,0.41649474366234757,-0.21844622925681537,0.16693407091970966,123.55846202265961,-54.501838335920176,72.13548307617806
0,0.4165645973257921,-0.21939640954894493,0.16658384564991519,122.8592376298769,-53.756686047978,72.6193205066334
0,0.41664221896456693,-0.22041016713542405,0.16626949254150913,122.15460315603003,-53.03839627216315,73.11916599186061
0,0.41657122238205885,-0.22168967858714528,0.1659006725596957,121.41900057417848,-52.278913946404735,73.6497332895988
0,0.41660471572207436,-0.22285254643125005,0.1655638446259074,120.68019976604235,-51.50580653897098,74.19325613042909
0,0.41677020652817703,-0.22414068595332573,0.1652651282000117,119.91529852825347,-50.680477974233796,74.75119533354656
0,0.4165828840308092,-0.22780786380929416,0.16435940552230402,118.69474643885007,-49.28021185519682,75.6839767318697
0,0.4163923264913461,-0.2302041582838959,0.16381571311231183,117.49520628750427,-47.763883088125404,76.61594954266515
0,0.41618084772156694,-0.23226157144469683,0.16348260257120653,116.42001343093919,-46.272642606244695,77.45011665746317
0,0.4162109316759012,-0.234558827139563,0.16329398993130254,115.362391487881,-44.64005513293241,78.26835586388052
0,0.4155422852806948,-0.23989898667497106,0.16266111690278576,113.9982269636707,-42.28404531337587,79.31017294261318
0,0.4152887703351877,-0.2428411702887482,0.16260630521650835,112.8068411356639,-39.98287178392185,80.19586783609923
0,0.41492175771521544,-0.2460887108818955,0.1626278463351302,111.71593620517211,-37.67499769698539,80.97366031264164
0,0.41449697925375917,-0.2494934783951706,0.162678661678987,110.7032083937869,-35.36204202719009,81.66115744809946
0,0.4141396911315821,-0.25267755792302554,0.1629848496961169,109.76398414232428,-33.058091768152096,82.2678375996083
0,0.41376047446059205,-0.2559745191113419,0.16334362748737857,108.87258506274061,-30.724482293975154,82.81890433772712
0,0.4130954505376718,-0.2631062488333649,0.16469368997688816,107.67220642065188,-27.437295736050345,83.49774277255361
0,0.41281429244803414,-0.2666293917672104,0.16570972952719257,106.6218573091104,-24.392305231229184,84.04156551609637
0,0.4126782269649408,-0.269472842671103,0.16662583533402012,105.70839968271694,-21.661085089390475,84.47889835798462
0,0.41237562461422905,-0.27273984000844426,0.16769428062911554,104.8580230712341,-19.030037407001313,84.8474440002577
0,0.4122670860462091,-0.27909330771130986,0.1705948813604884,103.77753130879897,-15.59211328422483,85.2946215265595
0,0.4120265112690828,-0.28220582888287965,0.17200505364413785,102.86371989214251,-12.49409798945987,85.64019125621799
0,0.4118914531044862,-0.2850399504677719,0.17363592166181133,102.07624736032791,-9.65556422718224,85.91890542824119
0,0.4117365197710893,-0.28778736517590947,0.17534861106153057,101.36897408293756,-6.966618385419445,86.15101538221462
0,0.41157556189822175,-0.29015295968217325,0.1769134880947642,100.77524790802521,-4.476274460385718,86.35263611107568
0,0.411359046535959,-0.29263579831284947,0.17849080163713024,100.22853545750647,-2.0812981521141753,86.5291233061686
0,0.41099335117863633,-0.2969641839043564,0.18198608059163615,99.58241930951088,0.9148386751598464,86.67392592608016
0,0.41077749444769834,-0.2990080563799805,0.18346869844670818,99.01799219386365,3.524163800772862,86.7512857368741
0,0.41063046469019865,-0.30067053482694095,0.18503533441300915,98.53214813677342,5.814556500298445,86.78236540600078
0,0.4104082347326181,-0.3024630658404297,0.18654763329501675,98.08565183621211,7.9327528704678585,86.78867569545325
0,0.4105115623645685,-0.3050808696524567,0.1895240928577952,97.54738061396392,10.381286421868634,86.77488867564165
0,0.41052287532614684,-0.30635269448918767,0.1909832673120074,97.08975633840434,12.482018866137699,86.757259642944
0,0.4105589450769327,-0.30760688350362253,0.1925020440268092,96.68706418397724,14.366738905714149,86.7452053558176
0,0.41076102866457914,-0.30871778533620303,0.1940182520794444,96.31131116220554,16.13940340405933,86.72939189368373
0,0.41081519140528655,-0.3096645562426514,0.1952838780331187,95.98110811124485,17.711340674261972,86.71348698674282
0,0.4109381811194322,-0.31070082352323003,0.19679879206891582,95.64930850890553,19.234447576909357,86.67633468449756
0,0.41113559617327666,-0.31275851175946656,0.1999636783051066,95.18283630736998,21.195232002093384,86.60835505183017
0,0.411385643618574,-0.31386539981526795,0.2016127594160609,94.7198134630188,22.98365237839691,86.53942303116602
0,0.41166720850991234,-0.3149074630515045,0.2035527463602595,94.24375127004815,24.694040016286937,86.47005246437513
0,0.41204723878430344,-0.31590886161488957,0.20559142727132365,93.74609949815414,26.388282438671922,86.38532495605111
0,0.4128724263481996,-0.31787888214749765,0.2100744827436976,93.11397788684536,28.732142497642997,86.33933919174238
0,0.41316284401940323,-0.31896680162114566,0.21265062231298015,92.56159643761423,30.968199200956654,86.31689190118986
0,0.4135308445863627,-0.31987464354199835,0.21538030821557566,92.079704132509,33.16409679835473,86.31103575635846
0,0.4139233694844148,-0.3204572300688691,0.21785440642114207,91.6785788260372,35.269680476278154,86.30738323621893
0,0.4142641530804537,-0.3211125449912018,0.2205944444584422,91.32337755803216,37.38178838246445,86.31080997290454
0,0.4149648399524591,-0.32200753972691964,0.22670466024156138,90.90730533890624,40.387574675447276,86.29618143840536
0,0.4152902813129327,-0.32233614251775217,0.2298653854775004,90.53747496770109,43.18464407476149,86.25704358217081
0,0.41564394696282364,-0.32258003757161563,0.23305966991658733,90.17434469572994,45.857400578487145,86.17214308132671
0,0.415955092149248,-0.322701396204657,0.2365191503214412,89.80359035526075,48.51397116709337,86.03845388450254
0,0.41653323485182747,-0.3225489501730866,0.2398857714581065,89.39977983098765,51.145526398378955,85.85845224104862
0,0.41769349141644463,-0.32195694134396974,0.24730331618066356,88.70545864970805,54.841471395643964,85.48059438553389
0,0.4184743763379953,-0.3213383548037476,0.2513146211552195,87.9152441926881,58.31243389237035,85.00477626615496
0,0.4193641291432283,-0.32048193261784974,0.2554080535816722,86.98550178190457,61.6686027957816,84.39755796232065
0,0.4202502401046656,-0.319470274903006,0.25925371665235086,85.8759780649315,64.94638489707117,83.60413525871998
0,0.4214755461983583,-0.31804890201253366,0.26362819093938394,84.43138262330199,68.29545462042978,82.51548499471852
0,0.4239940167837045,-0.3140771846548981,0.272554040138679,81.900205216855,72.39737547602681,80.44203562099862
0,0.42542039914654717,-0.3113896434084839,0.2770969535755686,77.9252053806472,76.4499766820997,76.92102844536922
0,0.426590612667074,-0.30837063238782353,0.28158062118764454,70.66212767400098,80.38756199674268,70.07078361399118
0,0.42781103714035973,-0.30487035558385317,0.28595652121778065,54.15706669152118,83.97083475224944,53.936298232533645
0,0.42865761085080123,-0.3012870292441315,0.2896923400806956,10.263943789317,86.0591507730516,10.363062125874707
0,0.4297906504444978,-0.2968875579611725,0.2936699153828196,-39.50350122075972,84.52169609930371,-39.14220680494541
0,0.4312920586638353,-0.2895518694893784,0.2986914445805125,-59.23810678649201,81.06913640166624,-58.71428757568274
0,0.4319515617065332,-0.28623677656812135,0.30055599111791176,-67.60035520718385,77.16661040518551,-66.96792504016263
0,0.4322388799362086,-0.28322274789971774,0.3016215791153483,-72.05568276535709,73.12310638053741,-71.37522016392637
0,0.4324376897387407,-0.2813228599802918,0.3023508467125468,-74.85556656357187,69.02763069123422,-74.25348157364785
0,0.43209615065382934,-0.2788307850138611,0.30255083817716166,-76.52622412542564,65.21136112449562,-76.3114225038548
0,0.4317079649739168,-0.27842327819032137,0.3024952341961436,-77.35540245386318,62.48008140045842,-77.59511168084036
0,0.4308666215710542,-0.27908307180566255,0.30134196299787086,-77.73062450283145,60.682936270430424,-78.4609359676153
0,0.43026970787571883,-0.28008618281049197,0.3005914952206187,-77.8908739034962,59.64659189149829,-79.12213147390372
0,0.429689937966337,-0.28113056287927096,0.2994492890286022,-78.00327637813258,59.07253142759667,-79.70123344599048
0,0.4293686227373979,-0.2822986571566529,0.29863909501309915,-78.0835882513117,58.91606081896677,-80.1652852067167
0,0.4288724602632425,-0.2847350739018388,0.29669402498479414,-78.26491816832197,59.18737176326826,-80.76386777847728
0,0.4286909104757211,-0.2857488857285446,0.2959042097973399,-78.45265543327422,59.52834612461928,-81.31068247369514
0,0.42819052501248345,-0.2869734285847611,0.29507665890927837,-78.60809493636245,59.81747588052451,-81.82768799545569
0,0.42803931100892045,-0.2871476326958603,0.29485053915257975,-78.73949446305714,59.95425654461574,-82.31760624641741
0,0.4274555505685709,-0.28767155454320376,0.2946003057407908,-78.843818039465,59.899436031936965,-82.8836088158001
0,0.4273586155347727,-0.28745098278684084,0.2947495748447947,-78.90019225005159,59.735615034769275,-83.33602543137839
0,0.4268783958129786,-0.2879638241307205,0.29477965492482705,-78.89092212678847,59.61784768781606,-83.6390785052769
0,0.4267023669056795,-0.28800006435079045,0.2948971702503733,-78.84059137004121,59.50511557633334,-83.84628418727719
0,0.4264176250867746,-0.2885384838358826,0.295003946011024,-78.7688046988805,59.458809115116374,-83.98072650731882
0,0.42585127963351227,-0.2894589792267746,0.2949382843422465,-78.61239147528829,59.60007567324841,-83.96906059755213
0,0.4256217078738115,-0.29009285376233523,0.29476046938176675,-78.45486990957411,59.88121850976245,-83.87709784735311
0,0.4254758016638659,-0.29087089107198183,0.29453129667516276,-78.30924998628151,60.305270433519894,-83.73181246321478
0,0.4251562104992769,-0.2919628243224091,0.29411933440442606,-78.16135311830485,60.85957783088611,-83.5493260100848
0,0.4249710382394693,-0.29326236591500704,0.2935368873524241,-78.0086246583242,61.639903293346684,-83.31916838696804
0,0.42468790425585723,-0.2944919221178956,0.29296866673703714,-77.8386888676485,62.504216998586486,-83.07193408654798
0,0.42405461086558327,-0.2977302496210999,0.29114687699552105,-77.51815248852438,64.14859974762369,-82.64381810158443
0,0.4232375399641893,-0.29984292195004886,0.2898499466824107,-77.08141174710738,65.84985405980032,-82.14657301098333
0,0.42263159914540266,-0.3016996733920045,0.28859202284093427,-76.53226588895913,67.60280488680927,-81.56516695433258
0,0.4216944829993151,-0.3037489466444916,0.2871701850342326,-75.82958333580943,69.38203323640953,-80.84765759796637
0,0.4205886216335199,-0.30727530524892277,0.2842279471802287,-74.59334543150075,71.92592137479744,-79.56955148954496
0,0.4202400700621508,-0.30887142465276185,0.2825967111038737,-73.14220322889676,74.27387914605947,-78.04409212222463
0,0.41991904540585495,-0.3104208819643921,0.2808269299912028,-71.3375081084868,76.48525729167648,-76.12863180487521
0,0.4196988688282869,-0.31182753250760503,0.2791976930546336,-68.9478820771118,78.60324766550876,-73.59054624320653
0,0.41953223510312065,-0.3131155364291138,0.27735828298802906,-65.63420895677821,80.61198859322789,-70.09874288264594
0,0.4193538235001467,-0.3142757813708253,0.2757581498074107,-60.57026822678036,82.52821869083098,-64.85491504099353
0,0.4189720497898958,-0.31637486264867254,0.27194182295079755,-48.329336928170214,84.84349591740421,-52.35563599232191
0,0.4189280958347223,-0.31723980829877324,0.27022158641095684,-23.564508990714486,86.48716018267943,-27.362730582797028
0,0.41888226284312224,-0.3179193918482727,0.2685885681557231,13.408866475022371,86.87593299302334,9.818332654183942
0,0.4189681561164758,-0.31857633397740787,0.26687786239858197,44.22259022869544,86.00208441957143,40.846940413582224
0,0.41898917420433973,-0.3191927819029755,0.26508773345227765,60.091862688682234,84.56750129757401,56.9375169263936
0,0.4192028419546983,-0.32022128508252573,0.2614739008593135,70.6586283514403,82.39189126307352,67.8411491327994
0,0.4194031627349756,-0.32067152545613714,0.2594980068850093,75.90038120960908,80.30532626870706,73.41005516226993
0,0.4197515787057779,-0.3208610563055939,0.25812759656186623,78.91119398923442,78.41341941005689,76.70972058972352
0,0.4198844285182855,-0.32119689629239506,0.2563232644247584,80.91226634760159,76.61990180969657,78.97430891722094
0,0.4199858189992808,-0.32135558769864503,0.2548202832388453,82.3281730335638,74.9250157380383,80.61909664617691
0,0.42009098692463853,-0.32189688966435853,0.25117993492360635,83.74710934160956,72.71472810114433,82.27936543634262
0,0.420251731710901,-0.32198883459729616,0.24933855671163127,84.75705812467169,70.68511064793172,83.4987129263133
0,0.420359747248163,-0.32218507573766175,0.24743403512712048,85.51160982129637,68.79835440832267,84.43554213037855
0,0.42064966126011827,-0.3221427063719696,0.24575203019853162,86.10460729931782,66.98603446437451,85.19699755844083
0,0.4207478360705278,-0.32226914808911744,0.24380419391866257,86.5736864116092,65.22275953452306,85.81921143235648
0,0.4209684388213061,-0.322206988789267,0.24193175930257366,86.98176640208641,63.46326628100898,86.3568426568524
0,0.42093335701750734,-0.3222396724001832,0.23819022971864268,87.40643954754316,61.165160092612595,86.86630985895833
0,0.4208293320112131,-0.3221296422259278,0.23633751529927777,87.75362451963184,59.07945206514729,87.2498467272257
0,0.4206158967189691,-0.3220822362677521,0.23428540605779216,88.03545097789983,57.10213747240693,87.52935126651434
0,0.42065878524111733,-0.32184678719205323,0.23236818451161906,88.28351786598262,55.181418210927156,87.7618985536762
0,0.4204227433972262,-0.3214794413821167,0.22813517648454235,88.54882581795837,52.63853076812953,87.98587512464137
0,0.4204438195996187,-0.3210462789313263,0.2261423905539088,88.77234704376221,50.33456864477034,88.16006370414114
0,0.42030955566691375,-0.320699032999701,0.22387795407052563,88.97866140337777,48.15516961114206,88.29668915731399
0,0.42039397670554146,-0.32004805729550784,0.22188705879922435,89.18041542213373,46.05129240235134,88.41152929806854
0,0.4201889873914621,-0.31949004933995667,0.21934401351686048,89.39849124210753,43.92940184792784,88.50507697392455
0,0.41978646679448106,-0.3181276743189759,0.21464471775765942,89.71606194224313,41.07647489893003,88.58962824056073
0,0.4194692195825479,-0.31725910232228705,0.21198466855760142,90.03701761177199,38.4203147475433,88.64166673958991
0,0.41931498362349495,-0.31629494354886484,0.20964128154988812,90.35800571368372,35.93432496644633,88.67914647920372
0,0.4188730420045755,-0.31517086908978886,0.20692231196637675,90.70977176237562,33.48521668673415,88.68159972615868
0,0.41792978508995987,-0.3127256731764741,0.20164672154660748,91.23630543365631,30.242034270415846,88.6324682909497
0,0.4175324754290483,-0.31121567175549936,0.19907762158389614,91.72919807312152,27.292854756003994,88.55192056111429
0,0.41744979782628044,-0.3093982987181611,0.19670996207471414,92.20947359940392,24.51015486840715,88.46115138878145
0,0.41713683171795823,-0.3075989644305176,0.19414175320144222,92.65714716749547,21.819932314698768,88.33272878213852
0,0.4168531165890596,-0.30572811052960824,0.19190197277541682,93.07747966333582,19.203642753784894,88.179072004508
0,0.4165730239324472,-0.3013667468802399,0.18718686599011944,93.66929054352094,15.677999292803737,87.98517066644014
0,0.41657627834605193,-0.29890619323415224,0.18489220607753323,94.2141012487663,12.452955661035135,87.80592362462474
0,0.41669845445679643,-0.29638746307057806,0.18273461509223507,94.71830025026877,9.439149420332082,87.64489634273141
0,0.41684050573634124,-0.2939115826861328,0.18080046672101543,95.18663258637156,6.559429286154531,87.4864637748044
0,0.4171648816637895,-0.29115572199983064,0.1788381560492091,95.62495818212653,3.7493964496680956,87.34104465826798
0,0.4175352455549142,-0.28843524918717806,0.17734166431899592,96.05355478108568,1.026057940346885,87.19019490577972
0,0.41795845492409683,-0.2855296544806427,0.17566654015059993,96.47234068301397,-1.66850981131314,87.04773606770397
0,0.4185266019277475,-0.2801310162321991,0.17300134587760493,97.01555724326664,-5.163302902070377,86.84343913035636
0,0.41884419782685256,-0.2773828886525101,0.1718565632748179,97.52118185968517,-8.259811975413582,86.62609355102506
0,0.41894086165951705,-0.27477164015931554,0.1709795840429835,98.01575524620762,-11.08028499943003,86.39143347025055
0,0.41941786571072553,-0.26926461444062655,0.16958352196689175,98.70054971783608,-14.49953938933001,86.05696627187328
0,0.419635950165262,-0.2665433512703843,0.1689255299019389,99.36584087691122,-17.49205917285987,85.70917388790424
0,0.41974559290932634,-0.2636171607748933,0.16838868338342236,100.05508899675601,-20.260443988953256,85.32563471684901
0,0.41985705657528855,-0.26141152069730234,0.16807178873296305,100.7002665213462,-22.669160974547772,84.94640558178314
0,0.4200211720042132,-0.2584794257656998,0.1677750598239474,101.38239393647362,-25.04974714155322,84.53037013364282
0,0.4202242629103563,-0.2544598917738861,0.16760865080829188,102.20460678262717,-27.735442914842125,84.0240299199851
0,0.4203734622769258,-0.2522317497507996,0.16759957719321772,102.97756404510811,-30.097465124925463,83.52909664024592
0,0.4206746311359308,-0.25018229053182073,0.16778077441926523,103.69760336043517,-32.208643431704225,83.05420722668167
0,0.4209375993780992,-0.24819523856801456,0.16790605772014186,104.36597904861968,-34.13877575850868,82.58683316240119
0,0.4210927264265916,-0.24628042683762974,0.16812267381425425,104.99665360876398,-35.94984595781468,82.1258527320365
0,0.4214573369793794,-0.24466795787972873,0.16832181680675076,105.55097350480953,-37.599009766768866,81.68455248113976
0,0.4220833079390428,-0.24172627017659612,0.16887283164735362,106.20032680651434,-39.52129009440723,81.13688672388484
0,0.42232965542601564,-0.24062462017697756,0.16908994365211055,106.75798971383367,-41.10292606171374,80.65454924930042
0,0.4225690872840784,-0.2395795039908356,0.16939262348886058,107.27667289066876,-42.43383800881887,80.20597250369991
0,0.4225852043800256,-0.23902081415814827,0.16951540399070308,107.73132844285495,-43.48906320768765,79.81282170777871
0,0.42250213934706665,-0.23795510218305055,0.16985806662316844,108.25261268410654,-44.495174728479945,79.37888794273606
0,0.42242347164677596,-0.23757003531617588,0.1699391092705302,108.68520039899023,-45.2484088590545,79.02010853102621
0,0.42219717367218956,-0.23757684633893436,0.1698816649961047,109.0207139132036,-45.75376598198476,78.73449906015401
0,0.42203997387217507,-0.23777923212212987,0.16979631025071668,109.25677617863381,-46.054270527033616,78.51400652894418
0,0.42196173234509443,-0.23809670016927187,0.16976231712575482,109.40687370193359,-46.20083024588945,78.34285638328677
0,0.4218442247681521,-0.2386345927493042,0.16960308719153927,109.45196664209558,-46.18490601764646,78.23461706881211
0,0.42154619409369454,-0.2398872087971634,0.1692334865378909,109.33490210534008,-45.88463067913807,78.20885439089011
0,0.42135121985005364,-0.24078326509160466,0.16904755491490886,109.14674391706808,-45.487980633963964,78.25562555034672
0,0.42106314613150575,-0.24167622969312139,0.16883036929841563,108.92715621567766,-45.025466270377926,78.36760537791235
0,0.42083628638314224,-0.24264271304768986,0.16861985522981213,108.677886059236,-44.483397465836866,78.53131930668427
0,0.4204763831071756,-0.2442463718430466,0.16837112892146633,108.34133164147842,-43.678535817217686,78.80606622884903
0,0.4203302638106248,-0.2449304960743851,0.16828980732436702,108.04469193462191,-42.91646039856888,79.05580185643521
0,0.42001853747891404,-0.24584445939225621,0.1681196053671412,107.74817177680507,-42.17023967639182,79.31595593635588
0,0.41986002041625,-0.24678507790727086,0.16800198543544337,107.44532732436747,-41.41587876383471,79.58382799861627
0,0.41972813917922,-0.2477569930331177,0.16783464658732936,107.13083779246418,-40.64281614692237,79.85366874801917
0,0.41918288929985975,-0.25015245840711064,0.16745096090908573,106.65383677389832,-39.490943300559394,80.28155648638055
0,0.4190308423213861,-0.2513790391461319,0.1674070553826861,106.20960570869414,-38.37990973133079,80.69066427202873
0,0.4188710079960725,-0.2526730327383942,0.1673849040615134,105.79135165288795,-37.268526591023196,81.09012827389007
0,0.4189679236583612,-0.2540765373484558,0.16738374370809123,105.37357638490856,-36.08680981732816,81.49589151375345
0,0.4187663437299631,-0.25543954000634617,0.16745045531268643,104.98654715366237,-34.90510940121872,81.8801586617965
0,0.41851794286297783,-0.25692277000112,0.16751981693978832,104.60977859234738,-33.69041500635857,82.2594171323163
0,0.41806224747227644,-0.2600976596848435,0.1679268588470988,104.11432806893687,-31.931106462545646,82.77633439946122
0,0.4178133816890619,-0.2616063903347916,0.16806037503953503,103.68589261156025,-30.31045257818954,83.22940033787121
0,0.41762882931755996,-0.26321273014707036,0.16837522793288753,103.29668863614148,-28.75792384198493,83.63388757125878
0,0.41749917580412843,-0.26463470742864076,0.16870188582416104,102.93924807973953,-27.257539789378313,84.00112022852424
0,0.41714948131369567,-0.2678589324728913,0.16935513961787746,102.47829022509481,-25.30558201585988,84.44024186086443
0,0.41706509901808714,-0.2693940858618683,0.16981721210952327,102.07572994083395,-23.551182081085575,84.813251928327
0,0.4170225398116014,-0.270939242698378,0.1703190736817889,101.70952418228718,-21.920105536225297,85.14653270501908
0,0.41676582856701827,-0.2725504563824601,0.17067564118381068,101.37221871883257,-20.37969015641007,85.46303663607738
0,0.4167602108292482,-0.2739250587002702,0.17121319669957683,101.06228845113161,-18.92211446651968,85.76849641774088
0,0.4167291389279268,-0.2765611337201066,0.17215924311156794,100.70758571096864,-17.105118539943504,86.15922049380774
0,0.41668489440011003,-0.27769786939782565,0.1725996505069308,100.41565391037685,-15.520286726822233,86.48558972521178
0,0.41658507301138853,-0.2787030492798752,0.17307060677285716,100.17328856957963,-14.12961726345456,86.76178479085071
0,0.41655398173855757,-0.2796073655859894,0.17353361684556529,99.97024396343777,-12.8896563051007,86.99232929714204
0,0.4166049094371699,-0.280353966809935,0.17402248400922343,99.7899979291113,-11.746185859229545,87.17976142249712
0,0.41628477587031343,-0.28169022903603974,0.17460248250241803,99.63068266957835,-10.477609878150279,87.33347906468265
0,0.4161301524810693,-0.2821849154011673,0.17482667673106714,99.53185627245135,-9.437206717227976,87.44731489053413
0,0.41596636636780715,-0.28252924785775607,0.1749622927951388,99.4915621417137,-8.583899992980802,87.53959033712376
0,0.4157172487549684,-0.28275485620660257,0.1748267348455958,99.51038825652127,-7.896756409627823,87.63696759962923
0,0.4155939684681795,-0.28281572923821874,0.17477280843730494,99.56805807719748,-7.358431880625132,87.72796666530364
0,0.4156092913322351,-0.2827739565150208,0.17463623929496333,99.64561609182626,-6.935259363519258,87.82889422855324
0,0.41582578732298836,-0.2825228862540192,0.17437786984916256,99.72077425894697,-6.579415601300987,87.98281341419415
0,0.4160525889568231,-0.2826191006676621,0.17426172990079447,99.7476908005979,-6.280485993104119,88.12456572690296
0,0.4162423135213754,-0.2826640580670304,0.17410526621814296,99.73487052435135,-6.035476382175439,88.25629163778571
0,0.4162800104789636,-0.2829422096983856,0.17384125578876064,99.71997873478935,-5.821834616776241,88.36632219558716
0,0.4163716764621638,-0.2834152464644379,0.17362564701314495,99.6818881605955,-5.533374984218591,88.49557566690703
0,0.4163638116292856,-0.2837545810715622,0.17358985233779475,99.6393728041674,-5.239031490849613,88.59960517912235
0,0.4163568378858469,-0.2841592286602921,0.17360410589452313,99.5897125101692,-4.927060029871322,88.687831761425
0,0.416415165501108,-0.2846985159890122,0.17362228411908673,99.53174766096033,-4.575103583985687,88.76734730982335
0,0.41636309488343215,-0.28532640085381933,0.17375458378072306,99.46249327060433,-4.175665175560497,88.82848053912477
0,0.41595156653450943,-0.28690797612828683,0.17415539968486354,99.36612476956394,-3.4855335210638194,88.89202605832482
0,0.41575213684367157,-0.28778222785157626,0.17447991508718058,99.28199677816313,-2.789104427007619,88.93910698687507
0,0.4153754965834521,-0.28882649943990174,0.17475355315681027,99.21706196559308,-2.066841549476002,88.97234435408853
0,0.41506991102026924,-0.28976854369801947,0.1751795791434817,99.17237864183129,-1.3249910636458109,88.99478415710692
0,0.4147585721187494,-0.2907008712069458,0.17555631626124904,99.13833449622467,-0.5630039018387774,89.00943570946231
0,0.4141396717600725,-0.2925805275217957,0.1765092356848292,99.11995899200689,0.507757116295734,89.00885998296471
0,0.41391217275189385,-0.29346723125142526,0.17708898234839962,99.12471281485249,1.492778176932155,89.00470432838068
0,0.41356412483977295,-0.29439286396665043,0.17765210050817057,99.14837495010889,2.431824175834777,89.00499399858812
0,0.4133098737769029,-0.29510364339513245,0.17808362025495098,99.17946856081878,3.2877396919469875,89.01738057469278
0,0.41312408162878966,-0.29583262429398965,0.1785702829408221,99.21363687780944,4.08939856628435,89.04539697906661
0,0.41322353495882963,-0.2971117638127274,0.17956567633624598,99.23387233768082,5.083489183108646,89.09577412902085
0,0.4132051901392839,-0.2977630029694504,0.18005078542705105,99.23556671188581,5.949031390774951,89.14622297237965
0,0.4132902310662172,-0.29822512195271916,0.18054043132539319,99.2037200501204,6.711087937806599,89.18855258184486
0,0.4133516774945161,-0.29875618026418155,0.18100182581420468,99.15110217259024,7.38889004443854,89.22546579464874
0,0.4134658338003061,-0.29943401262921754,0.1813252951550059,99.0848523431638,8.01414318369792,89.25246870063916
0,0.41356379552411054,-0.29984132573766176,0.18171808737988995,99.00331470811766,8.562085130529649,89.26850947573402
0,0.41372062726544356,-0.300449141718573,0.18255206573482083,98.89434405100023,9.18637048947215,89.26861364537088
0,0.4137616173796556,-0.300734398819632,0.18285326171393917,98.80360509733167,9.693744022054378,89.25548089870834
0,0.414016372101774,-0.30082346127194826,0.1831525941538386,98.72830642653481,10.109632450137974,89.22739218879614
0,0.4140842498712442,-0.30094119355840154,0.1833221258568339,98.67052447301819,10.428595034523033,89.19646571943268
0,0.41406762911604866,-0.3011231617705292,0.18351067650790737,98.61698187419782,10.697566949222491,89.16030666484806
0,0.4142772869639299,-0.3011537532584137,0.18363351512427853,98.56688024156263,10.873995017737967,89.11404636268757
0,0.41433815224694237,-0.30109255478543706,0.18358909625287578,98.53109879280777,10.96770503292071,89.07561730013353
0,0.4145339982085131,-0.30100493357343144,0.18352036226268337,98.50505732944477,10.988526929726156,89.04005680245515
0,0.4147201003007791,-0.3010328285471863,0.18343703377719447,98.47646652188062,10.973198410639917,89.00341332870646
0,0.4152634517722032,-0.3008033613936371,0.18335407335038706,98.41902026351272,10.863649176019997,88.95757888605276
0,0.4155081914238833,-0.30081478283566904,0.18331086326118037,98.35960460130481,10.738512025735904,88.91502099022186
0,0.41576972617434477,-0.3007019166724152,0.18334179956193492,98.29717878262973,10.608199004651814,88.87277797020946
0,0.4159522057943246,-0.3005925683752961,0.18344571608777568,98.22754348089038,10.479913222929468,88.82794246748031
0,0.41617869748400665,-0.3004817633406586,0.183514194374042,98.15500897196742,10.346412485316712,88.77915751616943
0,0.41664072735833146,-0.3003392820136017,0.18354105878348873,98.05791837055114,10.163729396374784,88.72251623551925
0,0.416790101068487,-0.3003515248076386,0.1835189248966746,97.96598373965901,9.994530293582649,88.67630141263139
0,0.4171237172059915,-0.30025909946126406,0.18355201143498942,97.88028964287481,9.836883347466715,88.63853676299819
0,0.41744805439042076,-0.30015099094075626,0.18360864985461758,97.79077860859142,9.688783688720761,88.61198740629654
0,0.4178427295260332,-0.30006907270116273,0.1837643696713023,97.70295262089547,9.550558075785407,88.59271512502151
0,0.4183777512483499,-0.30017034695310063,0.1839732449101977,97.56244768483363,9.4184890802511,88.5686671016307
0,0.4185988964013956,-0.30023576066655583,0.18413147527452037,97.42333881854022,9.330321237473914,88.54319336420558
0,0.4188713373117349,-0.300295424915976,0.18433895189042612,97.28442314093401,9.278648506107835,88.51662918813551
0,0.4191191957764528,-0.30036082313222356,0.18453380603070782,97.146425858978,9.248594663352861,88.48872877241465
0,0.41930686696099256,-0.30050587699574893,0.1847857325124316,97.00485178869155,9.25535126981114,88.44611377775176
0,0.41948400004433617,-0.3006218271033234,0.1850035806345515,96.86151030093384,9.277434869801452,88.39785560828635
0,0.41968920244502045,-0.3010038332716889,0.18537178653951214,96.68309415568015,9.334180730978215,88.3265809771553
0,0.4197919876747034,-0.3011548845545716,0.18557048398728893,96.54061816051214,9.398001930545625,88.26322567977971
0,0.41986327482985475,-0.30131879851979676,0.18572602171178387,96.42948925013245,9.464436240106524,88.20564557692771
0,0.4198306725792787,-0.30159426138562623,0.18583599377151058,96.33627688789394,9.531970764241171,88.15143477785962
0,0.41977484388874986,-0.3017832653300232,0.185934304182487,96.28202363428198,9.600685350230243,88.09830507997762
0,0.41971688433217025,-0.3021866886393494,0.1861675061630778,96.252708232079,9.692949772258562,88.00778206015626
0,0.4195876763634584,-0.3024429194704956,0.18626970249887034,96.23365154214842,9.779038867663518,87.91412225562968
0,0.4196524934344194,-0.302577078797049,0.18639003056760356,96.22170040044449,9.861074977149709,87.82137241714867
0,0.4194609866909883,-0.3028995291964478,0.18649280804868268,96.21111135946884,9.946802542751692,87.70835514229742
0,0.4191654936842821,-0.30349446699780885,0.18675143319840953,96.20450795985066,10.07060505361242,87.54523386728236
0,0.41903715743350006,-0.30384921357793276,0.18687709230657146,96.1842245794288,10.186291261239614,87.39325348913778
0,0.41882333471106514,-0.3042420213000244,0.18680604148383662,96.15077276465439,10.289138121934815,87.26705053906365
0,0.4188355775051019,-0.3045568625704712,0.1869032942103915,96.10405345922203,10.382523502770512,87.1611325490368
0,0.4188903795056245,-0.304875206209845,0.18694701183314846,96.06422333571469,10.467707963427017,87.0649249990899
0,0.41864840997981057,-0.30563649103803103,0.18698909837480113,96.00650337641858,10.585820635163087,86.9444644686719
0,0.4186203987769983,-0.3059908346907563,0.18709079879994914,95.95220414541019,10.701015464091249,86.83454889767056
0,0.41853409870194414,-0.30637180254620977,0.18725160170074032,95.89840570650371,10.833917437406775,86.71952509338809
0,0.41833912445830324,-0.30690131113690805,0.1872904067086749,95.83921358609742,10.977149483609526,86.6029106422567
0,0.41827711625622727,-0.30731084034604494,0.18749717045302913,95.78268609037221,11.147655613667423,86.48645989551214
0,0.4182147012524507,-0.3080521337763733,0.18773633885856197,95.71892731214439,11.397614439355957,86.35741592665312
0,0.4182142169647119,-0.3084084300772614,0.1879024108099513,95.65732892335592,11.629901801240274,86.24610813068043
0,0.4182551877074144,-0.3087966661230988,0.18801693904872463,95.58763047103128,11.852224498444832,86.1576630816647
0,0.4184128330521486,-0.3091288332716889,0.18824164468522595,95.5009620368795,12.089703715597327,86.08577590990784
0,0.4183850155644319,-0.3095895807520813,0.18846182901139782,95.40293511627182,12.35045895528692,86.00970853016725
0,0.4185411693029306,-0.31040234730405275,0.1891338421749644,95.26289493583171,12.792994800766728,85.92354160645654
0,0.4186001749210261,-0.31076054976148076,0.18958138990874812,95.13837474374581,13.246171412144783,85.84648539512384
0,0.4186011047534845,-0.31111224339169924,0.19013500053163096,95.03177767546272,13.728829792136146,85.77226142335323
0,0.4185765610508821,-0.31140236661595766,0.1905250420021586,94.94078022426218,14.208446987180986,85.70398242205185
0,0.41849452270792936,-0.311730287529654,0.19113389242167994,94.88344293725628,14.752116213744193,85.6427197746827
0,0.41839677407073006,-0.3120254163519806,0.19161759126658962,94.8466057419064,15.321670300476837,85.59455972644787
0,0.4182360873989962,-0.31275984451932376,0.19296982723947093,94.84296177058368,16.219106292551896,85.55412324047089
0,0.41821944727229093,-0.3130351214186615,0.193781745319324,94.85631662881488,17.099381336858766,85.52755122900984
0,0.4180953533821009,-0.31340578363103333,0.1946471752571635,94.88187249897454,17.980242486994378,85.50905951911801
0,0.4181154610090158,-0.31369727060956426,0.19556886005874202,94.91031422204168,18.86801909056823,85.48200139539928
0,0.41784857972191786,-0.31458323047322695,0.19777763832088038,94.93965440550335,20.17914826699221,85.42347593678922
0,0.4177425013356112,-0.3150490920321412,0.19907494444127605,94.94962662171869,21.42250349037518,85.35429844536516
0,0.41761168553160644,-0.31556324289006654,0.20044089156861827,94.93768736331207,22.643943187307556,85.27227677966967
0,0.41771516813563325,-0.31591343329114385,0.2018022515224986,94.90934452012394,23.84950619482423,85.18065027811477
0,0.41781992925929046,-0.3163993947283692,0.20349832016702218,94.8687141286968,25.104523122676607,85.08429960878048
0,0.41795686646031355,-0.3172351126448578,0.20663993734593913,94.81535455576525,26.838047568510202,84.97704093668366
0,0.4181067825727366,-0.31754497931165165,0.20845871288056897,94.75857648653891,28.458739882007706,84.88965808167028
0,0.4182862596087359,-0.3178231231944031,0.2101982434439235,94.69533866066595,30.016997698649494,84.82244862103381
0,0.4184292407207391,-0.3181637983099884,0.21211676675553845,94.63095649222664,31.54548735339289,84.75787258108663
0,0.418595157700052,-0.31844959781331483,0.21402128059144543,94.58336993514827,33.076930527841164,84.69247317151306
0,0.4188868345193765,-0.31895809219045107,0.21788642365212962,94.57064612252245,35.154933886543006,84.59180084229412
0,0.4189188943676851,-0.31920778319997256,0.21992013770814464,94.58097819246485,37.072324256356026,84.49083357192843
0,0.4188853816561601,-0.31942299292249154,0.2220731725143962,94.60867264213093,38.90653849375249,84.38451323350175
0,0.4189044819645784,-0.3195338444487519,0.22410053271527813,94.64920999100283,40.68019091455362,84.2707473992905
0,0.4188570992522142,-0.31962688968343206,0.22627380687470958,94.70660358645497,42.42947677573566,84.15189106549948
0,0.4189429731540582,-0.3196831445471711,0.22836072284455822,94.77957915136672,44.16754818953166,84.03330401831361
0,0.41897968216465925,-0.319782729603476,0.23251989442582652,94.94337372988538,46.4749883685347,83.93039640755492
0,0.4192350955181024,-0.31966623709363406,0.23433009225602672,95.1403674301014,48.52345349191322,83.89691099443144
0,0.41942594363020874,-0.31953390643758245,0.23630021352048441,95.36669115880052,50.419257796610644,83.90904267400009
0,0.4197205068044565,-0.31926168248815007,0.23803152281518503,95.61950274453179,52.19043032664635,83.94899751721394
0,0.4199205563836,-0.31905888602895205,0.23985383171315716,95.89848704046545,53.87921571805245,84.01667867405031
0,0.42023509158419586,-0.31867280409497684,0.2432366551804118,96.33401005596956,56.032569916664976,84.13108228944024
0,0.420226006346216,-0.3184852103964753,0.24480979997392224,96.76347922774501,57.95539702956878,84.25488722424743
0,0.42037611617373444,-0.3181801013724274,0.24664783078904673,97.22233419802812,59.7733966442615,84.40476682869375
0,0.4205047042541406,-0.3179246608988709,0.24802868623014018,97.69891619824956,61.39685804439196,84.58201104309602
0,0.42085552229212736,-0.3173498849646515,0.2496563966917567,98.24253421305059,62.948186720635356,84.80788067738706
0,0.42104884995745634,-0.3164995841757721,0.2527118881392054,99.02305264389666,64.93932842953612,85.13710529359342
0,0.4211353631191156,-0.31612146780652467,0.2542603768753581,99.75823118204406,66.70930758189218,85.46944939813801
0,0.42132295681761717,-0.3156636957899994,0.2559011902260356,100.48712732037879,68.34523191882538,85.82597923398026
0,0.42161044939087844,-0.3151762156264252,0.2573956169533305,101.24513124424428,69.88523107542699,86.25150762424184
0,0.42215279354380586,-0.31453901693982544,0.2601129980730586,102.39358428234337,71.814434659419,87.02242054643685
0,0.42263555093335137,-0.31412933275861216,0.26151145059342906,103.66117985967583,73.52538286744706,87.98136453406669
0,0.4229095028214357,-0.31398181483907167,0.26262635845418497,105.118423073858,75.08002096288406,89.17050602147835
0,0.4235234053306482,-0.31358321116132204,0.26390861291165874,106.88402455564153,76.52313737952817,90.70908919746552
0,0.4242921636872194,-0.3130565230624146,0.2653088786053233,109.07044912294701,77.89675711836247,92.69185058121505
0,0.4244726480417155,-0.3129578213469452,0.26626414198155923,111.73668050201404,79.25182097815532,95.1570399532281
0,0.42561260326432204,-0.31216771171254587,0.2687991907047801,116.45496710093269,81.05697063600279,99.66768882054933
0,0.4265335248284242,-0.3115014557616181,0.2703395976471477,122.85707940900589,82.67551347865663,105.91280630793149
0,0.4274196939043901,-0.31082162425679627,0.27180103081937357,132.06952871732582,84.09133575724115,114.99836828399555
0,0.42815881385134674,-0.3102944867388673,0.2731086077141337,146.1366838308978,85.23263283654249,128.9419937806128
0,0.42995933754967675,-0.30882000491780703,0.27591891783948463,175.04743849874467,86.01152550277844,157.70296362216467
0,0.43101671202706315,-0.30795693442983096,0.2774057199406199,-156.13239973335402,85.63629073917335,-173.6022091817608
0,0.43196620656775453,-0.30714187429112855,0.2787076868462138,-136.90191808393365,84.52054486977015,-154.48041096205142
0,0.4330924661331079,-0.3062023405806488,0.28009994048352765,-125.44184621541653,83.08148921462731,-143.1096918253532
0,0.4343008608989618,-0.30525628254575204,0.28150894660230213,-118.22338704739562,81.49645003740417,-135.94871135507432
0,0.4367138342432878,-0.3032231108920045,0.2841426970409923,-112.01790467343915,79.25964465723229,-129.81845759654138
0,0.4376493619255922,-0.30226457760495606,0.2850359715866618,-108.26105493613773,77.15504417982707,-126.1395002372107
0,0.43872339590119347,-0.30118704126042795,0.28624827164884137,-105.68762135205267,75.17706827623327,-123.65689010001286
0,0.4397893907003305,-0.30008596465749215,0.28741837281461285,-103.76928956108644,73.28413329686452,-121.84366778965155
0,0.44051119251774773,-0.2994288985506958,0.28821912903066205,-102.2713268082892,71.47718490895461,-120.45369937393724
0,0.4424826504163644,-0.2979517589585251,0.28966095823522137,-100.88084532566675,69.25500668610296,-119.16014268606149
0,0.44346281005667665,-0.2972428159491486,0.2902942051338725,-99.94719148270192,67.3191874183876,-118.29893884229871
0,0.44423478408383354,-0.2965154777543015,0.29072460908170267,-99.2687848547702,65.57573487265257,-117.68399639468475
0,0.44506932808684324,-0.2959321163670487,0.29116572160001325,-98.7913986484515,64.00386888217663,-117.27530061483353
0,0.44570860727356887,-0.2954483942763275,0.2914939059662394,-98.43503734970732,62.57276515392421,-116.99544328124504
0,0.4464669437580011,-0.2949055193440384,0.2916878225254588,-98.1340571359813,61.21806839698682,-116.76898874635218
0,0.4480004505686662,-0.29385453746480417,0.29218816537137554,-97.83081264658273,59.508090602752596,-116.56155991380722
0,0.4480004505686662,-0.29385453746480417,0.29218816537137554,-97.64798230831883,58.396333159094766,-116.44142620115062
0,0.4495284946136377,-0.29279645786446995,0.29268737692113445,-97.44071038863481,56.88288672395234,-116.35139820431552
0,0.45012364550160383,-0.29233210728330083,0.2928153218674236,-97.28131893290396,55.5218138069549,-116.3191833815318
0,0.450704267757406,-0.2918928699271149,0.2929458083557658,-97.15445080522582,54.27778674540897,-116.31510090385162
0,0.4519944490365884,-0.2909746526257462,0.29306295174832864,-97.05954076628417,52.74790138526079,-116.31807801759231
0,0.45276679112242674,-0.2905137734190888,0.2931345178532176,-97.0091467855361,51.39443175012787,-116.33459682623403
0,0.4533546776943109,-0.29015347883862924,0.29317656177754925,-96.99284045902198,50.18521225890953,-116.3653217043553
0,0.4539038599901102,-0.2898319272772736,0.2932005514549784,-97.00269840807297,49.076098584512245,-116.41796643822123
0,0.45481067909525846,-0.2891285787598557,0.2932890250134044,-97.02545039906526,47.79749548860014,-116.53072924331461
0,0.45517513467596993,-0.2889217607752747,0.2932973780083232,-97.04693394695191,46.715066568628814,-116.6422578746244
0,0.45531085147189115,-0.28881207928819125,0.29331100005384014,-97.06231489498408,45.80519858037505,-116.75755373861378
0,0.45542285754012085,-0.2887269143835968,0.29332271594281717,-97.07515499636757,45.01388938815076,-116.87862268501647
0,0.45544209344910597,-0.28876472757024235,0.2932902337956004,-97.08813616035454,44.3312830124461,-117.0059144283714
0,0.4553182901315592,-0.288840756870932,0.2933086444782786,-97.09501039958643,43.79766275579364,-117.12317116889201
0,0.45488525940703367,-0.28901848659676976,0.29331285971875715,-97.09331690426605,43.29234528083676,-117.2753382234535
0,0.45461072637366273,-0.2891336850897736,0.2933281244682841,-97.08577018506118,42.92115004398722,-117.4070205816767
0,0.45418492122220017,-0.2893654070870346,0.29337678570027875,-97.07061733594331,42.70086986620115,-117.51635746981101
0,0.4537739352755449,-0.2895862887875504,0.2934697224545054,-97.04942247413047,42.58715364372587,-117.60702366099196
0,0.45335246934222206,-0.28984000907105867,0.29350338238950296,-97.03442711701915,42.58336011342657,-117.67504427809814
0,0.4522030027084253,-0.2905503855721421,0.29363676685567425,-97.01278018394663,42.819957581088275,-117.720632979828
0,0.4516338483862779,-0.2909339182154602,0.29368053097005414,-96.99978308027357,43.15574211297808,-117.72943618155136
0,0.45101060880946137,-0.2913372407929367,0.29373351592298075,-96.99016536311014,43.56875675486742,-117.71529732974211
0,0.45032301707791306,-0.29184432492417756,0.29368158478017375,-96.98250114191994,44.056419826616995,-117.67143832340442
0,0.4497010560207269,-0.2922401391045517,0.2937065507816844,-96.97237814416965,44.62493404285871,-117.59740475441818
0,0.4485399277381799,-0.293025111414618,0.2936043776917033,-96.95747956830662,45.511681714521075,-117.4394855399004
0,0.44753865315245606,-0.29370957658452457,0.2932132281708293,-96.94356934019746,46.387314868787726,-117.26244440373277
0,0.44711604430006957,-0.2940765349642701,0.2931030585217052,-96.94995136586905,47.270580590660344,-117.07353260822786
0,0.4466464207940004,-0.29458948478860325,0.292909823839622,-96.98141851064642,48.22391626989652,-116.86294060736883
0,0.44597035511063554,-0.295443055488295,0.29252464074369,-97.0868450198565,49.58616046942147,-116.5730425494591
0,0.4455659361057184,-0.29601414308709567,0.2921931399750285,-97.20034223997978,50.86639476136054,-116.30908522081529
0,0.44527697129773125,-0.29650310323399964,0.29182996291394764,-97.32757011895566,52.125254057103106,-116.06329720781916
0,0.44499598755167946,-0.2969905136601395,0.2914330639290385,-97.45666076162476,53.377367975104775,-115.82676888733444
0,0.44463604553269365,-0.29747619614762727,0.2911002613949351,-97.56629275098877,54.63766965694999,-115.57964256334874
0,0.44397939010189985,-0.2980455325619644,0.2907632436203532,-97.63585523616705,55.96731557607556,-115.30170778271332
0,0.44199291928338036,-0.29941254899663394,0.29012731570478006,-97.63785566672342,57.98051167356121,-114.81787625960642
0,0.4412520752720735,-0.30021115110082097,0.2895747007774882,-97.63891991254667,59.72247309159624,-114.40206856148842
0,0.4406179682783983,-0.3009464781062073,0.2889015330719523,-97.69252187610715,61.434397053120534,-114.05328126581007
0,0.44019795520829186,-0.30164042756719056,0.2881004669117503,-97.8089839109918,63.11252480826888,-113.7795463487471
0,0.4394453720621966,-0.30330216214818423,0.2859403731274181,-98.18695505725293,65.41126282159422,-113.65489153589772
0,0.4387937919669054,-0.3042019455210633,0.28471916217084453,-98.59966749537513,67.5462831252605,-113.61762849915402
0,0.4382110001020334,-0.30511121318501894,0.28336100239034223,-99.09666220764751,69.61342692394356,-113.70631303184514
0,0.43743135495709395,-0.305869816996283,0.2821021797108226,-99.62543488579907,71.66258275259665,-113.85213964695369
0,0.4362939374022386,-0.30688657329244085,0.28052126306767994,-100.25920636731671,73.78230439722844,-114.11278595383907
0,0.43529564602898574,-0.3078289894835419,0.27877796668286847,-101.13105033584843,75.95482728204163,-114.61530481007817
0,0.43378968550490354,-0.3098430530802674,0.27441358107801006,-103.45146029211436,79.0150777582982,-116.42464051471225
0,0.43316836370753264,-0.3107134382502503,0.27219633359189555,-107.17879893990734,81.78595551160015,-119.70202718232083
0,0.4326856450610063,-0.3114887635485596,0.2696070756363444,-114.46038571395302,84.32839742245125,-126.57358496316907
0,0.43231444819497084,-0.3121084503905243,0.26702392358060406,-131.4303344012758,86.52675834723802,-143.1679549002136
0,0.43179740323351845,-0.3127361027972168,0.2622926880764537,165.93543805610452,87.66751733120358,154.58919084709757
0,0.43175523145722366,-0.312880040861792,0.26002037901158853,123.50963338117192,85.9637121328174,112.49097898553252
0,0.43176057799386003,-0.3130488364474244,0.25755113143201397,110.55685725017887,83.72572535980352,99.81908575187015
0,0.43185757114218687,-0.31314264104527895,0.25513104874368236,104.9402241480995,81.53152574333792,94.46294871450533
0,0.4322405071430109,-0.3130631868617005,0.25288147408242745,101.82469689257387,79.39122758853469,91.6075524407151
0,0.43252592696475006,-0.3130424825922913,0.25049336988206433,99.87691302384731,77.35008442065444,89.91349193808563
0,0.4336085812621019,-0.3127696697489685,0.24607407767053172,98.15685813146925,74.72043695338182,88.58043478289045
0,0.4343967111282251,-0.3122911314742035,0.24416733223672435,96.98389135578884,72.38441433512712,87.7863088970419
0,0.4351499529056451,-0.31211954639119577,0.24189533311601208,96.08635543151902,70.22200175619199,87.29624945737592
0,0.43623446686791395,-0.3118997959868378,0.23940838772531076,95.32279572072461,68.10297488597895,86.99064128514051
0,0.43841438158081986,-0.3112948004977173,0.23538870651002453,94.50600407912768,65.49946143607423,86.81238276469153
0,0.4395985425882242,-0.3108263044135041,0.2333123673843913,93.87666975878379,63.17481282458682,86.757461409864
0,0.44070149822758653,-0.3104991583601899,0.23099403936143445,93.36650706485526,60.9968713819842,86.76677033681517
0,0.4418076501660249,-0.30995639965695804,0.2291794170784526,92.95910378263468,58.994880306899155,86.80464199115612
0,0.4428041787319086,-0.30947734997434084,0.2269565286087565,92.62876451537252,57.036394137444354,86.8656297285809
0,0.4436793060474299,-0.3090701763407654,0.22463427979226638,92.35302112811294,55.08254050588957,86.93406728221262
0,0.4454645456247232,-0.30799849794072576,0.21982679027791546,92.06228651286,52.295041704015794,87.06841324069441
0,0.44649877114819503,-0.30734110639256906,0.2171984251188807,91.83670640727178,49.66057554278576,87.2409511246298
0,0.4475059153013132,-0.30671004460019535,0.21440833110089824,91.66189660072108,47.10131960463971,87.43603236512503
0,0.4486396328978441,-0.3058735828177399,0.2113258977579646,91.52722862487843,44.49734945725806,87.65907408928159
0,0.44961508526133515,-0.30501691267651987,0.2081733860420756,91.43933874381351,41.864477910110224,87.88803657968263
0,0.4507725135855577,-0.3037233142630524,0.20472649711843058,91.40430529185065,39.09286549286354,88.14289536358005
0,0.45287015749739623,-0.3006949584261841,0.19850241560216472,91.4730795813047,35.28232525831203,88.50501657796501
0,0.4538845465950868,-0.2987206451670594,0.1952063610004954,91.597206786629,31.69486098963726,88.83108873277548
0,0.4549241573982141,-0.2964080511109299,0.19176232743735835,91.7698435552524,28.194202667371375,89.1434633931864
0,0.45592754347847914,-0.29399808809918826,0.188365568106132,91.97924154906549,24.757229451250804,89.44388844102589
0,0.45821717842148757,-0.2884077648894257,0.18211184818025158,92.25019923628442,20.571735923034403,89.79167122139916
0,0.4594699533157251,-0.28535035178822943,0.1794105609106593,92.48310182622401,16.384087289343558,90.09975579502591
0,0.4606215895585916,-0.2821361611859268,0.17659482288833186,92.67758004689698,12.194242414003224,90.37077627054094
0,0.4621846185498141,-0.27818607793015904,0.173788270835834,92.82497184713446,8.001930372049376,90.60518601714719
0,0.46325421644972786,-0.2751597212330765,0.17188595760341213,92.92538618713559,4.0528478186942,90.80603320479119
0,0.46582295610236146,-0.2677370004431672,0.1684181280779414,93.01029355037281,-0.14197069083323677,90.99949956528799
0,0.4668942586951158,-0.2639266710059113,0.1670169829177432,93.1095205913168,-4.336983051027194,91.17466894422691
0,0.46779699041174866,-0.26024491415185397,0.16592475909467264,93.24596756925321,-8.531272625589114,91.33133534123314
0,0.4683689536027811,-0.2567082963959641,0.16538784090157077,93.4803735751346,-12.721622222973417,91.4552080624815
0,0.46914991601037004,-0.25004441187543336,0.16457457456465288,93.85620810643742,-16.902429196501817,91.52911249778207
0,0.4693735213451288,-0.2465783916489548,0.16448888856645152,94.31519170630595,-21.076218996569377,91.5564293178796
0,0.4695682825021646,-0.2435313306824631,0.16472301650519894,94.84353305563094,-25.243187674836012,91.54995647789711
0,0.46969324811028457,-0.2403971289174027,0.1650412477898173,95.40074880293024,-29.020235449628192,91.49363986455838
0,0.4698311345152758,-0.23733048722905584,0.16553153875942753,95.97073056234674,-32.490238336162605,91.3962576284578
0,0.4700087906293771,-0.23422149942082826,0.16633860621328875,96.54940255106045,-35.80944946387496,91.27039583705847
0,0.4708544345073603,-0.22800157115621034,0.1684495757865481,97.23252852621802,-39.964583457482554,91.1414499412462
0,0.47147515578793503,-0.2248863147274918,0.16972506958718822,97.80340491258364,-43.81688384502616,91.05430165787914
0,0.47159004821108796,-0.222079197026915,0.17117010671372937,98.34863689023166,-47.36006507163459,90.94748688474928
0,0.47194661958741163,-0.21941296831530993,0.1726465411829524,98.86820715345218,-50.65844159644966,90.8128032256473
0,0.47212166054772353,-0.21683050975961154,0.17424383450027034,99.42800361882792,-53.795837760230405,90.6211567746021
0,0.47246624095963463,-0.21430430994195407,0.17623106080766246,100.07171104265531,-56.719987611354405,90.33691823978987
0,0.4724222288899324,-0.21039375231427615,0.1796364985751681,101.0777274004681,-60.249530397489764,89.8172117235644
0,0.4720971943311594,-0.20899457917375033,0.18103254902835414,102.11808174477102,-63.21520572053531,89.22510345952229
0,0.47177080376671776,-0.20790568725032277,0.18229354906554746,103.15755517406879,-65.73339129808464,88.5990595463108
0,0.4712720455102823,-0.20709038690490192,0.18409109342570826,104.19438351512811,-68.16846709504092,87.95615104978876
0,0.4713528634481333,-0.2067460350768036,0.18494635332103299,105.09597899609744,-70.03595374541527,87.31579982166708
0,0.47110771699475273,-0.20704922632140582,0.18523262936349438,105.823240835634,-71.42149317205616,86.74635094602368
0,0.47116389437245354,-0.2074660934583611,0.18536111283774898,106.335452283314,-72.3948061801886,86.25862188540752
0,0.4710748822860621,-0.2083210976497597,0.18515721607680843,106.62339915935299,-73.05434031243462,85.88864214596582
0,0.47116455300377824,-0.20922257021827168,0.18495755780215786,106.71189772182487,-73.47979504199078,85.62901447889114
0,0.47154560996817574,-0.21081007704896396,0.18453865665669963,106.500050492745,-73.76351444465828,85.50176647605309
0,0.47186355455445267,-0.21127563253802722,0.18454571176047846,106.21504079563117,-73.95180853329057,85.47350995471783
0,0.47205711467789635,-0.21199008093041843,0.18435442585225628,105.88632034357866,-74.06869282641857,85.52281169622023
0,0.4722771750264071,-0.21266174928111498,0.18419919032331036,105.50838147816981,-74.1456631728618,85.64890248862083
0,0.47235359563158974,-0.212841671861834,0.18431109565969037,105.20501158805644,-74.21619089745235,85.77147532832566
0,0.47215443714188554,-0.21295661465091176,0.18452984261985347,105.01349968673374,-74.3846326613539,85.90749969035531
0,0.47206414653586365,-0.21249140010041662,0.184880064015346,105.01159566722532,-74.64023188930265,85.95632216269682
0,0.4720128701500795,-0.21209681794804996,0.18517782348866985,105.11117523914295,-74.9358456105829,85.95598076933221
0,0.47165281190203645,-0.21179421172303622,0.1854826303171687,105.29162509411755,-75.23442557017307,85.88674707968265
0,0.4717117981486223,-0.21137046770019002,0.1857432119893603,105.46573132441631,-75.51492403245783,85.8205757435185
0,0.4718806789688966,-0.2110417641775078,0.18604381907458828,105.56731702999679,-75.73986096037231,85.7919844987357
0,0.47207666053103425,-0.210506095446772,0.186145228927093,105.58197243942202,-75.86268748210759,85.83357678497862
0,0.4721259029083154,-0.21045770541591113,0.18596013415332363,105.52988112832809,-75.85101449154561,85.90822202519999
0,0.4720194177203081,-0.2106757627503342,0.18549591917272137,105.40406004220713,-75.69798904160929,86.02109219785638
0,0.4720472933225534,-0.21077944294375844,0.18466322708602473,104.96032521542578,-75.24163677903628,86.45435866577115
0,0.4720742197208307,-0.21078537449998325,0.18426843959565684,104.5137451493346,-74.79537370515438,86.90850156777405
0,0.4720165119938753,-0.21048823104066317,0.1841162841367297,104.03391101070201,-74.37074035948332,87.44803670431486
0,0.47185334576891874,-0.21023433641356892,0.18392814028735682,103.60106956913259,-73.98916386795119,87.97057264374793
0,0.4717028291396997,-0.20970547095698777,0.18395147520776317,103.18895673248845,-73.64491517831263,88.52565616635927
0,0.4709303127102754,-0.2086492006556458,0.18382100034232662,102.78511479126506,-73.2246286377525,89.22807166179349
0,0.47065504355954146,-0.2080882249848313,0.183747865145164,102.48549989673779,-72.81811844427,89.81879540598116
0,0.4703059495859048,-0.20782763556403583,0.1834018434929423,102.22676023715312,-72.3607598597895,90.32981324254553
0,0.4700941221289537,-0.20762092218560643,0.18297226864572091,102.05194689538128,-71.8143146365216,90.71120769468885
0,0.46985190077351546,-0.2076743371860451,0.18225054818864392,101.94821339464976,-71.08665900889086,90.96328675294515
0,0.4691672341399095,-0.20884542629880376,0.1801640893864207,102.0589348095789,-69.73603004960475,90.89176571846053
0,0.4686223910622499,-0.20955470249814456,0.17894647378202005,102.23273663016245,-68.33114755030905,90.7214358819798
0,0.4679341600708864,-0.21062410668296283,0.17753973412986324,102.48665148897912,-66.76881740673186,90.43173577398716
0,0.467218208449354,-0.2117478905693955,0.1762367327856593,102.7695509568083,-65.12061950809877,90.08728075253057
0,0.4661309049897096,-0.21333576158446735,0.17455346870894956,103.05623219996706,-63.34644371716978,89.71740956511192
0,0.4641804070644281,-0.21640657589597173,0.17164040434833094,103.46387208781296,-60.71352182469459,89.18060882423224
0,0.4630002559595011,-0.21816705093545383,0.17017750281568095,103.82228344935794,-58.187531164651794,88.71286826409268
0,0.4617014737300775,-0.21975506142539447,0.16887443948264644,104.13590623892529,-55.8782352221841,88.32373441343059
0,0.46036654426382995,-0.22135813520116276,0.16765195775504635,104.47994099702395,-53.63555233626244,87.91535801287853
0,0.4589046732954881,-0.22297179744405216,0.16651285487885997,104.87210767611181,-51.44327971191911,87.45149907391665
0,0.455462762849798,-0.22628749863070913,0.164513471012073,105.60116397149254,-48.55712208727445,86.55473373459363
0,0.455462762849798,-0.22628749863070913,0.164513471012073,106.01844203908504,-46.677495528325615,86.02673198165733
0,0.45104846073912597,-0.23012616083783574,0.16265340704198405,106.76732496214254,-43.96373499989096,85.10253224644597
0,0.44868081672715165,-0.2323482124583191,0.16162850308890864,107.40735850637493,-41.465994652082166,84.32125602774205
0,0.44659675224350914,-0.2341253160016007,0.1610598756718211,107.99281357995497,-39.125949161354164,83.63100190113218
0,0.4424630464486978,-0.23781093940896458,0.15991734597559495,108.68370148380787,-36.25403653631618,82.85658410160299
0,0.4404339195661447,-0.23972981915635533,0.15966457877035664,109.22184578258565,-33.65156717945198,82.2369123877578
0,0.4386494935922526,-0.24159083233041237,0.1592723270105891,109.61506974618679,-31.34350757734072,81.74074377562786
0,0.43691359324978807,-0.2434864817635483,0.15924753535266445,109.91397684450952,-29.171468946536095,81.30981548593036
0,0.43509788228796936,-0.24541101799172824,0.15934507090325878,110.1583758729021,-27.075133029091663,80.9166158873326
0,0.4312151731424234,-0.24951570139092868,0.15963890958304927,110.45104245921674,-24.33569310540552,80.38960304868912
0,0.4289592252545259,-0.2517786733881897,0.15961895111675783,110.69539326296629,-21.863766951735766,79.92074326950777
0,0.42704489393757805,-0.25374089107675024,0.16010280299659296,110.89990138686397,-19.580116693867097,79.49090914231789
0,0.42518245889471984,-0.25568896756333775,0.16067746851320788,111.0690598382,-17.429310948609775,79.09519239215068
0,0.4235732482247255,-0.2575811843649811,0.1610828096019797,111.19353733922487,-15.422043543293555,78.7614501063009
0,0.4207612024121187,-0.2610819183365769,0.1621745026456885,111.3056568408059,-12.925531711505688,78.42737710558924
0,0.41953845335768675,-0.262767503120131,0.16287846717711016,111.36998049964271,-10.714474845379781,78.1792251877849
0,0.4181813435130022,-0.26463241384190983,0.16350195277209803,111.3952109701058,-8.658029841259458,77.99076454776056
0,0.41701816185044266,-0.266498781301207,0.16447382140632197,111.3812253222183,-6.673607902723057,77.84365337329999
0,0.4158186198644541,-0.26844791159791415,0.16562222454424425,111.3393763954807,-4.70932588822183,77.72128888382666
0,0.4146131501965425,-0.2703201137558884,0.16689550611849352,111.28501841705203,-2.7330997210170698,77.60807122170773
0,0.4120840640239618,-0.274463013269133,0.1697201453494601,111.18013718828982,0.005244411212802555,77.45580176575561
0,0.4108119757347009,-0.27640209362668466,0.17133834052558466,111.07857980554834,2.5078453217308536,77.29908195851371
0,0.40957661582755067,-0.2783877585904068,0.1730818771171145,110.97485140574211,4.870877690120948,77.13479191482556
0,0.4084458233289622,-0.2801589499489731,0.17469298619504497,110.87600327916067,7.117601484244111,76.97871883669715
0,0.4072783993058108,-0.2820504771248764,0.17662290770288036,110.77705831863652,9.323468276643771,76.83306746776233
0,0.4053075225524805,-0.28551461444062654,0.18056648600574063,110.64521924715216,12.204979133582356,76.68239450759422
0,0.40436858548449495,-0.28720315919084016,0.18252604592319055,110.5261923002226,14.770257412595148,76.56368637487013
0,0.40353427393959984,-0.2888365726248688,0.184566617493587,110.42192281338143,17.13468947128227,76.4784741106116
0,0.40276563181208586,-0.2904002408759064,0.18665044177051113,110.32317801648252,19.36593513731847,76.42075349267616
0,0.40204038186596847,-0.29210173354310465,0.18922480303521677,110.21758135830432,21.66560061819791,76.37288853494951
0,0.4007485540084742,-0.29449321613473367,0.19281079876895474,110.13226544283546,24.352663852272144,76.34511901049409
0,0.40014046295212724,-0.29585168585938876,0.19502796102042722,110.06699430743744,26.791690171483438,76.35185208706638
0,0.3994936482481859,-0.2971990673319764,0.19725047368283793,110.00996855400439,29.073097218182024,76.38337750523033
0,0.399107942121496,-0.29863020346326297,0.1997450901913218,109.97624510299347,31.34686256632865,76.48262960665537
0,0.39873814000414826,-0.30109179542226266,0.20498068231816813,110.0232836250923,34.364780870106685,76.76877894782942
0,0.39875020845459913,-0.30234885142011114,0.207813223187881,110.13206070404378,37.14262813427748,77.13215568016471
0,0.398855202036371,-0.30335878894490664,0.21045386988397166,110.31554839283443,39.71253009149059,77.55414444044227
0,0.39906125678347565,-0.30450603172940677,0.2134970178055339,110.59709364842575,42.25403158024188,78.08614628046801
0,0.3993319542579553,-0.3053777341620392,0.2161600347208552,110.94295225081517,44.64670953825619,78.67436673696682
0,0.39979411973284706,-0.30613348648709726,0.21899829406018778,111.36323464564668,47.00585674333161,79.33845851538867
0,0.40117670311259246,-0.3074587611929841,0.2251222636150889,112.0377025768865,50.22999627671846,80.40301201110587
0,0.4020625235013865,-0.3080759684817261,0.22826849896188303,112.76149468340424,53.18788163287912,81.51945711785524
0,0.4031437443070315,-0.3085605196730561,0.23153638738866375,113.57085696013921,55.99870645568647,82.73328260295645
0,0.4043502212934396,-0.3090155331866211,0.2347456576275401,114.50826292072686,58.75415884489841,84.09769601840635
0,0.40770864053296074,-0.3091809193865723,0.24147504884477183,116.10787345728154,62.40778692932557,86.36301709927424
0,0.40975746824072823,-0.30914155647916264,0.24490137297387643,118.10293764723613,65.72683716524458,89.02497947486258
0,0.41218560947703337,-0.3087379627005524,0.24841001826997325,120.73329241585023,68.84794671445127,92.33582611871664
0,0.41431052847432115,-0.30842860744161077,0.25111743468518777,124.03891642181514,71.6095347845492,96.3246777934815
0,0.41737707717942213,-0.30785713241261903,0.2546638931679301,128.90078129956473,74.35977620178258,101.98375755282403
0,0.4194785372786424,-0.30721905038518377,0.2567991681742244,135.0651783454405,76.65458646035552,108.88382937632305
0,0.42557982667016014,-0.30540576861066293,0.26214086968179273,148.31101126507448,79.37837694942385,123.31088479118618
0,0.42902014865206695,-0.304095588185019,0.2648134793686442,167.13145120128397,81.02474533714694,143.27723960882847
0,0.43281454308556533,-0.30242131636304326,0.2674782707142405,-170.04071386373673,81.3161503003914,167.2525080957791
0,0.43605353696869825,-0.3006993286387391,0.2696304919170909,-149.85011111682795,80.24739895036787,-171.46392355246834
0,0.443479488926401,-0.2961086140648789,0.2737099148678355,-133.54695598760804,77.82952275227045,-153.9140412644493
0,0.4477929042153261,-0.2930464743153519,0.2756889392780833,-123.46217484177915,74.7179631350526,-142.58948872733768
0,0.45200686617421126,-0.2898804025427766,0.27718962687726545,-117.1773112368596,71.24981009473878,-135.0707164070593
0,0.45587620897816633,-0.2867347173468537,0.2782291640686564,-113.10580096046573,67.59412368083977,-129.75849839711623
0,0.4601341636352441,-0.2832024543063111,0.27911137360806987,-110.4049031193359,63.82610350937991,-125.80676139690992
0,0.46408835365103707,-0.27963455543679666,0.27954850334401654,-108.5810837541267,59.996352829516965,-122.70026466939862
0,0.47137965424584366,-0.27249629364175265,0.27911135811086224,-107.39929242719455,56.14214023763969,-120.14862425985952
0,0.4746837557725809,-0.26906870649022524,0.2786284806179576,-106.6428198933223,52.27647747641759,-117.95275665604507
0,0.47766919596718765,-0.2655948369280762,0.2779125561165385,-106.19705988894465,48.41020851962667,-115.99314382936441
0,0.47999656661080337,-0.2626499877945847,0.2766900743889384,-106.0101790224649,44.55045812992628,-114.20628459031344
0,0.48370241387413954,-0.25765498981637425,0.27435704726453347,-106.0632030234376,40.69850793752405,-112.5682504838274
0,0.48493622406052567,-0.2560570262448258,0.27341735858197735,-106.27966066305548,36.9743644361311,-111.09839621995854
0,0.48548385663556076,-0.2549521605746216,0.2721415509628825,-106.5598778210161,34.075767028662604,-110.07440037270057
0,0.4858526320629023,-0.2545154260174698,0.2714641215252452,-106.82412536895065,31.91033790898681,-109.40306487748467
0,0.48587888045834526,-0.254649290897078,0.2709964467930369,-107.04742416383871,30.358730602600517,-109.03004020128014
0,0.484586742656698,-0.25657749221486514,0.2704285051273875,-107.22549152429386,29.43788092025116,-109.08599120691676
0,0.48382426066922163,-0.25758139357728427,0.27022670048947856,-107.35266261121602,28.900478491242165,-109.2637226484726
0,0.4826461629443072,-0.25935566888017125,0.2704079558300547,-107.4153887223368,28.842485986937653,-109.63099080602343
0,0.4813586549334428,-0.2611931572930283,0.270269922201591,-107.44176643389264,28.98468589475866,-110.08037373895552
0,0.4800886975102327,-0.26284144804639287,0.2706012834953837,-107.41149826205371,29.386506960376874,-110.58697473217819
0,0.47875609262513136,-0.2643924318329758,0.27102164525266215,-107.32621671486609,29.968705066887694,-111.10692364924455
0,0.4761192233734034,-0.26730287716550294,0.2718282594131999,-107.10260647818716,30.962320171603814,-111.75856714009227
0,0.4752232910566233,-0.2683980880753464,0.27235676068540143,-106.87368765371153,31.893197916727736,-112.28038725448742
0,0.47412620498465513,-0.2693725369946427,0.2729104294228129,-106.62754994410481,32.80856644886851,-112.6879325197406
0,0.47291205688046434,-0.27039775476617284,0.2735132708000712,-106.35942735268442,33.75864412592735,-113.00047363028908
0,0.4713220821194551,-0.2720221100823349,0.2743827261375956,-106.05521928902482,34.95157068859147,-113.21214378147174
0,0.47048387690113996,-0.2728479407803483,0.27490425366635846,-105.78836993109022,36.05137324884997,-113.33539874094613
0,0.4698561237625979,-0.27345166549844213,0.2753522469448619,-105.56461226987352,37.08705621237961,-113.39344498001579
0,0.4693457426004312,-0.27405167863530583,0.275653884594398,-105.40317559201303,38.072123756711,-113.40215383444071
0,0.46894750310706124,-0.27483748004598085,0.27584640640492963,-105.31312043160567,39.04481243951114,-113.39483776759738
0,0.46866214139985063,-0.2753741405980057,0.27608139056439923,-105.27225784274546,40.01711858395659,-113.36370875274842
0,0.468155653911104,-0.27655004546803896,0.2763134147572093,-105.29845958327944,41.37012501445104,-113.2750083587101
0,0.46779832704590774,-0.27722057864827576,0.2763581551956706,-105.34312429136835,42.62344943376741,-113.17294726278642
0,0.4676402942709825,-0.27770710573358004,0.2763892425941996,-105.41770774347239,43.82371991403372,-113.07410026202595
0,0.4673596979551218,-0.2782159410492844,0.2763751091408306,-105.51029507706892,45.00402355679435,-112.98560933407416
0,0.4666793899111651,-0.279301760651297,0.2762951435493998,-105.68603348916942,46.68587330801607,-112.9741828225882
0,0.4660708920531175,-0.2801415775792069,0.27627428430791423,-105.87489967424303,48.31117570182068,-113.02542572253164
0,0.4653658272199533,-0.2810789959208435,0.2759661998199992,-106.10964604772765,49.92833159629224,-113.17088590787847
0,0.4645301984124086,-0.2821071814076371,0.27557295817609356,-106.39820721610593,51.58480438141325,-113.40089164287986
0,0.46338745369242645,-0.28356629774732056,0.27490513700719404,-106.80188180133338,53.369345472777105,-113.74365483237986
0,0.4622956366710565,-0.2850155036227173,0.2740668310570292,-107.34979518589164,55.280723142025955,-114.23521344009454
0,0.45998155488299347,-0.2881457071082062,0.2718402387547069,-108.42908596578168,58.103051007211945,-115.21618805637495
0,0.4589403168730638,-0.28960341320199434,0.2705272998261027,-109.70542573422708,60.72713194019472,-116.39819432349576
0,0.4577201829724214,-0.29140887663526005,0.26878170985456035,-111.33802951561752,63.29791895047749,-117.94493043975211
0,0.4565996573738954,-0.2929701583163209,0.2670739795612864,-113.3109035002657,65.7504944277725,-119.84630234689499
0,0.4540752397351167,-0.29625413284463353,0.2632542278217845,-116.73909265002621,68.9003721739063,-123.27731415845702
0,0.4527572409682176,-0.29787820146245425,0.26115179139848277,-120.86685841923281,71.65742821294856,-127.44826208775422
0,0.45150144411848997,-0.29929923341435855,0.2590417303490214,-125.96471170015367,74.06208662373757,-132.6410988048807
0,0.44989388002680764,-0.3009764652029938,0.2564551766562037,-132.797288729538,76.2661159937433,-139.60815188236447
0,0.4492569447927378,-0.30151132033032846,0.2550382747101359,-140.79327909608332,77.9626912298808,-147.7491871305363
0,0.44748179777192093,-0.30337588236493535,0.2506728662895732,-154.79883381749093,79.63904094597292,-161.9213980623498
0,0.447041696446409,-0.3039465980307526,0.2487550945925288,-170.4656774921638,80.44529281373153,-177.68426081438702
0,0.4462356479339502,-0.30468279287976685,0.246745455448585,173.7605318596705,80.48387348073359,166.48313249146756
0,0.4456216679386995,-0.3053806011454529,0.24450996000047256,159.92823901692464,79.88272637415213,152.63820739792538
0,0.4450249092154405,-0.30612702415151066,0.2420848794626765,148.41711563026954,78.79277756070296,141.13188414839007
0,0.44455394907521223,-0.3066751603857941,0.24002397555585434,139.8686304989512,77.45804699167755,132.61826980765667
0,0.44339859350251176,-0.3075525657908387,0.23563050944085642,131.23866448066497,75.38292659367995,124.00503644124592
0,0.44244503094481447,-0.30804469511670535,0.23302334446187542,125.41808567953932,73.23314064311737,118.13229511428615
0,0.44164558811711296,-0.30827915237111514,0.23050754327054546,121.2063567142842,71.04163600563491,113.8363077499176
0,0.4407442124061487,-0.30855061695737307,0.2276553596901469,118.00166272888913,68.80576549795381,110.52619567958676
0,0.4398582757882975,-0.30880481765431833,0.22448570806260632,115.44297482477009,66.48948568063011,107.86312542990119
0,0.43856792016552903,-0.3086918740050263,0.21840885776753952,112.69634102403408,63.2628239133634,104.99289830096698
0,0.43827841295527437,-0.30813171193761296,0.21567466217752024,110.75715994227967,60.285926306288204,102.92552638956343
0,0.43758628829049095,-0.3078897850291199,0.21247446555371807,109.29266663079434,57.46339663389491,101.3247961596192
0,0.4368121446542642,-0.3075408034102387,0.20924762148137616,108.160476005776,54.73267024149858,100.02603570411861
0,0.4362583713107012,-0.3067614798323578,0.20640998977895306,107.31570965202364,52.06848562757729,98.95190539323318
0,0.4350043178968332,-0.3049813000933594,0.20026992637391614,106.50910046451429,48.48603005895687,97.754936496904
0,0.4342615173630617,-0.3040727143065399,0.19710541207070872,106.00003439729966,45.26412116171417,96.85300430829446
0,0.4335236178212068,-0.3029047052638001,0.1938541327762179,105.65477673841313,42.233194757848636,96.1129452893166
0,0.4330063791446589,-0.3012847511546082,0.1905782284187846,105.4443823178317,39.243874165174745,95.49200162593812
0,0.4323029221467874,-0.299662906386084,0.18710092622514293,105.3160811698193,36.273790212571626,94.92473297758835
0,0.43125841035174345,-0.29596399412316743,0.18067288595910594,105.20995610736757,32.3004041330773,94.17869711392609
0,0.4307545186452768,-0.2941802112833924,0.17766070145841167,105.17477758022675,28.716311435010862,93.53559670100113
0,0.4303310380749605,-0.292035513974852,0.1746023662733607,105.18601851486353,25.362336792446943,92.95753175756647
0,0.430030411618223,-0.28976913259190984,0.1716608335423045,105.23118521112202,22.156436794216603,92.42046855742686
0,0.4299345420174502,-0.28753542707127994,0.1691314645456843,105.30740483257345,19.095390449729017,91.93941340508407
0,0.42983782007025695,-0.2827110843436188,0.1641421172368102,105.39780206070468,15.100989112900395,91.32557917652643
0,0.4299552114181421,-0.28041593239469,0.16207825723763034,105.47102078851353,11.610362179369753,90.78701774693769
0,0.430101756887903,-0.27786703691644143,0.15987993571634815,105.52843577987903,8.291388278586508,90.28392300219382
0,0.43028167946862206,-0.27583495006722875,0.15836934152718113,105.58403332616905,5.380629153995513,89.83901137440132
0,0.43058970584200834,-0.27108495519322817,0.15536260816927477,105.67914716319851,1.760200174281021,89.26178635985184
0,0.4307088793687723,-0.2688166211621231,0.15407325211639927,105.80373721756195,-1.387860139411673,88.72811165808685
0,0.4307661609225176,-0.2666838102118439,0.15307843792911097,105.97238589661666,-4.208772272489611,88.23008376738252
0,0.43074570460843065,-0.2645795528666443,0.15209736395354792,106.18134149302306,-6.76257012434015,87.74199277762723
0,0.43074012561367964,-0.2624965964333481,0.15128873806174323,106.42603393624468,-9.112768190077444,87.26031691254644
0,0.4305212856702707,-0.26061873779458467,0.15055601555581616,106.70456649708433,-11.294161532656789,86.78355071107151
0,0.4303895400338075,-0.2570388983265824,0.14958452563460395,107.11092060635133,-13.870458225359371,86.16816498702394
0,0.4303374694161318,-0.2555604802147812,0.14914587910945937,107.48787849022689,-16.05147890964608,85.63476429345228
0,0.4303104849033258,-0.25405851409596863,0.14874080922182129,107.84517391802797,-17.987706947756692,85.15106854896143
0,0.4304188103847406,-0.25295799539250796,0.14844560388203187,108.14989172764773,-19.668917799905955,84.74006699159939
0,0.4304097251467608,-0.25179049775762025,0.1481297640102677,108.43304717098093,-21.18683287792556,84.36581732438418
0,0.43000344647692657,-0.2503233151213593,0.14774352032418772,108.79305637028781,-22.795456424451395,83.95278138398137
0,0.4297330202035806,-0.24969657704991763,0.14766737770016714,109.13968665455472,-24.1168835795004,83.58963968938585
0,0.4293722645811937,-0.2491434972063965,0.14747277829523608,109.47781816791026,-25.216609611705042,83.25825066336056
0,0.42913476987408616,-0.24856689260167544,0.14734020549531504,109.78533725172184,-26.167988686986238,82.95004834123553
0,0.4288823784761332,-0.24813982830209202,0.14713324900444075,110.05910486642415,-26.990113636151946,82.67279564216143
0,0.4286028088502786,-0.24749789521855778,0.14678872573848292,110.27749052544186,-27.868750735635786,82.41416060281905
0,0.4285939366989039,-0.24780767665070957,0.14659150149400757,110.34822922398756,-28.469051394647856,82.2584808758813
0,0.428372365372648,-0.2483045791165299,0.14629459242995307,110.33127002598246,-28.878438536879226,82.16330306472554
0,0.4282136352233789,-0.2492242531554169,0.14623104419286773,110.228163962023,-28.992291791303455,82.13982643501195
0,0.42785224034117675,-0.2505303965584702,0.14604568402941748,110.07025670940097,-28.839430069011357,82.16485917263505
0,0.42681073113011336,-0.2537010245100922,0.1459261724698119,109.81738352693053,-28.069764920389456,82.32310413995495
0,0.4262677283458612,-0.255057130910582,0.14596382293577714,109.60209010871931,-27.259203401739068,82.51360100626273
0,0.42556928856896376,-0.25671414659184877,0.1459251254397206,109.41770403446738,-26.377136750908686,82.73700004693792
0,0.42488057328986145,-0.2583598493115372,0.14579476486619042,109.25104264983074,-25.48106229007031,82.97915771483224
0,0.4240577103071116,-0.26057955310506287,0.1456570973592572,109.04920410151355,-24.428030935490092,83.3006157695081
0,0.42341428561734185,-0.2615992771164841,0.1454740956770949,108.88302110134441,-23.568588919049787,83.57598649872192
0,0.42312472029255843,-0.26210512147111364,0.1453050840991311,108.76267725481435,-22.95007719728743,83.78272147250874
0,0.4226572470240496,-0.2628168152348465,0.1450094157802634,108.66962672490268,-22.48089792847186,83.9454969079918
0,0.4225560308866404,-0.26273515269917913,0.14486795436318442,108.63521672084642,-22.22592347544691,84.0455537230799
0,0.42236859216021516,-0.26235241816205446,0.14465013045545147,108.67977107284216,-22.1887996875764,84.08275083215213
0,0.42201235009955385,-0.26129815087480013,0.1440849192040734,108.84143119952621,-22.528082192197925,84.0121105603491
0,0.4218729720883272,-0.26036034510297246,0.14380691189046427,109.04323795559782,-22.997759908564294,83.88935808152985
0,0.42169746621178605,-0.2591355697886414,0.1434206333356671,109.29525965754974,-23.676628298075727,83.6813956656027
0,0.4216009767227075,-0.2578948168532319,0.1430596069964342,109.58066540413726,-24.490406564906614,83.41247697083034
0,0.42173262550162294,-0.2565702240244812,0.14276464815910384,109.87016637895312,-25.402357844297985,83.08772446865568
0,0.4219476686291598,-0.25399699793023534,0.14230598602171465,110.29669893968713,-26.765692446581273,82.57598641842246
0,0.42196539356039986,-0.2528611223475403,0.14208477258409782,110.70390922390582,-28.01015776982369,82.09347348666275
0,0.42209448530005433,-0.2516577874199814,0.1419505333500676,111.11411291172789,-29.183597913109327,81.62514373814234
0,0.42236326499508836,-0.25043824241322943,0.1419407977136545,111.52104569418366,-30.30578454814982,81.2003096583648
0,0.42297970517205213,-0.24812005386514133,0.1419168380620651,112.00269967636999,-31.713949668224608,80.7157351985976
0,0.42322773798035607,-0.24697471723718112,0.14189604323084876,112.42388448360988,-32.98777730046798,80.27846618563426
0,0.4236782611780069,-0.24592220113439028,0.14215406883235499,112.78679778992283,-34.105516822738494,79.8747460394261
0,0.4239286379389665,-0.24512874410314028,0.1421595969768934,113.08854270493981,-35.10060317779075,79.53042418750269
0,0.424208943682184,-0.24419735417527622,0.14219638298924492,113.36416416618955,-36.02490419845469,79.22561272539473
0,0.42470158054160095,-0.24301396415395204,0.14246457475896404,113.62359702303324,-36.914793677675874,78.95005116211676
0,0.42541728033350923,-0.24128044650716252,0.1428800413357787,113.92661762162501,-38.00385510764542,78.6649429182128
0,0.42560179396199205,-0.2405221138970322,0.1429878854351811,114.20054045861801,-38.93888246017514,78.41080120876657
0,0.4257952378563784,-0.23967768654984897,0.1431745105582051,114.47099287029741,-39.779747117451514,78.16945214298191
0,0.42589841051625227,-0.23886302158994144,0.14328232269461677,114.75311790593938,-40.55930547045883,77.94394046327618
0,0.42603962882088636,-0.23797703073186344,0.14340507898207233,115.04914061343209,-41.31583554923719,77.72919818071318
0,0.42680071605967507,-0.2348756830470032,0.14410322043772267,115.56387988529715,-42.55240670694536,77.38795512536403
0,0.4272764028482339,-0.2330894748942322,0.14467280093308016,116.09939971152092,-43.76766808513598,77.00789888947136
0,0.42763558937834717,-0.2313265784160561,0.14512164268370198,116.68278207937801,-45.00062995220641,76.55221014506604
0,0.4279389472179315,-0.2298079140560097,0.1456094076084666,117.29819033775017,-46.19534054843019,76.03601195540655
0,0.4284901247792146,-0.22681640283030932,0.14650285068626925,118.18942213124885,-47.716688679279315,75.21879670202046
0,0.42885705991314865,-0.22563045189542244,0.14693307157333418,118.93953048422519,-48.97390230459277,74.52137572871443
0,0.42914129807280516,-0.2248875080124802,0.14716026257451104,119.54076418428245,-49.97555604241983,73.94004243441817
0,0.4295632289223573,-0.22422417715949486,0.147486726750689,120.01438106170735,-50.78897805526544,73.45445231719354
0,0.42955414368437744,-0.22486525402230684,0.14719446975465342,120.17927383102602,-51.1579636454167,73.21733957198357
0,0.42893115593718506,-0.22715980158013768,0.14634182985599564,119.90434639400259,-50.769026034865725,73.34435038108136
0,0.4281637535862825,-0.22933952257794804,0.1455986021804385,119.42023071916623,-49.95001034509154,73.69870888611113
0,0.42742850794123627,-0.23147804424924318,0.14475619915600346,118.83169857234985,-48.848224391699375,74.18794057701922
0,0.4262566284708879,-0.23460108027619786,0.14395879711683318,118.09423541138894,-47.31974528626196,74.87816810570712
0,0.42538675083445526,-0.2375327180401749,0.14357218343492076,117.2683804361219,-45.49859675620603,75.68052298539702
0,0.4237796710305116,-0.24308283374471135,0.14293637659128233,116.1548893095531,-42.889968729441904,76.78858485675391
0,0.422723168271055,-0.24652501926583714,0.14256097320194766,115.14410651477313,-40.33162516740966,77.76368669857959
0,0.4218430043630502,-0.2503061907069153,0.142570395019906,114.16462549180088,-37.68372253402105,78.68028245028263
0,0.42070996476935363,-0.2542882989422745,0.14276535376633928,113.24079965571464,-34.990304304919505,79.52382695956099
0,0.41985339535998323,-0.2582700274960465,0.14331894356484934,112.33965511629484,-32.19562736405965,80.31532771149091
0,0.41882885559128746,-0.26250869200391236,0.1439884810494952,111.48290608274004,-29.329160561534163,81.0492975679368
0,0.41734881414698577,-0.270860199190802,0.14648991632934139,110.33921582665089,-25.27735481362133,82.01119912178292
0,0.4167312697939775,-0.2746617417113251,0.14769758853788897,109.37324672649582,-21.628778941743757,82.81554600347154
0,0.41639408929871535,-0.27837856099767155,0.14945165257628487,108.50554853102831,-18.22239800694619,83.52061556641874
0,0.4157810197644136,-0.2823613666073746,0.151227822412806,107.69644979843802,-14.928962567370426,84.15753634122657
0,0.4156386004261873,-0.288950112916655,0.15546990502353236,106.68371582077975,-10.879587601066405,84.90218690293894
0,0.4155939103536509,-0.29201866076154176,0.1575166115510039,105.82956313475414,-7.324906562934025,85.48504684392118
0,0.41565309031533226,-0.2946720926539368,0.15974392059917972,105.0596961172621,-4.180461964284046,85.91768804556882
0,0.41549848629759767,-0.29727567002934885,0.1619216172742419,104.34585041362662,-1.2840096534822039,86.23410848247558
0,0.4155352921657465,-0.29973478243512575,0.16438999119873568,103.66306929867412,1.41488785449725,86.45337980034029
0,0.4152226553730868,-0.3040547995345063,0.16875685054536388,102.85467236975374,4.637768045162734,86.60524782720368
0,0.41518061919735894,-0.3059774760977692,0.17114856559510752,102.16143909427254,7.431232159204122,86.67776424385477
0,0.4151479588322542,-0.30774485514325567,0.17343126941199824,101.54652398159165,9.944738739683661,86.70946292152358
0,0.4151443169884584,-0.309416027523703,0.17578545022483394,101.00625278393476,12.229568328448611,86.720489517623
0,0.41513379825877167,-0.31084406421346134,0.1780354626822047,100.52311441650191,14.34425484578808,86.71962347459136
0,0.41511677070187547,-0.3136638276354737,0.18246569979663418,99.96098950754853,16.911592158877912,86.6910361652838
0,0.4151159377269647,-0.31484056160611573,0.18455211598153637,99.49642526401766,19.110266832465662,86.63747992427606
0,0.41506055458115554,-0.3159073893801636,0.18659125018592404,99.10263445030205,21.050372786938198,86.56884316390743
0,0.4152213962249659,-0.316951234795279,0.18883845377440975,98.73301617415365,22.862784223149003,86.48772124439833
0,0.41516965492295244,-0.3180087487475342,0.19107823032613322,98.37807310698408,24.584990703749607,86.38186572839278
0,0.41520454301165566,-0.3201411955134339,0.19578529793496655,97.90995736743433,26.84770720329453,86.2068306819602
0,0.41524458392189956,-0.3211469332949585,0.1982878722595744,97.47250972137996,28.91506721030363,86.02801529793553
0,0.4155186714105508,-0.32202007696790164,0.2009113790440135,97.0550535543708,30.86324274146469,85.85353059275761
0,0.41566920741127944,-0.3229631905333466,0.20364146012540385,96.64071510050589,32.765380065032126,85.68321679566976
0,0.41598905040549256,-0.3237328903452821,0.20645002681489513,96.23938123801352,34.64850871692032,85.53477780991375
0,0.4165029571823976,-0.32519488141698305,0.2117848010706477,95.73311078224273,37.09807099081863,85.37899376526912
0,0.41677497191952684,-0.3259264426009125,0.21430762249703927,95.26280805963738,39.293361562738205,85.2307943238036
0,0.41717491610573754,-0.32649746821088266,0.21698465663667246,94.80277071517781,41.334411994958266,85.0910117393072
0,0.41751566095875725,-0.326994541145987,0.21947157103295847,94.34833164288133,43.252143177546685,84.93994308721517
0,0.4180440576248071,-0.32751363561315006,0.2227426286387019,93.83615943728066,45.239647824848106,84.76424434323124
0,0.4189627514653108,-0.3280420129076905,0.22754143196816967,93.17021506239146,47.640598766838245,84.52883847624679
0,0.4194500417880914,-0.3282465760485596,0.2302356602596812,92.52510153272635,49.806873692882135,84.27817502867147
0,0.4200199709706209,-0.32828655884427493,0.23277197975392863,91.89763742541379,51.80417922161578,84.01225711605466
0,0.4205306233339212,-0.32838009998959966,0.23513686138864084,91.295328593047,53.64769037905048,83.74778297143149
0,0.4210806192331216,-0.32835834191007085,0.23745905596490433,90.71182170218498,55.402723397377386,83.48057390854724
0,0.4217756108813188,-0.32836613700551454,0.23979440767045543,90.15525395036136,57.09522831047437,83.249021256402
0,0.4228935213260553,-0.32817767546338505,0.24355600613828227,89.50524171337001,59.09914805471333,82.9983503194
0,0.42335483445452665,-0.3281205372588105,0.24524709243054912,88.92850143704008,60.80285989728131,82.76532099768737
0,0.42378579242753006,-0.3280066947714753,0.24686275381322428,88.39016910018583,62.3073463961225,82.52203165402241
0,0.4241077081732652,-0.3280046026484436,0.2482224013256602,87.91103083882284,63.618592739874565,82.28628435325356
0,0.4244454116992853,-0.3279641239420838,0.24962266701932476,87.46032185669367,64.81071449668545,82.04814020417949
0,0.42487212731169677,-0.32799694702786875,0.2516435416388087,86.9499816601485,66.12593465060806,81.75301238835621
0,0.42496964349078153,-0.32813911841077276,0.25235198098893685,86.5097921167462,67.21484847708867,81.5030230119882
0,0.42526401294993377,-0.3281092242972321,0.2530362214493327,86.1580245028321,68.1046479855662,81.32139822421584
0,0.42536972327755906,-0.328269000508017,0.25349261421437785,85.88534048725704,68.85831816665295,81.19988586618115
0,0.425631587343683,-0.32824643657369085,0.25420061189408827,85.67575660037262,69.56701049989101,81.15089175800964
0,0.4254456208519838,-0.3285129265562958,0.25427841562505293,85.52356753451268,70.1195155758146,81.11262730729392
0,0.4254125924281976,-0.32859202430409856,0.2543786670612864,85.42204309142963,70.51146602077644,81.07796807281666
0,0.42513629658745744,-0.32897138044995733,0.2543773343014292,85.34096974531646,70.82543829588597,81.04038203046775
0,0.4250237868599794,-0.32907552168530885,0.2543513454842143,85.2783009039236,71.02680423812963,80.99071907280127
0,0.42463226928042397,-0.32946081326169435,0.25413970786805673,85.22716890742485,71.16948255843018,80.94039589126822
0,0.42445029331969236,-0.32965629503888555,0.25379901725526377,85.22513857809521,71.20696435388804,80.9075061755914
0,0.4240251661710642,-0.33016031072301333,0.253399599974113,85.23243414358984,71.2062720382236,80.882497865304
0,0.4239855126910112,-0.33025089190167856,0.2531828095364146,85.24837793614505,71.1690507771344,80.87537970558772
0,0.42385589792059875,-0.3304941050784058,0.25303001481767223,85.24527287320603,71.13166827368012,80.87267084542381
0,0.4239270301036737,-0.3305559854285188,0.2529358770298533,85.19109664602244,71.10548392756382,80.85690786574506
0,0.42393208606766686,-0.3306387250201172,0.2530438925671153,85.1185768147457,71.13382270591269,80.83275640775847
0,0.42399469478653884,-0.3305784098879761,0.2532421715902857,85.02576834338417,71.2135481747329,80.79099634735901
0,0.4239618988208673,-0.33055536554021303,0.2535079487013392,84.9416597076699,71.34388031387088,80.75204071348445
0,0.4240501554183863,-0.3304325346724457,0.25380639392610116,84.86522258444687,71.5249901963538,80.71684346261783
0,0.42416121228264786,-0.3302376262919373,0.25436206180329846,84.79348829558351,71.8352670820961,80.70639365006012
0,0.4244035111241243,-0.33001719401044316,0.25457462150331067,84.76997608811666,72.13183923935854,80.75035753857556
0,0.424863642590513,-0.32973154947919314,0.2547084863829188,84.81697934371736,72.4092707236574,80.87592545782992
0,0.42535341246651626,-0.329450104691214,0.2547516151117854,84.92099606010197,72.67201106757489,81.08332432911591
0,0.4259639830760858,-0.32927087948483896,0.25475245970960186,85.09018459219563,72.91781479509281,81.37792713465062
0,0.4270804019145868,-0.32864235923451846,0.2547288264679484,85.34986294790342,73.21628399884275,81.86124507777282
0,0.4272490890197656,-0.32858743713063665,0.254568035190063,85.59678663372789,73.48367739114717,82.30775418831942
0,0.4277074576787851,-0.32830456659955454,0.25452873427148387,85.8538994564564,73.72330429480745,82.74795802495032
0,0.4279993282132052,-0.32806163237256475,0.25438768643613385,86.11636623243734,73.95171567495893,83.18105408883548
0,0.4284443305306337,-0.3277679447905487,0.25430920857663675,86.43280124757895,74.17411572645368,83.64536763196242
0,0.42900500013159737,-0.3274704913870759,0.25415405828233284,86.81285730193623,74.4036279462798,84.17998511894122
0,0.4304125146441362,-0.326607064463324,0.25397509652848765,87.41060238895318,74.72947344714026,85.02900548862506
0,0.4310138450436494,-0.3261890272871918,0.25393746930833383,87.94352422773932,75.0432634980668,85.8196770890624
0,0.43185017122553804,-0.32560566589993906,0.2539972497868113,88.44443786538017,75.3633853985662,86.60137797027045
0,0.4324420870714091,-0.3252383820788331,0.2539583440470271,88.92456740071411,75.67665314029452,87.35813938249952
0,0.4332449780278108,-0.3246706263796753,0.25402166563745066,89.39572156398901,75.99341173414254,88.12011291379764
0,0.434884292023649,-0.32344042704266973,0.2541843243288569,90.01857510064394,76.43403104068393,89.14607902248609
0,0.4356527598075769,-0.32284186289472055,0.2542231680798106,90.62578039044622,76.82735504673086,90.1123000048677
0,0.4363315181307695,-0.32227551744145816,0.2542145361351542,91.22171620471198,77.1913634824426,91.04230016582552
0,0.4370523707442186,-0.3216595964209503,0.25423579055543466,91.83285533627125,77.52720006238184,91.95945389207291
0,0.4377057717614076,-0.3211183099524445,0.25409899670358227,92.49206651025978,77.8401571480284,92.91529862812031
0,0.439239569144716,-0.3198295311705537,0.25385562080617474,93.42574310538846,78.1806162678024,94.22830373237099
0,0.4397570402793787,-0.3193513958231873,0.25354364651914163,94.28535271344268,78.45238073086597,95.4217960143215
0,0.44047494842337587,-0.3187059681193299,0.2532989223646693,95.10784466417446,78.65818950552772,96.55051356010252
0,0.44091072990225777,-0.3181820540205903,0.25294345516439004,95.8724409944041,78.82152646009366,97.60371260879676
0,0.4419321121148965,-0.3170673708693451,0.2523762031244807,96.67940590992572,78.91023464848398,98.72024433254298
0,0.4422725276522539,-0.3166730289236969,0.25199119824643657,97.37885644422607,78.95247645917968,99.66267843183881
0,0.44255037321375823,-0.3163391415850586,0.25155097681756544,97.99509512571294,78.93896850608309,100.45560052649589
0,0.4428128377966783,-0.31599597141904306,0.2511669482636027,98.55096034108425,78.89234191318992,101.14131576631593
0,0.44292773021983123,-0.3157546024100251,0.2506512941765361,99.07836481238854,78.80492892736157,101.73706317876469
0,0.44310226752089477,-0.3154676716105408,0.25024790186162515,99.53913713806993,78.7036897570487,102.24731907732388
0,0.44330349876212105,-0.3149757592455811,0.24924566644902751,100.04149401892491,78.51348981881655,102.7842455266628
0,0.4435093985371492,-0.31477032826108403,0.2487467183517985,100.47973286187033,78.32816871838466,103.25744367706311
0,0.44376808567570664,-0.31449145600957346,0.2481937082457118,100.82403148823319,78.14864867207147,103.66575031733623
0,0.44410183741377807,-0.31415409729642335,0.24781327504392192,101.13397256167474,77.98232384449263,104.05486929729433
0,0.44449554397391294,-0.3138773481623596,0.24726335663075968,101.44522933480097,77.83347655366659,104.47391731716074
0,0.445244678991308,-0.3132806436793274,0.24629275101895853,101.88964440036564,77.66664779295559,105.09217267203425
0,0.4455392227940462,-0.31305472538632817,0.24584048051114604,102.32295608986168,77.5499552963379,105.688046329544
0,0.44581964476632097,-0.3128641252295441,0.24545991558309121,102.75493913081694,77.45402039482488,106.25590504270204
0,0.4460041583948038,-0.31279970333737794,0.2448896493362956,103.23518494424626,77.37532348571229,106.84656052113799
0,0.44622975899504647,-0.312707944370932,0.24433328408475444,103.73787728475038,77.3066098665241,107.44333714384965
0,0.44694311483429894,-0.3125658969656891,0.24305952984567208,104.59833900847826,77.20645811883014,108.38388055603517
0,0.44722220017241454,-0.31248455212277837,0.2424177594828181,105.44280629421651,77.13003397332236,109.28910575088524
0,0.4475125209860704,-0.3125172512309021,0.24170618969674632,106.30730630281998,77.06652485541207,110.19266481169142
0,0.44785256846474625,-0.3123992709891267,0.24120619553800152,107.16667332057878,77.01506776992059,111.07820611685725
0,0.44826425178574547,-0.31245256588620607,0.24004998761888072,108.36083825024392,77.0016041465023,112.26829119326197
0,0.44851985885428414,-0.3123381809966035,0.23963007528062388,109.46599163983855,77.01080820522868,113.35120547158564
0,0.448752839999666,-0.3123807363287873,0.2388955541300349,110.67492120821802,77.03728790665915,114.51463943188118
0,0.44903785301970467,-0.31216501519841616,0.2386645140099101,111.69012516191762,77.05734017421872,115.48985986249525
0,0.44914840622471786,-0.31225367472333376,0.23811499852414653,112.70461945121842,77.07393861603919,116.44696889696826
0,0.4494454295806788,-0.3123423032538361,0.2370615913319163,114.04943932613341,77.0883556086012,117.69959055182244
0,0.44948310716675743,-0.3124496369139619,0.2365690668272548,115.23340569248442,77.0949230673753,118.7952274210767
0,0.44959203316496826,-0.3124496369139619,0.23618454236264755,116.31582646773555,77.10449091317558,119.784340297261
0,0.4495911614470384,-0.31254497573537293,0.23576254564996288,117.30243651514205,77.11302911080513,120.68057003240246
0,0.44970682873057344,-0.31248176262540284,0.23540362257237957,118.26467983416383,77.13254246755164,121.55321703760005
0,0.4496578188114069,-0.312522923208899,0.23514158028836776,119.14883841605887,77.16161004873341,122.34492934276349
0,0.4496151046328447,-0.3124819795863099,0.23478389698739574,120.23446253899745,77.22060291141226,123.29433796996845
0,0.44951137019919374,-0.31252411649388734,0.23461360592122601,121.18573981505519,77.27635830105417,124.12052149306346
0,0.4495987550787829,-0.3124186734930939,0.23451284307714035,122.06706590079207,77.32440186118596,124.88824889800244
0,0.4495518179111383,-0.31244580910367437,0.2343396927761607,122.89674785851318,77.36385782012425,125.61289159601853
0,0.4496304662399194,-0.3124195723311371,0.23416871983285473,123.73715458687477,77.39672674630131,126.35557158885845
0,0.4497381137184999,-0.31232164547604985,0.2338835557150416,124.75342287850238,77.4372764961707,127.29257026453155
0,0.4499017642311952,-0.31220392868680424,0.23386151093717147,125.64554627299553,77.4812424985318,128.1315928062887
0,0.44997124983595826,-0.31211963937444154,0.23379360992188977,126.4289985550058,77.52891265519392,128.8847801644819
0,0.45007205917166687,-0.3120559458510346,0.23375475842233226,127.13657811293088,77.57886472528138,129.5683879196339
0,0.45012680305766084,-0.3119598011748261,0.23374401885743665,127.78857865355879,77.64008671884906,130.20720661474354
0,0.45023909969853376,-0.3118338398711151,0.23366579670186566,128.56570646040004,77.72600617146198,130.9741415918295
0,0.4502610088758371,-0.31174580023450327,0.23363706487889813,129.19423635220116,77.7964772923097,131.59768879337483
0,0.4503826813273332,-0.31157446310681763,0.23360059994931742,129.7148732654787,77.84434658892857,132.11509772813395
0,0.4502985702328584,-0.31154824183148805,0.2335413928675227,130.02725864589738,77.86845351890206,132.42673447766407
0,0.45014830543326356,-0.31158813164395754,0.23353576738114878,130.19488374466653,77.87718533848032,132.59135704817027
0,0.44986191703604683,-0.3117039732710785,0.23344518620248364,130.07410099787606,77.84527281975683,132.4501473042872
0,0.44969098283575987,-0.31178073094052744,0.23340104240651652,129.8825344442967,77.80990723409613,132.23794016313562
0,0.44947003139780983,-0.311878859259314,0.23337550300832316,129.54758545907703,77.76227719882107,131.8847643408932
0,0.4492927627138994,-0.3118931631819672,0.23342176992173716,129.1430921097513,77.7173113738606,131.47294751114904
0,0.4491220028571985,-0.31196641848248907,0.23344744879479928,128.65787853107702,77.66980053603974,130.98918849335365
0,0.44880704148339257,-0.31207843229932253,0.23358262318845321,127.94527983296011,77.6087735463478,130.28668527324982
0,0.44870353950785613,-0.3121073965804047,0.23369439679856827,127.40062631758286,77.56741662678199,129.7418564149444
0,0.44867239012049653,-0.31206742928189707,0.23395358759637405,126.9189673629706,77.54100072704907,129.2555314086953
0,0.44859130098151184,-0.3120468179957337,0.23415312189336346,126.58871640669794,77.53827877550931,128.914039374143
0,0.4484755174689195,-0.3119165174738831,0.2346587957787089,126.2714885433933,77.5552169431774,128.57679767448397
0,0.4484315053992174,-0.311882361628241,0.23486325818772838,126.05953559018435,77.58658321201497,128.34730030985313
0,0.4482991592459581,-0.3119598941580719,0.23502220529790446,125.88410316820605,77.61567183935267,128.15830283728224
0,0.44829565300272917,-0.31197071120900577,0.2351370938467555,125.75032569304435,77.64176554892892,128.01594747971075
0,0.44850372238682723,-0.31183308050794073,0.2352952660965495,125.6336508844502,77.6566140291135,127.90466999857988
0,0.4485640258960627,-0.3118096952216095,0.23538600224729106,125.4019899756472,77.65379534788546,127.71331526788919
0,0.4485640258960627,-0.3118096952216095,0.23538600224729106,125.25146159964112,77.65187452700061,127.58898777913885
0,0.44848427339123703,-0.3117424528376526,0.23568109232659862,124.88754074404329,77.65543965523482,127.26199681257178
0,0.44822814329194044,-0.3119654266612,0.23572110611672922,124.57762599230837,77.66462226291677,126.96622431877503
0,0.4480850846938989,-0.31204718992871705,0.23579908806558178,124.2928619224095,77.67074408333502,126.67827231231645
0,0.4479596154265306,-0.31212952659291693,0.23586615998025462,124.0459311102255,77.67497935466623,126.41293946272866
0,0.44766576899813637,-0.3122680251376099,0.23605016607518722,123.84600849635017,77.69428250522415,126.1615461219086
0,0.4475291611127756,-0.31231822059316106,0.23607544202085062,123.69897814572666,77.71143350056855,125.97812066484602
0,0.44746670736597993,-0.3123099760786957,0.23611041921849774,123.60156627461892,77.72726035818418,125.84946322420376
0,0.4474364490680597,-0.31227025673551034,0.23616071540589859,123.57660817966149,77.74546609116882,125.80467645131606
0,0.4474123896531962,-0.31221911595029306,0.23620474297280833,123.59042845171437,77.76912827588039,125.80494331459848
0,0.4475609497599504,-0.31213527605695196,0.23619791645284222,123.69640952801082,77.80098685116475,125.90502427088283
0,0.4476371379070184,-0.3120897917525238,0.23616320270772503,123.83598782815781,77.83150484655677,126.04696500013347
0,0.4472511993222139,-0.3124653045908875,0.23586282033200787,123.96598768572669,77.86450775996956,126.18994376298778
0,0.44736587865876176,-0.3124393777625031,0.23574323612924145,124.14488721005742,77.8883999737568,126.38656355472257
0,0.44749235524462677,-0.31255072519940796,0.23545750636334942,124.43359288060628,77.9034495493687,126.69127281467003
0,0.44754922999667146,-0.3125641147868104,0.23529607969995067,124.6863064405925,77.9075941153705,126.95441720147605
0,0.44773169024514176,-0.31246257708234254,0.2352798463749461,124.8895765847377,77.90715866911682,127.16054918997709
0,0.44773217453288056,-0.31249693439168397,0.2351186211752467,125.05679770109818,77.89703330624711,127.32322753771012
0,0.44791124476717925,-0.3123428146616883,0.2350736172842555,125.18458999705743,77.88032820675384,127.44538065294361
0,0.4478522197775744,-0.3124624531046814,0.23469720560784862,125.25610355424237,77.82983873735523,127.50033802594788
0,0.44798838211821534,-0.31235234544438784,0.23458729166265055,125.31680302268717,77.77522020011239,127.54417529302694
0,0.44797336919831254,-0.31242109105748606,0.2343904693769984,125.34843777859543,77.71916054832145,127.55957127407635
0,0.4479653881363771,-0.3125489120261139,0.2341555239605479,125.37313439863415,77.65752732909573,127.56881412474532
0,0.44802505238579726,-0.3125978832022614,0.23394269305940196,125.401260543838,77.59651685871547,127.59234616300594
0,0.44825776233004555,-0.31250451252622075,0.2337470640587382,125.4981829176502,77.53440166460543,127.69453060968722
0,0.4482934833936594,-0.3125028233305878,0.23366541702027843,125.61606139626352,77.4910025042587,127.81750716158538
0,0.44840426905678726,-0.31234673545522157,0.2337418492483668,125.74287994854097,77.4686404104028,127.9483349853144
0,0.4484059156350992,-0.3123200647608704,0.23377675670857953,125.89277590875311,77.46574630682242,128.10093211064867
0,0.44833550019787766,-0.3123088602797455,0.2338687326359324,126.02314475783724,77.47779009311455,128.2374232347862
0,0.44823713167237267,-0.31226253912610474,0.234141336266952,126.17138360598366,77.52404620767662,128.39496073957082
0,0.44823395474480604,-0.31216802165669866,0.23428542930360363,126.26519455661202,77.56674087253334,128.50585200257697
0,0.4481493012480638,-0.31216289208096926,0.23443618613954112,126.29306898772023,77.60777593108077,128.5513122690437
0,0.4480635435752771,-0.31213938281697695,0.23460480350728558,126.27836311617091,77.64833412330054,128.55417008773125
0,0.44794946475552544,-0.3121806363837189,0.2347039004015498,126.18901750824246,77.6769312336669,128.47494696656238
0,0.44781425161885247,-0.3122538761870331,0.23474277514691874,126.08734628424618,77.69538516688306,128.3777299580674
0,0.4476319657139681,-0.3123070316092438,0.2348517902540736,125.84445148382318,77.7005776909858,128.12822706953355
0,0.447554828362932,-0.31235445306462717,0.2348438556837611,125.62483682536698,77.70104898022223,127.89685588712939
0,0.44747997685002305,-0.3124147526995606,0.23481896716828868,125.37806168491103,77.69258336853272,127.63650920759999
0,0.4475092278294466,-0.3124114672915406,0.23489285785432384,125.09571585920008,77.68173180320993,127.34141664010359
0,0.44741337760018324,-0.3126078943983979,0.23469798821683452,124.75869385549214,77.64266071233563,126.97815117886333
0,0.4474003599457643,-0.3126334337965912,0.23459842640634104,124.48840398671001,77.60129812870477,126.67617737282276
0,0.4473530159764193,-0.31267569468182993,0.23447629291291758,124.27695174187197,77.56317108779838,126.43218761943206
0,0.44733004136609056,-0.3127521114127106,0.2344332726645045,124.07689996492151,77.52791857225554,126.19444425218295
0,0.4472860099248788,-0.3127725677267975,0.23431289810414838,123.9356071273939,77.49768648536136,126.01939546504167
0,0.44728608741091713,-0.31278970763844915,0.23428621966119334,123.80160577404459,77.47100021913681,125.85828111344378
0,0.44722816659735665,-0.3128016249911255,0.2340542729544215,123.71342830883594,77.43556125258496,125.75512887957093
0,0.4473677189521692,-0.3126922766940064,0.23409367460485028,123.64664372178306,77.40509668487445,125.6852536606238
0,0.44736909432934746,-0.31267564819020693,0.2340130581306987,123.61558360753322,77.38058897029742,125.66499747718169
0,0.44747321619318947,-0.3125885383860535,0.23402947742219493,123.58780040206396,77.35785377687677,125.6557845726284
0,0.447429824011793,-0.31259864256543585,0.2339516814398341,123.63188707740244,77.35200758084729,125.73262027338376
0,0.44750213785695053,-0.31245870278043214,0.23401782352204845,123.71337130682171,77.35492364634973,125.83066406423269
0,0.4474693612627885,-0.3124372391478486,0.23404505986447854,123.81260010875008,77.36927075003545,125.93996799025471
0,0.44753319038676237,-0.3123394362704224,0.2340953870462947,123.93240078463472,77.38890363870071,126.06365726200114
0,0.44747637374924637,-0.3123328654543824,0.23412949640031383,124.04890987387193,77.41028731574671,126.17560033076768
0,0.4474839867525003,-0.3122542791144318,0.23423748869176433,124.14885114068548,77.43271005695871,126.26444473157898
0,0.4473254503183267,-0.3123200647608704,0.23424521404977366,124.18594344425026,77.44049293851239,126.28148451828098
0,0.4472949014477633,-0.3123490290419526,0.23430148441072032,124.18111000239638,77.43939925894122,126.26206944355282
0,0.4472020925454996,-0.31240114615125125,0.23429180640454814,124.12808210034848,77.42895869552481,126.19342627285678
0,0.4471849681310557,-0.31241555855435793,0.2342804314541392,124.07903560629204,77.41150591120012,126.13239117721758
0,0.44712235941218353,-0.3124543635622925,0.23424587268109845,124.00197613974377,77.39005344716068,126.0411511289472
0,0.4470205815009973,-0.31254449532193607,0.23420694369550274,123.91506899850556,77.36712266338354,125.9319303863672
0,0.4469557644300363,-0.31254920647305917,0.23422003108735606,123.8430223823688,77.35497526357634,125.83660865989849
0,0.44701426638888336,-0.3124787251727051,0.23428901690717266,123.78019145949077,77.34642763685089,125.74977858743209
0,0.4469625444583795,-0.31249014661473695,0.23431084472413585,123.72353562942747,77.34492273880329,125.66933161587471
0,0.44689867659138655,-0.31251780913037724,0.23432958084817454,123.66861602344,77.34812131741408,125.58769823717822
0,0.4469367222361468,-0.31255924866361084,0.23431984860177563,123.59304524806932,77.34665465458927,125.48726151278626
0,0.4470182762913607,-0.31255997703237004,0.23429052013631388,123.56104083539235,77.33526288375676,125.4344469819952
0,0.4470754803590677,-0.3125497333781189,0.23421853560681866,123.55388109688928,77.32042494525298,125.41478083719146
0,0.44722642316149697,-0.3124363403098053,0.23423882920022532,123.56658546106449,77.30863958881781,125.41993522493192
0,0.4473191158347033,-0.3123533527628846,0.23419831175084635,123.61496567389975,77.29919689611859,125.47163448342442
0,0.44740187092350936,-0.3122589127795166,0.23422176677461193,123.69257273026709,77.2942864905164,125.54766425380188
0,0.44740491225050905,-0.31223104880017705,0.23423403281446026,123.76433568572263,77.2956578650903,125.61540133916263
0,0.447493730621805,-0.31214609310788577,0.2342994310307078,123.81441046171186,77.29294073807692,125.66062417805391
0,0.44751548482703185,-0.3121032588259644,0.23430310386891887,123.85502268964267,77.29279475843583,125.70137827042305
0,0.44758469923066124,-0.31198417828244634,0.2343824650692515,123.85637300744628,77.29708228773399,125.72006392974863
0,0.44760358645247444,-0.3119344012515015,0.23438758689637706,123.84014862946552,77.3005457992976,125.72360246035785
0,0.4476307646803758,-0.311879680611319,0.2343988843607478,123.83403977012976,77.29994504700544,125.73656776551425
0,0.447642000155916,-0.31182418511075444,0.2344241138147883,123.8176744546856,77.30423658958165,125.7389573427023
0,0.4477072434000871,-0.31171632454556886,0.23452146727319287,123.7905117271409,77.31116783211083,125.73109150894669
0,0.447714643316736,-0.3116314463393159,0.234602362697082,123.79231234932826,77.32831438158318,125.74305649356518
0,0.4477226243786715,-0.31157261893910837,0.23461627918954417,123.8080859274132,77.33647839432908,125.76509741457085
0,0.4477291138343714,-0.311527274109549,0.2346381457495265,123.80142160912828,77.3420507040138,125.76518952503268
0,0.44776551290081956,-0.31147167012853094,0.23468551296468304,123.76888643393178,77.3442717251257,125.74226397198693
0,0.4477881775669954,-0.3114354686514802,0.23468524951215317,123.71539938761093,77.34022963568589,125.70147156877934
0,0.4478088275961779,-0.31139714405698243,0.23469348627801465,123.64460637637978,77.33334166853263,125.64552243772481
0,0.4478640945129297,-0.31131840274495554,0.23476597446675823,123.52698916231554,77.32768548770555,125.54778349737526
0,0.4478442968301675,-0.3113628177420563,0.23480430680985973,123.42283905260557,77.32648353022908,125.46083634688878
0,0.44788743718193985,-0.31133272216481633,0.2348212065147929,123.33987832063511,77.32752467707992,125.39251108907241
0,0.447963664072027,-0.3112383596674866,0.23485003906961013,123.29730952705866,77.32745870378221,125.36413361463934
0,0.4480048866443536,-0.3112041573302216,0.23487163442845868,123.2577918664601,77.33068692655202,125.33725759351869
0,0.4481190623216532,-0.3111446945445008,0.23494311529870557,123.20172210579953,77.33861528486712,125.29895065027124
0,0.4481753365569018,-0.3111436252371735,0.234935141985374,123.17379573936583,77.3410706187448,125.28269683731735
0,0.4482073382906816,-0.31113892958325806,0.23496936756845047,123.13229522277395,77.34219942437807,125.25107892589259
0,0.44822209938096025,-0.3111174504534669,0.234977774803596,123.09292761644483,77.34218895833699,125.21704669101909
0,0.44827064438389763,-0.3110643570200867,0.23502274770017192,123.04473609084438,77.34470198880112,125.17347873544988
0,0.44826826168822265,-0.31103137896222544,0.2350569810318522,122.95938299957199,77.34805594391763,125.09109142136407
0,0.4479118452839754,-0.3112848667876191,0.23492384452100326,122.8431148211395,77.35799047852325,124.9803914101095
0,0.44791500284003233,-0.31128526971501774,0.2349281140017085,122.75488543596006,77.36541631063594,124.8958121301081
0,0.44779513193892456,-0.3113942770735688,0.23488415617223307,122.7063096830343,77.36958351991687,124.84782695923806
0,0.44783767177390077,-0.3113461582438416,0.2350094665932231,122.67182093390284,77.37825973947129,124.815310510323
0,0.44783767177390077,-0.3113461582438416,0.2350094665932231,122.64937873775627,77.38389698544485,124.79415019345049
0,0.44780243499802574,-0.3113270656840271,0.23501407701249644,122.67014510016294,77.39095242208437,124.81121303816352
0,0.44776394380854584,-0.31136774585408633,0.23509140807862808,122.69180474153745,77.39453549545154,124.83241047913646
0,0.44775576903151487,-0.31135472819966736,0.23509779292817637,122.73348426124525,77.39936051494938,124.87291333058556
0,0.44776220037268616,-0.3113049976603455,0.23514064270730542,122.78926491378037,77.40313806954433,124.92555476350151
0,0.4477286295466326,-0.31122493908566895,0.235194580738502,122.84923027352508,77.41951362525772,124.98829181610007
0,0.44768548919486023,-0.31122293994588324,0.2352623035358958,122.90696475669489,77.44204638673861,125.05568795346908
0,0.4476539717488191,-0.3111942546145386,0.23530251878972575,122.94064955030628,77.46407802729267,125.10167577368783
0,0.44763192697094895,-0.31121647761029664,0.23533763546224162,122.98200194110855,77.48326273348285,125.15332415453591
0,0.44762783958243346,-0.311147670008368,0.23540886837716624,123.00533170107903,77.504258284206,125.19520747436971
0,0.44764182581233003,-0.3110658447520203,0.2354067297625117,123.01366461801614,77.51035897974533,125.22076394826746
0,0.4476132140927217,-0.31105611250562143,0.23537996608491465,123.00948651215076,77.50590924855292,125.23053498783672
0,0.4477307797841928,-0.31094797299069826,0.23536859113450573,122.99528623123673,77.48575801372685,125.22506915891748
0,0.4476781861357591,-0.3109486238734192,0.2353410525965266,122.95295189241176,77.46480027375699,125.188008871958
0,0.44743234230803475,-0.3111192016379304,0.23527776200051834,122.83756648794923,77.44034397009821,125.06847666750514
0,0.4473010422162912,-0.31114430711430974,0.235268564407783,122.71486192208617,77.42138127768409,124.93434400808532
0,0.4473412380986116,-0.31100500271481935,0.2353292049812846,122.61539386348865,77.40607069775221,124.8169312973784
0,0.44720823331402754,-0.3110354392306275,0.23533290881391095,122.50479306136447,77.39581372302014,124.68714880338344
0,0.4471654222779176,-0.31097527907056277,0.2353337534117274,122.39110387093432,77.38150176481213,124.55806026382268
0,0.4470276521019838,-0.311003375508017,0.23535169142957255,122.2632338539222,77.37193370874635,124.41661331548931
0,0.44672859473751997,-0.3111148779169983,0.23539345640416667,122.05203458846202,77.3642517056137,124.20216826723329
0,0.44658654345797516,-0.3111211697833008,0.2354207779812388,121.84708722491938,77.35686303739796,124.00313142492654
0,0.4465144814424417,-0.3111425869242615,0.23545721191640423,121.64361206054375,77.3501452255727,123.81072926205195
0,0.44635662301110246,-0.31114385769528813,0.23548965532060193,121.43365470411656,77.342612458446,123.61665291043145
0,0.44614464058207487,-0.3112071172968811,0.23557800490136668,121.21708342443004,77.34270415942791,123.4145789425435
0,0.4457152517013453,-0.3112228159682221,0.23569316465135143,120.92024598272212,77.34241226605162,123.12659837037538
0,0.4453616054229639,-0.31126532480878305,0.23571370620008036,120.66046182974834,77.34289003596585,122.86870882473882
0,0.4451498941950701,-0.3112855331675477,0.23576022106881664,120.4126108879421,77.34051812773595,122.61835262473046
0,0.44487121565865495,-0.3114115409628815,0.2357883020090632,120.15454600223636,77.33516410212611,122.35998155066773
0,0.4446693645291231,-0.3114441780821747,0.23582365888829754,119.88899380890308,77.32371106744878,122.09565488832088
0,0.4444584281616114,-0.3113576571719117,0.23597242433305313,119.52279854815016,77.29912322614032,121.74196479165559
0,0.44429963989781357,-0.31140467569989627,0.23601883072133586,119.18465709770159,77.26996848649213,121.41953341910293
0,0.444166402655115,-0.3113664750830597,0.23610189575429485,118.88739162492497,77.23784972309808,121.1389644268573
0,0.44399905218409513,-0.31139886424703067,0.23619157809491684,118.61664385243851,77.21245319915461,120.88060597417386
0,0.4436843813829324,-0.3115458862559266,0.23631142575021316,118.33513329625124,77.18954986384789,120.6102536914797
0,0.4431831435732744,-0.31170611188573305,0.23657566863771007,117.90783361550031,77.17050067618608,120.1832629128466
0,0.4429007844500444,-0.31190105126065676,0.23674288350816294,117.48044641897137,77.15290802415747,119.74825288660719
0,0.4427493573598764,-0.31199439094228215,0.23678612846608682,117.12855595100804,77.13324612139999,119.38479699207997
0,0.44253140850590683,-0.3121761731879182,0.2367544134306483,116.83815490637589,77.10658670186763,119.07749271524851
0,0.44241944118069626,-0.31231791064900827,0.23671784002061416,116.58760927666548,77.07159197792161,118.80657194953689
0,0.44246101244019487,-0.3124415938631958,0.23673754472013042,116.31072201086141,77.01446369620324,118.51840944884405
0,0.4424086125068567,-0.3125448052660889,0.2366980500864558,116.06818266239503,76.95734657600842,118.27119679927603
0,0.44244373305367446,-0.3125735835806793,0.23670178491349742,115.87069678757783,76.90949672716384,118.07667035235072
0,0.44241101457404114,-0.3126331083552307,0.23671600360150857,115.69699095659394,76.87339196491303,117.90762527835479
0,0.4423691721134088,-0.3128395466582245,0.23673063296552227,115.50117576668637,76.82862995526762,117.71312980124837
0,0.4424052999787233,-0.3129221622721619,0.23665456492181347,115.37407356873976,76.78847459875304,117.58377548525424
0,0.4424299405388735,-0.3129298953787751,0.23661978143926188,115.30905580950949,76.75905807261563,117.51972042648643
0,0.44253503097819313,-0.3128908114211029,0.23656411546941325,115.30905277761057,76.73716127631245,117.52518775699929
0,0.4426459522418878,-0.31280914113683167,0.23653752226110028,115.36498627719406,76.71942347224274,117.589939783067
0,0.44276179386900877,-0.31273086474103395,0.23649021703477427,115.43690942034553,76.70324811398704,117.67961487844573
0,0.4429779992871187,-0.31252820775670476,0.2365079923319392,115.52759045971274,76.69067845508893,117.81429695040474
0,0.4430344866089723,-0.31248314187688303,0.23647776502843426,115.60291042748283,76.67864769217103,117.93272984425938
0,0.4431247384719751,-0.31243888185185853,0.23643312532182262,115.67922249533896,76.66475386898597,118.04350881950288
0,0.4431891487412355,-0.3124001233355469,0.23641149896855876,115.73071096043618,76.6482568719832,118.13224462911217
0,0.4434448139243029,-0.3122332649008698,0.23651139396901652,115.77199917529428,76.62759602982001,118.21276681445114
0,0.44360300167130445,-0.3121742670313782,0.2364565493511729,115.77179182216355,76.592747839013,118.27327185827704
0,0.4438073517255686,-0.31204491183919375,0.23644666213269755,115.7879486744775,76.55952878890326,118.34805528879929
0,0.4439291985206507,-0.31200305388135385,0.23642441589112803,115.77801310176292,76.5243563546013,118.40210667313819
0,0.444001783566942,-0.3120133440272278,0.2364479484009318,115.76223027533239,76.49168799910612,118.43840455618076
0,0.4440391899518869,-0.3120474998728699,0.23651195961709545,115.67354329841493,76.44790765648779,118.41121588374241
0,0.4440391899518869,-0.3120474998728699,0.23651195961709545,115.61609463638625,76.41944518369488,118.39374416817087
0,0.44406326873826,-0.3120422153250641,0.23666945773835704,115.4919963851152,76.39027289579487,118.30952779813059
0,0.4440748335294626,-0.3120299260394043,0.23673341471429393,115.37910742359854,76.36150585947685,118.22768275126414
0,0.44401160492228486,-0.3121061258093781,0.23681495327230026,115.24490053788558,76.33313609309025,118.11624396453999
0,0.44394521875905013,-0.3121633260027833,0.23696292061086224,115.09469995779244,76.31110461072433,117.98102222981193
0,0.44363461597489334,-0.3123753897921509,0.23725890177960918,114.79006930022811,76.28434994162976,117.69480491689198
0,0.44339411868380524,-0.3124437789694733,0.2375409819531016,114.46236652631602,76.26248378289718,117.38545154724764
0,0.4431207673125169,-0.31256670282048654,0.23776136774297282,114.08555564257223,76.24297267914767,117.0240136987832
0,0.4428701193504236,-0.3127275948302216,0.2379519988941722,113.69176750350385,76.22350832505661,116.64567617110585
0,0.4426164881758593,-0.3128619866148896,0.2381379731344752,113.28510794171737,76.20669862247999,116.24975146904501
0,0.4423591570429704,-0.3130441252963013,0.2383755995678477,112.85518036426194,76.18701902195166,115.81834338371907
0,0.4422464342288873,-0.31313661263150644,0.23845078427072094,112.51155074328535,76.1718506864425,115.46982199764214
0,0.4422134251766107,-0.31322483823461,0.23857740420575665,112.22529433979845,76.16007118704168,115.17894038647908
0,0.44212838424967743,-0.31327954337758485,0.2386539061712794,111.9651607014913,76.15363795901416,114.91885126557467
0,0.4420825512580774,-0.3133176200167603,0.238767299239593,111.63041456435765,76.14642761342587,114.60424267823748
0,0.44208687110470757,-0.31332665488881534,0.23875569183106946,111.3535999939443,76.13512146704731,114.35064136696418
0,0.44230005456732735,-0.3132041184679932,0.2387779458212428,111.16337776796223,76.11258939576024,114.18244258801332
0,0.44238106622027373,-0.3131864516512818,0.2386736806082301,111.01218892872168,76.08138264856824,114.05563270316924
0,0.44245039685296034,-0.3131741003767914,0.23864578563447522,110.89500635843086,76.0462267776428,113.96312992631509
0,0.4426309974365137,-0.3130482320563263,0.2385272939848475,110.7703641985501,75.98844657119812,113.88226795319527
0,0.44271785928534485,-0.31299289152783816,0.23852126557107495,110.6718441101366,75.94118666151459,113.82889252578396
0,0.44278976632880196,-0.3129153899924226,0.23851259488339946,110.58711511804086,75.90337751761821,113.79231232885873
0,0.44278153343724236,-0.31290430948895875,0.23854334909196423,110.50504731025823,75.87639854749146,113.75744614660893
0,0.44284253432082155,-0.31283165857953493,0.23861585277791544,110.42451057237217,75.8644300022484,113.72776919017842
0,0.44293272806929573,-0.3125870351569123,0.2387927379059367,110.30868168504891,75.86962224681174,113.6830070323083
0,0.4429631025962732,-0.31252202437085574,0.23890031177278087,110.19476816750753,75.88036641572882,113.63226340934581
0,0.4431124181919,-0.3123665563837952,0.23905385035749008,110.09389970300006,75.89255116318071,113.583533224784
0,0.44313645823525405,-0.3123346941248841,0.2391184272217326,110.01550061730583,75.90258636481096,113.54682091532464
0,0.4432209180169008,-0.3121715705172486,0.23924504715676834,109.95753529242124,75.90736955511665,113.52701249250394
0,0.443223416941633,-0.31212600872678226,0.23932681042428539,109.88984444667453,75.90468723152382,113.4986221583114
0,0.4432141379885576,-0.31211438582105105,0.23935836273904368,109.80973424827435,75.89788661811484,113.45514125545785
0,0.443245209889879,-0.3120879165903992,0.23937262017007396,109.74339187592285,75.88711764731943,113.42193186443
0,0.4434131802492044,-0.31194253728551335,0.23946631628747508,109.6825910916538,75.87839960494486,113.40106861918674
0,0.4434672073893449,-0.3118876306788391,0.2394789852547221,109.64135751372395,75.87029128066217,113.3961690189863
0,0.4435065702967546,-0.3118702738062806,0.23953879672761486,109.60392391150236,75.86211252668136,113.40017644897324
0,0.4435799108319185,-0.31173137233418885,0.2396569009470515,109.55136673369692,75.86084549246732,113.40164951443819
0,0.4437675820164583,-0.3115835909621186,0.23974910158391521,109.5063355032692,75.8618264476564,113.40198394005824
0,0.4438210861258409,-0.31153762624425363,0.23978450495477244,109.4644547487788,75.86359220061847,113.40270994750328
0,0.4438734860591791,-0.31149525687856144,0.23981109041448162,109.42224220148607,75.86096174888763,113.40370588799895
0,0.44395240558909393,-0.31146743939084476,0.2397546108412318,109.3317041639916,75.85115988436725,113.40206830818074
0,0.44414846463726976,-0.31131776735944217,0.23979440767045543,109.25694390515739,75.83714356509218,113.42207220199798
